页面URL,页面分类,页面标题,HTTP状态,内容类型,页面字节数,站点名称,栏目名称,栏目描述,栏目关键词,正文字符数,内部链接数,附件数,图片数,抓取时间,抓取来源,错误信息
https://dibj.cn/,首页,数智北京创新中心,200,text/html,121040,数智北京创新中心,,,,2587,51,0,73,2026-09-02T14:16:06.789137+00:00,sitemap.xml,
https://dibj.cn/authui/interi?responseType=code&amp;clientId=CID_1740380618256&amp;redirectUri=https://dibj.cn/portal/oauth/capcloud/callback&amp;code_challenge=c8a4e9d7ecb7e989b8c4ec6596e57cda&amp;code_challenge_method=SM4,系统/登录,统一身份认证管理系统,200,text/html,9899,,,,,28,0,0,1,2026-09-02T14:16:05.957757+00:00,sitemap.xml,
https://dibj.cn/cxfuww,数字资源,创新服务 - 数智北京创新中心,200,text/html,20679,数智北京创新中心,创新服务,数智北京创新中心创新服务平台，提供数据创新、场景培育、评测验证、生态孵化、展示推广、供需撮合等全链条服务，支撑公共数据融合、智慧城市建设与数字技术创新应用。,"数智北京创新中心,创新服务,数据创新,场景培育,评测验证,生态孵化,公共数据融合,智慧城市,数字资源目录",1507,7,0,5,2026-09-02T14:29:21.982181+00:00,页面链接发现,
https://dibj.cn/cxfuww/,数字资源,创新服务 - 数智北京创新中心,200,text/html,20679,数智北京创新中心,创新服务,数智北京创新中心创新服务平台，提供数据创新、场景培育、评测验证、生态孵化、展示推广、供需撮合等全链条服务，支撑公共数据融合、智慧城市建设与数字技术创新应用。,"数智北京创新中心,创新服务,数据创新,场景培育,评测验证,生态孵化,公共数据融合,智慧城市,数字资源目录",1507,7,0,5,2026-09-02T14:16:06.638724+00:00,sitemap.xml,
https://dibj.cn/cxfuww/szzyml,数字资源,数字资源目录 - 数智北京创新中心,200,text/html,11326,数智北京创新中心,数字资源目录,数智北京创新中心数字资源目录，提供云网算力、组件服务、数据目录、GPU算力、数据集成、AI模型、大数据工具、京通/京办/京智等政务应用，支撑政务数字化与智慧城市建设。,"数智北京创新中心,数字资源目录,数据集成,政务数字化,云网算力",85,4,0,0,2026-09-02T14:29:21.791811+00:00,页面链接发现,
https://dibj.cn/cxfuww/szzyml/,数字资源,数字资源目录 - 数智北京创新中心,200,text/html,11326,数智北京创新中心,数字资源目录,数智北京创新中心数字资源目录，提供云网算力、组件服务、数据目录、GPU算力、数据集成、AI模型、大数据工具、京通/京办/京智等政务应用，支撑政务数字化与智慧城市建设。,"数智北京创新中心,数字资源目录,数据集成,政务数字化,云网算力",85,4,0,0,2026-09-02T14:16:06.423610+00:00,sitemap.xml,
https://dibj.cn/cxfuww/szzyml/sjml,数字资源,数据目录（互联网） - 数智北京创新中心,200,text/html,29199,数智北京创新中心,数据目录（互联网）,,2069,81,0,0,0,2026-09-02T14:29:22.082434+00:00,页面链接发现,
https://dibj.cn/cxfuww/szzyml/sjml/,数字资源,数据目录（互联网） - 数智北京创新中心,200,text/html,29199,数智北京创新中心,数据目录（互联网）,,2069,81,0,0,0,2026-09-02T14:16:06.676220+00:00,sitemap.xml,
https://dibj.cn/cxfuww/szzyml/ywsl,数字资源,云网算力目录 - 数智北京创新中心,200,text/html,13055,数智北京创新中心,云网算力目录,,11,93,1,0,0,2026-09-02T14:29:21.928691+00:00,页面链接发现,
https://dibj.cn/cxfuww/szzyml/ywsl/,数字资源,云网算力目录 - 数智北京创新中心,200,text/html,13055,数智北京创新中心,云网算力目录,,11,93,1,0,0,2026-09-02T14:16:06.439724+00:00,sitemap.xml,
https://dibj.cn/cxfuww/szzyml/zjml,数字资源,组件目录 - 数智北京创新中心,200,text/html,12215,数智北京创新中心,组件目录,,62,48,1,0,0,2026-09-02T14:29:21.857380+00:00,页面链接发现,
https://dibj.cn/cxfuww/szzyml/zjml/,数字资源,组件目录 - 数智北京创新中心,200,text/html,12215,数智北京创新中心,组件目录,,62,48,1,0,0,2026-09-02T14:16:07.097100+00:00,sitemap.xml,
https://dibj.cn/fywmww,关于我们,关于我们 - 数智北京创新中心,200,text/html,11130,数智北京创新中心,关于我们,数智北京创新中心关于我们，包含中心简介、总体架构、五大业务、协同创新平台、1+N布局、政策体系与联系方式，打造智慧城市与数据要素创新高地。,"数智北京创新中心,关于我们,中心简介,总体架构,数据创新,场景培育,评测验证,智慧城市,数据要素,协同创新",233,1,0,13,2026-09-02T14:29:21.818046+00:00,页面链接发现,
https://dibj.cn/fywmww/,关于我们,关于我们 - 数智北京创新中心,200,text/html,11130,数智北京创新中心,关于我们,数智北京创新中心关于我们，包含中心简介、总体架构、五大业务、协同创新平台、1+N布局、政策体系与联系方式，打造智慧城市与数据要素创新高地。,"数智北京创新中心,关于我们,中心简介,总体架构,数据创新,场景培育,评测验证,智慧城市,数据要素,协同创新",233,1,0,13,2026-09-02T14:16:06.491562+00:00,sitemap.xml,
https://dibj.cn/fywmww/cjwt/,关于我们,常见问题 - 数智北京创新中心,200,text/html,5330,数智北京创新中心,常见问题,,,61,3,0,0,2026-09-02T14:29:05.335737+00:00,页面链接发现,
https://dibj.cn/fzpt/,创新服务-其他,数智北京创新中心,200,text/html,68654,数智北京创新中心,,,,551,43,0,27,2026-09-02T14:16:27.472318+00:00,sitemap.xml,
https://dibj.cn/fzpt/cjyz/djz,创新服务-场景培育,对接中 - 数智北京创新中心,200,text/html,6343,数智北京创新中心,对接中,,,42,6,0,0,2026-09-02T14:29:21.333177+00:00,页面链接发现,
https://dibj.cn/fzpt/cjyz/djz/,创新服务-场景培育,对接中 - 数智北京创新中心,200,text/html,6343,数智北京创新中心,对接中,,,42,6,0,0,2026-09-02T14:16:26.943850+00:00,sitemap.xml,
https://dibj.cn/fzpt/cjyz/jbz,创新服务-场景培育,揭榜中 - 数智北京创新中心,200,text/html,6615,数智北京创新中心,揭榜中,北京市大数据平台优秀应用场景，涵盖AI非现场监管、行政复议大模型、群租房治理、智慧消防、智慧医疗、智慧教育、交通枢纽、数智园区等，赋能城市治理与民生服务数字化升级。,"北京大数据平台,AI应用场景,非现场监管,智慧治理,数字政府,智慧医疗,智慧教育,智慧园区,数据融合,数字化转型",42,5,0,0,2026-09-02T14:29:33.541840+00:00,页面链接发现,
https://dibj.cn/fzpt/cjyz/jbz/,创新服务-场景培育,揭榜中 - 数智北京创新中心,200,text/html,6615,数智北京创新中心,揭榜中,北京市大数据平台优秀应用场景，涵盖AI非现场监管、行政复议大模型、群租房治理、智慧消防、智慧医疗、智慧教育、交通枢纽、数智园区等，赋能城市治理与民生服务数字化升级。,"北京大数据平台,AI应用场景,非现场监管,智慧治理,数字政府,智慧医疗,智慧教育,智慧园区,数据融合,数字化转型",42,5,0,0,2026-09-02T14:16:27.433862+00:00,sitemap.xml,
https://dibj.cn/fzpt/cjyz/szfw,创新服务-场景培育,数字服务类 - 数智北京创新中心,200,text/html,6798,数智北京创新中心,数字服务类,,19,46,6,0,0,2026-09-02T14:29:51.388655+00:00,页面链接发现,
https://dibj.cn/fzpt/cjyz/szfw/,创新服务-场景培育,数字服务类 - 数智北京创新中心,200,text/html,6798,数智北京创新中心,数字服务类,,19,46,6,0,0,2026-09-02T14:16:27.328796+00:00,sitemap.xml,
https://dibj.cn/fzpt/cjyz/szjs,创新服务-场景培育,数字技术类 - 数智北京创新中心,200,text/html,6817,数智北京创新中心,数字技术类,,38,46,6,0,0,2026-09-02T14:29:51.960038+00:00,页面链接发现,
https://dibj.cn/fzpt/cjyz/szjs/,创新服务-场景培育,数字技术类 - 数智北京创新中心,200,text/html,6817,数智北京创新中心,数字技术类,,38,46,6,0,0,2026-09-02T14:16:26.899615+00:00,sitemap.xml,
https://dibj.cn/fzpt/cjyz/szzll,创新服务-场景培育,数字治理类 - 数智北京创新中心,200,text/html,6817,数智北京创新中心,数字治理类,,7,46,6,0,0,2026-09-02T14:29:51.833360+00:00,页面链接发现,
https://dibj.cn/fzpt/cjyz/szzll/,创新服务-场景培育,数字治理类 - 数智北京创新中心,200,text/html,6817,数智北京创新中心,数字治理类,,7,46,6,0,0,2026-09-02T14:16:27.555768+00:00,sitemap.xml,
https://dibj.cn/fzpt/cjyz/ywc,创新服务-场景培育,已完成 - 数智北京创新中心,200,text/html,6612,数智北京创新中心,已完成,北京市大数据平台优秀应用场景，涵盖AI非现场监管、行政复议大模型、群租房治理、智慧消防、智慧医疗、智慧教育、交通枢纽、数智园区等，赋能城市治理与民生服务数字化升级,"北京大数据平台,AI应用场景,非现场监管,智慧治理,数字政府,智慧医疗,智慧教育,智慧园区,数据融合,数字化转型",42,6,0,0,2026-09-02T14:29:51.908210+00:00,页面链接发现,
https://dibj.cn/fzpt/cjyz/ywc/,创新服务-场景培育,已完成 - 数智北京创新中心,200,text/html,6612,数智北京创新中心,已完成,北京市大数据平台优秀应用场景，涵盖AI非现场监管、行政复议大模型、群租房治理、智慧消防、智慧医疗、智慧教育、交通枢纽、数智园区等，赋能城市治理与民生服务数字化升级,"北京大数据平台,AI应用场景,非现场监管,智慧治理,数字政府,智慧医疗,智慧教育,智慧园区,数据融合,数字化转型",42,6,0,0,2026-09-02T14:16:26.905890+00:00,sitemap.xml,
https://dibj.cn/fzpt/cxnlqd/,创新服务-技术创新能力,2025北京数据技术创新能力清单 - 数智北京创新中心,200,text/html,138111,数智北京创新中心,2025北京数据技术创新能力清单,数智北京创新中心2025北京数据技术创新能力清单，涵盖数据采集治理、计算存储、数据智能、流通交易、开发应用、数据安全六大方向，展示北京数据技术创新成果与服务能力。,,396,0,0,0,2026-09-02T14:16:28.357981+00:00,sitemap.xml,
https://dibj.cn/fzpt/rmss/,创新服务-成果与搜索,热门搜索 - 数智北京创新中心,200,text/html,5360,数智北京创新中心,热门搜索,,,77,3,0,0,2026-09-02T14:16:46.810212+00:00,sitemap.xml,
https://dibj.cn/fzpt/rmss/e35ff10e79724c8b9ed1fe89dff0719f.html,创新服务-成果与搜索,热门搜索 - 数智北京创新中心,200,text/html,19048,数智北京创新中心,热门搜索,,,4936,2,0,0,2026-09-02T14:16:47.485453+00:00,sitemap.xml,
https://dibj.cn/fzpt/rzqy/,创新服务-其他,入驻企业 - 数智北京创新中心,200,text/html,12375,数智北京创新中心,入驻企业,,,39,1,0,22,2026-09-02T14:29:34.572129+00:00,页面链接发现,
https://dibj.cn/fzpt/sjcx/lhsys/,创新服务-数据创新,联合实验室 - 数智北京创新中心,200,text/html,6120,数智北京创新中心,联合实验室,数智北京创新中心联合实验室，包含信令实验室、空间图实验室、灾害模拟实验室、政策推演实验室、首都数智治理实验室、数智教育实验室、会展消费数据实验室，助力北京数智治理与科技创新等。,"数智北京创新中心,联合实验室,信令实验室,空间图实验室,灾害模拟实验室,政策推演实验室,数智治理",95,10,0,7,2026-09-02T14:16:47.296267+00:00,sitemap.xml,
https://dibj.cn/fzpt/sjcx/lhsys/2c605e23cd4f42b5bc891f46d71f79da.html,创新服务-数据创新,联合实验室 - 数智北京创新中心,200,text/html,5550,数智北京创新中心,联合实验室,数智北京创新中心联合实验室，包含信令实验室、空间图实验室、灾害模拟实验室、政策推演实验室、首都数智治理实验室、数智教育实验室、会展消费数据实验室，助力北京数智治理与科技创新等。,"数智北京创新中心,联合实验室,信令实验室,空间图实验室,灾害模拟实验室,政策推演实验室,数智治理",194,3,0,0,2026-09-02T14:16:46.729846+00:00,sitemap.xml,
https://dibj.cn/fzpt/sjcx/lhsys/5b6664752c004372b125426812d4bd8c.html,创新服务-数据创新,联合实验室 - 数智北京创新中心,200,text/html,5800,数智北京创新中心,联合实验室,数智北京创新中心联合实验室，包含信令实验室、空间图实验室、灾害模拟实验室、政策推演实验室、首都数智治理实验室、数智教育实验室、会展消费数据实验室，助力北京数智治理与科技创新等。,"数智北京创新中心,联合实验室,信令实验室,空间图实验室,灾害模拟实验室,政策推演实验室,数智治理",282,3,0,0,2026-09-02T14:16:47.257091+00:00,sitemap.xml,
https://dibj.cn/fzpt/sjcx/lhsys/6282fa18238140cc9353d1ad712236c6.html,创新服务-数据创新,联合实验室 - 数智北京创新中心,200,text/html,5636,数智北京创新中心,联合实验室,数智北京创新中心联合实验室，包含信令实验室、空间图实验室、灾害模拟实验室、政策推演实验室、首都数智治理实验室、数智教育实验室、会展消费数据实验室，助力北京数智治理与科技创新等。,"数智北京创新中心,联合实验室,信令实验室,空间图实验室,灾害模拟实验室,政策推演实验室,数智治理",184,3,0,0,2026-09-02T14:16:46.749783+00:00,sitemap.xml,
https://dibj.cn/fzpt/sjcx/lhsys/7df9dfa306fa48dc9cf3b430ec4eea85.html,创新服务-数据创新,联合实验室 - 数智北京创新中心,200,text/html,5650,数智北京创新中心,联合实验室,数智北京创新中心联合实验室，包含信令实验室、空间图实验室、灾害模拟实验室、政策推演实验室、首都数智治理实验室、数智教育实验室、会展消费数据实验室，助力北京数智治理与科技创新等。,"数智北京创新中心,联合实验室,信令实验室,空间图实验室,灾害模拟实验室,政策推演实验室,数智治理",228,3,0,0,2026-09-02T14:16:47.377219+00:00,sitemap.xml,
https://dibj.cn/fzpt/sjcx/lhsys/7ee59bae4c384465b38b3fcd6e67c770.html,创新服务-数据创新,联合实验室 - 数智北京创新中心,200,text/html,6157,数智北京创新中心,联合实验室,数智北京创新中心联合实验室，包含信令实验室、空间图实验室、灾害模拟实验室、政策推演实验室、首都数智治理实验室、数智教育实验室、会展消费数据实验室，助力北京数智治理与科技创新等。,"数智北京创新中心,联合实验室,信令实验室,空间图实验室,灾害模拟实验室,政策推演实验室,数智治理",405,3,0,0,2026-09-02T14:16:47.836103+00:00,sitemap.xml,
https://dibj.cn/fzpt/sjcx/lhsys/abba9302cce94990adbc3de64e9c2b61.html,创新服务-数据创新,联合实验室 - 数智北京创新中心,200,text/html,5875,数智北京创新中心,联合实验室,数智北京创新中心联合实验室，包含信令实验室、空间图实验室、灾害模拟实验室、政策推演实验室、首都数智治理实验室、数智教育实验室、会展消费数据实验室，助力北京数智治理与科技创新等。,"数智北京创新中心,联合实验室,信令实验室,空间图实验室,灾害模拟实验室,政策推演实验室,数智治理",300,3,0,0,2026-09-02T14:17:07.825546+00:00,sitemap.xml,
https://dibj.cn/fzpt/sjcx/lhsys/be708aa6fabd49039c4a0f14849ec59e.html,创新服务-数据创新,联合实验室 - 数智北京创新中心,200,text/html,5352,数智北京创新中心,联合实验室,数智北京创新中心联合实验室，包含信令实验室、空间图实验室、灾害模拟实验室、政策推演实验室、首都数智治理实验室、数智教育实验室、会展消费数据实验室，助力北京数智治理与科技创新等。,"数智北京创新中心,联合实验室,信令实验室,空间图实验室,灾害模拟实验室,政策推演实验室,数智治理",144,3,0,0,2026-09-02T14:17:08.339140+00:00,sitemap.xml,
https://dibj.cn/fzpt/sjcx/rzxm/,创新服务-数据创新,入驻项目 - 数智北京创新中心,200,text/html,6216,数智北京创新中心,入驻项目,数智北京创新中心入驻项目展示，涵盖用户精准画像、智能调度、智慧金融、身份认证、企业信用风控、医药数据应用等数据创新项目，赋能公共数据融合与智慧城市落地。,"数智北京创新中心,入驻项目,数据创新,公共数据融合,精准画像,智能调度,企业信用风控,智慧城市,数据要素应用",32,2,0,0,2026-09-02T14:17:07.819902+00:00,sitemap.xml,
https://dibj.cn/fzpt/sjcx/rzxm/rzxx/,创新服务-数据创新,入驻企业信息 - 数智北京创新中心,200,text/html,15403,数智北京创新中心,入驻企业信息,,,1431,0,0,0,2026-09-02T14:29:33.550537+00:00,页面链接发现,
https://dibj.cn/fzpt/sjcx/sjjsfw/,创新服务-数据创新,数据要素竞赛 - 数智北京创新中心,200,text/html,7896,数智北京创新中心,数据要素竞赛,,,412,9,0,0,2026-09-02T14:17:07.858604+00:00,sitemap.xml,
https://dibj.cn/fzpt/sjcx/sjjsfw/0702fa7825d84e0b880a463f3c80c14c.html,创新服务-数据创新,数据要素竞赛 - 数智北京创新中心,200,text/html,7110,数智北京创新中心,数据要素竞赛,,,515,3,0,0,2026-09-02T14:17:08.757992+00:00,sitemap.xml,
https://dibj.cn/fzpt/sjcx/sjjsfw/36bf2890effb452791cdf8424ce3a813.html,创新服务-数据创新,数据要素竞赛 - 数智北京创新中心,200,text/html,6454,数智北京创新中心,数据要素竞赛,,,443,3,0,0,2026-09-02T14:17:08.304330+00:00,sitemap.xml,
https://dibj.cn/fzpt/sjcx/sjjsfw/4ec6dd5e2f104d22b5e8b7dd0d6c699b.html,创新服务-数据创新,数据要素竞赛 - 数智北京创新中心,200,text/html,6111,数智北京创新中心,数据要素竞赛,,,485,3,0,0,2026-09-02T14:17:08.336811+00:00,sitemap.xml,
https://dibj.cn/fzpt/sjcx/sjjsfw/7596ead0bb144f7b82f428060dc97d11.html,创新服务-数据创新,数据要素竞赛 - 数智北京创新中心,200,text/html,6190,数智北京创新中心,数据要素竞赛,,,512,3,0,0,2026-09-02T14:17:08.892164+00:00,sitemap.xml,
https://dibj.cn/fzpt/sjcx/sjjsfw/90b240bca7a04398bc8185b52cfcab23.html,创新服务-数据创新,数据要素竞赛 - 数智北京创新中心,200,text/html,6766,数智北京创新中心,数据要素竞赛,,,579,3,0,0,2026-09-02T14:17:29.506852+00:00,sitemap.xml,
https://dibj.cn/fzpt/sjcx/sjjsfw/de5df249507147ae96c39881c350fad2.html,创新服务-数据创新,数据要素竞赛 - 数智北京创新中心,200,text/html,6532,数智北京创新中心,数据要素竞赛,,,579,3,0,0,2026-09-02T14:17:29.973801+00:00,sitemap.xml,
https://dibj.cn/fzpt/swcj,创新服务-成果与搜索,创新中心三维场景 - 数智北京创新中心,200,text/html,4408,数智北京创新中心,创新中心三维场景,,,47,2,0,0,2026-09-02T14:29:51.871517+00:00,页面链接发现,
https://dibj.cn/fzpt/swcj/,创新服务-成果与搜索,创新中心三维场景 - 数智北京创新中心,200,text/html,4408,数智北京创新中心,创新中心三维场景,,,47,2,0,0,2026-09-02T14:29:51.779253+00:00,页面链接发现,
https://dibj.cn/fzpt/szzy/gxfw,创新服务-共性服务,共性服务 - 数智北京创新中心,200,text/html,8387,数智北京创新中心,共性服务,,8,127,4,0,8,2026-09-02T14:30:13.725350+00:00,页面链接发现,
https://dibj.cn/fzpt/szzy/gxfw/,创新服务-共性服务,共性服务 - 数智北京创新中心,200,text/html,8387,数智北京创新中心,共性服务,,8,127,4,0,8,2026-09-02T14:17:29.529786+00:00,sitemap.xml,
https://dibj.cn/fzpt/wysq/rzznwz/,创新服务-资源提供与申请,我要申请 - 数智北京创新中心,200,text/html,22114,数智北京创新中心,我要申请,,,1010,3,0,1,2026-09-02T14:29:52.028431+00:00,页面链接发现,
https://dibj.cn/fzpt/wysq/xqfk,创新服务-资源提供与申请,需求反馈 - 数智北京创新中心,200,text/html,17682,数智北京创新中心,需求反馈,数智北京创新中心需求反馈页面，提供数据、应用、组件工具、服务、入驻等咨询与需求提交通道，及时响应企业与创新主体诉求，助力数据要素与智慧城市创新服务。,"数智北京创新中心,需求反馈,咨询反馈,数据需求,服务需求,入驻咨询,智慧城市,数据要素创新",111,0,0,0,2026-09-02T14:30:31.657632+00:00,页面链接发现,
https://dibj.cn/fzpt/wysq/xqfk/,创新服务-资源提供与申请,需求反馈 - 数智北京创新中心,200,text/html,17682,数智北京创新中心,需求反馈,数智北京创新中心需求反馈页面，提供数据、应用、组件工具、服务、入驻等咨询与需求提交通道，及时响应企业与创新主体诉求，助力数据要素与智慧城市创新服务。,"数智北京创新中心,需求反馈,咨询反馈,数据需求,服务需求,入驻咨询,智慧城市,数据要素创新",111,0,0,0,2026-09-02T14:17:30.207233+00:00,sitemap.xml,
https://dibj.cn/fzpt/wytg/,创新服务-资源提供与申请,我要提供 - 数智北京创新中心,200,text/html,98452,数智北京创新中心,我要提供,数智北京创新中心我要提供栏目，面向单位开放共创伙伴申请，支持提供数据、组件、场景、应用、服务等资源，参与北京智慧城市与公共数据融合创新建设,"数智北京创新中心,我要提供,共创伙伴申请,数据提供,组件提供,提供场景,提供应用",2800,2,2,1,2026-09-02T14:30:14.593024+00:00,页面链接发现,
https://dibj.cn/fzpt/wytg/tgcj/,创新服务-资源提供与申请,提供场景 - 数智北京创新中心,200,text/html,24565,数智北京创新中心,提供场景,有意在数智北京创新中心开放场景，进行数据创新、场景创新、技术创新。,"数智北京创新中心场景上架申请,提供场景",190,0,0,0,2026-09-02T14:30:14.395036+00:00,页面链接发现,
https://dibj.cn/fzpt/wytg/tgcj/fwqd,创新服务-资源提供与申请,服务清单 - 数智北京创新中心,200,text/html,16296,数智北京创新中心,服务清单,,,2091,0,0,0,2026-09-02T14:30:31.786130+00:00,页面链接发现,
https://dibj.cn/fzpt/wytg/tgfw/,创新服务-资源提供与申请,提供服务 - 数智北京创新中心,200,text/html,24299,数智北京创新中心,提供服务,,2,194,0,0,0,2026-09-02T14:30:14.616608+00:00,页面链接发现,
https://dibj.cn/fzpt/wytg/tgfw/fwqd,创新服务-资源提供与申请,服务清单 - 数智北京创新中心,200,text/html,7367,数智北京创新中心,服务清单,,,515,0,0,0,2026-09-02T14:30:31.942599+00:00,页面链接发现,
https://dibj.cn/fzpt/wytg/tgfw/fwqd/,创新服务-资源提供与申请,服务清单 - 数智北京创新中心,200,text/html,7367,数智北京创新中心,服务清单,,,515,0,0,0,2026-09-02T14:17:29.827068+00:00,sitemap.xml,
https://dibj.cn/fzpt/wytg/tgsj/,创新服务-资源提供与申请,提供数据 - 数智北京创新中心,200,text/html,24470,数智北京创新中心,提供数据,数智北京创新中心诚邀您参与北京市智慧城市创新和公共数据融合创新，共绘北京城市数智化发展新篇章！,8,191,0,0,0,2026-09-02T14:30:14.404224+00:00,页面链接发现,
https://dibj.cn/fzpt/wytg/tgsj/sjqd,创新服务-资源提供与申请,数据清单 - 数智北京创新中心,200,text/html,12086,数智北京创新中心,数据清单,,,1299,0,0,0,2026-09-02T14:30:48.842922+00:00,页面链接发现,
https://dibj.cn/fzpt/wytg/tgsj/sjqd/,创新服务-资源提供与申请,数据清单 - 数智北京创新中心,200,text/html,12086,数智北京创新中心,数据清单,,,1299,0,0,0,2026-09-02T14:17:29.400004+00:00,sitemap.xml,
https://dibj.cn/fzpt/wytg/tgyy/,创新服务-资源提供与申请,提供应用 - 数智北京创新中心,200,text/html,24371,数智北京创新中心,提供应用,,3,198,0,0,0,2026-09-02T14:30:32.068610+00:00,页面链接发现,
https://dibj.cn/fzpt/wytg/tgyy/yyqd,创新服务-资源提供与申请,应用清单 - 数智北京创新中心,200,text/html,7936,数智北京创新中心,应用清单,,,746,0,0,0,2026-09-02T14:30:49.976642+00:00,页面链接发现,
https://dibj.cn/fzpt/wytg/tgyy/yyqd/,创新服务-资源提供与申请,应用清单 - 数智北京创新中心,200,text/html,7936,数智北京创新中心,应用清单,,,746,0,0,0,2026-09-02T14:17:29.949172+00:00,sitemap.xml,
https://dibj.cn/fzpt/wytg/tgzj/,创新服务-资源提供与申请,提供组件 - 数智北京创新中心,200,text/html,67252,数智北京创新中心,提供组件,有意提供支持智慧城市建设和数据融合创新方面的标示性、通用性组件，涵盖且不限于系统基础软件、数据研发工具、数据挖掘工具等。,9,1935,2,2,1,2026-09-02T14:30:32.712728+00:00,页面链接发现,
https://dibj.cn/fzpt/wytg/tgzj/zjqd,创新服务-资源提供与申请,组件清单 - 数智北京创新中心,200,text/html,9173,数智北京创新中心,组件清单,,,1238,0,0,0,2026-09-02T14:30:49.315767+00:00,页面链接发现,
https://dibj.cn/fzpt/wytg/tgzj/zjqd/,创新服务-资源提供与申请,组件清单 - 数智北京创新中心,200,text/html,9173,数智北京创新中心,组件清单,,,1238,0,0,0,2026-09-02T14:17:29.893750+00:00,sitemap.xml,
https://dibj.cn/fzpt/xwzx,新闻资讯,新闻资讯 - 数智北京创新中心,200,text/html,14610,数智北京创新中心,新闻资讯,数智北京创新中心新闻资讯栏目，发布数据产权、数据要素、政策解读、专家解读、数据要素×典型案例、权威动态与赛事公告，助力北京数据要素市场化与数字经济发展。,"数智北京创新中心,新闻资讯,数据产权,数据要素,政策解读,专家解读,数据治理,数字经济",1068,33,0,0,2026-09-02T14:31:06.803142+00:00,页面链接发现,
https://dibj.cn/fzpt/xwzx/,新闻资讯,新闻资讯 - 数智北京创新中心,200,text/html,14610,数智北京创新中心,新闻资讯,数智北京创新中心新闻资讯栏目，发布数据产权、数据要素、政策解读、专家解读、数据要素×典型案例、权威动态与赛事公告，助力北京数据要素市场化与数字经济发展。,"数智北京创新中心,新闻资讯,数据产权,数据要素,政策解读,专家解读,数据治理,数字经济",1068,33,0,0,2026-09-02T14:17:47.107845+00:00,sitemap.xml,
https://dibj.cn/fzpt/xwzx/016b6de92580459a97d2163d9342f236.html,新闻资讯,新闻资讯 - 数智北京创新中心,200,text/html,6412,数智北京创新中心,新闻资讯,数智北京创新中心新闻资讯栏目，发布数据产权、数据要素、政策解读、专家解读、数据要素×典型案例、权威动态与赛事公告，助力北京数据要素市场化与数字经济发展。,"数智北京创新中心,新闻资讯,数据产权,数据要素,政策解读,专家解读,数据治理,数字经济",510,2,0,0,2026-09-02T14:30:50.217305+00:00,页面链接发现,
https://dibj.cn/fzpt/xwzx/0232b1a0dfdf4d57afda6b86c33feddc.html,新闻资讯,新闻资讯 - 数智北京创新中心,200,text/html,9725,数智北京创新中心,新闻资讯,数智北京创新中心新闻资讯栏目，发布数据产权、数据要素、政策解读、专家解读、数据要素×典型案例、权威动态与赛事公告，助力北京数据要素市场化与数字经济发展。,"数智北京创新中心,新闻资讯,数据产权,数据要素,政策解读,专家解读,数据治理,数字经济",1492,2,0,0,2026-09-02T14:17:47.613499+00:00,sitemap.xml,
https://dibj.cn/fzpt/xwzx/029a1fd4394342deaf57853f063b70d9.html,新闻资讯,新闻资讯 - 数智北京创新中心,200,text/html,15586,数智北京创新中心,新闻资讯,数智北京创新中心新闻资讯栏目，发布数据产权、数据要素、政策解读、专家解读、数据要素×典型案例、权威动态与赛事公告，助力北京数据要素市场化与数字经济发展。,"数智北京创新中心,新闻资讯,数据产权,数据要素,政策解读,专家解读,数据治理,数字经济",3517,2,0,0,2026-09-02T14:17:47.806266+00:00,sitemap.xml,
https://dibj.cn/fzpt/xwzx/02a3c89498dc4f139fcb35502a1b929c.html,新闻资讯,新闻资讯 - 数智北京创新中心,200,text/html,5938,数智北京创新中心,新闻资讯,数智北京创新中心新闻资讯栏目，发布数据产权、数据要素、政策解读、专家解读、数据要素×典型案例、权威动态与赛事公告，助力北京数据要素市场化与数字经济发展。,"数智北京创新中心,新闻资讯,数据产权,数据要素,政策解读,专家解读,数据治理,数字经济",352,2,0,0,2026-09-02T14:17:47.090306+00:00,sitemap.xml,
https://dibj.cn/fzpt/xwzx/048b76d5e17242bc911bb63f205794d4.html,新闻资讯,新闻资讯 - 数智北京创新中心,200,text/html,7328,数智北京创新中心,新闻资讯,数智北京创新中心新闻资讯栏目，发布数据产权、数据要素、政策解读、专家解读、数据要素×典型案例、权威动态与赛事公告，助力北京数据要素市场化与数字经济发展。,"数智北京创新中心,新闻资讯,数据产权,数据要素,政策解读,专家解读,数据治理,数字经济",601,2,0,2,2026-09-02T14:17:47.621495+00:00,sitemap.xml,
https://dibj.cn/fzpt/xwzx/048c98a10887436e9262ea7df699f518.html,新闻资讯,新闻资讯 - 数智北京创新中心,200,text/html,20422,数智北京创新中心,新闻资讯,数智北京创新中心新闻资讯栏目，发布数据产权、数据要素、政策解读、专家解读、数据要素×典型案例、权威动态与赛事公告，助力北京数据要素市场化与数字经济发展。,"数智北京创新中心,新闻资讯,数据产权,数据要素,政策解读,专家解读,数据治理,数字经济",5004,2,0,0,2026-09-02T14:30:49.519026+00:00,页面链接发现,
https://dibj.cn/fzpt/xwzx/04de33ed77764348949463e1b0a09fc0.html,新闻资讯,新闻资讯 - 数智北京创新中心,200,text/html,7007,数智北京创新中心,新闻资讯,数智北京创新中心新闻资讯栏目，发布数据产权、数据要素、政策解读、专家解读、数据要素×典型案例、权威动态与赛事公告，助力北京数据要素市场化与数字经济发展。,"数智北京创新中心,新闻资讯,数据产权,数据要素,政策解读,专家解读,数据治理,数字经济",727,2,0,0,2026-09-02T14:30:48.822435+00:00,页面链接发现,
https://dibj.cn/fzpt/xwzx/050bf317b56c4359ba9a6762a699f299.html,新闻资讯,新闻资讯 - 数智北京创新中心,200,text/html,14410,数智北京创新中心,新闻资讯,数智北京创新中心新闻资讯栏目，发布数据产权、数据要素、政策解读、专家解读、数据要素×典型案例、权威动态与赛事公告，助力北京数据要素市场化与数字经济发展。,"数智北京创新中心,新闻资讯,数据产权,数据要素,政策解读,专家解读,数据治理,数字经济",3154,2,0,0,2026-09-02T14:17:47.645172+00:00,sitemap.xml,
https://dibj.cn/fzpt/xwzx/05651db626bb42fba52466845e2860fd.html,新闻资讯,新闻资讯 - 数智北京创新中心,200,text/html,15645,数智北京创新中心,新闻资讯,数智北京创新中心新闻资讯栏目，发布数据产权、数据要素、政策解读、专家解读、数据要素×典型案例、权威动态与赛事公告，助力北京数据要素市场化与数字经济发展。,"数智北京创新中心,新闻资讯,数据产权,数据要素,政策解读,专家解读,数据治理,数字经济",3551,2,0,0,2026-09-02T14:17:48.223017+00:00,sitemap.xml,
https://dibj.cn/fzpt/xwzx/089305202fdc4989b42ec1f732e37cd3.html,新闻资讯,新闻资讯 - 数智北京创新中心,200,text/html,16015,数智北京创新中心,新闻资讯,数智北京创新中心新闻资讯栏目，发布数据产权、数据要素、政策解读、专家解读、数据要素×典型案例、权威动态与赛事公告，助力北京数据要素市场化与数字经济发展。,"数智北京创新中心,新闻资讯,数据产权,数据要素,政策解读,专家解读,数据治理,数字经济",3544,2,0,0,2026-09-02T14:30:49.969828+00:00,页面链接发现,
https://dibj.cn/fzpt/xwzx/097e9830c3374f9bb15dd9ef36c3a80f.html,新闻资讯,新闻资讯 - 数智北京创新中心,200,text/html,16725,数智北京创新中心,新闻资讯,数智北京创新中心新闻资讯栏目，发布数据产权、数据要素、政策解读、专家解读、数据要素×典型案例、权威动态与赛事公告，助力北京数据要素市场化与数字经济发展。,"数智北京创新中心,新闻资讯,数据产权,数据要素,政策解读,专家解读,数据治理,数字经济",3721,2,0,0,2026-09-02T14:31:06.473548+00:00,页面链接发现,
https://dibj.cn/fzpt/xwzx/0a7fc716f1ce4b05acad22a9bf5b3c93.html,新闻资讯,新闻资讯 - 数智北京创新中心,200,text/html,6927,数智北京创新中心,新闻资讯,数智北京创新中心新闻资讯栏目，发布数据产权、数据要素、政策解读、专家解读、数据要素×典型案例、权威动态与赛事公告，助力北京数据要素市场化与数字经济发展。,"数智北京创新中心,新闻资讯,数据产权,数据要素,政策解读,专家解读,数据治理,数字经济",602,2,0,1,2026-09-02T14:31:06.867729+00:00,页面链接发现,
https://dibj.cn/fzpt/xwzx/0abcf2409bdc4241a0a9f052506b0805.html,新闻资讯,新闻资讯 - 数智北京创新中心,200,text/html,15234,数智北京创新中心,新闻资讯,数智北京创新中心新闻资讯栏目，发布数据产权、数据要素、政策解读、专家解读、数据要素×典型案例、权威动态与赛事公告，助力北京数据要素市场化与数字经济发展。,"数智北京创新中心,新闻资讯,数据产权,数据要素,政策解读,专家解读,数据治理,数字经济",3428,2,0,0,2026-09-02T14:17:47.832027+00:00,sitemap.xml,
https://dibj.cn/fzpt/xwzx/0b7f933998f54f17af3f482c6253fc04.html,新闻资讯,新闻资讯 - 数智北京创新中心,200,text/html,5888,数智北京创新中心,新闻资讯,数智北京创新中心新闻资讯栏目，发布数据产权、数据要素、政策解读、专家解读、数据要素×典型案例、权威动态与赛事公告，助力北京数据要素市场化与数字经济发展。,"数智北京创新中心,新闻资讯,数据产权,数据要素,政策解读,专家解读,数据治理,数字经济",160,2,0,3,2026-09-02T14:18:03.076629+00:00,sitemap.xml,
https://dibj.cn/fzpt/xwzx/0cc313e412af4f80a627b49a76c2871b.html,新闻资讯,新闻资讯 - 数智北京创新中心,200,text/html,7803,数智北京创新中心,新闻资讯,数智北京创新中心新闻资讯栏目，发布数据产权、数据要素、政策解读、专家解读、数据要素×典型案例、权威动态与赛事公告，助力北京数据要素市场化与数字经济发展。,"数智北京创新中心,新闻资讯,数据产权,数据要素,政策解读,专家解读,数据治理,数字经济",956,2,0,0,2026-09-02T14:18:03.559772+00:00,sitemap.xml,
https://dibj.cn/fzpt/xwzx/0d08710993314e978ba83eb4c57e3086.html,新闻资讯,新闻资讯 - 数智北京创新中心,200,text/html,7836,数智北京创新中心,新闻资讯,数智北京创新中心新闻资讯栏目，发布数据产权、数据要素、政策解读、专家解读、数据要素×典型案例、权威动态与赛事公告，助力北京数据要素市场化与数字经济发展。,"数智北京创新中心,新闻资讯,数据产权,数据要素,政策解读,专家解读,数据治理,数字经济",948,2,0,0,2026-09-02T14:31:06.734812+00:00,页面链接发现,
https://dibj.cn/fzpt/xwzx/0d3acf3f95004e7aba372439b27db756.html,新闻资讯,新闻资讯 - 数智北京创新中心,200,text/html,9718,数智北京创新中心,新闻资讯,数智北京创新中心新闻资讯栏目，发布数据产权、数据要素、政策解读、专家解读、数据要素×典型案例、权威动态与赛事公告，助力北京数据要素市场化与数字经济发展。,"数智北京创新中心,新闻资讯,数据产权,数据要素,政策解读,专家解读,数据治理,数字经济",1444,2,0,1,2026-09-02T14:18:03.576680+00:00,sitemap.xml,
https://dibj.cn/fzpt/xwzx/119eb8b1f13c437795fb6ab31c9d7406.html,新闻资讯,新闻资讯 - 数智北京创新中心,200,text/html,8900,数智北京创新中心,新闻资讯,数智北京创新中心新闻资讯栏目，发布数据产权、数据要素、政策解读、专家解读、数据要素×典型案例、权威动态与赛事公告，助力北京数据要素市场化与数字经济发展。,"数智北京创新中心,新闻资讯,数据产权,数据要素,政策解读,专家解读,数据治理,数字经济",1100,2,0,3,2026-09-02T14:31:06.697676+00:00,页面链接发现,
https://dibj.cn/fzpt/xwzx/11ad1cff23f54e32a564860f7bb258e9.html,新闻资讯,新闻资讯 - 数智北京创新中心,200,text/html,6170,数智北京创新中心,新闻资讯,数智北京创新中心新闻资讯栏目，发布数据产权、数据要素、政策解读、专家解读、数据要素×典型案例、权威动态与赛事公告，助力北京数据要素市场化与数字经济发展。,"数智北京创新中心,新闻资讯,数据产权,数据要素,政策解读,专家解读,数据治理,数字经济",370,2,0,0,2026-09-02T14:31:06.251065+00:00,页面链接发现,
https://dibj.cn/fzpt/xwzx/11fa1feffdb24b1d83506c9cac47b779.html,新闻资讯,新闻资讯 - 数智北京创新中心,200,text/html,10249,数智北京创新中心,新闻资讯,数智北京创新中心新闻资讯栏目，发布数据产权、数据要素、政策解读、专家解读、数据要素×典型案例、权威动态与赛事公告，助力北京数据要素市场化与数字经济发展。,"数智北京创新中心,新闻资讯,数据产权,数据要素,政策解读,专家解读,数据治理,数字经济",1684,2,0,0,2026-09-02T14:18:03.836701+00:00,sitemap.xml,
https://dibj.cn/fzpt/xwzx/1376089648364917a806be016ab1504a.html,新闻资讯,新闻资讯 - 数智北京创新中心,200,text/html,7897,数智北京创新中心,新闻资讯,数智北京创新中心新闻资讯栏目，发布数据产权、数据要素、政策解读、专家解读、数据要素×典型案例、权威动态与赛事公告，助力北京数据要素市场化与数字经济发展。,"数智北京创新中心,新闻资讯,数据产权,数据要素,政策解读,专家解读,数据治理,数字经济",971,2,0,1,2026-09-02T14:31:06.373633+00:00,页面链接发现,
https://dibj.cn/fzpt/xwzx/13c735726889438fb56c300a2be012e8.html,新闻资讯,新闻资讯 - 数智北京创新中心,200,text/html,15332,数智北京创新中心,新闻资讯,数智北京创新中心新闻资讯栏目，发布数据产权、数据要素、政策解读、专家解读、数据要素×典型案例、权威动态与赛事公告，助力北京数据要素市场化与数字经济发展。,"数智北京创新中心,新闻资讯,数据产权,数据要素,政策解读,专家解读,数据治理,数字经济",3467,2,0,0,2026-09-02T14:18:03.777652+00:00,sitemap.xml,
https://dibj.cn/fzpt/xwzx/144ebd01692e4cf492d1faa285f50654.html,新闻资讯,新闻资讯 - 数智北京创新中心,200,text/html,12969,数智北京创新中心,新闻资讯,数智北京创新中心新闻资讯栏目，发布数据产权、数据要素、政策解读、专家解读、数据要素×典型案例、权威动态与赛事公告，助力北京数据要素市场化与数字经济发展。,"数智北京创新中心,新闻资讯,数据产权,数据要素,政策解读,专家解读,数据治理,数字经济",2635,2,0,0,2026-09-02T14:31:06.685779+00:00,页面链接发现,
https://dibj.cn/fzpt/xwzx/1579e1d995eb4ba7bd81be7926cc7fe6.html,新闻资讯,新闻资讯 - 数智北京创新中心,200,text/html,12171,数智北京创新中心,新闻资讯,数智北京创新中心新闻资讯栏目，发布数据产权、数据要素、政策解读、专家解读、数据要素×典型案例、权威动态与赛事公告，助力北京数据要素市场化与数字经济发展。,"数智北京创新中心,新闻资讯,数据产权,数据要素,政策解读,专家解读,数据治理,数字经济",2377,2,0,0,2026-09-02T14:18:03.624594+00:00,sitemap.xml,
https://dibj.cn/fzpt/xwzx/1649e06d77c54296b6fc60095c21bedb.html,新闻资讯,新闻资讯 - 数智北京创新中心,200,text/html,5753,数智北京创新中心,新闻资讯,数智北京创新中心新闻资讯栏目，发布数据产权、数据要素、政策解读、专家解读、数据要素×典型案例、权威动态与赛事公告，助力北京数据要素市场化与数字经济发展。,"数智北京创新中心,新闻资讯,数据产权,数据要素,政策解读,专家解读,数据治理,数字经济",259,2,0,1,2026-09-02T14:31:22.750846+00:00,页面链接发现,
https://dibj.cn/fzpt/xwzx/1733c77a056a4a0a8f58a11bc608c820.html,新闻资讯,新闻资讯 - 数智北京创新中心,200,text/html,9658,数智北京创新中心,新闻资讯,数智北京创新中心新闻资讯栏目，发布数据产权、数据要素、政策解读、专家解读、数据要素×典型案例、权威动态与赛事公告，助力北京数据要素市场化与数字经济发展。,"数智北京创新中心,新闻资讯,数据产权,数据要素,政策解读,专家解读,数据治理,数字经济",1586,2,0,0,2026-09-02T14:18:03.548003+00:00,sitemap.xml,
https://dibj.cn/fzpt/xwzx/1750bfc34c8045378ccde887e0a95bc2.html,新闻资讯,新闻资讯 - 数智北京创新中心,200,text/html,6745,数智北京创新中心,新闻资讯,数智北京创新中心新闻资讯栏目，发布数据产权、数据要素、政策解读、专家解读、数据要素×典型案例、权威动态与赛事公告，助力北京数据要素市场化与数字经济发展。,"数智北京创新中心,新闻资讯,数据产权,数据要素,政策解读,专家解读,数据治理,数字经济",645,2,0,0,2026-09-02T14:18:03.584039+00:00,sitemap.xml,
https://dibj.cn/fzpt/xwzx/186ad52302af49f19d9e27a3e6db84d6.html,新闻资讯,新闻资讯 - 数智北京创新中心,200,text/html,42557,数智北京创新中心,新闻资讯,数智北京创新中心新闻资讯栏目，发布数据产权、数据要素、政策解读、专家解读、数据要素×典型案例、权威动态与赛事公告，助力北京数据要素市场化与数字经济发展。,"数智北京创新中心,新闻资讯,数据产权,数据要素,政策解读,专家解读,数据治理,数字经济",12447,2,0,2,2026-09-02T14:31:23.778489+00:00,页面链接发现,
https://dibj.cn/fzpt/xwzx/1875747053764ca88c82a3cee1a30807.html,新闻资讯,新闻资讯 - 数智北京创新中心,200,text/html,10585,数智北京创新中心,新闻资讯,数智北京创新中心新闻资讯栏目，发布数据产权、数据要素、政策解读、专家解读、数据要素×典型案例、权威动态与赛事公告，助力北京数据要素市场化与数字经济发展。,"数智北京创新中心,新闻资讯,数据产权,数据要素,政策解读,专家解读,数据治理,数字经济",1935,2,0,0,2026-09-02T14:31:22.823606+00:00,页面链接发现,
https://dibj.cn/fzpt/xwzx/192955c035b14259b9bc6b96e405cae8.html,新闻资讯,新闻资讯 - 数智北京创新中心,200,text/html,9398,数智北京创新中心,新闻资讯,数智北京创新中心新闻资讯栏目，发布数据产权、数据要素、政策解读、专家解读、数据要素×典型案例、权威动态与赛事公告，助力北京数据要素市场化与数字经济发展。,"数智北京创新中心,新闻资讯,数据产权,数据要素,政策解读,专家解读,数据治理,数字经济",1384,2,0,0,2026-09-02T14:31:22.900850+00:00,页面链接发现,
https://dibj.cn/fzpt/xwzx/1a0dd20b3eab4bfca681baecd500cb08.html,新闻资讯,新闻资讯 - 数智北京创新中心,200,text/html,5344,数智北京创新中心,新闻资讯,数智北京创新中心新闻资讯栏目，发布数据产权、数据要素、政策解读、专家解读、数据要素×典型案例、权威动态与赛事公告，助力北京数据要素市场化与数字经济发展。,"数智北京创新中心,新闻资讯,数据产权,数据要素,政策解读,专家解读,数据治理,数字经济",74,2,0,0,2026-09-02T14:18:21.402429+00:00,sitemap.xml,
https://dibj.cn/fzpt/xwzx/1c174acc084c405fa4bc9e32643375d4.html,新闻资讯,新闻资讯 - 数智北京创新中心,200,text/html,9452,数智北京创新中心,新闻资讯,数智北京创新中心新闻资讯栏目，发布数据产权、数据要素、政策解读、专家解读、数据要素×典型案例、权威动态与赛事公告，助力北京数据要素市场化与数字经济发展。,"数智北京创新中心,新闻资讯,数据产权,数据要素,政策解读,专家解读,数据治理,数字经济",1388,2,0,1,2026-09-02T14:31:23.243408+00:00,页面链接发现,
https://dibj.cn/fzpt/xwzx/1c47aab7623643fbb0d1da09e0b6adc5.html,新闻资讯,新闻资讯 - 数智北京创新中心,200,text/html,5509,数智北京创新中心,新闻资讯,数智北京创新中心新闻资讯栏目，发布数据产权、数据要素、政策解读、专家解读、数据要素×典型案例、权威动态与赛事公告，助力北京数据要素市场化与数字经济发展。,"数智北京创新中心,新闻资讯,数据产权,数据要素,政策解读,专家解读,数据治理,数字经济",175,2,0,0,2026-09-02T14:18:20.933676+00:00,sitemap.xml,
https://dibj.cn/fzpt/xwzx/1cb2f0a86d7d4d51afa63d8dbc74b05a.html,新闻资讯,新闻资讯 - 数智北京创新中心,200,text/html,5888,数智北京创新中心,新闻资讯,数智北京创新中心新闻资讯栏目，发布数据产权、数据要素、政策解读、专家解读、数据要素×典型案例、权威动态与赛事公告，助力北京数据要素市场化与数字经济发展。,"数智北京创新中心,新闻资讯,数据产权,数据要素,政策解读,专家解读,数据治理,数字经济",160,2,0,3,2026-09-02T14:18:21.458118+00:00,sitemap.xml,
https://dibj.cn/fzpt/xwzx/1e35d0882e7d4c5ab8c1e6ccb7ec6f6c.html,新闻资讯,新闻资讯 - 数智北京创新中心,200,text/html,7073,数智北京创新中心,新闻资讯,数智北京创新中心新闻资讯栏目，发布数据产权、数据要素、政策解读、专家解读、数据要素×典型案例、权威动态与赛事公告，助力北京数据要素市场化与数字经济发展。,"数智北京创新中心,新闻资讯,数据产权,数据要素,政策解读,专家解读,数据治理,数字经济",705,2,0,0,2026-09-02T14:31:22.766395+00:00,页面链接发现,
https://dibj.cn/fzpt/xwzx/1e8853add20543b9b13b023efbd280aa.html,新闻资讯,新闻资讯 - 数智北京创新中心,200,text/html,7955,数智北京创新中心,新闻资讯,数智北京创新中心新闻资讯栏目，发布数据产权、数据要素、政策解读、专家解读、数据要素×典型案例、权威动态与赛事公告，助力北京数据要素市场化与数字经济发展。,"数智北京创新中心,新闻资讯,数据产权,数据要素,政策解读,专家解读,数据治理,数字经济",873,2,0,1,2026-09-02T14:31:23.298111+00:00,页面链接发现,
https://dibj.cn/fzpt/xwzx/21326153b3854752b1563ce9decc48bf.html,新闻资讯,新闻资讯 - 数智北京创新中心,200,text/html,5340,数智北京创新中心,新闻资讯,数智北京创新中心新闻资讯栏目，发布数据产权、数据要素、政策解读、专家解读、数据要素×典型案例、权威动态与赛事公告，助力北京数据要素市场化与数字经济发展。,"数智北京创新中心,新闻资讯,数据产权,数据要素,政策解读,专家解读,数据治理,数字经济",74,2,0,0,2026-09-02T14:18:21.386387+00:00,sitemap.xml,
https://dibj.cn/fzpt/xwzx/21d0ac084c5947e8b7a56ddbb6b0da02.html,新闻资讯,新闻资讯 - 数智北京创新中心,200,text/html,5238,数智北京创新中心,新闻资讯,数智北京创新中心新闻资讯栏目，发布数据产权、数据要素、政策解读、专家解读、数据要素×典型案例、权威动态与赛事公告，助力北京数据要素市场化与数字经济发展。,"数智北京创新中心,新闻资讯,数据产权,数据要素,政策解读,专家解读,数据治理,数字经济",68,2,0,1,2026-09-02T14:31:23.212215+00:00,页面链接发现,
https://dibj.cn/fzpt/xwzx/226d2d43b7ee4d26872676cbc861fd1f.html,新闻资讯,新闻资讯 - 数智北京创新中心,200,text/html,5675,数智北京创新中心,新闻资讯,数智北京创新中心新闻资讯栏目，发布数据产权、数据要素、政策解读、专家解读、数据要素×典型案例、权威动态与赛事公告，助力北京数据要素市场化与数字经济发展。,"数智北京创新中心,新闻资讯,数据产权,数据要素,政策解读,专家解读,数据治理,数字经济",160,2,0,2,2026-09-02T14:18:21.446434+00:00,sitemap.xml,
https://dibj.cn/fzpt/xwzx/23f5f536d35046669a0004d652c3a821.html,新闻资讯,新闻资讯 - 数智北京创新中心,200,text/html,5890,数智北京创新中心,新闻资讯,数智北京创新中心新闻资讯栏目，发布数据产权、数据要素、政策解读、专家解读、数据要素×典型案例、权威动态与赛事公告，助力北京数据要素市场化与数字经济发展。,"数智北京创新中心,新闻资讯,数据产权,数据要素,政策解读,专家解读,数据治理,数字经济",160,2,0,3,2026-09-02T14:18:21.454344+00:00,sitemap.xml,
https://dibj.cn/fzpt/xwzx/24185a0865254fe8ad7ce9abc5dc4dea.html,新闻资讯,新闻资讯 - 数智北京创新中心,200,text/html,12897,数智北京创新中心,新闻资讯,数智北京创新中心新闻资讯栏目，发布数据产权、数据要素、政策解读、专家解读、数据要素×典型案例、权威动态与赛事公告，助力北京数据要素市场化与数字经济发展。,"数智北京创新中心,新闻资讯,数据产权,数据要素,政策解读,专家解读,数据治理,数字经济",2407,2,0,0,2026-09-02T14:31:40.598548+00:00,页面链接发现,
https://dibj.cn/fzpt/xwzx/255478072a2e475692dbc3ddb8fad45d.html,新闻资讯,新闻资讯 - 数智北京创新中心,200,text/html,7563,数智北京创新中心,新闻资讯,数智北京创新中心新闻资讯栏目，发布数据产权、数据要素、政策解读、专家解读、数据要素×典型案例、权威动态与赛事公告，助力北京数据要素市场化与数字经济发展。,"数智北京创新中心,新闻资讯,数据产权,数据要素,政策解读,专家解读,数据治理,数字经济",880,2,0,0,2026-09-02T14:31:39.924311+00:00,页面链接发现,
https://dibj.cn/fzpt/xwzx/258d78d616ce4703847edcfec2407323.html,新闻资讯,新闻资讯 - 数智北京创新中心,200,text/html,6745,数智北京创新中心,新闻资讯,数智北京创新中心新闻资讯栏目，发布数据产权、数据要素、政策解读、专家解读、数据要素×典型案例、权威动态与赛事公告，助力北京数据要素市场化与数字经济发展。,"数智北京创新中心,新闻资讯,数据产权,数据要素,政策解读,专家解读,数据治理,数字经济",645,2,0,0,2026-09-02T14:18:21.433021+00:00,sitemap.xml,
https://dibj.cn/fzpt/xwzx/26689c649b2345ed90529fddf1d9adf9.html,新闻资讯,新闻资讯 - 数智北京创新中心,200,text/html,5180,数智北京创新中心,新闻资讯,数智北京创新中心新闻资讯栏目，发布数据产权、数据要素、政策解读、专家解读、数据要素×典型案例、权威动态与赛事公告，助力北京数据要素市场化与数字经济发展。,"数智北京创新中心,新闻资讯,数据产权,数据要素,政策解读,专家解读,数据治理,数字经济",57,2,0,1,2026-09-02T14:18:21.395591+00:00,sitemap.xml,
https://dibj.cn/fzpt/xwzx/28378ca89ea9474db172e85cb92e8050.html,新闻资讯,,,,0,,,,,0,0,0,0,2026-09-02T14:19:18.840842+00:00,sitemap.xml,HTTPError: HTTP Error 404: Not Found
https://dibj.cn/fzpt/xwzx/28378ca89ea9474db172e85cb92e8050/71a7f4d07ed044a28f983396bf38e19a.docx,新闻资讯,,,,0,,,,,0,0,0,0,2026-09-02T14:19:19.317448+00:00,sitemap.xml,HTTPError: HTTP Error 404: Not Found
https://dibj.cn/fzpt/xwzx/28378ca89ea9474db172e85cb92e8050/e90b0ac6ee5f44c7b3fe09da77dd964b.docx,新闻资讯,,,,0,,,,,0,0,0,0,2026-09-02T14:19:19.303374+00:00,sitemap.xml,HTTPError: HTTP Error 404: Not Found
https://dibj.cn/fzpt/xwzx/2911dad7d0b54e3eae2f09503afcd416.html,新闻资讯,新闻资讯 - 数智北京创新中心,200,text/html,7314,数智北京创新中心,新闻资讯,数智北京创新中心新闻资讯栏目，发布数据产权、数据要素、政策解读、专家解读、数据要素×典型案例、权威动态与赛事公告，助力北京数据要素市场化与数字经济发展。,"数智北京创新中心,新闻资讯,数据产权,数据要素,政策解读,专家解读,数据治理,数字经济",602,2,0,3,2026-09-02T14:18:40.195548+00:00,sitemap.xml,
https://dibj.cn/fzpt/xwzx/2a30647b5d0b4c70936e255ec8795a44.html,新闻资讯,新闻资讯 - 数智北京创新中心,200,text/html,10193,数智北京创新中心,新闻资讯,数智北京创新中心新闻资讯栏目，发布数据产权、数据要素、政策解读、专家解读、数据要素×典型案例、权威动态与赛事公告，助力北京数据要素市场化与数字经济发展。,"数智北京创新中心,新闻资讯,数据产权,数据要素,政策解读,专家解读,数据治理,数字经济",1862,3,1,0,2026-09-02T14:31:40.328053+00:00,页面链接发现,
https://dibj.cn/fzpt/xwzx/2b8e5ff9e12b4a92b647522be175d8cb.html,新闻资讯,新闻资讯 - 数智北京创新中心,200,text/html,9272,数智北京创新中心,新闻资讯,数智北京创新中心新闻资讯栏目，发布数据产权、数据要素、政策解读、专家解读、数据要素×典型案例、权威动态与赛事公告，助力北京数据要素市场化与数字经济发展。,"数智北京创新中心,新闻资讯,数据产权,数据要素,政策解读,专家解读,数据治理,数字经济",935,2,0,1,2026-09-02T14:18:39.192663+00:00,sitemap.xml,
https://dibj.cn/fzpt/xwzx/2bc6d979772345daa4273ecfd953973b.html,新闻资讯,新闻资讯 - 数智北京创新中心,200,text/html,14292,数智北京创新中心,新闻资讯,数智北京创新中心新闻资讯栏目，发布数据产权、数据要素、政策解读、专家解读、数据要素×典型案例、权威动态与赛事公告，助力北京数据要素市场化与数字经济发展。,"数智北京创新中心,新闻资讯,数据产权,数据要素,政策解读,专家解读,数据治理,数字经济",3108,2,0,0,2026-09-02T14:18:39.714192+00:00,sitemap.xml,
https://dibj.cn/fzpt/xwzx/2d88f7edd0774f83b484d4104df5a9e4.html,新闻资讯,新闻资讯 - 数智北京创新中心,200,text/html,10207,数智北京创新中心,新闻资讯,数智北京创新中心新闻资讯栏目，发布数据产权、数据要素、政策解读、专家解读、数据要素×典型案例、权威动态与赛事公告，助力北京数据要素市场化与数字经济发展。,"数智北京创新中心,新闻资讯,数据产权,数据要素,政策解读,专家解读,数据治理,数字经济",1284,2,0,0,2026-09-02T14:31:39.871101+00:00,页面链接发现,
https://dibj.cn/fzpt/xwzx/2e7d25c38a0b46f8adebbff1ff6b5201.html,新闻资讯,新闻资讯 - 数智北京创新中心,200,text/html,6289,数智北京创新中心,新闻资讯,数智北京创新中心新闻资讯栏目，发布数据产权、数据要素、政策解读、专家解读、数据要素×典型案例、权威动态与赛事公告，助力北京数据要素市场化与数字经济发展。,"数智北京创新中心,新闻资讯,数据产权,数据要素,政策解读,专家解读,数据治理,数字经济",144,2,0,5,2026-09-02T14:18:39.196678+00:00,sitemap.xml,
https://dibj.cn/fzpt/xwzx/2fcb270fc2de480e9ba1aee1cf8bc1d6.html,新闻资讯,新闻资讯 - 数智北京创新中心,200,text/html,5838,数智北京创新中心,新闻资讯,数智北京创新中心新闻资讯栏目，发布数据产权、数据要素、政策解读、专家解读、数据要素×典型案例、权威动态与赛事公告，助力北京数据要素市场化与数字经济发展。,"数智北京创新中心,新闻资讯,数据产权,数据要素,政策解读,专家解读,数据治理,数字经济",338,2,0,0,2026-09-02T14:31:40.345472+00:00,页面链接发现,
https://dibj.cn/fzpt/xwzx/321255f091584b4b9eab433b0f5d44c6.html,新闻资讯,新闻资讯 - 数智北京创新中心,200,text/html,8885,数智北京创新中心,新闻资讯,数智北京创新中心新闻资讯栏目，发布数据产权、数据要素、政策解读、专家解读、数据要素×典型案例、权威动态与赛事公告，助力北京数据要素市场化与数字经济发展。,"数智北京创新中心,新闻资讯,数据产权,数据要素,政策解读,专家解读,数据治理,数字经济",1295,2,0,0,2026-09-02T14:31:40.311067+00:00,页面链接发现,
https://dibj.cn/fzpt/xwzx/36fd1a3ddcd64acfb1fa9f22c848f0e8.html,新闻资讯,新闻资讯 - 数智北京创新中心,200,text/html,9615,数智北京创新中心,新闻资讯,数智北京创新中心新闻资讯栏目，发布数据产权、数据要素、政策解读、专家解读、数据要素×典型案例、权威动态与赛事公告，助力北京数据要素市场化与数字经济发展。,"数智北京创新中心,新闻资讯,数据产权,数据要素,政策解读,专家解读,数据治理,数字经济",1563,2,0,0,2026-09-02T14:31:40.366785+00:00,页面链接发现,
https://dibj.cn/fzpt/xwzx/378dfc02ace1476296d0473bf8312af7.html,新闻资讯,新闻资讯 - 数智北京创新中心,200,text/html,6007,数智北京创新中心,新闻资讯,数智北京创新中心新闻资讯栏目，发布数据产权、数据要素、政策解读、专家解读、数据要素×典型案例、权威动态与赛事公告，助力北京数据要素市场化与数字经济发展。,"数智北京创新中心,新闻资讯,数据产权,数据要素,政策解读,专家解读,数据治理,数字经济",337,2,0,1,2026-09-02T14:18:40.152809+00:00,sitemap.xml,
https://dibj.cn/fzpt/xwzx/380461fd1b2c439da1890440e2708c65.html,新闻资讯,新闻资讯 - 数智北京创新中心,200,text/html,21735,数智北京创新中心,新闻资讯,数智北京创新中心新闻资讯栏目，发布数据产权、数据要素、政策解读、专家解读、数据要素×典型案例、权威动态与赛事公告，助力北京数据要素市场化与数字经济发展。,"数智北京创新中心,新闻资讯,数据产权,数据要素,政策解读,专家解读,数据治理,数字经济",5446,2,0,2,2026-09-02T14:18:57.375168+00:00,sitemap.xml,
https://dibj.cn/fzpt/xwzx/38989740a64b4cd6ac264ddd8daa13b6.html,新闻资讯,新闻资讯 - 数智北京创新中心,200,text/html,5880,数智北京创新中心,新闻资讯,数智北京创新中心新闻资讯栏目，发布数据产权、数据要素、政策解读、专家解读、数据要素×典型案例、权威动态与赛事公告，助力北京数据要素市场化与数字经济发展。,"数智北京创新中心,新闻资讯,数据产权,数据要素,政策解读,专家解读,数据治理,数字经济",160,2,0,3,2026-09-02T14:18:57.644032+00:00,sitemap.xml,
https://dibj.cn/fzpt/xwzx/39701b2ef2d749cc8c410d8dca27d298.html,新闻资讯,,,,0,,,,,0,0,0,0,2026-09-02T14:19:36.799701+00:00,sitemap.xml,HTTPError: HTTP Error 404: Not Found
https://dibj.cn/fzpt/xwzx/3ab2229d78874e4ea3367be435db936e.html,新闻资讯,新闻资讯 - 数智北京创新中心,200,text/html,12035,数智北京创新中心,新闻资讯,数智北京创新中心新闻资讯栏目，发布数据产权、数据要素、政策解读、专家解读、数据要素×典型案例、权威动态与赛事公告，助力北京数据要素市场化与数字经济发展。,"数智北京创新中心,新闻资讯,数据产权,数据要素,政策解读,专家解读,数据治理,数字经济",2378,2,0,0,2026-09-02T14:18:57.543473+00:00,sitemap.xml,
https://dibj.cn/fzpt/xwzx/3c48340f41f44be883782733050f29b5.html,新闻资讯,新闻资讯 - 数智北京创新中心,200,text/html,5418,数智北京创新中心,新闻资讯,数智北京创新中心新闻资讯栏目，发布数据产权、数据要素、政策解读、专家解读、数据要素×典型案例、权威动态与赛事公告，助力北京数据要素市场化与数字经济发展。,"数智北京创新中心,新闻资讯,数据产权,数据要素,政策解读,专家解读,数据治理,数字经济",130,2,0,0,2026-09-02T14:18:57.590842+00:00,sitemap.xml,
https://dibj.cn/fzpt/xwzx/3cd57770117140ac90dd8273558e8c57.html,新闻资讯,新闻资讯 - 数智北京创新中心,200,text/html,11026,数智北京创新中心,新闻资讯,数智北京创新中心新闻资讯栏目，发布数据产权、数据要素、政策解读、专家解读、数据要素×典型案例、权威动态与赛事公告，助力北京数据要素市场化与数字经济发展。,"数智北京创新中心,新闻资讯,数据产权,数据要素,政策解读,专家解读,数据治理,数字经济",2013,2,0,0,2026-09-02T14:31:40.266215+00:00,页面链接发现,
https://dibj.cn/fzpt/xwzx/3ea9a2acc11b4addb9d52b0f7267c42d.html,新闻资讯,新闻资讯 - 数智北京创新中心,200,text/html,6558,数智北京创新中心,新闻资讯,数智北京创新中心新闻资讯栏目，发布数据产权、数据要素、政策解读、专家解读、数据要素×典型案例、权威动态与赛事公告，助力北京数据要素市场化与数字经济发展。,"数智北京创新中心,新闻资讯,数据产权,数据要素,政策解读,专家解读,数据治理,数字经济",406,2,0,1,2026-09-02T14:31:56.415298+00:00,页面链接发现,
https://dibj.cn/fzpt/xwzx/402860be8bab4dd8b1e19f282d7ef733.html,新闻资讯,新闻资讯 - 数智北京创新中心,200,text/html,8306,数智北京创新中心,新闻资讯,数智北京创新中心新闻资讯栏目，发布数据产权、数据要素、政策解读、专家解读、数据要素×典型案例、权威动态与赛事公告，助力北京数据要素市场化与数字经济发展。,"数智北京创新中心,新闻资讯,数据产权,数据要素,政策解读,专家解读,数据治理,数字经济",1111,2,0,0,2026-09-02T14:31:57.366715+00:00,页面链接发现,
https://dibj.cn/fzpt/xwzx/410194970aee4073ab9700ca0f6b6a94.html,新闻资讯,新闻资讯 - 数智北京创新中心,200,text/html,7956,数智北京创新中心,新闻资讯,数智北京创新中心新闻资讯栏目，发布数据产权、数据要素、政策解读、专家解读、数据要素×典型案例、权威动态与赛事公告，助力北京数据要素市场化与数字经济发展。,"数智北京创新中心,新闻资讯,数据产权,数据要素,政策解读,专家解读,数据治理,数字经济",850,2,0,1,2026-09-02T14:31:57.324459+00:00,页面链接发现,
https://dibj.cn/fzpt/xwzx/42a7fde7bfbc4bdd984003bdedea62ff.html,新闻资讯,新闻资讯 - 数智北京创新中心,200,text/html,6489,数智北京创新中心,新闻资讯,数智北京创新中心新闻资讯栏目，发布数据产权、数据要素、政策解读、专家解读、数据要素×典型案例、权威动态与赛事公告，助力北京数据要素市场化与数字经济发展。,"数智北京创新中心,新闻资讯,数据产权,数据要素,政策解读,专家解读,数据治理,数字经济",546,2,0,0,2026-09-02T14:19:17.962033+00:00,sitemap.xml,
https://dibj.cn/fzpt/xwzx/46ab4787315a4808809bb3a0cb41bd6b.html,新闻资讯,新闻资讯 - 数智北京创新中心,200,text/html,21307,数智北京创新中心,新闻资讯,数智北京创新中心新闻资讯栏目，发布数据产权、数据要素、政策解读、专家解读、数据要素×典型案例、权威动态与赛事公告，助力北京数据要素市场化与数字经济发展。,"数智北京创新中心,新闻资讯,数据产权,数据要素,政策解读,专家解读,数据治理,数字经济",5457,2,0,0,2026-09-02T14:31:57.561899+00:00,页面链接发现,
https://dibj.cn/fzpt/xwzx/483d8f7745e14951b6d872966a52097b.html,新闻资讯,新闻资讯 - 数智北京创新中心,200,text/html,11968,数智北京创新中心,新闻资讯,数智北京创新中心新闻资讯栏目，发布数据产权、数据要素、政策解读、专家解读、数据要素×典型案例、权威动态与赛事公告，助力北京数据要素市场化与数字经济发展。,"数智北京创新中心,新闻资讯,数据产权,数据要素,政策解读,专家解读,数据治理,数字经济",2108,5,3,0,2026-09-02T14:31:56.870173+00:00,页面链接发现,
https://dibj.cn/fzpt/xwzx/484aa5f404f0455497024f37779bc526.html,新闻资讯,新闻资讯 - 数智北京创新中心,200,text/html,9514,数智北京创新中心,新闻资讯,数智北京创新中心新闻资讯栏目，发布数据产权、数据要素、政策解读、专家解读、数据要素×典型案例、权威动态与赛事公告，助力北京数据要素市场化与数字经济发展。,"数智北京创新中心,新闻资讯,数据产权,数据要素,政策解读,专家解读,数据治理,数字经济",1470,2,0,0,2026-09-02T14:31:56.984980+00:00,页面链接发现,
https://dibj.cn/fzpt/xwzx/491acea85d7b4594a0bd0fabcea8dcf8.html,新闻资讯,新闻资讯 - 数智北京创新中心,200,text/html,12620,数智北京创新中心,新闻资讯,数智北京创新中心新闻资讯栏目，发布数据产权、数据要素、政策解读、专家解读、数据要素×典型案例、权威动态与赛事公告，助力北京数据要素市场化与数字经济发展。,"数智北京创新中心,新闻资讯,数据产权,数据要素,政策解读,专家解读,数据治理,数字经济",2587,2,0,0,2026-09-02T14:19:17.934789+00:00,sitemap.xml,
https://dibj.cn/fzpt/xwzx/496d5133cea74243a7b9fd1ecd3111f7.html,新闻资讯,新闻资讯 - 数智北京创新中心,200,text/html,9728,数智北京创新中心,新闻资讯,数智北京创新中心新闻资讯栏目，发布数据产权、数据要素、政策解读、专家解读、数据要素×典型案例、权威动态与赛事公告，助力北京数据要素市场化与数字经济发展。,"数智北京创新中心,新闻资讯,数据产权,数据要素,政策解读,专家解读,数据治理,数字经济",1386,2,0,2,2026-09-02T14:31:57.362455+00:00,页面链接发现,
https://dibj.cn/fzpt/xwzx/4a451317a7d34ce289d6be12d6d90f07.html,新闻资讯,新闻资讯 - 数智北京创新中心,200,text/html,5864,数智北京创新中心,新闻资讯,数智北京创新中心新闻资讯栏目，发布数据产权、数据要素、政策解读、专家解读、数据要素×典型案例、权威动态与赛事公告，助力北京数据要素市场化与数字经济发展。,"数智北京创新中心,新闻资讯,数据产权,数据要素,政策解读,专家解读,数据治理,数字经济",160,2,0,3,2026-09-02T14:19:18.392194+00:00,sitemap.xml,
https://dibj.cn/fzpt/xwzx/4d0693ea86ff4cb4b89efb513fd5996d.html,新闻资讯,新闻资讯 - 数智北京创新中心,200,text/html,28935,数智北京创新中心,新闻资讯,数智北京创新中心新闻资讯栏目，发布数据产权、数据要素、政策解读、专家解读、数据要素×典型案例、权威动态与赛事公告，助力北京数据要素市场化与数字经济发展。,"数智北京创新中心,新闻资讯,数据产权,数据要素,政策解读,专家解读,数据治理,数字经济",7898,2,0,0,2026-09-02T14:19:18.713467+00:00,sitemap.xml,
https://dibj.cn/fzpt/xwzx/4d3ab1d83988489696b3d300ac628e4e.html,新闻资讯,新闻资讯 - 数智北京创新中心,200,text/html,12776,数智北京创新中心,新闻资讯,数智北京创新中心新闻资讯栏目，发布数据产权、数据要素、政策解读、专家解读、数据要素×典型案例、权威动态与赛事公告，助力北京数据要素市场化与数字经济发展。,"数智北京创新中心,新闻资讯,数据产权,数据要素,政策解读,专家解读,数据治理,数字经济",2603,2,0,0,2026-09-02T14:19:35.004363+00:00,sitemap.xml,
https://dibj.cn/fzpt/xwzx/4e714b47eec846f0b306a1ad59c51384.html,新闻资讯,新闻资讯 - 数智北京创新中心,200,text/html,9686,数智北京创新中心,新闻资讯,数智北京创新中心新闻资讯栏目，发布数据产权、数据要素、政策解读、专家解读、数据要素×典型案例、权威动态与赛事公告，助力北京数据要素市场化与数字经济发展。,"数智北京创新中心,新闻资讯,数据产权,数据要素,政策解读,专家解读,数据治理,数字经济",1583,2,0,0,2026-09-02T14:19:35.504049+00:00,sitemap.xml,
https://dibj.cn/fzpt/xwzx/4ee92ee6942e41ea8ac3230ae39512bd.html,新闻资讯,新闻资讯 - 数智北京创新中心,200,text/html,5888,数智北京创新中心,新闻资讯,数智北京创新中心新闻资讯栏目，发布数据产权、数据要素、政策解读、专家解读、数据要素×典型案例、权威动态与赛事公告，助力北京数据要素市场化与数字经济发展。,"数智北京创新中心,新闻资讯,数据产权,数据要素,政策解读,专家解读,数据治理,数字经济",160,2,0,3,2026-09-02T14:19:35.959162+00:00,sitemap.xml,
https://dibj.cn/fzpt/xwzx/505bf09f9ffe4dee8a4355a903454e0e.html,新闻资讯,新闻资讯 - 数智北京创新中心,200,text/html,15332,数智北京创新中心,新闻资讯,数智北京创新中心新闻资讯栏目，发布数据产权、数据要素、政策解读、专家解读、数据要素×典型案例、权威动态与赛事公告，助力北京数据要素市场化与数字经济发展。,"数智北京创新中心,新闻资讯,数据产权,数据要素,政策解读,专家解读,数据治理,数字经济",3467,2,0,0,2026-09-02T14:19:36.154335+00:00,sitemap.xml,
https://dibj.cn/fzpt/xwzx/5103d20bd99343c0bebc0e57120694d5.html,新闻资讯,新闻资讯 - 数智北京创新中心,200,text/html,5450,数智北京创新中心,新闻资讯,数智北京创新中心新闻资讯栏目，发布数据产权、数据要素、政策解读、专家解读、数据要素×典型案例、权威动态与赛事公告，助力北京数据要素市场化与数字经济发展。,"数智北京创新中心,新闻资讯,数据产权,数据要素,政策解读,专家解读,数据治理,数字经济",88,2,0,1,2026-09-02T14:31:57.330200+00:00,页面链接发现,
https://dibj.cn/fzpt/xwzx/52fdea474a4d49a9898e05fc1987b41f.html,新闻资讯,新闻资讯 - 数智北京创新中心,200,text/html,30199,数智北京创新中心,新闻资讯,数智北京创新中心新闻资讯栏目，发布数据产权、数据要素、政策解读、专家解读、数据要素×典型案例、权威动态与赛事公告，助力北京数据要素市场化与数字经济发展。,"数智北京创新中心,新闻资讯,数据产权,数据要素,政策解读,专家解读,数据治理,数字经济",8198,2,0,1,2026-09-02T14:32:13.716907+00:00,页面链接发现,
https://dibj.cn/fzpt/xwzx/555ae1922d054ae695f976c24018f339.html,新闻资讯,新闻资讯 - 数智北京创新中心,200,text/html,6621,数智北京创新中心,新闻资讯,数智北京创新中心新闻资讯栏目，发布数据产权、数据要素、政策解读、专家解读、数据要素×典型案例、权威动态与赛事公告，助力北京数据要素市场化与数字经济发展。,"数智北京创新中心,新闻资讯,数据产权,数据要素,政策解读,专家解读,数据治理,数字经济",575,2,0,0,2026-09-02T14:32:13.738630+00:00,页面链接发现,
https://dibj.cn/fzpt/xwzx/56285dc8f91d4ba9bc8ef607e73cd039.html,新闻资讯,新闻资讯 - 数智北京创新中心,200,text/html,7859,数智北京创新中心,新闻资讯,数智北京创新中心新闻资讯栏目，发布数据产权、数据要素、政策解读、专家解读、数据要素×典型案例、权威动态与赛事公告，助力北京数据要素市场化与数字经济发展。,"数智北京创新中心,新闻资讯,数据产权,数据要素,政策解读,专家解读,数据治理,数字经济",961,2,0,0,2026-09-02T14:32:13.755441+00:00,页面链接发现,
https://dibj.cn/fzpt/xwzx/573cc29951dd47498801f9f5dc7bb812.html,新闻资讯,新闻资讯 - 数智北京创新中心,200,text/html,7943,数智北京创新中心,新闻资讯,数智北京创新中心新闻资讯栏目，发布数据产权、数据要素、政策解读、专家解读、数据要素×典型案例、权威动态与赛事公告，助力北京数据要素市场化与数字经济发展。,"数智北京创新中心,新闻资讯,数据产权,数据要素,政策解读,专家解读,数据治理,数字经济",1039,2,0,0,2026-09-02T14:32:13.747957+00:00,页面链接发现,
https://dibj.cn/fzpt/xwzx/575b38f8949e4ac0a634551def308aa5.html,新闻资讯,新闻资讯 - 数智北京创新中心,200,text/html,12958,数智北京创新中心,新闻资讯,数智北京创新中心新闻资讯栏目，发布数据产权、数据要素、政策解读、专家解读、数据要素×典型案例、权威动态与赛事公告，助力北京数据要素市场化与数字经济发展。,"数智北京创新中心,新闻资讯,数据产权,数据要素,政策解读,专家解读,数据治理,数字经济",2616,2,0,0,2026-09-02T14:19:35.487591+00:00,sitemap.xml,
https://dibj.cn/fzpt/xwzx/589869c7c2af4776b7c8458a77d9ce4c.html,新闻资讯,新闻资讯 - 数智北京创新中心,200,text/html,5888,数智北京创新中心,新闻资讯,数智北京创新中心新闻资讯栏目，发布数据产权、数据要素、政策解读、专家解读、数据要素×典型案例、权威动态与赛事公告，助力北京数据要素市场化与数字经济发展。,"数智北京创新中心,新闻资讯,数据产权,数据要素,政策解读,专家解读,数据治理,数字经济",160,2,0,3,2026-09-02T14:19:36.064727+00:00,sitemap.xml,
https://dibj.cn/fzpt/xwzx/5a1c25e5b24040889a4fa2deca27371e.html,新闻资讯,新闻资讯 - 数智北京创新中心,200,text/html,11884,数智北京创新中心,新闻资讯,数智北京创新中心新闻资讯栏目，发布数据产权、数据要素、政策解读、专家解读、数据要素×典型案例、权威动态与赛事公告，助力北京数据要素市场化与数字经济发展。,"数智北京创新中心,新闻资讯,数据产权,数据要素,政策解读,专家解读,数据治理,数字经济",2317,2,0,0,2026-09-02T14:19:35.979821+00:00,sitemap.xml,
https://dibj.cn/fzpt/xwzx/5a8331e47c314fc8b4ecb9462b4534c1.html,新闻资讯,新闻资讯 - 数智北京创新中心,200,text/html,12407,数智北京创新中心,新闻资讯,数智北京创新中心新闻资讯栏目，发布数据产权、数据要素、政策解读、专家解读、数据要素×典型案例、权威动态与赛事公告，助力北京数据要素市场化与数字经济发展。,"数智北京创新中心,新闻资讯,数据产权,数据要素,政策解读,专家解读,数据治理,数字经济",2343,2,0,0,2026-09-02T14:19:53.757298+00:00,sitemap.xml,
https://dibj.cn/fzpt/xwzx/5cef0311e3714fa79209c6ab22f84b7d.html,新闻资讯,新闻资讯 - 数智北京创新中心,200,text/html,8819,数智北京创新中心,新闻资讯,数智北京创新中心新闻资讯栏目，发布数据产权、数据要素、政策解读、专家解读、数据要素×典型案例、权威动态与赛事公告，助力北京数据要素市场化与数字经济发展。,"数智北京创新中心,新闻资讯,数据产权,数据要素,政策解读,专家解读,数据治理,数字经济",1324,2,0,0,2026-09-02T14:32:13.284417+00:00,页面链接发现,
https://dibj.cn/fzpt/xwzx/5df379ba54ef402ebe4546aec2ee5e89.html,新闻资讯,新闻资讯 - 数智北京创新中心,200,text/html,9745,数智北京创新中心,新闻资讯,数智北京创新中心新闻资讯栏目，发布数据产权、数据要素、政策解读、专家解读、数据要素×典型案例、权威动态与赛事公告，助力北京数据要素市场化与数字经济发展。,"数智北京创新中心,新闻资讯,数据产权,数据要素,政策解读,专家解读,数据治理,数字经济",1493,2,0,0,2026-09-02T14:19:54.280655+00:00,sitemap.xml,
https://dibj.cn/fzpt/xwzx/5f0c350e29464c22a1ef879e0cc7764a.html,新闻资讯,新闻资讯 - 数智北京创新中心,200,text/html,6545,数智北京创新中心,新闻资讯,数智北京创新中心新闻资讯栏目，发布数据产权、数据要素、政策解读、专家解读、数据要素×典型案例、权威动态与赛事公告，助力北京数据要素市场化与数字经济发展。,"数智北京创新中心,新闻资讯,数据产权,数据要素,政策解读,专家解读,数据治理,数字经济",596,2,0,0,2026-09-02T14:32:13.790648+00:00,页面链接发现,
https://dibj.cn/fzpt/xwzx/61d559758a5b403c89e18a7127b5bf70.html,新闻资讯,新闻资讯 - 数智北京创新中心,200,text/html,12275,数智北京创新中心,新闻资讯,数智北京创新中心新闻资讯栏目，发布数据产权、数据要素、政策解读、专家解读、数据要素×典型案例、权威动态与赛事公告，助力北京数据要素市场化与数字经济发展。,"数智北京创新中心,新闻资讯,数据产权,数据要素,政策解读,专家解读,数据治理,数字经济",2438,2,0,0,2026-09-02T14:19:54.803257+00:00,sitemap.xml,
https://dibj.cn/fzpt/xwzx/649af9c3816340cabbf560846bc5c947.html,新闻资讯,新闻资讯 - 数智北京创新中心,200,text/html,11069,数智北京创新中心,新闻资讯,数智北京创新中心新闻资讯栏目，发布数据产权、数据要素、政策解读、专家解读、数据要素×典型案例、权威动态与赛事公告，助力北京数据要素市场化与数字经济发展。,"数智北京创新中心,新闻资讯,数据产权,数据要素,政策解读,专家解读,数据治理,数字经济",1920,2,0,0,2026-09-02T14:19:54.303010+00:00,sitemap.xml,
https://dibj.cn/fzpt/xwzx/6651fb23216d4049b069ed0e3bb88227.html,新闻资讯,新闻资讯 - 数智北京创新中心,200,text/html,9746,数智北京创新中心,新闻资讯,数智北京创新中心新闻资讯栏目，发布数据产权、数据要素、政策解读、专家解读、数据要素×典型案例、权威动态与赛事公告，助力北京数据要素市场化与数字经济发展。,"数智北京创新中心,新闻资讯,数据产权,数据要素,政策解读,专家解读,数据治理,数字经济",1597,2,0,0,2026-09-02T14:19:54.291202+00:00,sitemap.xml,
https://dibj.cn/fzpt/xwzx/684085d6344c4358aa23f8f52504157e.html,新闻资讯,新闻资讯 - 数智北京创新中心,200,text/html,14704,数智北京创新中心,新闻资讯,数智北京创新中心新闻资讯栏目，发布数据产权、数据要素、政策解读、专家解读、数据要素×典型案例、权威动态与赛事公告，助力北京数据要素市场化与数字经济发展。,"数智北京创新中心,新闻资讯,数据产权,数据要素,政策解读,专家解读,数据治理,数字经济",3241,2,0,0,2026-09-02T14:19:54.255374+00:00,sitemap.xml,
https://dibj.cn/fzpt/xwzx/690d0d5bd2b049e98bbf9b4a67a8ad45.html,新闻资讯,新闻资讯 - 数智北京创新中心,200,text/html,8001,数智北京创新中心,新闻资讯,数智北京创新中心新闻资讯栏目，发布数据产权、数据要素、政策解读、专家解读、数据要素×典型案例、权威动态与赛事公告，助力北京数据要素市场化与数字经济发展。,"数智北京创新中心,新闻资讯,数据产权,数据要素,政策解读,专家解读,数据治理,数字经济",642,4,2,0,2026-09-02T14:32:13.818308+00:00,页面链接发现,
https://dibj.cn/fzpt/xwzx/69f435f47903437cb41c690f6334ea90.html,新闻资讯,新闻资讯 - 数智北京创新中心,200,text/html,6720,数智北京创新中心,新闻资讯,数智北京创新中心新闻资讯栏目，发布数据产权、数据要素、政策解读、专家解读、数据要素×典型案例、权威动态与赛事公告，助力北京数据要素市场化与数字经济发展。,"数智北京创新中心,新闻资讯,数据产权,数据要素,政策解读,专家解读,数据治理,数字经济",417,2,0,0,2026-09-02T14:32:13.732228+00:00,页面链接发现,
https://dibj.cn/fzpt/xwzx/6a156d38b7e34be7ab47816cbe0bf3d4.html,新闻资讯,新闻资讯 - 数智北京创新中心,200,text/html,9034,数智北京创新中心,新闻资讯,数智北京创新中心新闻资讯栏目，发布数据产权、数据要素、政策解读、专家解读、数据要素×典型案例、权威动态与赛事公告，助力北京数据要素市场化与数字经济发展。,"数智北京创新中心,新闻资讯,数据产权,数据要素,政策解读,专家解读,数据治理,数字经济",1015,4,2,0,2026-09-02T14:32:32.057332+00:00,页面链接发现,
https://dibj.cn/fzpt/xwzx/6aa53baf17524ddaa9d3b0b7d23e88cc.html,新闻资讯,新闻资讯 - 数智北京创新中心,200,text/html,7272,数智北京创新中心,新闻资讯,数智北京创新中心新闻资讯栏目，发布数据产权、数据要素、政策解读、专家解读、数据要素×典型案例、权威动态与赛事公告，助力北京数据要素市场化与数字经济发展。,"数智北京创新中心,新闻资讯,数据产权,数据要素,政策解读,专家解读,数据治理,数字经济",627,2,0,3,2026-09-02T14:32:32.947784+00:00,页面链接发现,
https://dibj.cn/fzpt/xwzx/6cd2f41db6b84e3591327c5d51e4a372.html,新闻资讯,新闻资讯 - 数智北京创新中心,200,text/html,6855,数智北京创新中心,新闻资讯,数智北京创新中心新闻资讯栏目，发布数据产权、数据要素、政策解读、专家解读、数据要素×典型案例、权威动态与赛事公告，助力北京数据要素市场化与数字经济发展。,"数智北京创新中心,新闻资讯,数据产权,数据要素,政策解读,专家解读,数据治理,数字经济",647,2,0,0,2026-09-02T14:19:55.080222+00:00,sitemap.xml,
https://dibj.cn/fzpt/xwzx/6dac79f59f5a43e79e6f5d4bda796cf1.html,新闻资讯,新闻资讯 - 数智北京创新中心,200,text/html,13416,数智北京创新中心,新闻资讯,数智北京创新中心新闻资讯栏目，发布数据产权、数据要素、政策解读、专家解读、数据要素×典型案例、权威动态与赛事公告，助力北京数据要素市场化与数字经济发展。,"数智北京创新中心,新闻资讯,数据产权,数据要素,政策解读,专家解读,数据治理,数字经济",2849,2,0,0,2026-09-02T14:32:32.513813+00:00,页面链接发现,
https://dibj.cn/fzpt/xwzx/71535f9b92654b6ea2d58b2af17892ab.html,新闻资讯,新闻资讯 - 数智北京创新中心,200,text/html,7328,数智北京创新中心,新闻资讯,数智北京创新中心新闻资讯栏目，发布数据产权、数据要素、政策解读、专家解读、数据要素×典型案例、权威动态与赛事公告，助力北京数据要素市场化与数字经济发展。,"数智北京创新中心,新闻资讯,数据产权,数据要素,政策解读,专家解读,数据治理,数字经济",791,2,0,1,2026-09-02T14:19:54.260826+00:00,sitemap.xml,
https://dibj.cn/fzpt/xwzx/732f507ba4204dd39f653aaf250bab14.html,新闻资讯,新闻资讯 - 数智北京创新中心,200,text/html,13550,数智北京创新中心,新闻资讯,数智北京创新中心新闻资讯栏目，发布数据产权、数据要素、政策解读、专家解读、数据要素×典型案例、权威动态与赛事公告，助力北京数据要素市场化与数字经济发展。,"数智北京创新中心,新闻资讯,数据产权,数据要素,政策解读,专家解读,数据治理,数字经济",2755,2,0,0,2026-09-02T14:32:32.535550+00:00,页面链接发现,
https://dibj.cn/fzpt/xwzx/73711a0128764d30af4718b736c74c10.html,新闻资讯,新闻资讯 - 数智北京创新中心,200,text/html,6398,数智北京创新中心,新闻资讯,数智北京创新中心新闻资讯栏目，发布数据产权、数据要素、政策解读、专家解读、数据要素×典型案例、权威动态与赛事公告，助力北京数据要素市场化与数字经济发展。,"数智北京创新中心,新闻资讯,数据产权,数据要素,政策解读,专家解读,数据治理,数字经济",418,2,0,2,2026-09-02T14:20:19.681598+00:00,sitemap.xml,
https://dibj.cn/fzpt/xwzx/742e44e7caf34235b2f1b3347ae59055.html,新闻资讯,新闻资讯 - 数智北京创新中心,200,text/html,13434,数智北京创新中心,新闻资讯,数智北京创新中心新闻资讯栏目，发布数据产权、数据要素、政策解读、专家解读、数据要素×典型案例、权威动态与赛事公告，助力北京数据要素市场化与数字经济发展。,"数智北京创新中心,新闻资讯,数据产权,数据要素,政策解读,专家解读,数据治理,数字经济",2811,2,0,0,2026-09-02T14:20:19.787957+00:00,sitemap.xml,
https://dibj.cn/fzpt/xwzx/751713f209fe4a2bb2eba369dad46431.html,新闻资讯,新闻资讯 - 数智北京创新中心,200,text/html,8327,数智北京创新中心,新闻资讯,数智北京创新中心新闻资讯栏目，发布数据产权、数据要素、政策解读、专家解读、数据要素×典型案例、权威动态与赛事公告，助力北京数据要素市场化与数字经济发展。,"数智北京创新中心,新闻资讯,数据产权,数据要素,政策解读,专家解读,数据治理,数字经济",1012,2,0,1,2026-09-02T14:20:20.107623+00:00,sitemap.xml,
https://dibj.cn/fzpt/xwzx/75ee10f91b7f4336a79ecc457cd485ea.html,新闻资讯,新闻资讯 - 数智北京创新中心,200,text/html,7546,数智北京创新中心,新闻资讯,数智北京创新中心新闻资讯栏目，发布数据产权、数据要素、政策解读、专家解读、数据要素×典型案例、权威动态与赛事公告，助力北京数据要素市场化与数字经济发展。,"数智北京创新中心,新闻资讯,数据产权,数据要素,政策解读,专家解读,数据治理,数字经济",834,2,0,1,2026-09-02T14:20:19.745094+00:00,sitemap.xml,
https://dibj.cn/fzpt/xwzx/7807b4303f754cf1bc1785358beb23a0.html,新闻资讯,新闻资讯 - 数智北京创新中心,200,text/html,5999,数智北京创新中心,新闻资讯,数智北京创新中心新闻资讯栏目，发布数据产权、数据要素、政策解读、专家解读、数据要素×典型案例、权威动态与赛事公告，助力北京数据要素市场化与数字经济发展。,"数智北京创新中心,新闻资讯,数据产权,数据要素,政策解读,专家解读,数据治理,数字经济",332,2,0,0,2026-09-02T14:32:33.010795+00:00,页面链接发现,
https://dibj.cn/fzpt/xwzx/79fc2f2fec294265a1a8a7983adbaa39.html,新闻资讯,新闻资讯 - 数智北京创新中心,200,text/html,8628,数智北京创新中心,新闻资讯,数智北京创新中心新闻资讯栏目，发布数据产权、数据要素、政策解读、专家解读、数据要素×典型案例、权威动态与赛事公告，助力北京数据要素市场化与数字经济发展。,"数智北京创新中心,新闻资讯,数据产权,数据要素,政策解读,专家解读,数据治理,数字经济",948,2,0,0,2026-09-02T14:32:32.523628+00:00,页面链接发现,
https://dibj.cn/fzpt/xwzx/7b2ced54e04046e09d24e25f5b66b0a9.html,新闻资讯,新闻资讯 - 数智北京创新中心,200,text/html,7940,数智北京创新中心,新闻资讯,数智北京创新中心新闻资讯栏目，发布数据产权、数据要素、政策解读、专家解读、数据要素×典型案例、权威动态与赛事公告，助力北京数据要素市场化与数字经济发展。,"数智北京创新中心,新闻资讯,数据产权,数据要素,政策解读,专家解读,数据治理,数字经济",1029,2,0,0,2026-09-02T14:20:20.162280+00:00,sitemap.xml,
https://dibj.cn/fzpt/xwzx/7b3284e6c72a42e9b65000cc8f5b1483.html,新闻资讯,新闻资讯 - 数智北京创新中心,200,text/html,8472,数智北京创新中心,新闻资讯,数智北京创新中心新闻资讯栏目，发布数据产权、数据要素、政策解读、专家解读、数据要素×典型案例、权威动态与赛事公告，助力北京数据要素市场化与数字经济发展。,"数智北京创新中心,新闻资讯,数据产权,数据要素,政策解读,专家解读,数据治理,数字经济",1032,2,0,1,2026-09-02T14:20:19.693891+00:00,sitemap.xml,
https://dibj.cn/fzpt/xwzx/7b5a068e09f1437192670d7e618f178f.html,新闻资讯,新闻资讯 - 数智北京创新中心,200,text/html,10476,数智北京创新中心,新闻资讯,数智北京创新中心新闻资讯栏目，发布数据产权、数据要素、政策解读、专家解读、数据要素×典型案例、权威动态与赛事公告，助力北京数据要素市场化与数字经济发展。,"数智北京创新中心,新闻资讯,数据产权,数据要素,政策解读,专家解读,数据治理,数字经济",1843,2,0,0,2026-09-02T14:32:32.529612+00:00,页面链接发现,
https://dibj.cn/fzpt/xwzx/7f1c3ffeddab47cbb01749396a648f80.html,新闻资讯,新闻资讯 - 数智北京创新中心,200,text/html,7994,数智北京创新中心,新闻资讯,数智北京创新中心新闻资讯栏目，发布数据产权、数据要素、政策解读、专家解读、数据要素×典型案例、权威动态与赛事公告，助力北京数据要素市场化与数字经济发展。,"数智北京创新中心,新闻资讯,数据产权,数据要素,政策解读,专家解读,数据治理,数字经济",1019,2,0,0,2026-09-02T14:32:33.005564+00:00,页面链接发现,
https://dibj.cn/fzpt/xwzx/8238108a6c2d40939e78bc11487c2959.html,新闻资讯,,,,0,,,,,0,0,0,0,2026-09-02T14:33:33.667275+00:00,页面链接发现,HTTPError: HTTP Error 404: Not Found
https://dibj.cn/fzpt/xwzx/844640bdbb954dc2b6b93e7c5c81fb4f.html,新闻资讯,新闻资讯 - 数智北京创新中心,200,text/html,5206,数智北京创新中心,新闻资讯,数智北京创新中心新闻资讯栏目，发布数据产权、数据要素、政策解读、专家解读、数据要素×典型案例、权威动态与赛事公告，助力北京数据要素市场化与数字经济发展。,"数智北京创新中心,新闻资讯,数据产权,数据要素,政策解读,专家解读,数据治理,数字经济",66,2,0,1,2026-09-02T14:32:53.122271+00:00,页面链接发现,
https://dibj.cn/fzpt/xwzx/84b1dcaa14a04cbc9d0ff204ba09c63e.html,新闻资讯,新闻资讯 - 数智北京创新中心,200,text/html,12877,数智北京创新中心,新闻资讯,数智北京创新中心新闻资讯栏目，发布数据产权、数据要素、政策解读、专家解读、数据要素×典型案例、权威动态与赛事公告，助力北京数据要素市场化与数字经济发展。,"数智北京创新中心,新闻资讯,数据产权,数据要素,政策解读,专家解读,数据治理,数字经济",2617,2,0,0,2026-09-02T14:20:20.243909+00:00,sitemap.xml,
https://dibj.cn/fzpt/xwzx/84db21ebe823433ca6f982497b33beb6.html,新闻资讯,新闻资讯 - 数智北京创新中心,200,text/html,10317,数智北京创新中心,新闻资讯,数智北京创新中心新闻资讯栏目，发布数据产权、数据要素、政策解读、专家解读、数据要素×典型案例、权威动态与赛事公告，助力北京数据要素市场化与数字经济发展。,"数智北京创新中心,新闻资讯,数据产权,数据要素,政策解读,专家解读,数据治理,数字经济",1611,2,0,1,2026-09-02T14:32:52.676617+00:00,页面链接发现,
https://dibj.cn/fzpt/xwzx/853d475dbafa4a1f98f2d1bc8d5cbacf.html,新闻资讯,新闻资讯 - 数智北京创新中心,200,text/html,6546,数智北京创新中心,新闻资讯,数智北京创新中心新闻资讯栏目，发布数据产权、数据要素、政策解读、专家解读、数据要素×典型案例、权威动态与赛事公告，助力北京数据要素市场化与数字经济发展。,"数智北京创新中心,新闻资讯,数据产权,数据要素,政策解读,专家解读,数据治理,数字经济",555,2,0,0,2026-09-02T14:32:52.706106+00:00,页面链接发现,
https://dibj.cn/fzpt/xwzx/8599cc9dfed74257b5ce1d951a38e711.html,新闻资讯,新闻资讯 - 数智北京创新中心,200,text/html,9332,数智北京创新中心,新闻资讯,数智北京创新中心新闻资讯栏目，发布数据产权、数据要素、政策解读、专家解读、数据要素×典型案例、权威动态与赛事公告，助力北京数据要素市场化与数字经济发展。,"数智北京创新中心,新闻资讯,数据产权,数据要素,政策解读,专家解读,数据治理,数字经济",1363,2,0,0,2026-09-02T14:20:20.277360+00:00,sitemap.xml,
https://dibj.cn/fzpt/xwzx/863f6cf2bbfe4fb2b9ec35e86144cf02.html,新闻资讯,新闻资讯 - 数智北京创新中心,200,text/html,14964,数智北京创新中心,新闻资讯,数智北京创新中心新闻资讯栏目，发布数据产权、数据要素、政策解读、专家解读、数据要素×典型案例、权威动态与赛事公告，助力北京数据要素市场化与数字经济发展。,"数智北京创新中心,新闻资讯,数据产权,数据要素,政策解读,专家解读,数据治理,数字经济",3433,2,0,0,2026-09-02T14:20:38.461286+00:00,sitemap.xml,
https://dibj.cn/fzpt/xwzx/874f51531e0d42bdb43ff72da5deaabd.html,新闻资讯,新闻资讯 - 数智北京创新中心,200,text/html,6374,数智北京创新中心,新闻资讯,数智北京创新中心新闻资讯栏目，发布数据产权、数据要素、政策解读、专家解读、数据要素×典型案例、权威动态与赛事公告，助力北京数据要素市场化与数字经济发展。,"数智北京创新中心,新闻资讯,数据产权,数据要素,政策解读,专家解读,数据治理,数字经济",458,2,0,1,2026-09-02T14:20:38.808852+00:00,sitemap.xml,
https://dibj.cn/fzpt/xwzx/89648ed5ecc8492a869cc6bb70e83135.html,新闻资讯,新闻资讯 - 数智北京创新中心,200,text/html,7531,数智北京创新中心,新闻资讯,数智北京创新中心新闻资讯栏目，发布数据产权、数据要素、政策解读、专家解读、数据要素×典型案例、权威动态与赛事公告，助力北京数据要素市场化与数字经济发展。,"数智北京创新中心,新闻资讯,数据产权,数据要素,政策解读,专家解读,数据治理,数字经济",818,2,0,1,2026-09-02T14:32:53.284392+00:00,页面链接发现,
https://dibj.cn/fzpt/xwzx/8985f1ad22ff4ad9930a78da7177799e.html,新闻资讯,新闻资讯 - 数智北京创新中心,200,text/html,12410,数智北京创新中心,新闻资讯,数智北京创新中心新闻资讯栏目，发布数据产权、数据要素、政策解读、专家解读、数据要素×典型案例、权威动态与赛事公告，助力北京数据要素市场化与数字经济发展。,"数智北京创新中心,新闻资讯,数据产权,数据要素,政策解读,专家解读,数据治理,数字经济",2353,2,0,0,2026-09-02T14:32:53.223336+00:00,页面链接发现,
https://dibj.cn/fzpt/xwzx/8bbaba3bf8a643fba7553fcb416b442c.html,新闻资讯,新闻资讯 - 数智北京创新中心,200,text/html,13848,数智北京创新中心,新闻资讯,数智北京创新中心新闻资讯栏目，发布数据产权、数据要素、政策解读、专家解读、数据要素×典型案例、权威动态与赛事公告，助力北京数据要素市场化与数字经济发展。,"数智北京创新中心,新闻资讯,数据产权,数据要素,政策解读,专家解读,数据治理,数字经济",2964,2,0,0,2026-09-02T14:20:38.347118+00:00,sitemap.xml,
https://dibj.cn/fzpt/xwzx/8e179e810ec24e95a603bd8718960634.html,新闻资讯,新闻资讯 - 数智北京创新中心,200,text/html,11188,数智北京创新中心,新闻资讯,数智北京创新中心新闻资讯栏目，发布数据产权、数据要素、政策解读、专家解读、数据要素×典型案例、权威动态与赛事公告，助力北京数据要素市场化与数字经济发展。,"数智北京创新中心,新闻资讯,数据产权,数据要素,政策解读,专家解读,数据治理,数字经济",2089,2,0,0,2026-09-02T14:20:38.365949+00:00,sitemap.xml,
https://dibj.cn/fzpt/xwzx/8f818655402a4d8c8058ad0268254265.html,新闻资讯,新闻资讯 - 数智北京创新中心,200,text/html,6042,数智北京创新中心,新闻资讯,数智北京创新中心新闻资讯栏目，发布数据产权、数据要素、政策解读、专家解读、数据要素×典型案例、权威动态与赛事公告，助力北京数据要素市场化与数字经济发展。,"数智北京创新中心,新闻资讯,数据产权,数据要素,政策解读,专家解读,数据治理,数字经济",243,2,0,1,2026-09-02T14:32:52.681234+00:00,页面链接发现,
https://dibj.cn/fzpt/xwzx/8f8e53001ac142b59bdd6b96b930c50e.html,新闻资讯,新闻资讯 - 数智北京创新中心,200,text/html,14960,数智北京创新中心,新闻资讯,数智北京创新中心新闻资讯栏目，发布数据产权、数据要素、政策解读、专家解读、数据要素×典型案例、权威动态与赛事公告，助力北京数据要素市场化与数字经济发展。,"数智北京创新中心,新闻资讯,数据产权,数据要素,政策解读,专家解读,数据治理,数字经济",3314,2,0,0,2026-09-02T14:32:53.297597+00:00,页面链接发现,
https://dibj.cn/fzpt/xwzx/90983a51895843fa98b7ec47802ed682.html,新闻资讯,新闻资讯 - 数智北京创新中心,200,text/html,14806,数智北京创新中心,新闻资讯,数智北京创新中心新闻资讯栏目，发布数据产权、数据要素、政策解读、专家解读、数据要素×典型案例、权威动态与赛事公告，助力北京数据要素市场化与数字经济发展。,"数智北京创新中心,新闻资讯,数据产权,数据要素,政策解读,专家解读,数据治理,数字经济",3276,2,0,0,2026-09-02T14:20:38.741703+00:00,sitemap.xml,
https://dibj.cn/fzpt/xwzx/912b9d7ae4f0404e992a47123b3409d9.html,新闻资讯,新闻资讯 - 数智北京创新中心,200,text/html,13223,数智北京创新中心,新闻资讯,数智北京创新中心新闻资讯栏目，发布数据产权、数据要素、政策解读、专家解读、数据要素×典型案例、权威动态与赛事公告，助力北京数据要素市场化与数字经济发展。,"数智北京创新中心,新闻资讯,数据产权,数据要素,政策解读,专家解读,数据治理,数字经济",2961,2,0,0,2026-09-02T14:33:12.626852+00:00,页面链接发现,
https://dibj.cn/fzpt/xwzx/918b8117ed3d449f957aee265e2f77e1.html,新闻资讯,新闻资讯 - 数智北京创新中心,200,text/html,5544,数智北京创新中心,新闻资讯,数智北京创新中心新闻资讯栏目，发布数据产权、数据要素、政策解读、专家解读、数据要素×典型案例、权威动态与赛事公告，助力北京数据要素市场化与数字经济发展。,"数智北京创新中心,新闻资讯,数据产权,数据要素,政策解读,专家解读,数据治理,数字经济",91,2,0,0,2026-09-02T14:20:38.982258+00:00,sitemap.xml,
https://dibj.cn/fzpt/xwzx/91f14aa027034144a138143ec9de9f00.html,新闻资讯,新闻资讯 - 数智北京创新中心,200,text/html,5376,数智北京创新中心,新闻资讯,数智北京创新中心新闻资讯栏目，发布数据产权、数据要素、政策解读、专家解读、数据要素×典型案例、权威动态与赛事公告，助力北京数据要素市场化与数字经济发展。,"数智北京创新中心,新闻资讯,数据产权,数据要素,政策解读,专家解读,数据治理,数字经济",77,2,0,0,2026-09-02T14:20:38.824405+00:00,sitemap.xml,
https://dibj.cn/fzpt/xwzx/920f5ff2400a43d9b756b01c0ce36ebf.html,新闻资讯,新闻资讯 - 数智北京创新中心,200,text/html,7255,数智北京创新中心,新闻资讯,数智北京创新中心新闻资讯栏目，发布数据产权、数据要素、政策解读、专家解读、数据要素×典型案例、权威动态与赛事公告，助力北京数据要素市场化与数字经济发展。,"数智北京创新中心,新闻资讯,数据产权,数据要素,政策解读,专家解读,数据治理,数字经济",802,2,0,0,2026-09-02T14:33:13.254553+00:00,页面链接发现,
https://dibj.cn/fzpt/xwzx/96377af197a74bc397b82a4034d6b5c0.html,新闻资讯,新闻资讯 - 数智北京创新中心,200,text/html,6354,数智北京创新中心,新闻资讯,数智北京创新中心新闻资讯栏目，发布数据产权、数据要素、政策解读、专家解读、数据要素×典型案例、权威动态与赛事公告，助力北京数据要素市场化与数字经济发展。,"数智北京创新中心,新闻资讯,数据产权,数据要素,政策解读,专家解读,数据治理,数字经济",338,2,0,1,2026-09-02T14:20:38.870572+00:00,sitemap.xml,
https://dibj.cn/fzpt/xwzx/96c3e38b97884300a5d1853973847d8e.html,新闻资讯,新闻资讯 - 数智北京创新中心,200,text/html,9774,数智北京创新中心,新闻资讯,数智北京创新中心新闻资讯栏目，发布数据产权、数据要素、政策解读、专家解读、数据要素×典型案例、权威动态与赛事公告，助力北京数据要素市场化与数字经济发展。,"数智北京创新中心,新闻资讯,数据产权,数据要素,政策解读,专家解读,数据治理,数字经济",1576,2,0,0,2026-09-02T14:33:12.657652+00:00,页面链接发现,
https://dibj.cn/fzpt/xwzx/97871c18e5e34b0b85ec8ae3621d0d65.html,新闻资讯,新闻资讯 - 数智北京创新中心,200,text/html,13612,数智北京创新中心,新闻资讯,数智北京创新中心新闻资讯栏目，发布数据产权、数据要素、政策解读、专家解读、数据要素×典型案例、权威动态与赛事公告，助力北京数据要素市场化与数字经济发展。,"数智北京创新中心,新闻资讯,数据产权,数据要素,政策解读,专家解读,数据治理,数字经济",2730,2,0,0,2026-09-02T14:33:12.632829+00:00,页面链接发现,
https://dibj.cn/fzpt/xwzx/97e2688771fc4178ac813b96396f5f12.html,新闻资讯,新闻资讯 - 数智北京创新中心,200,text/html,14303,数智北京创新中心,新闻资讯,数智北京创新中心新闻资讯栏目，发布数据产权、数据要素、政策解读、专家解读、数据要素×典型案例、权威动态与赛事公告，助力北京数据要素市场化与数字经济发展。,"数智北京创新中心,新闻资讯,数据产权,数据要素,政策解读,专家解读,数据治理,数字经济",576,2,0,2,2026-09-02T14:20:50.177607+00:00,sitemap.xml,
https://dibj.cn/fzpt/xwzx/985b8126e2684c9ab7d57c2c791ef2f3.html,新闻资讯,新闻资讯 - 数智北京创新中心,200,text/html,13700,数智北京创新中心,新闻资讯,数智北京创新中心新闻资讯栏目，发布数据产权、数据要素、政策解读、专家解读、数据要素×典型案例、权威动态与赛事公告，助力北京数据要素市场化与数字经济发展。,"数智北京创新中心,新闻资讯,数据产权,数据要素,政策解读,专家解读,数据治理,数字经济",2923,2,0,0,2026-09-02T14:20:51.077660+00:00,sitemap.xml,
https://dibj.cn/fzpt/xwzx/98fd90e52347431a8b03f653ffeefd0b.html,新闻资讯,新闻资讯 - 数智北京创新中心,200,text/html,9056,数智北京创新中心,新闻资讯,数智北京创新中心新闻资讯栏目，发布数据产权、数据要素、政策解读、专家解读、数据要素×典型案例、权威动态与赛事公告，助力北京数据要素市场化与数字经济发展。,"数智北京创新中心,新闻资讯,数据产权,数据要素,政策解读,专家解读,数据治理,数字经济",1284,2,0,0,2026-09-02T14:33:13.055095+00:00,页面链接发现,
https://dibj.cn/fzpt/xwzx/9a27cb493820441586d3e12cb5da6b3b.html,新闻资讯,新闻资讯 - 数智北京创新中心,200,text/html,8248,数智北京创新中心,新闻资讯,数智北京创新中心新闻资讯栏目，发布数据产权、数据要素、政策解读、专家解读、数据要素×典型案例、权威动态与赛事公告，助力北京数据要素市场化与数字经济发展。,"数智北京创新中心,新闻资讯,数据产权,数据要素,政策解读,专家解读,数据治理,数字经济",686,2,0,0,2026-09-02T14:33:13.091506+00:00,页面链接发现,
https://dibj.cn/fzpt/xwzx/9ad1dac56f5f4a3782f08ba387581ab3.html,新闻资讯,新闻资讯 - 数智北京创新中心,200,text/html,19438,数智北京创新中心,新闻资讯,数智北京创新中心新闻资讯栏目，发布数据产权、数据要素、政策解读、专家解读、数据要素×典型案例、权威动态与赛事公告，助力北京数据要素市场化与数字经济发展。,"数智北京创新中心,新闻资讯,数据产权,数据要素,政策解读,专家解读,数据治理,数字经济",4940,2,0,0,2026-09-02T14:20:51.790746+00:00,sitemap.xml,
https://dibj.cn/fzpt/xwzx/9c116a2169174683a17b5895906ad4fa.html,新闻资讯,新闻资讯 - 数智北京创新中心,200,text/html,16200,数智北京创新中心,新闻资讯,数智北京创新中心新闻资讯栏目，发布数据产权、数据要素、政策解读、专家解读、数据要素×典型案例、权威动态与赛事公告，助力北京数据要素市场化与数字经济发展。,"数智北京创新中心,新闻资讯,数据产权,数据要素,政策解读,专家解读,数据治理,数字经济",3770,2,0,0,2026-09-02T14:20:51.073620+00:00,sitemap.xml,
https://dibj.cn/fzpt/xwzx/9c952d656d4c47d081669afba89fdfbb.html,新闻资讯,新闻资讯 - 数智北京创新中心,200,text/html,5713,数智北京创新中心,新闻资讯,数智北京创新中心新闻资讯栏目，发布数据产权、数据要素、政策解读、专家解读、数据要素×典型案例、权威动态与赛事公告，助力北京数据要素市场化与数字经济发展。,"数智北京创新中心,新闻资讯,数据产权,数据要素,政策解读,专家解读,数据治理,数字经济",325,2,0,0,2026-09-02T14:33:13.598884+00:00,页面链接发现,
https://dibj.cn/fzpt/xwzx/9d32c3e020714f4da98ef5604b6b7179.html,新闻资讯,新闻资讯 - 数智北京创新中心,200,text/html,14431,数智北京创新中心,新闻资讯,数智北京创新中心新闻资讯栏目，发布数据产权、数据要素、政策解读、专家解读、数据要素×典型案例、权威动态与赛事公告，助力北京数据要素市场化与数字经济发展。,"数智北京创新中心,新闻资讯,数据产权,数据要素,政策解读,专家解读,数据治理,数字经济",3164,2,0,0,2026-09-02T14:20:51.065668+00:00,sitemap.xml,
https://dibj.cn/fzpt/xwzx/9e62518b04584bc088977d0b1bb684eb.html,新闻资讯,新闻资讯 - 数智北京创新中心,200,text/html,12233,数智北京创新中心,新闻资讯,数智北京创新中心新闻资讯栏目，发布数据产权、数据要素、政策解读、专家解读、数据要素×典型案例、权威动态与赛事公告，助力北京数据要素市场化与数字经济发展。,"数智北京创新中心,新闻资讯,数据产权,数据要素,政策解读,专家解读,数据治理,数字经济",2492,2,0,0,2026-09-02T14:20:51.605225+00:00,sitemap.xml,
https://dibj.cn/fzpt/xwzx/9e6697d5a3014c0f896f919f4578638c.html,新闻资讯,新闻资讯 - 数智北京创新中心,200,text/html,6674,数智北京创新中心,新闻资讯,数智北京创新中心新闻资讯栏目，发布数据产权、数据要素、政策解读、专家解读、数据要素×典型案例、权威动态与赛事公告，助力北京数据要素市场化与数字经济发展。,"数智北京创新中心,新闻资讯,数据产权,数据要素,政策解读,专家解读,数据治理,数字经济",638,2,0,0,2026-09-02T14:33:33.235088+00:00,页面链接发现,
https://dibj.cn/fzpt/xwzx/9ea2ac158cdb40f8933fcb41a7a381ce.html,新闻资讯,新闻资讯 - 数智北京创新中心,200,text/html,6820,数智北京创新中心,新闻资讯,数智北京创新中心新闻资讯栏目，发布数据产权、数据要素、政策解读、专家解读、数据要素×典型案例、权威动态与赛事公告，助力北京数据要素市场化与数字经济发展。,"数智北京创新中心,新闻资讯,数据产权,数据要素,政策解读,专家解读,数据治理,数字经济",466,2,0,3,2026-09-02T14:20:51.527035+00:00,sitemap.xml,
https://dibj.cn/fzpt/xwzx/9eaed176efad45fbb9267cdeef74c0b4.html,新闻资讯,新闻资讯 - 数智北京创新中心,200,text/html,7551,数智北京创新中心,新闻资讯,数智北京创新中心新闻资讯栏目，发布数据产权、数据要素、政策解读、专家解读、数据要素×典型案例、权威动态与赛事公告，助力北京数据要素市场化与数字经济发展。,"数智北京创新中心,新闻资讯,数据产权,数据要素,政策解读,专家解读,数据治理,数字经济",654,4,2,0,2026-09-02T14:20:51.542007+00:00,sitemap.xml,
https://dibj.cn/fzpt/xwzx/9eaed176efad45fbb9267cdeef74c0b4/0e8175a3dc8a4bbe93c405add09bafdd.docx,新闻资讯,,200,application/vnd.openxmlformats-officedocument.wordprocessingml.document,322921,,,,,252618,0,0,0,2026-09-02T14:21:04.219471+00:00,sitemap.xml,
https://dibj.cn/fzpt/xwzx/9eaed176efad45fbb9267cdeef74c0b4/2b5b5d615db84c36ad485ac025f9f1e7.docx,新闻资讯,,200,application/vnd.openxmlformats-officedocument.wordprocessingml.document,257402,,,,,196937,0,0,0,2026-09-02T14:21:04.128912+00:00,sitemap.xml,
https://dibj.cn/fzpt/xwzx/9fe62d8c430742e2b0f13b90cf7fda7b.html,新闻资讯,新闻资讯 - 数智北京创新中心,200,text/html,7339,数智北京创新中心,新闻资讯,数智北京创新中心新闻资讯栏目，发布数据产权、数据要素、政策解读、专家解读、数据要素×典型案例、权威动态与赛事公告，助力北京数据要素市场化与数字经济发展。,"数智北京创新中心,新闻资讯,数据产权,数据要素,政策解读,专家解读,数据治理,数字经济",832,2,0,0,2026-09-02T14:21:02.486091+00:00,sitemap.xml,
https://dibj.cn/fzpt/xwzx/a05c5f22c6174e768bd647df0e266d73.html,新闻资讯,新闻资讯 - 数智北京创新中心,200,text/html,6904,数智北京创新中心,新闻资讯,数智北京创新中心新闻资讯栏目，发布数据产权、数据要素、政策解读、专家解读、数据要素×典型案例、权威动态与赛事公告，助力北京数据要素市场化与数字经济发展。,"数智北京创新中心,新闻资讯,数据产权,数据要素,政策解读,专家解读,数据治理,数字经济",54,2,0,9,2026-09-02T14:21:01.989782+00:00,sitemap.xml,
https://dibj.cn/fzpt/xwzx/a2e10b91719d436296ce34728b047234.html,新闻资讯,新闻资讯 - 数智北京创新中心,200,text/html,9553,数智北京创新中心,新闻资讯,数智北京创新中心新闻资讯栏目，发布数据产权、数据要素、政策解读、专家解读、数据要素×典型案例、权威动态与赛事公告，助力北京数据要素市场化与数字经济发展。,"数智北京创新中心,新闻资讯,数据产权,数据要素,政策解读,专家解读,数据治理,数字经济",1457,2,0,4,2026-09-02T14:33:32.714654+00:00,页面链接发现,
https://dibj.cn/fzpt/xwzx/a2ea582186a943e0a7bef48904eeecc1.html,新闻资讯,新闻资讯 - 数智北京创新中心,200,text/html,7326,数智北京创新中心,新闻资讯,数智北京创新中心新闻资讯栏目，发布数据产权、数据要素、政策解读、专家解读、数据要素×典型案例、权威动态与赛事公告，助力北京数据要素市场化与数字经济发展。,"数智北京创新中心,新闻资讯,数据产权,数据要素,政策解读,专家解读,数据治理,数字经济",684,2,0,0,2026-09-02T14:33:33.251772+00:00,页面链接发现,
https://dibj.cn/fzpt/xwzx/a417d792fe4c4fd4b4158c6c3367b4af.html,新闻资讯,新闻资讯 - 数智北京创新中心,200,text/html,5392,数智北京创新中心,新闻资讯,数智北京创新中心新闻资讯栏目，发布数据产权、数据要素、政策解读、专家解读、数据要素×典型案例、权威动态与赛事公告，助力北京数据要素市场化与数字经济发展。,"数智北京创新中心,新闻资讯,数据产权,数据要素,政策解读,专家解读,数据治理,数字经济",78,2,0,0,2026-09-02T14:21:01.854179+00:00,sitemap.xml,
https://dibj.cn/fzpt/xwzx/a4712eece2d84cbca3efff9cb413f38c.html,新闻资讯,新闻资讯 - 数智北京创新中心,200,text/html,12972,数智北京创新中心,新闻资讯,数智北京创新中心新闻资讯栏目，发布数据产权、数据要素、政策解读、专家解读、数据要素×典型案例、权威动态与赛事公告，助力北京数据要素市场化与数字经济发展。,"数智北京创新中心,新闻资讯,数据产权,数据要素,政策解读,专家解读,数据治理,数字经济",2529,2,0,2,2026-09-02T14:21:01.894756+00:00,sitemap.xml,
https://dibj.cn/fzpt/xwzx/a50b939efefa4ec899d3692a156c012e.html,新闻资讯,新闻资讯 - 数智北京创新中心,200,text/html,7024,数智北京创新中心,新闻资讯,数智北京创新中心新闻资讯栏目，发布数据产权、数据要素、政策解读、专家解读、数据要素×典型案例、权威动态与赛事公告，助力北京数据要素市场化与数字经济发展。,"数智北京创新中心,新闻资讯,数据产权,数据要素,政策解读,专家解读,数据治理,数字经济",605,2,0,0,2026-09-02T14:33:33.289056+00:00,页面链接发现,
https://dibj.cn/fzpt/xwzx/a612ce451a14475c8ac54014a0aab4f7.html,新闻资讯,新闻资讯 - 数智北京创新中心,200,text/html,10499,数智北京创新中心,新闻资讯,数智北京创新中心新闻资讯栏目，发布数据产权、数据要素、政策解读、专家解读、数据要素×典型案例、权威动态与赛事公告，助力北京数据要素市场化与数字经济发展。,"数智北京创新中心,新闻资讯,数据产权,数据要素,政策解读,专家解读,数据治理,数字经济",1802,2,0,0,2026-09-02T14:33:32.745194+00:00,页面链接发现,
https://dibj.cn/fzpt/xwzx/a72adf83c22745aaace5c9591d3b143a.html,新闻资讯,新闻资讯 - 数智北京创新中心,200,text/html,6947,数智北京创新中心,新闻资讯,数智北京创新中心新闻资讯栏目，发布数据产权、数据要素、政策解读、专家解读、数据要素×典型案例、权威动态与赛事公告，助力北京数据要素市场化与数字经济发展。,"数智北京创新中心,新闻资讯,数据产权,数据要素,政策解读,专家解读,数据治理,数字经济",683,2,0,0,2026-09-02T14:21:02.397103+00:00,sitemap.xml,
https://dibj.cn/fzpt/xwzx/a7bd6fd9c9e5465d9e58d2e5a0b4c5d7.html,新闻资讯,新闻资讯 - 数智北京创新中心,200,text/html,8539,数智北京创新中心,新闻资讯,数智北京创新中心新闻资讯栏目，发布数据产权、数据要素、政策解读、专家解读、数据要素×典型案例、权威动态与赛事公告，助力北京数据要素市场化与数字经济发展。,"数智北京创新中心,新闻资讯,数据产权,数据要素,政策解读,专家解读,数据治理,数字经济",1172,2,0,0,2026-09-02T14:21:02.474856+00:00,sitemap.xml,
https://dibj.cn/fzpt/xwzx/a89492e450494d75bd851b49ec01cb1f.html,新闻资讯,新闻资讯 - 数智北京创新中心,200,text/html,10650,数智北京创新中心,新闻资讯,数智北京创新中心新闻资讯栏目，发布数据产权、数据要素、政策解读、专家解读、数据要素×典型案例、权威动态与赛事公告，助力北京数据要素市场化与数字经济发展。,"数智北京创新中心,新闻资讯,数据产权,数据要素,政策解读,专家解读,数据治理,数字经济",1840,2,0,0,2026-09-02T14:21:13.215653+00:00,sitemap.xml,
https://dibj.cn/fzpt/xwzx/a8a80aac7ca44aa394046de68e4c89c1.html,新闻资讯,新闻资讯 - 数智北京创新中心,200,text/html,14760,数智北京创新中心,新闻资讯,数智北京创新中心新闻资讯栏目，发布数据产权、数据要素、政策解读、专家解读、数据要素×典型案例、权威动态与赛事公告，助力北京数据要素市场化与数字经济发展。,"数智北京创新中心,新闻资讯,数据产权,数据要素,政策解读,专家解读,数据治理,数字经济",3278,2,0,0,2026-09-02T14:33:33.196980+00:00,页面链接发现,
https://dibj.cn/fzpt/xwzx/a8e39509a7704f47ae2d2301c730444c.html,新闻资讯,新闻资讯 - 数智北京创新中心,200,text/html,5406,数智北京创新中心,新闻资讯,数智北京创新中心新闻资讯栏目，发布数据产权、数据要素、政策解读、专家解读、数据要素×典型案例、权威动态与赛事公告，助力北京数据要素市场化与数字经济发展。,"数智北京创新中心,新闻资讯,数据产权,数据要素,政策解读,专家解读,数据治理,数字经济",80,2,0,0,2026-09-02T14:33:33.315916+00:00,页面链接发现,
https://dibj.cn/fzpt/xwzx/a963e92952e94878808b68075c005916.html,新闻资讯,新闻资讯 - 数智北京创新中心,200,text/html,10003,数智北京创新中心,新闻资讯,数智北京创新中心新闻资讯栏目，发布数据产权、数据要素、政策解读、专家解读、数据要素×典型案例、权威动态与赛事公告，助力北京数据要素市场化与数字经济发展。,"数智北京创新中心,新闻资讯,数据产权,数据要素,政策解读,专家解读,数据治理,数字经济",1582,2,0,2,2026-09-02T14:21:13.854114+00:00,sitemap.xml,
https://dibj.cn/fzpt/xwzx/a997e18948874b4ea8cb5f4dfa83a104.html,新闻资讯,新闻资讯 - 数智北京创新中心,200,text/html,5916,数智北京创新中心,新闻资讯,数智北京创新中心新闻资讯栏目，发布数据产权、数据要素、政策解读、专家解读、数据要素×典型案例、权威动态与赛事公告，助力北京数据要素市场化与数字经济发展。,"数智北京创新中心,新闻资讯,数据产权,数据要素,政策解读,专家解读,数据治理,数字经济",161,2,0,3,2026-09-02T14:21:13.850651+00:00,sitemap.xml,
https://dibj.cn/fzpt/xwzx/a9a416a9ceba4e00a3d000bc1065e351.html,新闻资讯,新闻资讯 - 数智北京创新中心,200,text/html,11206,数智北京创新中心,新闻资讯,数智北京创新中心新闻资讯栏目，发布数据产权、数据要素、政策解读、专家解读、数据要素×典型案例、权威动态与赛事公告，助力北京数据要素市场化与数字经济发展。,"数智北京创新中心,新闻资讯,数据产权,数据要素,政策解读,专家解读,数据治理,数字经济",1912,2,0,2,2026-09-02T14:21:13.876351+00:00,sitemap.xml,
https://dibj.cn/fzpt/xwzx/aa20825cb8434e83a245dded1fd86c43.html,新闻资讯,新闻资讯 - 数智北京创新中心,200,text/html,12028,数智北京创新中心,新闻资讯,数智北京创新中心新闻资讯栏目，发布数据产权、数据要素、政策解读、专家解读、数据要素×典型案例、权威动态与赛事公告，助力北京数据要素市场化与数字经济发展。,"数智北京创新中心,新闻资讯,数据产权,数据要素,政策解读,专家解读,数据治理,数字经济",1423,4,2,0,2026-09-02T14:21:14.379195+00:00,sitemap.xml,
https://dibj.cn/fzpt/xwzx/aa20825cb8434e83a245dded1fd86c43/13567e68ef2f4083b77bfbda008efb4e.docx,新闻资讯,,200,application/vnd.openxmlformats-officedocument.wordprocessingml.document,603376,,,,,475345,0,0,0,2026-09-02T14:21:17.471948+00:00,sitemap.xml,
https://dibj.cn/fzpt/xwzx/aa20825cb8434e83a245dded1fd86c43/fe40906a413f464e856cc9eee7e85d5f.docx,新闻资讯,,200,application/vnd.openxmlformats-officedocument.wordprocessingml.document,257633,,,,,195524,0,0,0,2026-09-02T14:21:15.108840+00:00,sitemap.xml,
https://dibj.cn/fzpt/xwzx/ab26ad0f5d87422ea1b966e6c73be427.html,新闻资讯,新闻资讯 - 数智北京创新中心,200,text/html,8233,数智北京创新中心,新闻资讯,数智北京创新中心新闻资讯栏目，发布数据产权、数据要素、政策解读、专家解读、数据要素×典型案例、权威动态与赛事公告，助力北京数据要素市场化与数字经济发展。,"数智北京创新中心,新闻资讯,数据产权,数据要素,政策解读,专家解读,数据治理,数字经济",978,2,0,1,2026-09-02T14:21:13.842139+00:00,sitemap.xml,
https://dibj.cn/fzpt/xwzx/ab4282aee2aa471ea3f468eec1eff975.html,新闻资讯,新闻资讯 - 数智北京创新中心,200,text/html,7866,数智北京创新中心,新闻资讯,数智北京创新中心新闻资讯栏目，发布数据产权、数据要素、政策解读、专家解读、数据要素×典型案例、权威动态与赛事公告，助力北京数据要素市场化与数字经济发展。,"数智北京创新中心,新闻资讯,数据产权,数据要素,政策解读,专家解读,数据治理,数字经济",540,2,0,1,2026-09-02T14:33:52.845898+00:00,页面链接发现,
https://dibj.cn/fzpt/xwzx/ae38ee626ec94d4e8cb45cb021db9963.html,新闻资讯,新闻资讯 - 数智北京创新中心,200,text/html,8966,数智北京创新中心,新闻资讯,数智北京创新中心新闻资讯栏目，发布数据产权、数据要素、政策解读、专家解读、数据要素×典型案例、权威动态与赛事公告，助力北京数据要素市场化与数字经济发展。,"数智北京创新中心,新闻资讯,数据产权,数据要素,政策解读,专家解读,数据治理,数字经济",1241,2,0,1,2026-09-02T14:21:31.085855+00:00,sitemap.xml,
https://dibj.cn/fzpt/xwzx/ae9f72a3374e43ff85b845f1ef9d1d37.html,新闻资讯,新闻资讯 - 数智北京创新中心,200,text/html,9083,数智北京创新中心,新闻资讯,数智北京创新中心新闻资讯栏目，发布数据产权、数据要素、政策解读、专家解读、数据要素×典型案例、权威动态与赛事公告，助力北京数据要素市场化与数字经济发展。,"数智北京创新中心,新闻资讯,数据产权,数据要素,政策解读,专家解读,数据治理,数字经济",1177,2,0,0,2026-09-02T14:33:52.405837+00:00,页面链接发现,
https://dibj.cn/fzpt/xwzx/af08e5afbdd64006aaa09458f367d3e1.html,新闻资讯,新闻资讯 - 数智北京创新中心,200,text/html,11870,数智北京创新中心,新闻资讯,数智北京创新中心新闻资讯栏目，发布数据产权、数据要素、政策解读、专家解读、数据要素×典型案例、权威动态与赛事公告，助力北京数据要素市场化与数字经济发展。,"数智北京创新中心,新闻资讯,数据产权,数据要素,政策解读,专家解读,数据治理,数字经济",2340,2,0,0,2026-09-02T14:33:53.455990+00:00,页面链接发现,
https://dibj.cn/fzpt/xwzx/af1dbb04599e41169ddcac09e71c1ab0.html,新闻资讯,新闻资讯 - 数智北京创新中心,200,text/html,6820,数智北京创新中心,新闻资讯,数智北京创新中心新闻资讯栏目，发布数据产权、数据要素、政策解读、专家解读、数据要素×典型案例、权威动态与赛事公告，助力北京数据要素市场化与数字经济发展。,"数智北京创新中心,新闻资讯,数据产权,数据要素,政策解读,专家解读,数据治理,数字经济",568,2,0,0,2026-09-02T14:33:53.313874+00:00,页面链接发现,
https://dibj.cn/fzpt/xwzx/afc5f776df724e1f8e4eab55aa3111a9.html,新闻资讯,新闻资讯 - 数智北京创新中心,200,text/html,13560,数智北京创新中心,新闻资讯,数智北京创新中心新闻资讯栏目，发布数据产权、数据要素、政策解读、专家解读、数据要素×典型案例、权威动态与赛事公告，助力北京数据要素市场化与数字经济发展。,"数智北京创新中心,新闻资讯,数据产权,数据要素,政策解读,专家解读,数据治理,数字经济",2058,2,0,2,2026-09-02T14:21:31.055040+00:00,sitemap.xml,
https://dibj.cn/fzpt/xwzx/b109747b854d4599803743bcc7f96416.html,新闻资讯,新闻资讯 - 数智北京创新中心,200,text/html,9061,数智北京创新中心,新闻资讯,数智北京创新中心新闻资讯栏目，发布数据产权、数据要素、政策解读、专家解读、数据要素×典型案例、权威动态与赛事公告，助力北京数据要素市场化与数字经济发展。,"数智北京创新中心,新闻资讯,数据产权,数据要素,政策解读,专家解读,数据治理,数字经济",1404,2,0,1,2026-09-02T14:33:52.390880+00:00,页面链接发现,
https://dibj.cn/fzpt/xwzx/b253df3e7b78402ba8af5f3dbdd4a7cc.html,新闻资讯,新闻资讯 - 数智北京创新中心,200,text/html,8176,数智北京创新中心,新闻资讯,数智北京创新中心新闻资讯栏目，发布数据产权、数据要素、政策解读、专家解读、数据要素×典型案例、权威动态与赛事公告，助力北京数据要素市场化与数字经济发展。,"数智北京创新中心,新闻资讯,数据产权,数据要素,政策解读,专家解读,数据治理,数字经济",839,2,0,1,2026-09-02T14:33:53.462102+00:00,页面链接发现,
https://dibj.cn/fzpt/xwzx/b2a1d6261d75444b9d525534372cc7da.html,新闻资讯,新闻资讯 - 数智北京创新中心,200,text/html,7812,数智北京创新中心,新闻资讯,数智北京创新中心新闻资讯栏目，发布数据产权、数据要素、政策解读、专家解读、数据要素×典型案例、权威动态与赛事公告，助力北京数据要素市场化与数字经济发展。,"数智北京创新中心,新闻资讯,数据产权,数据要素,政策解读,专家解读,数据治理,数字经济",997,2,0,0,2026-09-02T14:33:52.865266+00:00,页面链接发现,
https://dibj.cn/fzpt/xwzx/b393e9e6318142ffb25f963b1422afe8.html,新闻资讯,新闻资讯 - 数智北京创新中心,200,text/html,12371,数智北京创新中心,新闻资讯,数智北京创新中心新闻资讯栏目，发布数据产权、数据要素、政策解读、专家解读、数据要素×典型案例、权威动态与赛事公告，助力北京数据要素市场化与数字经济发展。,"数智北京创新中心,新闻资讯,数据产权,数据要素,政策解读,专家解读,数据治理,数字经济",2415,2,0,0,2026-09-02T14:21:30.616453+00:00,sitemap.xml,
https://dibj.cn/fzpt/xwzx/b456d028715142bc88c721eb0746f191.html,新闻资讯,新闻资讯 - 数智北京创新中心,200,text/html,5667,数智北京创新中心,新闻资讯,数智北京创新中心新闻资讯栏目，发布数据产权、数据要素、政策解读、专家解读、数据要素×典型案例、权威动态与赛事公告，助力北京数据要素市场化与数字经济发展。,"数智北京创新中心,新闻资讯,数据产权,数据要素,政策解读,专家解读,数据治理,数字经济",193,2,0,0,2026-09-02T14:21:31.116253+00:00,sitemap.xml,
https://dibj.cn/fzpt/xwzx/b4f38f5870674e5eaeba5418354069be.html,新闻资讯,新闻资讯 - 数智北京创新中心,200,text/html,5414,数智北京创新中心,新闻资讯,数智北京创新中心新闻资讯栏目，发布数据产权、数据要素、政策解读、专家解读、数据要素×典型案例、权威动态与赛事公告，助力北京数据要素市场化与数字经济发展。,"数智北京创新中心,新闻资讯,数据产权,数据要素,政策解读,专家解读,数据治理,数字经济",77,2,0,1,2026-09-02T14:21:31.102799+00:00,sitemap.xml,
https://dibj.cn/fzpt/xwzx/b66f003bed1241c2bc046750f79c7b84.html,新闻资讯,新闻资讯 - 数智北京创新中心,200,text/html,14072,数智北京创新中心,新闻资讯,数智北京创新中心新闻资讯栏目，发布数据产权、数据要素、政策解读、专家解读、数据要素×典型案例、权威动态与赛事公告，助力北京数据要素市场化与数字经济发展。,"数智北京创新中心,新闻资讯,数据产权,数据要素,政策解读,专家解读,数据治理,数字经济",2827,2,0,0,2026-09-02T14:33:53.320156+00:00,页面链接发现,
https://dibj.cn/fzpt/xwzx/b71002c5806645b3b2f0d9a5198e3f0b.html,新闻资讯,新闻资讯 - 数智北京创新中心,200,text/html,12143,数智北京创新中心,新闻资讯,数智北京创新中心新闻资讯栏目，发布数据产权、数据要素、政策解读、专家解读、数据要素×典型案例、权威动态与赛事公告，助力北京数据要素市场化与数字经济发展。,"数智北京创新中心,新闻资讯,数据产权,数据要素,政策解读,专家解读,数据治理,数字经济",2399,2,0,0,2026-09-02T14:21:31.101550+00:00,sitemap.xml,
https://dibj.cn/fzpt/xwzx/b72589ea5d78471bbc983dba6230dfc3.html,新闻资讯,新闻资讯 - 数智北京创新中心,200,text/html,7815,数智北京创新中心,新闻资讯,数智北京创新中心新闻资讯栏目，发布数据产权、数据要素、政策解读、专家解读、数据要素×典型案例、权威动态与赛事公告，助力北京数据要素市场化与数字经济发展。,"数智北京创新中心,新闻资讯,数据产权,数据要素,政策解读,专家解读,数据治理,数字经济",621,4,2,0,2026-09-02T14:34:13.174201+00:00,页面链接发现,
https://dibj.cn/fzpt/xwzx/b75c0bb651a84ed6bce06d3753d017c5.html,新闻资讯,新闻资讯 - 数智北京创新中心,200,text/html,7713,数智北京创新中心,新闻资讯,数智北京创新中心新闻资讯栏目，发布数据产权、数据要素、政策解读、专家解读、数据要素×典型案例、权威动态与赛事公告，助力北京数据要素市场化与数字经济发展。,"数智北京创新中心,新闻资讯,数据产权,数据要素,政策解读,专家解读,数据治理,数字经济",795,2,0,2,2026-09-02T14:21:31.042307+00:00,sitemap.xml,
https://dibj.cn/fzpt/xwzx/b77a2d9bcc424a27a93ce3d0345124e8.html,新闻资讯,新闻资讯 - 数智北京创新中心,200,text/html,14008,数智北京创新中心,新闻资讯,数智北京创新中心新闻资讯栏目，发布数据产权、数据要素、政策解读、专家解读、数据要素×典型案例、权威动态与赛事公告，助力北京数据要素市场化与数字经济发展。,"数智北京创新中心,新闻资讯,数据产权,数据要素,政策解读,专家解读,数据治理,数字经济",2940,2,0,0,2026-09-02T14:21:31.131712+00:00,sitemap.xml,
https://dibj.cn/fzpt/xwzx/b8b29d3a0a204e0e894e3c31ef8afc33.html,新闻资讯,新闻资讯 - 数智北京创新中心,200,text/html,5888,数智北京创新中心,新闻资讯,数智北京创新中心新闻资讯栏目，发布数据产权、数据要素、政策解读、专家解读、数据要素×典型案例、权威动态与赛事公告，助力北京数据要素市场化与数字经济发展。,"数智北京创新中心,新闻资讯,数据产权,数据要素,政策解读,专家解读,数据治理,数字经济",160,2,0,3,2026-09-02T14:21:53.313827+00:00,sitemap.xml,
https://dibj.cn/fzpt/xwzx/b91aa8c19dc44032b215ca31923ebab3.html,新闻资讯,新闻资讯 - 数智北京创新中心,200,text/html,9007,数智北京创新中心,新闻资讯,数智北京创新中心新闻资讯栏目，发布数据产权、数据要素、政策解读、专家解读、数据要素×典型案例、权威动态与赛事公告，助力北京数据要素市场化与数字经济发展。,"数智北京创新中心,新闻资讯,数据产权,数据要素,政策解读,专家解读,数据治理,数字经济",1382,2,0,0,2026-09-02T14:21:53.960219+00:00,sitemap.xml,
https://dibj.cn/fzpt/xwzx/b9d1a3cbbe5f441991723c2e4bb39681.html,新闻资讯,新闻资讯 - 数智北京创新中心,200,text/html,7671,数智北京创新中心,新闻资讯,数智北京创新中心新闻资讯栏目，发布数据产权、数据要素、政策解读、专家解读、数据要素×典型案例、权威动态与赛事公告，助力北京数据要素市场化与数字经济发展。,"数智北京创新中心,新闻资讯,数据产权,数据要素,政策解读,专家解读,数据治理,数字经济",648,2,0,1,2026-09-02T14:34:13.348898+00:00,页面链接发现,
https://dibj.cn/fzpt/xwzx/ba4a009f6ae74de7ba2f43c0ea031cd0.html,新闻资讯,新闻资讯 - 数智北京创新中心,200,text/html,9438,数智北京创新中心,新闻资讯,数智北京创新中心新闻资讯栏目，发布数据产权、数据要素、政策解读、专家解读、数据要素×典型案例、权威动态与赛事公告，助力北京数据要素市场化与数字经济发展。,"数智北京创新中心,新闻资讯,数据产权,数据要素,政策解读,专家解读,数据治理,数字经济",1358,2,0,1,2026-09-02T14:21:53.873235+00:00,sitemap.xml,
https://dibj.cn/fzpt/xwzx/bcc15ac7e7a14b9991c5c9fa3d2cc080.html,新闻资讯,新闻资讯 - 数智北京创新中心,200,text/html,5166,数智北京创新中心,新闻资讯,数智北京创新中心新闻资讯栏目，发布数据产权、数据要素、政策解读、专家解读、数据要素×典型案例、权威动态与赛事公告，助力北京数据要素市场化与数字经济发展。,"数智北京创新中心,新闻资讯,数据产权,数据要素,政策解读,专家解读,数据治理,数字经济",62,2,0,1,2026-09-02T14:21:53.884726+00:00,sitemap.xml,
https://dibj.cn/fzpt/xwzx/bd80f4a8602940d38551a9596b2ba04a.html,新闻资讯,新闻资讯 - 数智北京创新中心,200,text/html,10338,数智北京创新中心,新闻资讯,数智北京创新中心新闻资讯栏目，发布数据产权、数据要素、政策解读、专家解读、数据要素×典型案例、权威动态与赛事公告，助力北京数据要素市场化与数字经济发展。,"数智北京创新中心,新闻资讯,数据产权,数据要素,政策解读,专家解读,数据治理,数字经济",1754,2,0,0,2026-09-02T14:21:53.278724+00:00,sitemap.xml,
https://dibj.cn/fzpt/xwzx/c11adc754cfb4ca18248e21924b1078b.html,新闻资讯,新闻资讯 - 数智北京创新中心,200,text/html,10096,数智北京创新中心,新闻资讯,数智北京创新中心新闻资讯栏目，发布数据产权、数据要素、政策解读、专家解读、数据要素×典型案例、权威动态与赛事公告，助力北京数据要素市场化与数字经济发展。,"数智北京创新中心,新闻资讯,数据产权,数据要素,政策解读,专家解读,数据治理,数字经济",1596,2,0,0,2026-09-02T14:21:53.329635+00:00,sitemap.xml,
https://dibj.cn/fzpt/xwzx/c12c0e54e9994efca49ae51b20c29378.html,新闻资讯,新闻资讯 - 数智北京创新中心,200,text/html,24583,数智北京创新中心,新闻资讯,数智北京创新中心新闻资讯栏目，发布数据产权、数据要素、政策解读、专家解读、数据要素×典型案例、权威动态与赛事公告，助力北京数据要素市场化与数字经济发展。,"数智北京创新中心,新闻资讯,数据产权,数据要素,政策解读,专家解读,数据治理,数字经济",6350,2,0,0,2026-09-02T14:34:13.539538+00:00,页面链接发现,
https://dibj.cn/fzpt/xwzx/c2fe6e10b35f47098b22dc605ad4ed82.html,新闻资讯,新闻资讯 - 数智北京创新中心,200,text/html,7418,数智北京创新中心,新闻资讯,数智北京创新中心新闻资讯栏目，发布数据产权、数据要素、政策解读、专家解读、数据要素×典型案例、权威动态与赛事公告，助力北京数据要素市场化与数字经济发展。,"数智北京创新中心,新闻资讯,数据产权,数据要素,政策解读,专家解读,数据治理,数字经济",901,2,0,0,2026-09-02T14:34:12.795992+00:00,页面链接发现,
https://dibj.cn/fzpt/xwzx/c366754ac17d4ed9800f8782e2514aa3.html,新闻资讯,新闻资讯 - 数智北京创新中心,200,text/html,5406,数智北京创新中心,新闻资讯,数智北京创新中心新闻资讯栏目，发布数据产权、数据要素、政策解读、专家解读、数据要素×典型案例、权威动态与赛事公告，助力北京数据要素市场化与数字经济发展。,"数智北京创新中心,新闻资讯,数据产权,数据要素,政策解读,专家解读,数据治理,数字经济",80,2,0,0,2026-09-02T14:34:13.287843+00:00,页面链接发现,
https://dibj.cn/fzpt/xwzx/c57ee95faf77445f9d8a6fd87b6d19cb.html,新闻资讯,新闻资讯 - 数智北京创新中心,200,text/html,5034,数智北京创新中心,新闻资讯,数智北京创新中心新闻资讯栏目，发布数据产权、数据要素、政策解读、专家解读、数据要素×典型案例、权威动态与赛事公告，助力北京数据要素市场化与数字经济发展。,"数智北京创新中心,新闻资讯,数据产权,数据要素,政策解读,专家解读,数据治理,数字经济",51,2,0,1,2026-09-02T14:34:13.190244+00:00,页面链接发现,
https://dibj.cn/fzpt/xwzx/c5d659f9c1e14e78bc4129080587b84a.html,新闻资讯,新闻资讯 - 数智北京创新中心,200,text/html,5180,数智北京创新中心,新闻资讯,数智北京创新中心新闻资讯栏目，发布数据产权、数据要素、政策解读、专家解读、数据要素×典型案例、权威动态与赛事公告，助力北京数据要素市场化与数字经济发展。,"数智北京创新中心,新闻资讯,数据产权,数据要素,政策解读,专家解读,数据治理,数字经济",62,2,0,0,2026-09-02T14:21:53.804785+00:00,sitemap.xml,
https://dibj.cn/fzpt/xwzx/c6d68a40e7f243d6bae2c0d493c38183.html,新闻资讯,新闻资讯 - 数智北京创新中心,200,text/html,7603,数智北京创新中心,新闻资讯,数智北京创新中心新闻资讯栏目，发布数据产权、数据要素、政策解读、专家解读、数据要素×典型案例、权威动态与赛事公告，助力北京数据要素市场化与数字经济发展。,"数智北京创新中心,新闻资讯,数据产权,数据要素,政策解读,专家解读,数据治理,数字经济",884,2,0,0,2026-09-02T14:34:13.237717+00:00,页面链接发现,
https://dibj.cn/fzpt/xwzx/c9c800db13b74697a0a66a5e8ab3c17d.html,新闻资讯,新闻资讯 - 数智北京创新中心,200,text/html,11144,数智北京创新中心,新闻资讯,数智北京创新中心新闻资讯栏目，发布数据产权、数据要素、政策解读、专家解读、数据要素×典型案例、权威动态与赛事公告，助力北京数据要素市场化与数字经济发展。,"数智北京创新中心,新闻资讯,数据产权,数据要素,政策解读,专家解读,数据治理,数字经济",1839,2,0,2,2026-09-02T14:21:54.641768+00:00,sitemap.xml,
https://dibj.cn/fzpt/xwzx/c9d02b4716d94f1d8aafdaee982f82f8.html,新闻资讯,新闻资讯 - 数智北京创新中心,200,text/html,15512,数智北京创新中心,新闻资讯,数智北京创新中心新闻资讯栏目，发布数据产权、数据要素、政策解读、专家解读、数据要素×典型案例、权威动态与赛事公告，助力北京数据要素市场化与数字经济发展。,"数智北京创新中心,新闻资讯,数据产权,数据要素,政策解读,专家解读,数据治理,数字经济",3269,4,2,0,2026-09-02T14:34:13.647391+00:00,页面链接发现,
https://dibj.cn/fzpt/xwzx/cc433c4a24dc450293e9bb8c0ea4d440.html,新闻资讯,新闻资讯 - 数智北京创新中心,200,text/html,10650,数智北京创新中心,新闻资讯,数智北京创新中心新闻资讯栏目，发布数据产权、数据要素、政策解读、专家解读、数据要素×典型案例、权威动态与赛事公告，助力北京数据要素市场化与数字经济发展。,"数智北京创新中心,新闻资讯,数据产权,数据要素,政策解读,专家解读,数据治理,数字经济",1922,2,0,0,2026-09-02T14:34:33.437291+00:00,页面链接发现,
https://dibj.cn/fzpt/xwzx/cc5344de1ea940618dadd1a2d720cada.html,新闻资讯,新闻资讯 - 数智北京创新中心,200,text/html,14613,数智北京创新中心,新闻资讯,数智北京创新中心新闻资讯栏目，发布数据产权、数据要素、政策解读、专家解读、数据要素×典型案例、权威动态与赛事公告，助力北京数据要素市场化与数字经济发展。,"数智北京创新中心,新闻资讯,数据产权,数据要素,政策解读,专家解读,数据治理,数字经济",3205,2,0,0,2026-09-02T14:22:12.688803+00:00,sitemap.xml,
https://dibj.cn/fzpt/xwzx/cd6d4225894347e9afde91888f77c177.html,新闻资讯,新闻资讯 - 数智北京创新中心,200,text/html,11398,数智北京创新中心,新闻资讯,数智北京创新中心新闻资讯栏目，发布数据产权、数据要素、政策解读、专家解读、数据要素×典型案例、权威动态与赛事公告，助力北京数据要素市场化与数字经济发展。,"数智北京创新中心,新闻资讯,数据产权,数据要素,政策解读,专家解读,数据治理,数字经济",2152,2,0,0,2026-09-02T14:22:13.338765+00:00,sitemap.xml,
https://dibj.cn/fzpt/xwzx/cd90ddcbf4cf4204acded28a520ca3d7.html,新闻资讯,新闻资讯 - 数智北京创新中心,200,text/html,10092,数智北京创新中心,新闻资讯,数智北京创新中心新闻资讯栏目，发布数据产权、数据要素、政策解读、专家解读、数据要素×典型案例、权威动态与赛事公告，助力北京数据要素市场化与数字经济发展。,"数智北京创新中心,新闻资讯,数据产权,数据要素,政策解读,专家解读,数据治理,数字经济",1715,2,0,0,2026-09-02T14:34:34.020844+00:00,页面链接发现,
https://dibj.cn/fzpt/xwzx/cdda62c3690246a68a4922f97871d2f7.html,新闻资讯,新闻资讯 - 数智北京创新中心,200,text/html,8934,数智北京创新中心,新闻资讯,数智北京创新中心新闻资讯栏目，发布数据产权、数据要素、政策解读、专家解读、数据要素×典型案例、权威动态与赛事公告，助力北京数据要素市场化与数字经济发展。,"数智北京创新中心,新闻资讯,数据产权,数据要素,政策解读,专家解读,数据治理,数字经济",1323,2,0,0,2026-09-02T14:34:33.987332+00:00,页面链接发现,
https://dibj.cn/fzpt/xwzx/d365cfc2f42c43afaa413ff06ab71418.html,新闻资讯,新闻资讯 - 数智北京创新中心,200,text/html,13432,数智北京创新中心,新闻资讯,数智北京创新中心新闻资讯栏目，发布数据产权、数据要素、政策解读、专家解读、数据要素×典型案例、权威动态与赛事公告，助力北京数据要素市场化与数字经济发展。,"数智北京创新中心,新闻资讯,数据产权,数据要素,政策解读,专家解读,数据治理,数字经济",2790,2,0,0,2026-09-02T14:22:13.675797+00:00,sitemap.xml,
https://dibj.cn/fzpt/xwzx/d76297566ec64e7c86732280a16599ae.html,新闻资讯,新闻资讯 - 数智北京创新中心,200,text/html,11467,数智北京创新中心,新闻资讯,数智北京创新中心新闻资讯栏目，发布数据产权、数据要素、政策解读、专家解读、数据要素×典型案例、权威动态与赛事公告，助力北京数据要素市场化与数字经济发展。,"数智北京创新中心,新闻资讯,数据产权,数据要素,政策解读,专家解读,数据治理,数字经济",2211,2,0,0,2026-09-02T14:34:32.988322+00:00,页面链接发现,
https://dibj.cn/fzpt/xwzx/d8af50730ef4464f9d2c07902b05084c.html,新闻资讯,新闻资讯 - 数智北京创新中心,200,text/html,21827,数智北京创新中心,新闻资讯,数智北京创新中心新闻资讯栏目，发布数据产权、数据要素、政策解读、专家解读、数据要素×典型案例、权威动态与赛事公告，助力北京数据要素市场化与数字经济发展。,"数智北京创新中心,新闻资讯,数据产权,数据要素,政策解读,专家解读,数据治理,数字经济",5747,2,0,0,2026-09-02T14:34:33.140903+00:00,页面链接发现,
https://dibj.cn/fzpt/xwzx/d9a200e17fc14fadbffc2adb1e5b7c95.html,新闻资讯,新闻资讯 - 数智北京创新中心,200,text/html,6946,数智北京创新中心,新闻资讯,数智北京创新中心新闻资讯栏目，发布数据产权、数据要素、政策解读、专家解读、数据要素×典型案例、权威动态与赛事公告，助力北京数据要素市场化与数字经济发展。,"数智北京创新中心,新闻资讯,数据产权,数据要素,政策解读,专家解读,数据治理,数字经济",735,2,0,0,2026-09-02T14:22:12.699060+00:00,sitemap.xml,
https://dibj.cn/fzpt/xwzx/da4a923943e947a4b574f8053d3d5895.html,新闻资讯,新闻资讯 - 数智北京创新中心,200,text/html,6577,数智北京创新中心,新闻资讯,数智北京创新中心新闻资讯栏目，发布数据产权、数据要素、政策解读、专家解读、数据要素×典型案例、权威动态与赛事公告，助力北京数据要素市场化与数字经济发展。,"数智北京创新中心,新闻资讯,数据产权,数据要素,政策解读,专家解读,数据治理,数字经济",428,2,0,0,2026-09-02T14:34:33.453465+00:00,页面链接发现,
https://dibj.cn/fzpt/xwzx/dab0cc12ffdb4faea89edb9b5631f137.html,新闻资讯,新闻资讯 - 数智北京创新中心,200,text/html,7276,数智北京创新中心,新闻资讯,数智北京创新中心新闻资讯栏目，发布数据产权、数据要素、政策解读、专家解读、数据要素×典型案例、权威动态与赛事公告，助力北京数据要素市场化与数字经济发展。,"数智北京创新中心,新闻资讯,数据产权,数据要素,政策解读,专家解读,数据治理,数字经济",787,2,0,0,2026-09-02T14:34:33.422544+00:00,页面链接发现,
https://dibj.cn/fzpt/xwzx/db325e1d9d684122be6fff3f4070e5c5.html,新闻资讯,新闻资讯 - 数智北京创新中心,200,text/html,16451,数智北京创新中心,新闻资讯,数智北京创新中心新闻资讯栏目，发布数据产权、数据要素、政策解读、专家解读、数据要素×典型案例、权威动态与赛事公告，助力北京数据要素市场化与数字经济发展。,"数智北京创新中心,新闻资讯,数据产权,数据要素,政策解读,专家解读,数据治理,数字经济",3900,2,0,0,2026-09-02T14:34:34.114951+00:00,页面链接发现,
https://dibj.cn/fzpt/xwzx/dd5bef964f2643dc9df335a673e1aec8.html,新闻资讯,新闻资讯 - 数智北京创新中心,200,text/html,7237,数智北京创新中心,新闻资讯,数智北京创新中心新闻资讯栏目，发布数据产权、数据要素、政策解读、专家解读、数据要素×典型案例、权威动态与赛事公告，助力北京数据要素市场化与数字经济发展。,"数智北京创新中心,新闻资讯,数据产权,数据要素,政策解读,专家解读,数据治理,数字经济",637,2,0,2,2026-09-02T14:34:54.634649+00:00,页面链接发现,
https://dibj.cn/fzpt/xwzx/ddb96dcbd0c64a279591ffd96cbcaea4.html,新闻资讯,新闻资讯 - 数智北京创新中心,200,text/html,7011,数智北京创新中心,新闻资讯,数智北京创新中心新闻资讯栏目，发布数据产权、数据要素、政策解读、专家解读、数据要素×典型案例、权威动态与赛事公告，助力北京数据要素市场化与数字经济发展。,"数智北京创新中心,新闻资讯,数据产权,数据要素,政策解读,专家解读,数据治理,数字经济",581,2,0,0,2026-09-02T14:34:55.080133+00:00,页面链接发现,
https://dibj.cn/fzpt/xwzx/e099af48afa34bf8965f9334937a86d0.html,新闻资讯,新闻资讯 - 数智北京创新中心,200,text/html,15079,数智北京创新中心,新闻资讯,数智北京创新中心新闻资讯栏目，发布数据产权、数据要素、政策解读、专家解读、数据要素×典型案例、权威动态与赛事公告，助力北京数据要素市场化与数字经济发展。,"数智北京创新中心,新闻资讯,数据产权,数据要素,政策解读,专家解读,数据治理,数字经济",3040,2,0,2,2026-09-02T14:34:55.493429+00:00,页面链接发现,
https://dibj.cn/fzpt/xwzx/e0d0fc7adb4040ed9974613aa91043b6.html,新闻资讯,新闻资讯 - 数智北京创新中心,200,text/html,8900,数智北京创新中心,新闻资讯,数智北京创新中心新闻资讯栏目，发布数据产权、数据要素、政策解读、专家解读、数据要素×典型案例、权威动态与赛事公告，助力北京数据要素市场化与数字经济发展。,"数智北京创新中心,新闻资讯,数据产权,数据要素,政策解读,专家解读,数据治理,数字经济",1401,2,0,0,2026-09-02T14:34:55.179235+00:00,页面链接发现,
https://dibj.cn/fzpt/xwzx/e17c0ee2491f4b92a7d253a321493aa4.html,新闻资讯,新闻资讯 - 数智北京创新中心,200,text/html,12178,数智北京创新中心,新闻资讯,数智北京创新中心新闻资讯栏目，发布数据产权、数据要素、政策解读、专家解读、数据要素×典型案例、权威动态与赛事公告，助力北京数据要素市场化与数字经济发展。,"数智北京创新中心,新闻资讯,数据产权,数据要素,政策解读,专家解读,数据治理,数字经济",2405,2,0,0,2026-09-02T14:22:13.190890+00:00,sitemap.xml,
https://dibj.cn/fzpt/xwzx/e36a47b9ac1046aca328cb0f0268fc9e.html,新闻资讯,新闻资讯 - 数智北京创新中心,200,text/html,8935,数智北京创新中心,新闻资讯,数智北京创新中心新闻资讯栏目，发布数据产权、数据要素、政策解读、专家解读、数据要素×典型案例、权威动态与赛事公告，助力北京数据要素市场化与数字经济发展。,"数智北京创新中心,新闻资讯,数据产权,数据要素,政策解读,专家解读,数据治理,数字经济",1302,2,0,1,2026-09-02T14:22:14.126204+00:00,sitemap.xml,
https://dibj.cn/fzpt/xwzx/e400e47fce1d444d831081b5381f46a9.html,新闻资讯,新闻资讯 - 数智北京创新中心,200,text/html,7595,数智北京创新中心,新闻资讯,数智北京创新中心新闻资讯栏目，发布数据产权、数据要素、政策解读、专家解读、数据要素×典型案例、权威动态与赛事公告，助力北京数据要素市场化与数字经济发展。,"数智北京创新中心,新闻资讯,数据产权,数据要素,政策解读,专家解读,数据治理,数字经济",667,4,2,0,2026-09-02T14:34:54.618897+00:00,页面链接发现,
https://dibj.cn/fzpt/xwzx/e41bb32ed03744be8673d089d645221f.html,新闻资讯,新闻资讯 - 数智北京创新中心,200,text/html,6345,数智北京创新中心,新闻资讯,数智北京创新中心新闻资讯栏目，发布数据产权、数据要素、政策解读、专家解读、数据要素×典型案例、权威动态与赛事公告，助力北京数据要素市场化与数字经济发展。,"数智北京创新中心,新闻资讯,数据产权,数据要素,政策解读,专家解读,数据治理,数字经济",495,2,0,0,2026-09-02T14:22:13.690073+00:00,sitemap.xml,
https://dibj.cn/fzpt/xwzx/e4d05937a3d840139a5c47653e0f9ee9.html,新闻资讯,新闻资讯 - 数智北京创新中心,200,text/html,9828,数智北京创新中心,新闻资讯,数智北京创新中心新闻资讯栏目，发布数据产权、数据要素、政策解读、专家解读、数据要素×典型案例、权威动态与赛事公告，助力北京数据要素市场化与数字经济发展。,"数智北京创新中心,新闻资讯,数据产权,数据要素,政策解读,专家解读,数据治理,数字经济",1626,2,0,0,2026-09-02T14:22:13.740026+00:00,sitemap.xml,
https://dibj.cn/fzpt/xwzx/e4f4d667eb594a20a1e8a570bf2ade3a.html,新闻资讯,新闻资讯 - 数智北京创新中心,200,text/html,7701,数智北京创新中心,新闻资讯,数智北京创新中心新闻资讯栏目，发布数据产权、数据要素、政策解读、专家解读、数据要素×典型案例、权威动态与赛事公告，助力北京数据要素市场化与数字经济发展。,"数智北京创新中心,新闻资讯,数据产权,数据要素,政策解读,专家解读,数据治理,数字经济",266,3,1,0,2026-09-02T14:34:54.644053+00:00,页面链接发现,
https://dibj.cn/fzpt/xwzx/e5e763a70f68468e81efb2f449a98c6c.html,新闻资讯,新闻资讯 - 数智北京创新中心,200,text/html,21982,数智北京创新中心,新闻资讯,数智北京创新中心新闻资讯栏目，发布数据产权、数据要素、政策解读、专家解读、数据要素×典型案例、权威动态与赛事公告，助力北京数据要素市场化与数字经济发展。,"数智北京创新中心,新闻资讯,数据产权,数据要素,政策解读,专家解读,数据治理,数字经济",5368,2,0,0,2026-09-02T14:34:54.870125+00:00,页面链接发现,
https://dibj.cn/fzpt/xwzx/e5fed6e396424c6285d3469860b461b2.html,新闻资讯,新闻资讯 - 数智北京创新中心,200,text/html,9110,数智北京创新中心,新闻资讯,数智北京创新中心新闻资讯栏目，发布数据产权、数据要素、政策解读、专家解读、数据要素×典型案例、权威动态与赛事公告，助力北京数据要素市场化与数字经济发展。,"数智北京创新中心,新闻资讯,数据产权,数据要素,政策解读,专家解读,数据治理,数字经济",1282,2,0,0,2026-09-02T14:22:25.542896+00:00,sitemap.xml,
https://dibj.cn/fzpt/xwzx/e751f3d335554970812f20fd24d42b80.html,新闻资讯,新闻资讯 - 数智北京创新中心,200,text/html,6513,数智北京创新中心,新闻资讯,数智北京创新中心新闻资讯栏目，发布数据产权、数据要素、政策解读、专家解读、数据要素×典型案例、权威动态与赛事公告，助力北京数据要素市场化与数字经济发展。,"数智北京创新中心,新闻资讯,数据产权,数据要素,政策解读,专家解读,数据治理,数字经济",464,2,0,0,2026-09-02T14:34:55.209141+00:00,页面链接发现,
https://dibj.cn/fzpt/xwzx/e8eaa1e169eb49d4a0b80bd438821713.html,新闻资讯,新闻资讯 - 数智北京创新中心,200,text/html,7960,数智北京创新中心,新闻资讯,数智北京创新中心新闻资讯栏目，发布数据产权、数据要素、政策解读、专家解读、数据要素×典型案例、权威动态与赛事公告，助力北京数据要素市场化与数字经济发展。,"数智北京创新中心,新闻资讯,数据产权,数据要素,政策解读,专家解读,数据治理,数字经济",1019,2,0,0,2026-09-02T14:35:15.184233+00:00,页面链接发现,
https://dibj.cn/fzpt/xwzx/ea2c1e8636b742f9b9ff55788eb901d7.html,新闻资讯,新闻资讯 - 数智北京创新中心,200,text/html,10923,数智北京创新中心,新闻资讯,数智北京创新中心新闻资讯栏目，发布数据产权、数据要素、政策解读、专家解读、数据要素×典型案例、权威动态与赛事公告，助力北京数据要素市场化与数字经济发展。,"数智北京创新中心,新闻资讯,数据产权,数据要素,政策解读,专家解读,数据治理,数字经济",1615,2,0,0,2026-09-02T14:35:15.545845+00:00,页面链接发现,
https://dibj.cn/fzpt/xwzx/eba6b4c0c2964342bbff2de3792da024.html,新闻资讯,新闻资讯 - 数智北京创新中心,200,text/html,22262,数智北京创新中心,新闻资讯,数智北京创新中心新闻资讯栏目，发布数据产权、数据要素、政策解读、专家解读、数据要素×典型案例、权威动态与赛事公告，助力北京数据要素市场化与数字经济发展。,"数智北京创新中心,新闻资讯,数据产权,数据要素,政策解读,专家解读,数据治理,数字经济",5569,2,0,0,2026-09-02T14:35:15.827997+00:00,页面链接发现,
https://dibj.cn/fzpt/xwzx/ec461509fca54c83949de93e60e723bc.html,新闻资讯,新闻资讯 - 数智北京创新中心,200,text/html,13635,数智北京创新中心,新闻资讯,数智北京创新中心新闻资讯栏目，发布数据产权、数据要素、政策解读、专家解读、数据要素×典型案例、权威动态与赛事公告，助力北京数据要素市场化与数字经济发展。,"数智北京创新中心,新闻资讯,数据产权,数据要素,政策解读,专家解读,数据治理,数字经济",2894,2,0,0,2026-09-02T14:35:15.753135+00:00,页面链接发现,
https://dibj.cn/fzpt/xwzx/ec58f320854444c8a482318e27052afe.html,新闻资讯,新闻资讯 - 数智北京创新中心,200,text/html,11615,数智北京创新中心,新闻资讯,数智北京创新中心新闻资讯栏目，发布数据产权、数据要素、政策解读、专家解读、数据要素×典型案例、权威动态与赛事公告，助力北京数据要素市场化与数字经济发展。,"数智北京创新中心,新闻资讯,数据产权,数据要素,政策解读,专家解读,数据治理,数字经济",2226,2,0,0,2026-09-02T14:22:25.654171+00:00,sitemap.xml,
https://dibj.cn/fzpt/xwzx/eee2cfeaea0044208cd3f1cad95cb695.html,新闻资讯,新闻资讯 - 数智北京创新中心,200,text/html,6821,数智北京创新中心,新闻资讯,数智北京创新中心新闻资讯栏目，发布数据产权、数据要素、政策解读、专家解读、数据要素×典型案例、权威动态与赛事公告，助力北京数据要素市场化与数字经济发展。,"数智北京创新中心,新闻资讯,数据产权,数据要素,政策解读,专家解读,数据治理,数字经济",176,2,0,7,2026-09-02T14:35:15.156384+00:00,页面链接发现,
https://dibj.cn/fzpt/xwzx/ef9ee33b9d2b4e608d1517e150877c9a.html,新闻资讯,新闻资讯 - 数智北京创新中心,200,text/html,15596,数智北京创新中心,新闻资讯,数智北京创新中心新闻资讯栏目，发布数据产权、数据要素、政策解读、专家解读、数据要素×典型案例、权威动态与赛事公告，助力北京数据要素市场化与数字经济发展。,"数智北京创新中心,新闻资讯,数据产权,数据要素,政策解读,专家解读,数据治理,数字经济",3536,2,0,0,2026-09-02T14:22:27.515854+00:00,sitemap.xml,
https://dibj.cn/fzpt/xwzx/f17c09fb07f342298537f65ba43e4dde.html,新闻资讯,新闻资讯 - 数智北京创新中心,200,text/html,15848,数智北京创新中心,新闻资讯,数智北京创新中心新闻资讯栏目，发布数据产权、数据要素、政策解读、专家解读、数据要素×典型案例、权威动态与赛事公告，助力北京数据要素市场化与数字经济发展。,"数智北京创新中心,新闻资讯,数据产权,数据要素,政策解读,专家解读,数据治理,数字经济",3063,2,0,0,2026-09-02T14:35:16.033884+00:00,页面链接发现,
https://dibj.cn/fzpt/xwzx/f2fc4310ab8e49e8b2d280402e771a5c.html,新闻资讯,新闻资讯 - 数智北京创新中心,200,text/html,5870,数智北京创新中心,新闻资讯,数智北京创新中心新闻资讯栏目，发布数据产权、数据要素、政策解读、专家解读、数据要素×典型案例、权威动态与赛事公告，助力北京数据要素市场化与数字经济发展。,"数智北京创新中心,新闻资讯,数据产权,数据要素,政策解读,专家解读,数据治理,数字经济",160,2,0,3,2026-09-02T14:22:25.622561+00:00,sitemap.xml,
https://dibj.cn/fzpt/xwzx/f4203ab0ae5040398c427db3c75d293e.html,新闻资讯,新闻资讯 - 数智北京创新中心,200,text/html,6589,数智北京创新中心,新闻资讯,数智北京创新中心新闻资讯栏目，发布数据产权、数据要素、政策解读、专家解读、数据要素×典型案例、权威动态与赛事公告，助力北京数据要素市场化与数字经济发展。,"数智北京创新中心,新闻资讯,数据产权,数据要素,政策解读,专家解读,数据治理,数字经济",434,2,0,1,2026-09-02T14:22:25.133702+00:00,sitemap.xml,
https://dibj.cn/fzpt/xwzx/f4c095fb77204281ae41093fb16e4238.html,新闻资讯,新闻资讯 - 数智北京创新中心,200,text/html,12581,数智北京创新中心,新闻资讯,数智北京创新中心新闻资讯栏目，发布数据产权、数据要素、政策解读、专家解读、数据要素×典型案例、权威动态与赛事公告，助力北京数据要素市场化与数字经济发展。,"数智北京创新中心,新闻资讯,数据产权,数据要素,政策解读,专家解读,数据治理,数字经济",2507,2,0,0,2026-09-02T14:22:25.096345+00:00,sitemap.xml,
https://dibj.cn/fzpt/xwzx/f8ea63fdac214f1c977213ed5622de6e.html,新闻资讯,新闻资讯 - 数智北京创新中心,200,text/html,15505,数智北京创新中心,新闻资讯,数智北京创新中心新闻资讯栏目，发布数据产权、数据要素、政策解读、专家解读、数据要素×典型案例、权威动态与赛事公告，助力北京数据要素市场化与数字经济发展。,"数智北京创新中心,新闻资讯,数据产权,数据要素,政策解读,专家解读,数据治理,数字经济",3386,2,0,0,2026-09-02T14:22:26.740899+00:00,sitemap.xml,
https://dibj.cn/fzpt/xwzx/f948cb5f099a40069850eb5581bfbe51.html,新闻资讯,新闻资讯 - 数智北京创新中心,200,text/html,6830,数智北京创新中心,新闻资讯,数智北京创新中心新闻资讯栏目，发布数据产权、数据要素、政策解读、专家解读、数据要素×典型案例、权威动态与赛事公告，助力北京数据要素市场化与数字经济发展。,"数智北京创新中心,新闻资讯,数据产权,数据要素,政策解读,专家解读,数据治理,数字经济",514,2,0,0,2026-09-02T14:35:15.647925+00:00,页面链接发现,
https://dibj.cn/fzpt/xwzx/fa469b2a6ad84c439ccfc6998903084a.html,新闻资讯,新闻资讯 - 数智北京创新中心,200,text/html,5278,数智北京创新中心,新闻资讯,数智北京创新中心新闻资讯栏目，发布数据产权、数据要素、政策解读、专家解读、数据要素×典型案例、权威动态与赛事公告，助力北京数据要素市场化与数字经济发展。,"数智北京创新中心,新闻资讯,数据产权,数据要素,政策解读,专家解读,数据治理,数字经济",66,2,0,1,2026-09-02T14:22:27.303122+00:00,sitemap.xml,
https://dibj.cn/fzpt/xwzx/fc657820c0d446e280f356b66c52df14.html,新闻资讯,新闻资讯 - 数智北京创新中心,200,text/html,6849,数智北京创新中心,新闻资讯,数智北京创新中心新闻资讯栏目，发布数据产权、数据要素、政策解读、专家解读、数据要素×典型案例、权威动态与赛事公告，助力北京数据要素市场化与数字经济发展。,"数智北京创新中心,新闻资讯,数据产权,数据要素,政策解读,专家解读,数据治理,数字经济",439,2,0,0,2026-09-02T14:35:15.652822+00:00,页面链接发现,
https://dibj.cn/fzpt/xwzx/fcb342091d2e486ab94deac3c9915f5c.html,新闻资讯,新闻资讯 - 数智北京创新中心,200,text/html,13789,数智北京创新中心,新闻资讯,数智北京创新中心新闻资讯栏目，发布数据产权、数据要素、政策解读、专家解读、数据要素×典型案例、权威动态与赛事公告，助力北京数据要素市场化与数字经济发展。,"数智北京创新中心,新闻资讯,数据产权,数据要素,政策解读,专家解读,数据治理,数字经济",2931,2,0,0,2026-09-02T14:22:38.287605+00:00,sitemap.xml,
https://dibj.cn/fzpt/xwzx/fd1ce050bd7c4e9492526e34356f2007.html,新闻资讯,新闻资讯 - 数智北京创新中心,200,text/html,7065,数智北京创新中心,新闻资讯,数智北京创新中心新闻资讯栏目，发布数据产权、数据要素、政策解读、专家解读、数据要素×典型案例、权威动态与赛事公告，助力北京数据要素市场化与数字经济发展。,"数智北京创新中心,新闻资讯,数据产权,数据要素,政策解读,专家解读,数据治理,数字经济",577,2,0,2,2026-09-02T14:22:38.741141+00:00,sitemap.xml,
https://dibj.cn/fzpt/xwzx/fd4a2266c4864295a2d8a94894f33697.html,新闻资讯,新闻资讯 - 数智北京创新中心,200,text/html,6703,数智北京创新中心,新闻资讯,数智北京创新中心新闻资讯栏目，发布数据产权、数据要素、政策解读、专家解读、数据要素×典型案例、权威动态与赛事公告，助力北京数据要素市场化与数字经济发展。,"数智北京创新中心,新闻资讯,数据产权,数据要素,政策解读,专家解读,数据治理,数字经济",556,2,0,1,2026-09-02T14:35:36.079398+00:00,页面链接发现,
https://dibj.cn/fzpt/xwzx/fdf56227dfc54fe7aa511f3e22c39ce6.html,新闻资讯,新闻资讯 - 数智北京创新中心,200,text/html,6447,数智北京创新中心,新闻资讯,数智北京创新中心新闻资讯栏目，发布数据产权、数据要素、政策解读、专家解读、数据要素×典型案例、权威动态与赛事公告，助力北京数据要素市场化与数字经济发展。,"数智北京创新中心,新闻资讯,数据产权,数据要素,政策解读,专家解读,数据治理,数字经济",360,2,0,1,2026-09-02T14:35:36.116213+00:00,页面链接发现,
https://dibj.cn/fzpt/xwzx/index_10.html,新闻资讯,新闻资讯 - 数智北京创新中心,200,text/html,15369,数智北京创新中心,新闻资讯,数智北京创新中心新闻资讯栏目，发布数据产权、数据要素、政策解读、专家解读、数据要素×典型案例、权威动态与赛事公告，助力北京数据要素市场化与数字经济发展。,"数智北京创新中心,新闻资讯,数据产权,数据要素,政策解读,专家解读,数据治理,数字经济",1302,33,0,0,2026-09-02T14:35:36.721833+00:00,页面链接发现,
https://dibj.cn/fzpt/xwzx/index_11.html,新闻资讯,新闻资讯 - 数智北京创新中心,200,text/html,14578,数智北京创新中心,新闻资讯,数智北京创新中心新闻资讯栏目，发布数据产权、数据要素、政策解读、专家解读、数据要素×典型案例、权威动态与赛事公告，助力北京数据要素市场化与数字经济发展。,"数智北京创新中心,新闻资讯,数据产权,数据要素,政策解读,专家解读,数据治理,数字经济",1034,33,0,0,2026-09-02T14:35:36.141537+00:00,页面链接发现,
https://dibj.cn/fzpt/xwzx/index_12.html,新闻资讯,新闻资讯 - 数智北京创新中心,200,text/html,11609,数智北京创新中心,新闻资讯,数智北京创新中心新闻资讯栏目，发布数据产权、数据要素、政策解读、专家解读、数据要素×典型案例、权威动态与赛事公告，助力北京数据要素市场化与数字经济发展。,"数智北京创新中心,新闻资讯,数据产权,数据要素,政策解读,专家解读,数据治理,数字经济",673,26,0,0,2026-09-02T14:35:36.552763+00:00,页面链接发现,
https://dibj.cn/fzpt/xwzx/index_2.html,新闻资讯,新闻资讯 - 数智北京创新中心,200,text/html,14629,数智北京创新中心,新闻资讯,数智北京创新中心新闻资讯栏目，发布数据产权、数据要素、政策解读、专家解读、数据要素×典型案例、权威动态与赛事公告，助力北京数据要素市场化与数字经济发展。,"数智北京创新中心,新闻资讯,数据产权,数据要素,政策解读,专家解读,数据治理,数字经济",1067,33,0,0,2026-09-02T14:22:38.795255+00:00,sitemap.xml,
https://dibj.cn/fzpt/xwzx/index_3.html,新闻资讯,新闻资讯 - 数智北京创新中心,200,text/html,14298,数智北京创新中心,新闻资讯,数智北京创新中心新闻资讯栏目，发布数据产权、数据要素、政策解读、专家解读、数据要素×典型案例、权威动态与赛事公告，助力北京数据要素市场化与数字经济发展。,"数智北京创新中心,新闻资讯,数据产权,数据要素,政策解读,专家解读,数据治理,数字经济",958,33,0,0,2026-09-02T14:22:38.845610+00:00,sitemap.xml,
https://dibj.cn/fzpt/xwzx/index_4.html,新闻资讯,新闻资讯 - 数智北京创新中心,200,text/html,14428,数智北京创新中心,新闻资讯,数智北京创新中心新闻资讯栏目，发布数据产权、数据要素、政策解读、专家解读、数据要素×典型案例、权威动态与赛事公告，助力北京数据要素市场化与数字经济发展。,"数智北京创新中心,新闻资讯,数据产权,数据要素,政策解读,专家解读,数据治理,数字经济",979,33,0,0,2026-09-02T14:22:38.987890+00:00,sitemap.xml,
https://dibj.cn/fzpt/xwzx/index_5.html,新闻资讯,新闻资讯 - 数智北京创新中心,200,text/html,14469,数智北京创新中心,新闻资讯,数智北京创新中心新闻资讯栏目，发布数据产权、数据要素、政策解读、专家解读、数据要素×典型案例、权威动态与赛事公告，助力北京数据要素市场化与数字经济发展。,"数智北京创新中心,新闻资讯,数据产权,数据要素,政策解读,专家解读,数据治理,数字经济",1006,33,0,0,2026-09-02T14:22:38.786512+00:00,sitemap.xml,
https://dibj.cn/fzpt/xwzx/index_6.html,新闻资讯,新闻资讯 - 数智北京创新中心,200,text/html,14400,数智北京创新中心,新闻资讯,数智北京创新中心新闻资讯栏目，发布数据产权、数据要素、政策解读、专家解读、数据要素×典型案例、权威动态与赛事公告，助力北京数据要素市场化与数字经济发展。,"数智北京创新中心,新闻资讯,数据产权,数据要素,政策解读,专家解读,数据治理,数字经济",992,33,0,0,2026-09-02T14:22:38.810185+00:00,sitemap.xml,
https://dibj.cn/fzpt/xwzx/index_7.html,新闻资讯,新闻资讯 - 数智北京创新中心,200,text/html,14023,数智北京创新中心,新闻资讯,数智北京创新中心新闻资讯栏目，发布数据产权、数据要素、政策解读、专家解读、数据要素×典型案例、权威动态与赛事公告，助力北京数据要素市场化与数字经济发展。,"数智北京创新中心,新闻资讯,数据产权,数据要素,政策解读,专家解读,数据治理,数字经济",859,33,0,0,2026-09-02T14:22:39.129513+00:00,sitemap.xml,
https://dibj.cn/fzpt/xwzx/index_8.html,新闻资讯,新闻资讯 - 数智北京创新中心,200,text/html,14092,数智北京创新中心,新闻资讯,数智北京创新中心新闻资讯栏目，发布数据产权、数据要素、政策解读、专家解读、数据要素×典型案例、权威动态与赛事公告，助力北京数据要素市场化与数字经济发展。,"数智北京创新中心,新闻资讯,数据产权,数据要素,政策解读,专家解读,数据治理,数字经济",859,33,0,0,2026-09-02T14:35:36.614309+00:00,页面链接发现,
https://dibj.cn/fzpt/xwzx/index_9.html,新闻资讯,新闻资讯 - 数智北京创新中心,200,text/html,14768,数智北京创新中心,新闻资讯,数智北京创新中心新闻资讯栏目，发布数据产权、数据要素、政策解读、专家解读、数据要素×典型案例、权威动态与赛事公告，助力北京数据要素市场化与数字经济发展。,"数智北京创新中心,新闻资讯,数据产权,数据要素,政策解读,专家解读,数据治理,数字经济",1099,33,0,0,2026-09-02T14:35:36.641301+00:00,页面链接发现,
https://dibj.cn/fzpt/xwzx/lbt/0b5c8da445e3452c843e5955db212f37.html,新闻资讯,,,,0,,,,,0,0,0,0,2026-09-02T14:23:30.620211+00:00,sitemap.xml,HTTPError: HTTP Error 404: Not Found
https://dibj.cn/fzpt/xwzx/lbt/851a60b0901e4e428ee575d7ea5208e6.html,新闻资讯,,,,0,,,,,0,0,0,0,2026-09-02T14:23:31.227064+00:00,sitemap.xml,HTTPError: HTTP Error 404: Not Found
https://dibj.cn/fzpt/xwzx/lbt/d4074238254c44acb02424f7aacdb371.html,新闻资讯,轮播图 - 数智北京创新中心,200,text/html,23376,数智北京创新中心,轮播图,数智北京创新中心新闻资讯栏目，发布数据产权、数据要素、政策解读、专家解读、数据要素×典型案例、权威动态与赛事公告，助力北京数据要素市场化与数字经济发展。,"数智北京创新中心,新闻资讯,数据产权,数据要素,政策解读,专家解读,数据治理,数字经济,北京大数据平台",5378,4,0,0,2026-09-02T14:35:36.800369+00:00,页面链接发现,
https://dibj.cn/fzpt/xwzx/lbt/ea6c5a76547d4867b896bd3dd31b661f.html,新闻资讯,,,,0,,,,,0,0,0,0,2026-09-02T14:23:31.091406+00:00,sitemap.xml,HTTPError: HTTP Error 404: Not Found
https://dibj.cn/images/sqb.docx,其他,,200,application/vnd.openxmlformats-officedocument.wordprocessingml.document,180192,,,,,140569,0,0,0,2026-09-02T14:22:59.966132+00:00,sitemap.xml,
https://dibj.cn/images/zj_dbgf.pdf,其他,,200,application/pdf,522143,,,,,406036,0,0,0,2026-09-02T14:23:01.154932+00:00,sitemap.xml,
https://dibj.cn/images/zj_txsm.pdf,其他,,200,application/pdf,48788,,,,,36195,0,0,0,2026-09-02T14:22:58.998039+00:00,sitemap.xml,
https://dibj.cn/portal/page/scene/createProject,系统/登录,统一身份认证管理系统,200,text/html,9899,,,,,28,0,0,1,2026-09-02T14:36:39.901552+00:00,页面链接发现,
https://dibj.cn/portal/user/index,系统/登录,统一身份认证管理系统,200,text/html,9899,,,,,28,0,0,1,2026-09-02T14:36:39.855350+00:00,页面链接发现,
https://dibj.cn/ssfwww/,走进创新中心,赛事活动 - 数智北京创新中心,200,text/html,18377,数智北京创新中心,赛事活动,数智北京创新中心赛事活动专栏，发布2025年“数据要素×”大赛北京分赛、通知公告、赛事动态、行业活动、活动预告等信息，助力数据要素市场化与智慧城市创新实践。,"数智北京创新中心,赛事活动,数据要素×大赛,北京分赛,赛事动态,行业活动,活动预告,数据要素,智慧城市",1261,26,0,7,2026-09-02T14:22:58.735355+00:00,sitemap.xml,
https://dibj.cn/ssfwww/hdyg,走进创新中心,活动预告 - 数智北京创新中心,200,text/html,9613,数智北京创新中心,活动预告,数智北京创新中心赛事活动专栏，发布2025年“数据要素×”大赛北京分赛、通知公告、赛事动态、行业活动、活动预告等信息，助力数据要素市场化与智慧城市创新实践。,"数智北京创新中心,赛事活动,数据要素×大赛,北京分赛,赛事动态,行业活动,活动预告,数据要素,智慧城市",629,15,0,0,2026-09-02T14:36:17.863148+00:00,页面链接发现,
https://dibj.cn/ssfwww/hdyg/,走进创新中心,活动预告 - 数智北京创新中心,200,text/html,9613,数智北京创新中心,活动预告,数智北京创新中心赛事活动专栏，发布2025年“数据要素×”大赛北京分赛、通知公告、赛事动态、行业活动、活动预告等信息，助力数据要素市场化与智慧城市创新实践。,"数智北京创新中心,赛事活动,数据要素×大赛,北京分赛,赛事动态,行业活动,活动预告,数据要素,智慧城市",629,15,0,0,2026-09-02T14:22:58.664766+00:00,sitemap.xml,
https://dibj.cn/ssfwww/hdyg/03a5a86da56e455ab1a552e861d92554.html,走进创新中心,活动预告 - 数智北京创新中心,200,text/html,7983,数智北京创新中心,活动预告,数智北京创新中心赛事活动专栏，发布2025年“数据要素×”大赛北京分赛、通知公告、赛事动态、行业活动、活动预告等信息，助力数据要素市场化与智慧城市创新实践。,"数智北京创新中心,赛事活动,数据要素×大赛,北京分赛,赛事动态,行业活动,活动预告,数据要素,智慧城市",514,3,0,2,2026-09-02T14:23:10.445191+00:00,sitemap.xml,
https://dibj.cn/ssfwww/hdyg/04a5f231b0094ba980f9762d443fc4bd.html,走进创新中心,,,,0,,,,,0,0,0,0,2026-09-02T14:23:50.324469+00:00,sitemap.xml,HTTPError: HTTP Error 404: Not Found
https://dibj.cn/ssfwww/hdyg/097f23a409904b51b4a6d0c9cd515260.html,走进创新中心,活动预告 - 数智北京创新中心,200,text/html,8556,数智北京创新中心,活动预告,数智北京创新中心赛事活动专栏，发布2025年“数据要素×”大赛北京分赛、通知公告、赛事动态、行业活动、活动预告等信息，助力数据要素市场化与智慧城市创新实践。,"数智北京创新中心,赛事活动,数据要素×大赛,北京分赛,赛事动态,行业活动,活动预告,数据要素,智慧城市",727,3,0,0,2026-09-02T14:23:09.825857+00:00,sitemap.xml,
https://dibj.cn/ssfwww/hdyg/0a25d484c58345148b3a52fa74c0327b.html,走进创新中心,活动预告 - 数智北京创新中心,200,text/html,6454,数智北京创新中心,活动预告,数智北京创新中心赛事活动专栏，发布2025年“数据要素×”大赛北京分赛、通知公告、赛事动态、行业活动、活动预告等信息，助力数据要素市场化与智慧城市创新实践。,"数智北京创新中心,赛事活动,数据要素×大赛,北京分赛,赛事动态,行业活动,活动预告,数据要素,智慧城市",61,3,0,1,2026-09-02T14:23:10.267524+00:00,sitemap.xml,
https://dibj.cn/ssfwww/hdyg/1b4301114a33467d94c9dac61e8958c4.html,走进创新中心,活动预告 - 数智北京创新中心,200,text/html,8345,数智北京创新中心,活动预告,数智北京创新中心赛事活动专栏，发布2025年“数据要素×”大赛北京分赛、通知公告、赛事动态、行业活动、活动预告等信息，助力数据要素市场化与智慧城市创新实践。,"数智北京创新中心,赛事活动,数据要素×大赛,北京分赛,赛事动态,行业活动,活动预告,数据要素,智慧城市",649,3,0,1,2026-09-02T14:23:10.337223+00:00,sitemap.xml,
https://dibj.cn/ssfwww/hdyg/272e839d951240f0abdb1e6112b7c1ab.html,走进创新中心,活动预告 - 数智北京创新中心,200,text/html,6551,数智北京创新中心,活动预告,数智北京创新中心赛事活动专栏，发布2025年“数据要素×”大赛北京分赛、通知公告、赛事动态、行业活动、活动预告等信息，助力数据要素市场化与智慧城市创新实践。,"数智北京创新中心,赛事活动,数据要素×大赛,北京分赛,赛事动态,行业活动,活动预告,数据要素,智慧城市",75,3,0,1,2026-09-02T14:23:29.760100+00:00,sitemap.xml,
https://dibj.cn/ssfwww/hdyg/2ea25e3eddb14fc2a66b220857471522.html,走进创新中心,活动预告 - 数智北京创新中心,200,text/html,8060,数智北京创新中心,活动预告,数智北京创新中心赛事活动专栏，发布2025年“数据要素×”大赛北京分赛、通知公告、赛事动态、行业活动、活动预告等信息，助力数据要素市场化与智慧城市创新实践。,"数智北京创新中心,赛事活动,数据要素×大赛,北京分赛,赛事动态,行业活动,活动预告,数据要素,智慧城市",534,3,0,1,2026-09-02T14:35:56.859386+00:00,页面链接发现,
https://dibj.cn/ssfwww/hdyg/3362d1d7c50d4b8aa5dbc2c68e3852c6.html,走进创新中心,活动预告 - 数智北京创新中心,200,text/html,6543,数智北京创新中心,活动预告,数智北京创新中心赛事活动专栏，发布2025年“数据要素×”大赛北京分赛、通知公告、赛事动态、行业活动、活动预告等信息，助力数据要素市场化与智慧城市创新实践。,"数智北京创新中心,赛事活动,数据要素×大赛,北京分赛,赛事动态,行业活动,活动预告,数据要素,智慧城市",75,3,0,1,2026-09-02T14:23:29.714464+00:00,sitemap.xml,
https://dibj.cn/ssfwww/hdyg/3ecb08fa87b6492aadf1876f783a8263.html,走进创新中心,活动预告 - 数智北京创新中心,200,text/html,7675,数智北京创新中心,活动预告,数智北京创新中心赛事活动专栏，发布2025年“数据要素×”大赛北京分赛、通知公告、赛事动态、行业活动、活动预告等信息，助力数据要素市场化与智慧城市创新实践。,"数智北京创新中心,赛事活动,数据要素×大赛,北京分赛,赛事动态,行业活动,活动预告,数据要素,智慧城市",465,3,0,1,2026-09-02T14:23:30.235054+00:00,sitemap.xml,
https://dibj.cn/ssfwww/hdyg/8141d22e2e3d45d9b34182921d3b80df.html,走进创新中心,活动预告 - 数智北京创新中心,200,text/html,6551,数智北京创新中心,活动预告,数智北京创新中心赛事活动专栏，发布2025年“数据要素×”大赛北京分赛、通知公告、赛事动态、行业活动、活动预告等信息，助力数据要素市场化与智慧城市创新实践。,"数智北京创新中心,赛事活动,数据要素×大赛,北京分赛,赛事动态,行业活动,活动预告,数据要素,智慧城市",75,3,0,1,2026-09-02T14:23:30.253808+00:00,sitemap.xml,
https://dibj.cn/ssfwww/hdyg/84c5bf30576f4c62adf2873aaa4ab51f.html,走进创新中心,活动预告 - 数智北京创新中心,200,text/html,11313,数智北京创新中心,活动预告,数智北京创新中心赛事活动专栏，发布2025年“数据要素×”大赛北京分赛、通知公告、赛事动态、行业活动、活动预告等信息，助力数据要素市场化与智慧城市创新实践。,"数智北京创新中心,赛事活动,数据要素×大赛,北京分赛,赛事动态,行业活动,活动预告,数据要素,智慧城市",1516,3,0,1,2026-09-02T14:23:48.472370+00:00,sitemap.xml,
https://dibj.cn/ssfwww/hdyg/89314a64f1a24b0ba918ce1967e9db6a.html,走进创新中心,活动预告 - 数智北京创新中心,200,text/html,7021,数智北京创新中心,活动预告,数智北京创新中心赛事活动专栏，发布2025年“数据要素×”大赛北京分赛、通知公告、赛事动态、行业活动、活动预告等信息，助力数据要素市场化与智慧城市创新实践。,"数智北京创新中心,赛事活动,数据要素×大赛,北京分赛,赛事动态,行业活动,活动预告,数据要素,智慧城市",193,3,0,1,2026-09-02T14:23:49.381053+00:00,sitemap.xml,
https://dibj.cn/ssfwww/hdyg/ab02167c17444c6d96ebc8d1df937135.html,走进创新中心,活动预告 - 数智北京创新中心,200,text/html,8855,数智北京创新中心,活动预告,数智北京创新中心赛事活动专栏，发布2025年“数据要素×”大赛北京分赛、通知公告、赛事动态、行业活动、活动预告等信息，助力数据要素市场化与智慧城市创新实践。,"数智北京创新中心,赛事活动,数据要素×大赛,北京分赛,赛事动态,行业活动,活动预告,数据要素,智慧城市",879,3,0,1,2026-09-02T14:23:49.231794+00:00,sitemap.xml,
https://dibj.cn/ssfwww/hdyg/afbc2ef05de84842a9352955d9fabe27.html,走进创新中心,活动预告 - 数智北京创新中心,200,text/html,8822,数智北京创新中心,活动预告,数智北京创新中心赛事活动专栏，发布2025年“数据要素×”大赛北京分赛、通知公告、赛事动态、行业活动、活动预告等信息，助力数据要素市场化与智慧城市创新实践。,"数智北京创新中心,赛事活动,数据要素×大赛,北京分赛,赛事动态,行业活动,活动预告,数据要素,智慧城市",828,3,0,1,2026-09-02T14:35:57.276135+00:00,页面链接发现,
https://dibj.cn/ssfwww/hdyg/e0fd23749bad42f5804f9c720ac918ca.html,走进创新中心,活动预告 - 数智北京创新中心,200,text/html,8614,数智北京创新中心,活动预告,数智北京创新中心赛事活动专栏，发布2025年“数据要素×”大赛北京分赛、通知公告、赛事动态、行业活动、活动预告等信息，助力数据要素市场化与智慧城市创新实践。,"数智北京创新中心,赛事活动,数据要素×大赛,北京分赛,赛事动态,行业活动,活动预告,数据要素,智慧城市",742,3,0,0,2026-09-02T14:23:49.444161+00:00,sitemap.xml,
https://dibj.cn/ssfwww/hdyg/ebef010b12d245299a6e09f44b8ce3bb.html,走进创新中心,活动预告 - 数智北京创新中心,200,text/html,8471,数智北京创新中心,活动预告,数智北京创新中心赛事活动专栏，发布2025年“数据要素×”大赛北京分赛、通知公告、赛事动态、行业活动、活动预告等信息，助力数据要素市场化与智慧城市创新实践。,"数智北京创新中心,赛事活动,数据要素×大赛,北京分赛,赛事动态,行业活动,活动预告,数据要素,智慧城市",691,3,0,1,2026-09-02T14:23:49.429537+00:00,sitemap.xml,
https://dibj.cn/ssfwww/hyhd,走进创新中心,行业活动 - 数智北京创新中心,200,text/html,8755,数智北京创新中心,行业活动,数智北京创新中心赛事活动专栏，发布2025年“数据要素×”大赛北京分赛、通知公告、赛事动态、行业活动、活动预告等信息，助力数据要素市场化与智慧城市创新实践。,"数智北京创新中心,赛事活动,数据要素×大赛,北京分赛,赛事动态,行业活动,活动预告,数据要素,智慧城市",308,11,0,8,2026-09-02T14:36:17.932786+00:00,页面链接发现,
https://dibj.cn/ssfwww/hyhd/,走进创新中心,行业活动 - 数智北京创新中心,200,text/html,8755,数智北京创新中心,行业活动,数智北京创新中心赛事活动专栏，发布2025年“数据要素×”大赛北京分赛、通知公告、赛事动态、行业活动、活动预告等信息，助力数据要素市场化与智慧城市创新实践。,"数智北京创新中心,赛事活动,数据要素×大赛,北京分赛,赛事动态,行业活动,活动预告,数据要素,智慧城市",308,11,0,8,2026-09-02T14:23:49.479673+00:00,sitemap.xml,
https://dibj.cn/ssfwww/hyhd/0bdd55f0d54847249d1a797178368a4b.html,走进创新中心,行业活动 - 数智北京创新中心,200,text/html,9763,数智北京创新中心,行业活动,数智北京创新中心赛事活动专栏，发布2025年“数据要素×”大赛北京分赛、通知公告、赛事动态、行业活动、活动预告等信息，助力数据要素市场化与智慧城市创新实践。,"数智北京创新中心,赛事活动,数据要素×大赛,北京分赛,赛事动态,行业活动,活动预告,数据要素,智慧城市",1213,3,0,0,2026-09-02T14:23:50.073627+00:00,sitemap.xml,
https://dibj.cn/ssfwww/hyhd/16201985051a4c25945a5477d0b8ca3e.html,走进创新中心,行业活动 - 数智北京创新中心,200,text/html,10516,数智北京创新中心,行业活动,数智北京创新中心赛事活动专栏，发布2025年“数据要素×”大赛北京分赛、通知公告、赛事动态、行业活动、活动预告等信息，助力数据要素市场化与智慧城市创新实践。,"数智北京创新中心,赛事活动,数据要素×大赛,北京分赛,赛事动态,行业活动,活动预告,数据要素,智慧城市",781,3,0,1,2026-09-02T14:24:08.109242+00:00,sitemap.xml,
https://dibj.cn/ssfwww/hyhd/1cf18836f8814547a9555f89d2a8fc60.html,走进创新中心,行业活动 - 数智北京创新中心,200,text/html,7814,数智北京创新中心,行业活动,数智北京创新中心赛事活动专栏，发布2025年“数据要素×”大赛北京分赛、通知公告、赛事动态、行业活动、活动预告等信息，助力数据要素市场化与智慧城市创新实践。,"数智北京创新中心,赛事活动,数据要素×大赛,北京分赛,赛事动态,行业活动,活动预告,数据要素,智慧城市",487,3,0,1,2026-09-02T14:24:08.055392+00:00,sitemap.xml,
https://dibj.cn/ssfwww/hyhd/26700b47257542d98bc873b5427b1cfe.html,走进创新中心,行业活动 - 数智北京创新中心,200,text/html,10011,数智北京创新中心,行业活动,数智北京创新中心赛事活动专栏，发布2025年“数据要素×”大赛北京分赛、通知公告、赛事动态、行业活动、活动预告等信息，助力数据要素市场化与智慧城市创新实践。,"数智北京创新中心,赛事活动,数据要素×大赛,北京分赛,赛事动态,行业活动,活动预告,数据要素,智慧城市",1313,3,0,0,2026-09-02T14:24:08.882942+00:00,sitemap.xml,
https://dibj.cn/ssfwww/hyhd/47838c0006d2416499cb3acfab4de49e.html,走进创新中心,行业活动 - 数智北京创新中心,200,text/html,8216,数智北京创新中心,行业活动,数智北京创新中心赛事活动专栏，发布2025年“数据要素×”大赛北京分赛、通知公告、赛事动态、行业活动、活动预告等信息，助力数据要素市场化与智慧城市创新实践。,"数智北京创新中心,赛事活动,数据要素×大赛,北京分赛,赛事动态,行业活动,活动预告,数据要素,智慧城市",696,3,0,0,2026-09-02T14:24:07.662778+00:00,sitemap.xml,
https://dibj.cn/ssfwww/hyhd/7c0fb75ce72d44dc8bc530d03dcb96a6.html,走进创新中心,行业活动 - 数智北京创新中心,200,text/html,14961,数智北京创新中心,行业活动,数智北京创新中心赛事活动专栏，发布2025年“数据要素×”大赛北京分赛、通知公告、赛事动态、行业活动、活动预告等信息，助力数据要素市场化与智慧城市创新实践。,"数智北京创新中心,赛事活动,数据要素×大赛,北京分赛,赛事动态,行业活动,活动预告,数据要素,智慧城市",2065,3,0,2,2026-09-02T14:24:08.308066+00:00,sitemap.xml,
https://dibj.cn/ssfwww/hyhd/99e1abee2a29453382ca606d82714bd1.html,走进创新中心,行业活动 - 数智北京创新中心,200,text/html,7878,数智北京创新中心,行业活动,数智北京创新中心赛事活动专栏，发布2025年“数据要素×”大赛北京分赛、通知公告、赛事动态、行业活动、活动预告等信息，助力数据要素市场化与智慧城市创新实践。,"数智北京创新中心,赛事活动,数据要素×大赛,北京分赛,赛事动态,行业活动,活动预告,数据要素,智慧城市",458,3,0,1,2026-09-02T14:24:08.085436+00:00,sitemap.xml,
https://dibj.cn/ssfwww/hyhd/de66ca08a199457b99d130340a97ed93.html,走进创新中心,行业活动 - 数智北京创新中心,200,text/html,7542,数智北京创新中心,行业活动,数智北京创新中心赛事活动专栏，发布2025年“数据要素×”大赛北京分赛、通知公告、赛事动态、行业活动、活动预告等信息，助力数据要素市场化与智慧城市创新实践。,"数智北京创新中心,赛事活动,数据要素×大赛,北京分赛,赛事动态,行业活动,活动预告,数据要素,智慧城市",356,3,0,1,2026-09-02T14:24:08.956426+00:00,sitemap.xml,
https://dibj.cn/ssfwww/lbt/,走进创新中心,轮播图 - 数智北京创新中心,200,text/html,6460,数智北京创新中心,轮播图,,,224,7,0,4,2026-09-02T14:24:08.166650+00:00,sitemap.xml,
https://dibj.cn/ssfwww/lbt/0624ec2afb914748ae3603c3fcd2a5c2.html,走进创新中心,轮播图 - 数智北京创新中心,200,text/html,9026,数智北京创新中心,轮播图,,,1130,3,0,1,2026-09-02T14:24:30.355330+00:00,sitemap.xml,
https://dibj.cn/ssfwww/lbt/5a1e116976a64612b42b3d80239037f4.html,走进创新中心,轮播图 - 数智北京创新中心,200,text/html,10699,数智北京创新中心,轮播图,,,1289,3,0,8,2026-09-02T14:24:30.829043+00:00,sitemap.xml,
https://dibj.cn/ssfwww/lbt/985df6a3c99742bb9d7afb7375e941c4.html,走进创新中心,轮播图 - 数智北京创新中心,200,text/html,25179,数智北京创新中心,轮播图,,,6355,3,0,0,2026-09-02T14:35:57.642185+00:00,页面链接发现,
https://dibj.cn/ssfwww/lbt/fb044092527947099e76b2ce38b42201.html,走进创新中心,轮播图 - 数智北京创新中心,200,text/html,13967,数智北京创新中心,轮播图,,,2140,3,0,10,2026-09-02T14:24:31.762174+00:00,sitemap.xml,
https://dibj.cn/ssfwww/ssdt,走进创新中心,赛事动态 - 数智北京创新中心,200,text/html,13009,数智北京创新中心,赛事动态,数智北京创新中心赛事活动专栏，发布2025年“数据要素×”大赛北京分赛、通知公告、赛事动态、行业活动、活动预告等信息，助力数据要素市场化与智慧城市创新实践。,"数智北京创新中心,赛事活动,数据要素×大赛,北京分赛,赛事动态,行业活动,活动预告,数据要素,智慧城市",922,20,0,0,2026-09-02T14:36:17.853733+00:00,页面链接发现,
https://dibj.cn/ssfwww/ssdt/,走进创新中心,赛事动态 - 数智北京创新中心,200,text/html,13009,数智北京创新中心,赛事动态,数智北京创新中心赛事活动专栏，发布2025年“数据要素×”大赛北京分赛、通知公告、赛事动态、行业活动、活动预告等信息，助力数据要素市场化与智慧城市创新实践。,"数智北京创新中心,赛事活动,数据要素×大赛,北京分赛,赛事动态,行业活动,活动预告,数据要素,智慧城市",922,20,0,0,2026-09-02T14:24:30.869515+00:00,sitemap.xml,
https://dibj.cn/ssfwww/ssdt/09e301b8a060480cb3165ed2eb070050.html,走进创新中心,赛事动态 - 数智北京创新中心,200,text/html,9771,数智北京创新中心,赛事动态,数智北京创新中心赛事活动专栏，发布2025年“数据要素×”大赛北京分赛、通知公告、赛事动态、行业活动、活动预告等信息，助力数据要素市场化与智慧城市创新实践。,"数智北京创新中心,赛事活动,数据要素×大赛,北京分赛,赛事动态,行业活动,活动预告,数据要素,智慧城市",1132,3,0,1,2026-09-02T14:24:30.781483+00:00,sitemap.xml,
https://dibj.cn/ssfwww/ssdt/153d7376ed664c099d7789cb49f167b9.html,走进创新中心,赛事动态 - 数智北京创新中心,200,text/html,15686,数智北京创新中心,赛事动态,数智北京创新中心赛事活动专栏，发布2025年“数据要素×”大赛北京分赛、通知公告、赛事动态、行业活动、活动预告等信息，助力数据要素市场化与智慧城市创新实践。,"数智北京创新中心,赛事活动,数据要素×大赛,北京分赛,赛事动态,行业活动,活动预告,数据要素,智慧城市",2142,3,0,10,2026-09-02T14:24:31.004412+00:00,sitemap.xml,
https://dibj.cn/ssfwww/ssdt/170c6d531f64455285c11bde3e5f391d.html,走进创新中心,赛事动态 - 数智北京创新中心,200,text/html,8593,数智北京创新中心,赛事动态,数智北京创新中心赛事活动专栏，发布2025年“数据要素×”大赛北京分赛、通知公告、赛事动态、行业活动、活动预告等信息，助力数据要素市场化与智慧城市创新实践。,"数智北京创新中心,赛事活动,数据要素×大赛,北京分赛,赛事动态,行业活动,活动预告,数据要素,智慧城市",568,3,0,3,2026-09-02T14:24:30.832336+00:00,sitemap.xml,
https://dibj.cn/ssfwww/ssdt/335f1b1bbe3f414099b685a04304a4cc.html,走进创新中心,赛事动态 - 数智北京创新中心,200,text/html,9357,数智北京创新中心,赛事动态,数智北京创新中心赛事活动专栏，发布2025年“数据要素×”大赛北京分赛、通知公告、赛事动态、行业活动、活动预告等信息，助力数据要素市场化与智慧城市创新实践。,"数智北京创新中心,赛事活动,数据要素×大赛,北京分赛,赛事动态,行业活动,活动预告,数据要素,智慧城市",866,3,0,2,2026-09-02T14:24:30.854970+00:00,sitemap.xml,
https://dibj.cn/ssfwww/ssdt/3594d2cc2d8840aebacf4251fc546f22.html,走进创新中心,赛事动态 - 数智北京创新中心,200,text/html,7633,数智北京创新中心,赛事动态,数智北京创新中心赛事活动专栏，发布2025年“数据要素×”大赛北京分赛、通知公告、赛事动态、行业活动、活动预告等信息，助力数据要素市场化与智慧城市创新实践。,"数智北京创新中心,赛事活动,数据要素×大赛,北京分赛,赛事动态,行业活动,活动预告,数据要素,智慧城市",465,3,0,0,2026-09-02T14:36:17.913063+00:00,页面链接发现,
https://dibj.cn/ssfwww/ssdt/4b3fadbff77544bd87ca8defc9257fbf.html,走进创新中心,赛事动态 - 数智北京创新中心,200,text/html,8620,数智北京创新中心,赛事动态,数智北京创新中心赛事活动专栏，发布2025年“数据要素×”大赛北京分赛、通知公告、赛事动态、行业活动、活动预告等信息，助力数据要素市场化与智慧城市创新实践。,"数智北京创新中心,赛事活动,数据要素×大赛,北京分赛,赛事动态,行业活动,活动预告,数据要素,智慧城市",695,3,0,1,2026-09-02T14:24:49.757579+00:00,sitemap.xml,
https://dibj.cn/ssfwww/ssdt/542f7d8f0a2a4c3cbcd9c64e8871d098.html,走进创新中心,赛事动态 - 数智北京创新中心,200,text/html,11566,数智北京创新中心,赛事动态,数智北京创新中心赛事活动专栏，发布2025年“数据要素×”大赛北京分赛、通知公告、赛事动态、行业活动、活动预告等信息，助力数据要素市场化与智慧城市创新实践。,"数智北京创新中心,赛事活动,数据要素×大赛,北京分赛,赛事动态,行业活动,活动预告,数据要素,智慧城市",1420,3,0,5,2026-09-02T14:24:49.812702+00:00,sitemap.xml,
https://dibj.cn/ssfwww/ssdt/5b1cb9b69c314138adad7bab8948f951.html,走进创新中心,赛事动态 - 数智北京创新中心,200,text/html,11010,数智北京创新中心,赛事动态,数智北京创新中心赛事活动专栏，发布2025年“数据要素×”大赛北京分赛、通知公告、赛事动态、行业活动、活动预告等信息，助力数据要素市场化与智慧城市创新实践。,"数智北京创新中心,赛事活动,数据要素×大赛,北京分赛,赛事动态,行业活动,活动预告,数据要素,智慧城市",962,3,0,8,2026-09-02T14:24:50.204378+00:00,sitemap.xml,
https://dibj.cn/ssfwww/ssdt/5e64196e9105477ab03043d8ac6b7191.html,走进创新中心,赛事动态 - 数智北京创新中心,200,text/html,8938,数智北京创新中心,赛事动态,数智北京创新中心赛事活动专栏，发布2025年“数据要素×”大赛北京分赛、通知公告、赛事动态、行业活动、活动预告等信息，助力数据要素市场化与智慧城市创新实践。,"数智北京创新中心,赛事活动,数据要素×大赛,北京分赛,赛事动态,行业活动,活动预告,数据要素,智慧城市",572,3,0,5,2026-09-02T14:24:49.764667+00:00,sitemap.xml,
https://dibj.cn/ssfwww/ssdt/72d3602e2e9340278e2b571063b06293.html,走进创新中心,赛事动态 - 数智北京创新中心,200,text/html,41505,数智北京创新中心,赛事动态,数智北京创新中心赛事活动专栏，发布2025年“数据要素×”大赛北京分赛、通知公告、赛事动态、行业活动、活动预告等信息，助力数据要素市场化与智慧城市创新实践。,"数智北京创新中心,赛事活动,数据要素×大赛,北京分赛,赛事动态,行业活动,活动预告,数据要素,智慧城市",11788,3,0,1,2026-09-02T14:24:50.474808+00:00,sitemap.xml,
https://dibj.cn/ssfwww/ssdt/7e9f6f5db5f143dca72895a2079dfa05.html,走进创新中心,赛事动态 - 数智北京创新中心,200,text/html,9792,数智北京创新中心,赛事动态,数智北京创新中心赛事活动专栏，发布2025年“数据要素×”大赛北京分赛、通知公告、赛事动态、行业活动、活动预告等信息，助力数据要素市场化与智慧城市创新实践。,"数智北京创新中心,赛事活动,数据要素×大赛,北京分赛,赛事动态,行业活动,活动预告,数据要素,智慧城市",1053,3,0,2,2026-09-02T14:24:49.694645+00:00,sitemap.xml,
https://dibj.cn/ssfwww/ssdt/8b561f4550124d9fa9c838e4e860152d.html,走进创新中心,赛事动态 - 数智北京创新中心,200,text/html,9021,数智北京创新中心,赛事动态,数智北京创新中心赛事活动专栏，发布2025年“数据要素×”大赛北京分赛、通知公告、赛事动态、行业活动、活动预告等信息，助力数据要素市场化与智慧城市创新实践。,"数智北京创新中心,赛事活动,数据要素×大赛,北京分赛,赛事动态,行业活动,活动预告,数据要素,智慧城市",796,3,0,2,2026-09-02T14:24:50.239349+00:00,sitemap.xml,
https://dibj.cn/ssfwww/ssdt/92fb6f97b4234e09b61f86ee931fc2cc.html,走进创新中心,赛事动态 - 数智北京创新中心,200,text/html,8231,数智北京创新中心,赛事动态,数智北京创新中心赛事活动专栏，发布2025年“数据要素×”大赛北京分赛、通知公告、赛事动态、行业活动、活动预告等信息，助力数据要素市场化与智慧城市创新实践。,"数智北京创新中心,赛事活动,数据要素×大赛,北京分赛,赛事动态,行业活动,活动预告,数据要素,智慧城市",581,3,0,1,2026-09-02T14:24:50.222117+00:00,sitemap.xml,
https://dibj.cn/ssfwww/ssdt/9d0ae7fb7e90421bafbb3b4ffbb938de.html,走进创新中心,赛事动态 - 数智北京创新中心,200,text/html,8839,数智北京创新中心,赛事动态,数智北京创新中心赛事活动专栏，发布2025年“数据要素×”大赛北京分赛、通知公告、赛事动态、行业活动、活动预告等信息，助力数据要素市场化与智慧城市创新实践。,"数智北京创新中心,赛事活动,数据要素×大赛,北京分赛,赛事动态,行业活动,活动预告,数据要素,智慧城市",846,3,0,2,2026-09-02T14:25:08.095199+00:00,sitemap.xml,
https://dibj.cn/ssfwww/ssdt/b7187ffb8eff4a609e248d92ebad8ad4.html,走进创新中心,赛事动态 - 数智北京创新中心,200,text/html,9102,数智北京创新中心,赛事动态,数智北京创新中心赛事活动专栏，发布2025年“数据要素×”大赛北京分赛、通知公告、赛事动态、行业活动、活动预告等信息，助力数据要素市场化与智慧城市创新实践。,"数智北京创新中心,赛事活动,数据要素×大赛,北京分赛,赛事动态,行业活动,活动预告,数据要素,智慧城市",995,3,0,0,2026-09-02T14:25:08.941804+00:00,sitemap.xml,
https://dibj.cn/ssfwww/ssdt/bd7aaa6a81c04cf5912584e7dffe4f3f.html,走进创新中心,赛事动态 - 数智北京创新中心,200,text/html,9404,数智北京创新中心,赛事动态,数智北京创新中心赛事活动专栏，发布2025年“数据要素×”大赛北京分赛、通知公告、赛事动态、行业活动、活动预告等信息，助力数据要素市场化与智慧城市创新实践。,"数智北京创新中心,赛事活动,数据要素×大赛,北京分赛,赛事动态,行业活动,活动预告,数据要素,智慧城市",1008,3,0,1,2026-09-02T14:25:09.047055+00:00,sitemap.xml,
https://dibj.cn/ssfwww/ssdt/c07485dc859d431c80e7238cb0ae30fe.html,走进创新中心,赛事动态 - 数智北京创新中心,200,text/html,11444,数智北京创新中心,赛事动态,数智北京创新中心赛事活动专栏，发布2025年“数据要素×”大赛北京分赛、通知公告、赛事动态、行业活动、活动预告等信息，助力数据要素市场化与智慧城市创新实践。,"数智北京创新中心,赛事活动,数据要素×大赛,北京分赛,赛事动态,行业活动,活动预告,数据要素,智慧城市",1291,3,0,8,2026-09-02T14:25:08.533252+00:00,sitemap.xml,
https://dibj.cn/ssfwww/tzgg,走进创新中心,通知公告 - 数智北京创新中心,200,text/html,10599,数智北京创新中心,通知公告,数智北京创新中心赛事活动专栏，发布2025年“数据要素×”大赛北京分赛、通知公告、赛事动态、行业活动、活动预告等信息，助力数据要素市场化与智慧城市创新实践。,"数智北京创新中心,赛事活动,数据要素×大赛,北京分赛,赛事动态,行业活动,活动预告,数据要素,智慧城市",659,14,0,0,2026-09-02T14:36:39.940340+00:00,页面链接发现,
https://dibj.cn/ssfwww/tzgg/,走进创新中心,通知公告 - 数智北京创新中心,200,text/html,10599,数智北京创新中心,通知公告,数智北京创新中心赛事活动专栏，发布2025年“数据要素×”大赛北京分赛、通知公告、赛事动态、行业活动、活动预告等信息，助力数据要素市场化与智慧城市创新实践。,"数智北京创新中心,赛事活动,数据要素×大赛,北京分赛,赛事动态,行业活动,活动预告,数据要素,智慧城市",659,14,0,0,2026-09-02T14:25:09.129534+00:00,sitemap.xml,
https://dibj.cn/ssfwww/tzgg/3cfd3e2ab68d4b978e97f4220b293b7b.html,走进创新中心,通知公告 - 数智北京创新中心,200,text/html,7583,数智北京创新中心,通知公告,数智北京创新中心赛事活动专栏，发布2025年“数据要素×”大赛北京分赛、通知公告、赛事动态、行业活动、活动预告等信息，助力数据要素市场化与智慧城市创新实践。,"数智北京创新中心,赛事活动,数据要素×大赛,北京分赛,赛事动态,行业活动,活动预告,数据要素,智慧城市",404,3,0,0,2026-09-02T14:25:08.562624+00:00,sitemap.xml,
https://dibj.cn/ssfwww/tzgg/56603c2805404c8faa1b1d6a04ddb9eb.html,走进创新中心,通知公告 - 数智北京创新中心,200,text/html,8596,数智北京创新中心,通知公告,数智北京创新中心赛事活动专栏，发布2025年“数据要素×”大赛北京分赛、通知公告、赛事动态、行业活动、活动预告等信息，助力数据要素市场化与智慧城市创新实践。,"数智北京创新中心,赛事活动,数据要素×大赛,北京分赛,赛事动态,行业活动,活动预告,数据要素,智慧城市",432,4,1,0,2026-09-02T14:25:09.121816+00:00,sitemap.xml,
https://dibj.cn/ssfwww/tzgg/56603c2805404c8faa1b1d6a04ddb9eb/52ce64ddac764b5c802ea1abcad32775.pdf,走进创新中心,,200,application/pdf,607640,,,,,489200,0,0,0,2026-09-02T14:25:12.331432+00:00,sitemap.xml,
https://dibj.cn/ssfwww/tzgg/577cf7e0359147e7a3d19d5fa23b99ab.html,走进创新中心,通知公告 - 数智北京创新中心,200,text/html,7898,数智北京创新中心,通知公告,数智北京创新中心赛事活动专栏，发布2025年“数据要素×”大赛北京分赛、通知公告、赛事动态、行业活动、活动预告等信息，助力数据要素市场化与智慧城市创新实践。,"数智北京创新中心,赛事活动,数据要素×大赛,北京分赛,赛事动态,行业活动,活动预告,数据要素,智慧城市",511,3,0,0,2026-09-02T14:25:27.726330+00:00,sitemap.xml,
https://dibj.cn/ssfwww/tzgg/5830b319572341b5b6f3e2e0c77adee5.html,走进创新中心,通知公告 - 数智北京创新中心,200,text/html,8134,数智北京创新中心,通知公告,数智北京创新中心赛事活动专栏，发布2025年“数据要素×”大赛北京分赛、通知公告、赛事动态、行业活动、活动预告等信息，助力数据要素市场化与智慧城市创新实践。,"数智北京创新中心,赛事活动,数据要素×大赛,北京分赛,赛事动态,行业活动,活动预告,数据要素,智慧城市",575,3,0,0,2026-09-02T14:25:27.751712+00:00,sitemap.xml,
https://dibj.cn/ssfwww/tzgg/826945266ebf492280158f533d24207c.html,走进创新中心,通知公告 - 数智北京创新中心,200,text/html,8131,数智北京创新中心,通知公告,数智北京创新中心赛事活动专栏，发布2025年“数据要素×”大赛北京分赛、通知公告、赛事动态、行业活动、活动预告等信息，助力数据要素市场化与智慧城市创新实践。,"数智北京创新中心,赛事活动,数据要素×大赛,北京分赛,赛事动态,行业活动,活动预告,数据要素,智慧城市",575,3,0,0,2026-09-02T14:25:27.636087+00:00,sitemap.xml,
https://dibj.cn/ssfwww/tzgg/923a4479ad1e44709eca28ab1cafe8d9.html,走进创新中心,通知公告 - 数智北京创新中心,200,text/html,7929,数智北京创新中心,通知公告,数智北京创新中心赛事活动专栏，发布2025年“数据要素×”大赛北京分赛、通知公告、赛事动态、行业活动、活动预告等信息，助力数据要素市场化与智慧城市创新实践。,"数智北京创新中心,赛事活动,数据要素×大赛,北京分赛,赛事动态,行业活动,活动预告,数据要素,智慧城市",445,3,0,1,2026-09-02T14:25:27.686245+00:00,sitemap.xml,
https://dibj.cn/ssfwww/tzgg/92bda001d21647489434421e22c46091.html,走进创新中心,通知公告 - 数智北京创新中心,200,text/html,25924,数智北京创新中心,通知公告,数智北京创新中心赛事活动专栏，发布2025年“数据要素×”大赛北京分赛、通知公告、赛事动态、行业活动、活动预告等信息，助力数据要素市场化与智慧城市创新实践。,"数智北京创新中心,赛事活动,数据要素×大赛,北京分赛,赛事动态,行业活动,活动预告,数据要素,智慧城市",6357,3,0,0,2026-09-02T14:36:18.436948+00:00,页面链接发现,
https://dibj.cn/ssfwww/tzgg/b530cdfd995c4b3abf478d04d1fb0e85.html,走进创新中心,通知公告 - 数智北京创新中心,200,text/html,7851,数智北京创新中心,通知公告,数智北京创新中心赛事活动专栏，发布2025年“数据要素×”大赛北京分赛、通知公告、赛事动态、行业活动、活动预告等信息，助力数据要素市场化与智慧城市创新实践。,"数智北京创新中心,赛事活动,数据要素×大赛,北京分赛,赛事动态,行业活动,活动预告,数据要素,智慧城市",545,3,0,0,2026-09-02T14:25:28.222347+00:00,sitemap.xml,
https://dibj.cn/ssfwww/tzgg/cc5ce3673c514ca0b0f61f2cff04809d.html,走进创新中心,通知公告 - 数智北京创新中心,200,text/html,7788,数智北京创新中心,通知公告,数智北京创新中心赛事活动专栏，发布2025年“数据要素×”大赛北京分赛、通知公告、赛事动态、行业活动、活动预告等信息，助力数据要素市场化与智慧城市创新实践。,"数智北京创新中心,赛事活动,数据要素×大赛,北京分赛,赛事动态,行业活动,活动预告,数据要素,智慧城市",518,3,0,0,2026-09-02T14:25:27.747554+00:00,sitemap.xml,
https://dibj.cn/ssfwww/tzgg/e51f399f445b4195b013d18be7185bde.html,走进创新中心,通知公告 - 数智北京创新中心,200,text/html,8872,数智北京创新中心,通知公告,数智北京创新中心赛事活动专栏，发布2025年“数据要素×”大赛北京分赛、通知公告、赛事动态、行业活动、活动预告等信息，助力数据要素市场化与智慧城市创新实践。,"数智北京创新中心,赛事活动,数据要素×大赛,北京分赛,赛事动态,行业活动,活动预告,数据要素,智慧城市",691,5,2,0,2026-09-02T14:25:28.302344+00:00,sitemap.xml,
https://dibj.cn/ssfwww/tzgg/e51f399f445b4195b013d18be7185bde/2fc6f0e8fdde49a6849f740c7bfe5f9b.pdf,走进创新中心,,200,application/pdf,644803,,,,,449600,0,0,0,2026-09-02T14:25:34.657059+00:00,sitemap.xml,
https://dibj.cn/ssfwww/tzgg/e51f399f445b4195b013d18be7185bde/7d27b3a177834fe28dc7b67cba17f691.pdf,走进创新中心,,200,application/pdf,427942,,,,,320788,0,0,0,2026-09-02T14:25:49.549016+00:00,sitemap.xml,
https://dibj.cn/ssfwww/tzgg/ea32432f65184d3ebc037997e29c4096.html,走进创新中心,通知公告 - 数智北京创新中心,200,text/html,9692,数智北京创新中心,通知公告,数智北京创新中心赛事活动专栏，发布2025年“数据要素×”大赛北京分赛、通知公告、赛事动态、行业活动、活动预告等信息，助力数据要素市场化与智慧城市创新实践。,"数智北京创新中心,赛事活动,数据要素×大赛,北京分赛,赛事动态,行业活动,活动预告,数据要素,智慧城市",1265,3,0,1,2026-09-02T14:25:46.820378+00:00,sitemap.xml,
https://dibj.cn/ssfwww/tzgg/ff12cc053de94102b5620578df496494.html,走进创新中心,通知公告 - 数智北京创新中心,200,text/html,7601,数智北京创新中心,通知公告,数智北京创新中心赛事活动专栏，发布2025年“数据要素×”大赛北京分赛、通知公告、赛事动态、行业活动、活动预告等信息，助力数据要素市场化与智慧城市创新实践。,"数智北京创新中心,赛事活动,数据要素×大赛,北京分赛,赛事动态,行业活动,活动预告,数据要素,智慧城市",439,3,0,0,2026-09-02T14:25:47.268924+00:00,sitemap.xml,
https://dibj.cn/sthz,生态合作,我要申请 - 数智北京创新中心,200,text/html,21776,数智北京创新中心,我要申请,数智北京创新中心我要申请页面，提供共创伙伴加入、线下入驻、活动参与、场景揭榜攻关等服务，面向企业与机构招募合作伙伴，共建北京智慧城市与数据要素创新生态。,"数智北京创新中心,我要申请,加入伙伴,共创伙伴,入驻指南,我要揭榜,智慧城市,数据要素,公共数据创新",265,4,0,49,2026-09-02T14:36:59.885558+00:00,页面链接发现,
https://dibj.cn/sthz/,生态合作,我要申请 - 数智北京创新中心,200,text/html,21776,数智北京创新中心,我要申请,数智北京创新中心我要申请页面，提供共创伙伴加入、线下入驻、活动参与、场景揭榜攻关等服务，面向企业与机构招募合作伙伴，共建北京智慧城市与数据要素创新生态。,"数智北京创新中心,我要申请,加入伙伴,共创伙伴,入驻指南,我要揭榜,智慧城市,数据要素,公共数据创新",265,4,0,49,2026-09-02T14:25:46.544244+00:00,sitemap.xml,
https://dibj.cn/sthz/a620262746dd40d6a012b1f76058de31.html,生态合作,我要申请 - 数智北京创新中心,200,text/html,8350,数智北京创新中心,我要申请,数智北京创新中心我要申请页面，提供共创伙伴加入、线下入驻、活动参与、场景揭榜攻关等服务，面向企业与机构招募合作伙伴，共建北京智慧城市与数据要素创新生态。,"数智北京创新中心,我要申请,加入伙伴,共创伙伴,入驻指南,我要揭榜,智慧城市,数据要素,公共数据创新",849,2,0,1,2026-09-02T14:25:46.828160+00:00,sitemap.xml,
https://dibj.cn/sthz/cgyy,生态合作,预约参观 - 数智北京创新中心,200,text/html,59111,数智北京创新中心,预约参观,,,256,0,0,0,2026-09-02T14:37:02.167944+00:00,页面链接发现,
https://dibj.cn/sthz/cgyy/,生态合作,预约参观 - 数智北京创新中心,200,text/html,59111,数智北京创新中心,预约参观,,,256,0,0,0,2026-09-02T14:36:40.500690+00:00,页面链接发现,
https://dibj.cn/sthz/dmxpc,生态合作,政务大模型评测区合作伙伴申请 - 数智北京创新中心,200,text/html,30929,数智北京创新中心,政务大模型评测区合作伙伴申请,,,192,0,0,0,2026-09-02T14:37:00.718947+00:00,页面链接发现,
https://dibj.cn/sthz/gchbsq/,生态合作,公共数据开发利用共创伙伴 - 数智北京创新中心,200,text/html,35333,数智北京创新中心,公共数据开发利用共创伙伴,,,1333,1,1,1,2026-09-02T14:25:46.550696+00:00,sitemap.xml,
https://dibj.cn/sthz/jrhb,生态合作,加入伙伴 - 数智北京创新中心,200,text/html,7435,数智北京创新中心,加入伙伴,,,407,5,0,0,2026-09-02T14:37:00.736462+00:00,页面链接发现,
https://dibj.cn/sthz/jrhb/,生态合作,加入伙伴 - 数智北京创新中心,200,text/html,7435,数智北京创新中心,加入伙伴,,,407,5,0,0,2026-09-02T14:25:46.841293+00:00,sitemap.xml,
https://dibj.cn/sthz/jrhb/524f2f986c594297bba2616081e649a5.html,生态合作,加入伙伴 - 数智北京创新中心,200,text/html,8758,数智北京创新中心,加入伙伴,,,1169,3,0,0,2026-09-02T14:36:59.722891+00:00,页面链接发现,
https://dibj.cn/sthz/jrhb/968be45caac2484d912954f5a340a216.html,生态合作,加入伙伴 - 数智北京创新中心,200,text/html,11466,数智北京创新中心,加入伙伴,,,1920,3,0,0,2026-09-02T14:25:47.444790+00:00,sitemap.xml,
https://dibj.cn/sthz/jrhb/af820590dca847ceaea4d9e3586d5ee0.html,生态合作,加入伙伴 - 数智北京创新中心,200,text/html,10676,数智北京创新中心,加入伙伴,,,1674,3,0,0,2026-09-02T14:37:00.725688+00:00,页面链接发现,
https://dibj.cn/sthz/jrhb/jrhbxq/,生态合作,已加入伙伴 - 数智北京创新中心,200,text/html,30778,数智北京创新中心,已加入伙伴,,,3574,0,0,0,2026-09-02T14:37:01.090514+00:00,页面链接发现,
https://dibj.cn/sthz/wysq/8a88206959634a4bbb388a26a7cddabd.html,生态合作,我要申请 - 数智北京创新中心,200,text/html,8177,数智北京创新中心,我要申请,,,841,3,0,1,2026-09-02T14:26:07.308157+00:00,sitemap.xml,
https://dibj.cn/yyscww,创新成果-应用市场,,200,text/html,81,,,,,0,0,0,0,2026-09-02T14:37:21.986642+00:00,页面链接发现,
https://dibj.cn/yyscww/,创新成果-应用市场,,200,text/html,81,,,,,0,0,0,0,2026-09-02T14:26:07.740122+00:00,sitemap.xml,
https://dibj.cn/yyscww/cgcx,创新成果-应用市场,应用创新 - 数智北京创新中心,200,text/html,7722,数智北京创新中心,应用创新,数据创新成果、应用创新成果、平台服务、企业应用、便民服务。,应用创新,39,2,0,0,2026-09-02T14:37:38.038195+00:00,页面链接发现,
https://dibj.cn/yyscww/cgcx/,创新成果-应用市场,应用创新 - 数智北京创新中心,200,text/html,7722,数智北京创新中心,应用创新,数据创新成果、应用创新成果、平台服务、企业应用、便民服务。,应用创新,39,2,0,0,2026-09-02T14:26:07.345189+00:00,sitemap.xml,
https://dibj.cn/yyscww/sjcx,创新成果-应用市场,数据创新 - 数智北京创新中心,200,text/html,8706,数智北京创新中心,数据创新,数据创新成果、应用创新成果、平台服务、企业应用、便民服务。,数据创新,39,2,0,0,2026-09-02T14:37:38.269990+00:00,页面链接发现,
https://dibj.cn/yyscww/sjcx/,创新成果-应用市场,数据创新 - 数智北京创新中心,200,text/html,8706,数智北京创新中心,数据创新,数据创新成果、应用创新成果、平台服务、企业应用、便民服务。,数据创新,39,2,0,0,2026-09-02T14:26:08.255414+00:00,sitemap.xml,
https://dibj.cn/zcjdww,政策解读,政策解读 - 数智北京创新中心,200,text/html,7414,数智北京创新中心,政策解读,数智北京创新中心政策解读专栏，发布数据要素、公共数据开发利用、数据跨境流动、智慧城市、数字政府等权威政策与专家解读，助力数据要素市场化配置。,"数智北京创新中心,政策解读,数据要素,公共数据,数据跨境流动,智慧城市,数字政府,专家解读",395,8,0,0,2026-09-02T14:37:38.015597+00:00,页面链接发现,
https://dibj.cn/zcjdww/,政策解读,政策解读 - 数智北京创新中心,200,text/html,7414,数智北京创新中心,政策解读,数智北京创新中心政策解读专栏，发布数据要素、公共数据开发利用、数据跨境流动、智慧城市、数字政府等权威政策与专家解读，助力数据要素市场化配置。,"数智北京创新中心,政策解读,数据要素,公共数据,数据跨境流动,智慧城市,数字政府,专家解读",395,8,0,0,2026-09-02T14:26:07.829313+00:00,sitemap.xml,
https://dibj.cn/zcjdww/4ac48c13287d42349182e611f721babc.html,政策解读,政策解读 - 数智北京创新中心,200,text/html,9766,数智北京创新中心,政策解读,数智北京创新中心政策解读专栏，发布数据要素、公共数据开发利用、数据跨境流动、智慧城市、数字政府等权威政策与专家解读，助力数据要素市场化配置。,"数智北京创新中心,政策解读,数据要素,公共数据,数据跨境流动,智慧城市,数字政府,专家解读",1230,2,0,0,2026-09-02T14:26:07.324751+00:00,sitemap.xml,
https://dibj.cn/zcjdww/53caf3db6c8746198141c93c98c110d1.html,政策解读,政策解读 - 数智北京创新中心,200,text/html,11192,数智北京创新中心,政策解读,数智北京创新中心政策解读专栏，发布数据要素、公共数据开发利用、数据跨境流动、智慧城市、数字政府等权威政策与专家解读，助力数据要素市场化配置。,"数智北京创新中心,政策解读,数据要素,公共数据,数据跨境流动,智慧城市,数字政府,专家解读",1645,2,0,1,2026-09-02T14:26:07.291680+00:00,sitemap.xml,
https://dibj.cn/zcjdww/9b8425f72ddb4343a942e5f0601f5b6d.html,政策解读,政策解读 - 数智北京创新中心,200,text/html,6423,数智北京创新中心,政策解读,数智北京创新中心政策解读专栏，发布数据要素、公共数据开发利用、数据跨境流动、智慧城市、数字政府等权威政策与专家解读，助力数据要素市场化配置。,"数智北京创新中心,政策解读,数据要素,公共数据,数据跨境流动,智慧城市,数字政府,专家解读",66,2,0,1,2026-09-02T14:26:08.319952+00:00,sitemap.xml,
https://dibj.cn/zcjdww/a08bf9f47cdb4fb49bfe2b53a6f02308.html,政策解读,政策解读 - 数智北京创新中心,200,text/html,7992,数智北京创新中心,政策解读,数智北京创新中心政策解读专栏，发布数据要素、公共数据开发利用、数据跨境流动、智慧城市、数字政府等权威政策与专家解读，助力数据要素市场化配置。,"数智北京创新中心,政策解读,数据要素,公共数据,数据跨境流动,智慧城市,数字政府,专家解读",651,2,0,0,2026-09-02T14:26:36.012349+00:00,sitemap.xml,
https://dibj.cn/zcjdww/c87ce1cd083948749e9eec04e4ef45db.html,政策解读,政策解读 - 数智北京创新中心,200,text/html,11319,数智北京创新中心,政策解读,数智北京创新中心政策解读专栏，发布数据要素、公共数据开发利用、数据跨境流动、智慧城市、数字政府等权威政策与专家解读，助力数据要素市场化配置。,"数智北京创新中心,政策解读,数据要素,公共数据,数据跨境流动,智慧城市,数字政府,专家解读",1579,2,0,0,2026-09-02T14:26:35.539456+00:00,sitemap.xml,
https://dibj.cn/zcjdww/cc98ee2abdb34a569b0ff66b96945dd6.html,政策解读,政策解读 - 数智北京创新中心,200,text/html,15711,数智北京创新中心,政策解读,数智北京创新中心政策解读专栏，发布数据要素、公共数据开发利用、数据跨境流动、智慧城市、数字政府等权威政策与专家解读，助力数据要素市场化配置。,"数智北京创新中心,政策解读,数据要素,公共数据,数据跨境流动,智慧城市,数字政府,专家解读",3179,2,0,0,2026-09-02T14:26:36.738253+00:00,sitemap.xml,
https://dibj.cn/zcjdww/e19f52ed60a14ed49a7c27f2ff6fe806.html,政策解读,政策解读 - 数智北京创新中心,200,text/html,12614,数智北京创新中心,政策解读,数智北京创新中心政策解读专栏，发布数据要素、公共数据开发利用、数据跨境流动、智慧城市、数字政府等权威政策与专家解读，助力数据要素市场化配置。,"数智北京创新中心,政策解读,数据要素,公共数据,数据跨境流动,智慧城市,数字政府,专家解读",2116,2,0,0,2026-09-02T14:26:36.109250+00:00,sitemap.xml,
