来源页面URL,来源页面分类,来源页面标题,链接URL,链接类型
https://dibj.cn/,首页,数智北京创新中心,https://dibj.cn/,页面链接
https://dibj.cn/,首页,数智北京创新中心,https://dibj.cn/cxfuww,页面链接
https://dibj.cn/,首页,数智北京创新中心,https://dibj.cn/yyscww,页面链接
https://dibj.cn/,首页,数智北京创新中心,https://dibj.cn/cxfuww/szzyml,页面链接
https://dibj.cn/,首页,数智北京创新中心,https://dibj.cn/fzpt/wytg/,页面链接
https://dibj.cn/,首页,数智北京创新中心,https://dibj.cn/sthz,页面链接
https://dibj.cn/,首页,数智北京创新中心,https://dibj.cn/zcjdww,页面链接
https://dibj.cn/,首页,数智北京创新中心,https://dibj.cn/fywmww,页面链接
https://dibj.cn/,首页,数智北京创新中心,https://dibj.cn/fzpt/swcj/,页面链接
https://dibj.cn/,首页,数智北京创新中心,https://dibj.cn/portal/user/index,页面链接
https://dibj.cn/,首页,数智北京创新中心,https://dibj.cn/cxfuww/szzyml/ywsl/,页面链接
https://dibj.cn/,首页,数智北京创新中心,https://dibj.cn/cxfuww/szzyml/zjml/,页面链接
https://dibj.cn/,首页,数智北京创新中心,https://dibj.cn/fzpt/szzy/gxfw/,页面链接
https://dibj.cn/,首页,数智北京创新中心,https://dibj.cn/cxfuww/szzyml/sjml/,页面链接
https://dibj.cn/,首页,数智北京创新中心,https://dibj.cn/fzpt/cxnlqd/,页面链接
https://dibj.cn/,首页,数智北京创新中心,https://dibj.cn/fzpt/wytg/tgsj/sjqd,页面链接
https://dibj.cn/,首页,数智北京创新中心,https://dibj.cn/fzpt/wytg/tgzj/zjqd,页面链接
https://dibj.cn/,首页,数智北京创新中心,https://dibj.cn/fzpt/wytg/tgcj/fwqd,页面链接
https://dibj.cn/,首页,数智北京创新中心,https://dibj.cn/fzpt/wytg/tgyy/yyqd,页面链接
https://dibj.cn/,首页,数智北京创新中心,https://dibj.cn/fzpt/wytg/tgfw/fwqd,页面链接
https://dibj.cn/,首页,数智北京创新中心,https://dibj.cn/sthz/jrhb/jrhbxq/,页面链接
https://dibj.cn/,首页,数智北京创新中心,https://dibj.cn/fzpt/sjcx/rzxm/rzxx/,页面链接
https://dibj.cn/,首页,数智北京创新中心,https://dibj.cn/fzpt/sjcx/rzxm/,页面链接
https://dibj.cn/,首页,数智北京创新中心,https://dibj.cn/ssfwww/,页面链接
https://dibj.cn/,首页,数智北京创新中心,https://dibj.cn/fzpt/sjcx/lhsys/,页面链接
https://dibj.cn/,首页,数智北京创新中心,https://dibj.cn/fzpt/cjyz/jbz/,页面链接
https://dibj.cn/,首页,数智北京创新中心,https://dibj.cn/fzpt/cjyz/djz/,页面链接
https://dibj.cn/,首页,数智北京创新中心,https://dibj.cn/fzpt/cjyz/ywc/,页面链接
https://dibj.cn/,首页,数智北京创新中心,https://dibj.cn/yyscww/cgcx/,页面链接
https://dibj.cn/,首页,数智北京创新中心,https://dibj.cn/yyscww/sjcx/,页面链接
https://dibj.cn/,首页,数智北京创新中心,https://dibj.cn/fzpt/xwzx/24185a0865254fe8ad7ce9abc5dc4dea.html,页面链接
https://dibj.cn/,首页,数智北京创新中心,https://dibj.cn/fzpt/xwzx/b66f003bed1241c2bc046750f79c7b84.html,页面链接
https://dibj.cn/,首页,数智北京创新中心,https://dibj.cn/fzpt/xwzx/b9d1a3cbbe5f441991723c2e4bb39681.html,页面链接
https://dibj.cn/,首页,数智北京创新中心,https://dibj.cn/fzpt/xwzx/e099af48afa34bf8965f9334937a86d0.html,页面链接
https://dibj.cn/,首页,数智北京创新中心,https://dibj.cn/fzpt/xwzx/52fdea474a4d49a9898e05fc1987b41f.html,页面链接
https://dibj.cn/,首页,数智北京创新中心,https://dibj.cn/fzpt/xwzx/8238108a6c2d40939e78bc11487c2959.html,页面链接
https://dibj.cn/,首页,数智北京创新中心,https://dibj.cn/fzpt/xwzx/1c174acc084c405fa4bc9e32643375d4.html,页面链接
https://dibj.cn/,首页,数智北京创新中心,https://dibj.cn/fzpt/xwzx/ddb96dcbd0c64a279591ffd96cbcaea4.html,页面链接
https://dibj.cn/,首页,数智北京创新中心,https://dibj.cn/fzpt/xwzx/,页面链接
https://dibj.cn/,首页,数智北京创新中心,https://dibj.cn/ssfwww/hdyg/2ea25e3eddb14fc2a66b220857471522.html,页面链接
https://dibj.cn/,首页,数智北京创新中心,https://dibj.cn/ssfwww/hdyg/afbc2ef05de84842a9352955d9fabe27.html,页面链接
https://dibj.cn/,首页,数智北京创新中心,https://dibj.cn/ssfwww/hdyg/1b4301114a33467d94c9dac61e8958c4.html,页面链接
https://dibj.cn/,首页,数智北京创新中心,https://dibj.cn/ssfwww/hdyg/0a25d484c58345148b3a52fa74c0327b.html,页面链接
https://dibj.cn/,首页,数智北京创新中心,https://dibj.cn/ssfwww/hdyg/097f23a409904b51b4a6d0c9cd515260.html,页面链接
https://dibj.cn/,首页,数智北京创新中心,https://dibj.cn/ssfwww/hdyg/89314a64f1a24b0ba918ce1967e9db6a.html,页面链接
https://dibj.cn/,首页,数智北京创新中心,https://dibj.cn/ssfwww/hdyg/e0fd23749bad42f5804f9c720ac918ca.html,页面链接
https://dibj.cn/,首页,数智北京创新中心,https://dibj.cn/ssfwww/hdyg/84c5bf30576f4c62adf2873aaa4ab51f.html,页面链接
https://dibj.cn/,首页,数智北京创新中心,https://dibj.cn/ssfwww/hdyg/ebef010b12d245299a6e09f44b8ce3bb.html,页面链接
https://dibj.cn/,首页,数智北京创新中心,https://dibj.cn/ssfwww/hdyg/ab02167c17444c6d96ebc8d1df937135.html,页面链接
https://dibj.cn/,首页,数智北京创新中心,https://dibj.cn/ssfwww/hdyg/03a5a86da56e455ab1a552e861d92554.html,页面链接
https://dibj.cn/,首页,数智北京创新中心,https://dibj.cn/ssfwww/hdyg/3ecb08fa87b6492aadf1876f783a8263.html,页面链接
https://dibj.cn/cxfuww,数字资源,创新服务 - 数智北京创新中心,https://dibj.cn/portal/page/scene/createProject,页面链接
https://dibj.cn/cxfuww,数字资源,创新服务 - 数智北京创新中心,https://dibj.cn/ssfwww/,页面链接
https://dibj.cn/cxfuww,数字资源,创新服务 - 数智北京创新中心,https://dibj.cn/fzpt/cjyz/jbz/,页面链接
https://dibj.cn/cxfuww,数字资源,创新服务 - 数智北京创新中心,https://dibj.cn/cxfuww/szzyml/ywsl,页面链接
https://dibj.cn/cxfuww,数字资源,创新服务 - 数智北京创新中心,https://dibj.cn/cxfuww/szzyml/zjml,页面链接
https://dibj.cn/cxfuww,数字资源,创新服务 - 数智北京创新中心,https://dibj.cn/cxfuww/szzyml/sjml,页面链接
https://dibj.cn/cxfuww,数字资源,创新服务 - 数智北京创新中心,https://dibj.cn/portal/oauth/login/capcloud,页面链接
https://dibj.cn/cxfuww/,数字资源,创新服务 - 数智北京创新中心,https://dibj.cn/portal/page/scene/createProject,页面链接
https://dibj.cn/cxfuww/,数字资源,创新服务 - 数智北京创新中心,https://dibj.cn/ssfwww/,页面链接
https://dibj.cn/cxfuww/,数字资源,创新服务 - 数智北京创新中心,https://dibj.cn/fzpt/cjyz/jbz/,页面链接
https://dibj.cn/cxfuww/,数字资源,创新服务 - 数智北京创新中心,https://dibj.cn/cxfuww/szzyml/ywsl,页面链接
https://dibj.cn/cxfuww/,数字资源,创新服务 - 数智北京创新中心,https://dibj.cn/cxfuww/szzyml/zjml,页面链接
https://dibj.cn/cxfuww/,数字资源,创新服务 - 数智北京创新中心,https://dibj.cn/cxfuww/szzyml/sjml,页面链接
https://dibj.cn/cxfuww/,数字资源,创新服务 - 数智北京创新中心,https://dibj.cn/portal/oauth/login/capcloud,页面链接
https://dibj.cn/cxfuww/szzyml,数字资源,数字资源目录 - 数智北京创新中心,https://dibj.cn/cxfuww/szzyml/ywsl,页面链接
https://dibj.cn/cxfuww/szzyml,数字资源,数字资源目录 - 数智北京创新中心,https://dibj.cn/cxfuww/szzyml/zjml,页面链接
https://dibj.cn/cxfuww/szzyml,数字资源,数字资源目录 - 数智北京创新中心,https://dibj.cn/cxfuww/szzyml/sjml,页面链接
https://dibj.cn/cxfuww/szzyml,数字资源,数字资源目录 - 数智北京创新中心,https://dibj.cn/portal/oauth/login/capcloud,页面链接
https://dibj.cn/cxfuww/szzyml/,数字资源,数字资源目录 - 数智北京创新中心,https://dibj.cn/cxfuww/szzyml/ywsl,页面链接
https://dibj.cn/cxfuww/szzyml/,数字资源,数字资源目录 - 数智北京创新中心,https://dibj.cn/cxfuww/szzyml/zjml,页面链接
https://dibj.cn/cxfuww/szzyml/,数字资源,数字资源目录 - 数智北京创新中心,https://dibj.cn/cxfuww/szzyml/sjml,页面链接
https://dibj.cn/cxfuww/szzyml/,数字资源,数字资源目录 - 数智北京创新中心,https://dibj.cn/portal/oauth/login/capcloud,页面链接
https://dibj.cn/cxfuww/szzyml/ywsl,数字资源,云网算力目录 - 数智北京创新中心,https://dibj.cn/portal/user/index,页面链接
https://dibj.cn/cxfuww/szzyml/ywsl/,数字资源,云网算力目录 - 数智北京创新中心,https://dibj.cn/portal/user/index,页面链接
https://dibj.cn/cxfuww/szzyml/zjml,数字资源,组件目录 - 数智北京创新中心,https://dibj.cn/portal/user/index,页面链接
https://dibj.cn/cxfuww/szzyml/zjml/,数字资源,组件目录 - 数智北京创新中心,https://dibj.cn/portal/user/index,页面链接
https://dibj.cn/fywmww,关于我们,关于我们 - 数智北京创新中心,https://dibj.cn/fywmww/cjwt/,页面链接
https://dibj.cn/fywmww/,关于我们,关于我们 - 数智北京创新中心,https://dibj.cn/fywmww/cjwt/,页面链接
https://dibj.cn/fywmww/cjwt/,关于我们,常见问题 - 数智北京创新中心,https://dibj.cn/,页面链接
https://dibj.cn/fywmww/cjwt/,关于我们,常见问题 - 数智北京创新中心,https://dibj.cn/fywmww/cjwt/,页面链接
https://dibj.cn/fywmww/cjwt/,关于我们,常见问题 - 数智北京创新中心,https://dibj.cn/fywmww/cjwt/e36aafa252fa4ad28fb648463ef72395.html,页面链接
https://dibj.cn/fzpt/,创新服务-其他,数智北京创新中心,https://dibj.cn/,页面链接
https://dibj.cn/fzpt/,创新服务-其他,数智北京创新中心,https://dibj.cn/cxfuww,页面链接
https://dibj.cn/fzpt/,创新服务-其他,数智北京创新中心,https://dibj.cn/yyscww,页面链接
https://dibj.cn/fzpt/,创新服务-其他,数智北京创新中心,https://dibj.cn/cxfuww/szzyml,页面链接
https://dibj.cn/fzpt/,创新服务-其他,数智北京创新中心,https://dibj.cn/fzpt/wytg/,页面链接
https://dibj.cn/fzpt/,创新服务-其他,数智北京创新中心,https://dibj.cn/sthz,页面链接
https://dibj.cn/fzpt/,创新服务-其他,数智北京创新中心,https://dibj.cn/zcjdww,页面链接
https://dibj.cn/fzpt/,创新服务-其他,数智北京创新中心,https://dibj.cn/fywmww,页面链接
https://dibj.cn/fzpt/,创新服务-其他,数智北京创新中心,https://dibj.cn/fzpt/swcj/,页面链接
https://dibj.cn/fzpt/,创新服务-其他,数智北京创新中心,https://dibj.cn/portal/user/index,页面链接
https://dibj.cn/fzpt/,创新服务-其他,数智北京创新中心,https://dibj.cn/fzpt/rmss/e35ff10e79724c8b9ed1fe89dff0719f.html,页面链接
https://dibj.cn/fzpt/,创新服务-其他,数智北京创新中心,https://dibj.cn/cxfuww/szzyml/ywsl/,页面链接
https://dibj.cn/fzpt/,创新服务-其他,数智北京创新中心,https://dibj.cn/cxfuww/szzyml/zjml/,页面链接
https://dibj.cn/fzpt/,创新服务-其他,数智北京创新中心,https://dibj.cn/fzpt/szzy/gxfw,页面链接
https://dibj.cn/fzpt/,创新服务-其他,数智北京创新中心,https://dibj.cn/cxfuww/szzyml/sjml/,页面链接
https://dibj.cn/fzpt/,创新服务-其他,数智北京创新中心,https://dibj.cn/fzpt/cxnlqd/,页面链接
https://dibj.cn/fzpt/,创新服务-其他,数智北京创新中心,https://dibj.cn/fzpt/wytg/tgcj/,页面链接
https://dibj.cn/fzpt/,创新服务-其他,数智北京创新中心,https://dibj.cn/fzpt/wytg/tgcj/fwqd,页面链接
https://dibj.cn/fzpt/,创新服务-其他,数智北京创新中心,https://dibj.cn/fzpt/wytg/tgsj/,页面链接
https://dibj.cn/fzpt/,创新服务-其他,数智北京创新中心,https://dibj.cn/fzpt/wytg/tgsj/sjqd,页面链接
https://dibj.cn/fzpt/,创新服务-其他,数智北京创新中心,https://dibj.cn/fzpt/wytg/tgyy/,页面链接
https://dibj.cn/fzpt/,创新服务-其他,数智北京创新中心,https://dibj.cn/fzpt/wytg/tgyy/yyqd,页面链接
https://dibj.cn/fzpt/,创新服务-其他,数智北京创新中心,https://dibj.cn/fzpt/wytg/tgfw/,页面链接
https://dibj.cn/fzpt/,创新服务-其他,数智北京创新中心,https://dibj.cn/fzpt/wytg/tgfw/fwqd,页面链接
https://dibj.cn/fzpt/,创新服务-其他,数智北京创新中心,https://dibj.cn/fzpt/wytg/tgzj/,页面链接
https://dibj.cn/fzpt/,创新服务-其他,数智北京创新中心,https://dibj.cn/fzpt/wytg/tgzj/zjqd,页面链接
https://dibj.cn/fzpt/,创新服务-其他,数智北京创新中心,https://dibj.cn/sthz/cgyy/,页面链接
https://dibj.cn/fzpt/,创新服务-其他,数智北京创新中心,https://dibj.cn/sthz/jrhb/,页面链接
https://dibj.cn/fzpt/,创新服务-其他,数智北京创新中心,https://dibj.cn/sthz/a620262746dd40d6a012b1f76058de31.html,页面链接
https://dibj.cn/fzpt/,创新服务-其他,数智北京创新中心,https://dibj.cn/fzpt/cjyz/jbz/,页面链接
https://dibj.cn/fzpt/,创新服务-其他,数智北京创新中心,https://dibj.cn/fzpt/wysq/xqfk/,页面链接
https://dibj.cn/fzpt/,创新服务-其他,数智北京创新中心,https://dibj.cn/ssfwww/,页面链接
https://dibj.cn/fzpt/,创新服务-其他,数智北京创新中心,https://dibj.cn/fzpt/sjcx/lhsys/,页面链接
https://dibj.cn/fzpt/,创新服务-其他,数智北京创新中心,https://dibj.cn/fzpt/xwzx,页面链接
https://dibj.cn/fzpt/,创新服务-其他,数智北京创新中心,https://dibj.cn/fzpt/xwzx/24185a0865254fe8ad7ce9abc5dc4dea.html,页面链接
https://dibj.cn/fzpt/,创新服务-其他,数智北京创新中心,https://dibj.cn/fzpt/xwzx/b66f003bed1241c2bc046750f79c7b84.html,页面链接
https://dibj.cn/fzpt/,创新服务-其他,数智北京创新中心,https://dibj.cn/fzpt/xwzx/lbt/d4074238254c44acb02424f7aacdb371.html,页面链接
https://dibj.cn/fzpt/,创新服务-其他,数智北京创新中心,https://dibj.cn/ssfwww/hdyg/,页面链接
https://dibj.cn/fzpt/,创新服务-其他,数智北京创新中心,https://dibj.cn/ssfwww/hdyg/2ea25e3eddb14fc2a66b220857471522.html,页面链接
https://dibj.cn/fzpt/,创新服务-其他,数智北京创新中心,https://dibj.cn/ssfwww/hdyg/afbc2ef05de84842a9352955d9fabe27.html,页面链接
https://dibj.cn/fzpt/,创新服务-其他,数智北京创新中心,https://dibj.cn/ssfwww/hdyg/1b4301114a33467d94c9dac61e8958c4.html,页面链接
https://dibj.cn/fzpt/,创新服务-其他,数智北京创新中心,https://dibj.cn/fzpt/rzqy/,页面链接
https://dibj.cn/fzpt/,创新服务-其他,数智北京创新中心,https://dibj.cn/fzpt/swcj,页面链接
https://dibj.cn/fzpt/cjyz/djz,创新服务-场景培育,对接中 - 数智北京创新中心,https://dibj.cn/,页面链接
https://dibj.cn/fzpt/cjyz/djz,创新服务-场景培育,对接中 - 数智北京创新中心,https://dibj.cn/fzpt/cjyz/jbz/,页面链接
https://dibj.cn/fzpt/cjyz/djz,创新服务-场景培育,对接中 - 数智北京创新中心,https://dibj.cn/fzpt/cjyz/djz/,页面链接
https://dibj.cn/fzpt/cjyz/djz,创新服务-场景培育,对接中 - 数智北京创新中心,https://dibj.cn/fzpt/cjyz/jbz,页面链接
https://dibj.cn/fzpt/cjyz/djz,创新服务-场景培育,对接中 - 数智北京创新中心,https://dibj.cn/fzpt/cjyz/djz,页面链接
https://dibj.cn/fzpt/cjyz/djz,创新服务-场景培育,对接中 - 数智北京创新中心,https://dibj.cn/fzpt/cjyz/ywc,页面链接
https://dibj.cn/fzpt/cjyz/djz/,创新服务-场景培育,对接中 - 数智北京创新中心,https://dibj.cn/,页面链接
https://dibj.cn/fzpt/cjyz/djz/,创新服务-场景培育,对接中 - 数智北京创新中心,https://dibj.cn/fzpt/cjyz/jbz/,页面链接
https://dibj.cn/fzpt/cjyz/djz/,创新服务-场景培育,对接中 - 数智北京创新中心,https://dibj.cn/fzpt/cjyz/djz/,页面链接
https://dibj.cn/fzpt/cjyz/djz/,创新服务-场景培育,对接中 - 数智北京创新中心,https://dibj.cn/fzpt/cjyz/jbz,页面链接
https://dibj.cn/fzpt/cjyz/djz/,创新服务-场景培育,对接中 - 数智北京创新中心,https://dibj.cn/fzpt/cjyz/djz,页面链接
https://dibj.cn/fzpt/cjyz/djz/,创新服务-场景培育,对接中 - 数智北京创新中心,https://dibj.cn/fzpt/cjyz/ywc,页面链接
https://dibj.cn/fzpt/cjyz/jbz,创新服务-场景培育,揭榜中 - 数智北京创新中心,https://dibj.cn/,页面链接
https://dibj.cn/fzpt/cjyz/jbz,创新服务-场景培育,揭榜中 - 数智北京创新中心,https://dibj.cn/fzpt/cjyz/jbz/,页面链接
https://dibj.cn/fzpt/cjyz/jbz,创新服务-场景培育,揭榜中 - 数智北京创新中心,https://dibj.cn/fzpt/cjyz/jbz,页面链接
https://dibj.cn/fzpt/cjyz/jbz,创新服务-场景培育,揭榜中 - 数智北京创新中心,https://dibj.cn/fzpt/cjyz/djz,页面链接
https://dibj.cn/fzpt/cjyz/jbz,创新服务-场景培育,揭榜中 - 数智北京创新中心,https://dibj.cn/fzpt/cjyz/ywc,页面链接
https://dibj.cn/fzpt/cjyz/jbz/,创新服务-场景培育,揭榜中 - 数智北京创新中心,https://dibj.cn/,页面链接
https://dibj.cn/fzpt/cjyz/jbz/,创新服务-场景培育,揭榜中 - 数智北京创新中心,https://dibj.cn/fzpt/cjyz/jbz/,页面链接
https://dibj.cn/fzpt/cjyz/jbz/,创新服务-场景培育,揭榜中 - 数智北京创新中心,https://dibj.cn/fzpt/cjyz/jbz,页面链接
https://dibj.cn/fzpt/cjyz/jbz/,创新服务-场景培育,揭榜中 - 数智北京创新中心,https://dibj.cn/fzpt/cjyz/djz,页面链接
https://dibj.cn/fzpt/cjyz/jbz/,创新服务-场景培育,揭榜中 - 数智北京创新中心,https://dibj.cn/fzpt/cjyz/ywc,页面链接
https://dibj.cn/fzpt/cjyz/szfw,创新服务-场景培育,数字服务类 - 数智北京创新中心,https://dibj.cn/,页面链接
https://dibj.cn/fzpt/cjyz/szfw,创新服务-场景培育,数字服务类 - 数智北京创新中心,https://dibj.cn/fzpt/cjyz/jbz/,页面链接
https://dibj.cn/fzpt/cjyz/szfw,创新服务-场景培育,数字服务类 - 数智北京创新中心,https://dibj.cn/fzpt/cjyz/szfw/,页面链接
https://dibj.cn/fzpt/cjyz/szfw,创新服务-场景培育,数字服务类 - 数智北京创新中心,https://dibj.cn/fzpt/cjyz/szjs,页面链接
https://dibj.cn/fzpt/cjyz/szfw,创新服务-场景培育,数字服务类 - 数智北京创新中心,https://dibj.cn/fzpt/cjyz/szzll,页面链接
https://dibj.cn/fzpt/cjyz/szfw,创新服务-场景培育,数字服务类 - 数智北京创新中心,https://dibj.cn/fzpt/cjyz/szfw,页面链接
https://dibj.cn/fzpt/cjyz/szfw/,创新服务-场景培育,数字服务类 - 数智北京创新中心,https://dibj.cn/,页面链接
https://dibj.cn/fzpt/cjyz/szfw/,创新服务-场景培育,数字服务类 - 数智北京创新中心,https://dibj.cn/fzpt/cjyz/jbz/,页面链接
https://dibj.cn/fzpt/cjyz/szfw/,创新服务-场景培育,数字服务类 - 数智北京创新中心,https://dibj.cn/fzpt/cjyz/szfw/,页面链接
https://dibj.cn/fzpt/cjyz/szfw/,创新服务-场景培育,数字服务类 - 数智北京创新中心,https://dibj.cn/fzpt/cjyz/szjs,页面链接
https://dibj.cn/fzpt/cjyz/szfw/,创新服务-场景培育,数字服务类 - 数智北京创新中心,https://dibj.cn/fzpt/cjyz/szzll,页面链接
https://dibj.cn/fzpt/cjyz/szfw/,创新服务-场景培育,数字服务类 - 数智北京创新中心,https://dibj.cn/fzpt/cjyz/szfw,页面链接
https://dibj.cn/fzpt/cjyz/szjs,创新服务-场景培育,数字技术类 - 数智北京创新中心,https://dibj.cn/,页面链接
https://dibj.cn/fzpt/cjyz/szjs,创新服务-场景培育,数字技术类 - 数智北京创新中心,https://dibj.cn/fzpt/cjyz/jbz/,页面链接
https://dibj.cn/fzpt/cjyz/szjs,创新服务-场景培育,数字技术类 - 数智北京创新中心,https://dibj.cn/fzpt/cjyz/szjs/,页面链接
https://dibj.cn/fzpt/cjyz/szjs,创新服务-场景培育,数字技术类 - 数智北京创新中心,https://dibj.cn/fzpt/cjyz/szjs,页面链接
https://dibj.cn/fzpt/cjyz/szjs,创新服务-场景培育,数字技术类 - 数智北京创新中心,https://dibj.cn/fzpt/cjyz/szzll,页面链接
https://dibj.cn/fzpt/cjyz/szjs,创新服务-场景培育,数字技术类 - 数智北京创新中心,https://dibj.cn/fzpt/cjyz/szfw,页面链接
https://dibj.cn/fzpt/cjyz/szjs/,创新服务-场景培育,数字技术类 - 数智北京创新中心,https://dibj.cn/,页面链接
https://dibj.cn/fzpt/cjyz/szjs/,创新服务-场景培育,数字技术类 - 数智北京创新中心,https://dibj.cn/fzpt/cjyz/jbz/,页面链接
https://dibj.cn/fzpt/cjyz/szjs/,创新服务-场景培育,数字技术类 - 数智北京创新中心,https://dibj.cn/fzpt/cjyz/szjs/,页面链接
https://dibj.cn/fzpt/cjyz/szjs/,创新服务-场景培育,数字技术类 - 数智北京创新中心,https://dibj.cn/fzpt/cjyz/szjs,页面链接
https://dibj.cn/fzpt/cjyz/szjs/,创新服务-场景培育,数字技术类 - 数智北京创新中心,https://dibj.cn/fzpt/cjyz/szzll,页面链接
https://dibj.cn/fzpt/cjyz/szjs/,创新服务-场景培育,数字技术类 - 数智北京创新中心,https://dibj.cn/fzpt/cjyz/szfw,页面链接
https://dibj.cn/fzpt/cjyz/szzll,创新服务-场景培育,数字治理类 - 数智北京创新中心,https://dibj.cn/,页面链接
https://dibj.cn/fzpt/cjyz/szzll,创新服务-场景培育,数字治理类 - 数智北京创新中心,https://dibj.cn/fzpt/cjyz/jbz/,页面链接
https://dibj.cn/fzpt/cjyz/szzll,创新服务-场景培育,数字治理类 - 数智北京创新中心,https://dibj.cn/fzpt/cjyz/szzll/,页面链接
https://dibj.cn/fzpt/cjyz/szzll,创新服务-场景培育,数字治理类 - 数智北京创新中心,https://dibj.cn/fzpt/cjyz/szjs,页面链接
https://dibj.cn/fzpt/cjyz/szzll,创新服务-场景培育,数字治理类 - 数智北京创新中心,https://dibj.cn/fzpt/cjyz/szzll,页面链接
https://dibj.cn/fzpt/cjyz/szzll,创新服务-场景培育,数字治理类 - 数智北京创新中心,https://dibj.cn/fzpt/cjyz/szfw,页面链接
https://dibj.cn/fzpt/cjyz/szzll/,创新服务-场景培育,数字治理类 - 数智北京创新中心,https://dibj.cn/,页面链接
https://dibj.cn/fzpt/cjyz/szzll/,创新服务-场景培育,数字治理类 - 数智北京创新中心,https://dibj.cn/fzpt/cjyz/jbz/,页面链接
https://dibj.cn/fzpt/cjyz/szzll/,创新服务-场景培育,数字治理类 - 数智北京创新中心,https://dibj.cn/fzpt/cjyz/szzll/,页面链接
https://dibj.cn/fzpt/cjyz/szzll/,创新服务-场景培育,数字治理类 - 数智北京创新中心,https://dibj.cn/fzpt/cjyz/szjs,页面链接
https://dibj.cn/fzpt/cjyz/szzll/,创新服务-场景培育,数字治理类 - 数智北京创新中心,https://dibj.cn/fzpt/cjyz/szzll,页面链接
https://dibj.cn/fzpt/cjyz/szzll/,创新服务-场景培育,数字治理类 - 数智北京创新中心,https://dibj.cn/fzpt/cjyz/szfw,页面链接
https://dibj.cn/fzpt/cjyz/ywc,创新服务-场景培育,已完成 - 数智北京创新中心,https://dibj.cn/,页面链接
https://dibj.cn/fzpt/cjyz/ywc,创新服务-场景培育,已完成 - 数智北京创新中心,https://dibj.cn/fzpt/cjyz/jbz/,页面链接
https://dibj.cn/fzpt/cjyz/ywc,创新服务-场景培育,已完成 - 数智北京创新中心,https://dibj.cn/fzpt/cjyz/ywc/,页面链接
https://dibj.cn/fzpt/cjyz/ywc,创新服务-场景培育,已完成 - 数智北京创新中心,https://dibj.cn/fzpt/cjyz/jbz,页面链接
https://dibj.cn/fzpt/cjyz/ywc,创新服务-场景培育,已完成 - 数智北京创新中心,https://dibj.cn/fzpt/cjyz/djz,页面链接
https://dibj.cn/fzpt/cjyz/ywc,创新服务-场景培育,已完成 - 数智北京创新中心,https://dibj.cn/fzpt/cjyz/ywc,页面链接
https://dibj.cn/fzpt/cjyz/ywc/,创新服务-场景培育,已完成 - 数智北京创新中心,https://dibj.cn/,页面链接
https://dibj.cn/fzpt/cjyz/ywc/,创新服务-场景培育,已完成 - 数智北京创新中心,https://dibj.cn/fzpt/cjyz/jbz/,页面链接
https://dibj.cn/fzpt/cjyz/ywc/,创新服务-场景培育,已完成 - 数智北京创新中心,https://dibj.cn/fzpt/cjyz/ywc/,页面链接
https://dibj.cn/fzpt/cjyz/ywc/,创新服务-场景培育,已完成 - 数智北京创新中心,https://dibj.cn/fzpt/cjyz/jbz,页面链接
https://dibj.cn/fzpt/cjyz/ywc/,创新服务-场景培育,已完成 - 数智北京创新中心,https://dibj.cn/fzpt/cjyz/djz,页面链接
https://dibj.cn/fzpt/cjyz/ywc/,创新服务-场景培育,已完成 - 数智北京创新中心,https://dibj.cn/fzpt/cjyz/ywc,页面链接
https://dibj.cn/fzpt/rmss/,创新服务-成果与搜索,热门搜索 - 数智北京创新中心,https://dibj.cn/,页面链接
https://dibj.cn/fzpt/rmss/,创新服务-成果与搜索,热门搜索 - 数智北京创新中心,https://dibj.cn/fzpt/rmss/,页面链接
https://dibj.cn/fzpt/rmss/,创新服务-成果与搜索,热门搜索 - 数智北京创新中心,https://dibj.cn/fzpt/rmss/e35ff10e79724c8b9ed1fe89dff0719f.html,页面链接
https://dibj.cn/fzpt/rmss/e35ff10e79724c8b9ed1fe89dff0719f.html,创新服务-成果与搜索,热门搜索 - 数智北京创新中心,https://dibj.cn/,页面链接
https://dibj.cn/fzpt/rmss/e35ff10e79724c8b9ed1fe89dff0719f.html,创新服务-成果与搜索,热门搜索 - 数智北京创新中心,https://dibj.cn/fzpt/rmss/,页面链接
https://dibj.cn/fzpt/rzqy/,创新服务-其他,入驻企业 - 数智北京创新中心,https://dibj.cn/sthz/a620262746dd40d6a012b1f76058de31.html,页面链接
https://dibj.cn/fzpt/sjcx/lhsys/,创新服务-数据创新,联合实验室 - 数智北京创新中心,https://dibj.cn/,页面链接
https://dibj.cn/fzpt/sjcx/lhsys/,创新服务-数据创新,联合实验室 - 数智北京创新中心,https://dibj.cn/fzpt/sjcx/rzxm/,页面链接
https://dibj.cn/fzpt/sjcx/lhsys/,创新服务-数据创新,联合实验室 - 数智北京创新中心,https://dibj.cn/fzpt/sjcx/lhsys/,页面链接
https://dibj.cn/fzpt/sjcx/lhsys/,创新服务-数据创新,联合实验室 - 数智北京创新中心,https://dibj.cn/fzpt/sjcx/lhsys/2c605e23cd4f42b5bc891f46d71f79da.html,页面链接
https://dibj.cn/fzpt/sjcx/lhsys/,创新服务-数据创新,联合实验室 - 数智北京创新中心,https://dibj.cn/fzpt/sjcx/lhsys/abba9302cce94990adbc3de64e9c2b61.html,页面链接
https://dibj.cn/fzpt/sjcx/lhsys/,创新服务-数据创新,联合实验室 - 数智北京创新中心,https://dibj.cn/fzpt/sjcx/lhsys/6282fa18238140cc9353d1ad712236c6.html,页面链接
https://dibj.cn/fzpt/sjcx/lhsys/,创新服务-数据创新,联合实验室 - 数智北京创新中心,https://dibj.cn/fzpt/sjcx/lhsys/7ee59bae4c384465b38b3fcd6e67c770.html,页面链接
https://dibj.cn/fzpt/sjcx/lhsys/,创新服务-数据创新,联合实验室 - 数智北京创新中心,https://dibj.cn/fzpt/sjcx/lhsys/5b6664752c004372b125426812d4bd8c.html,页面链接
https://dibj.cn/fzpt/sjcx/lhsys/,创新服务-数据创新,联合实验室 - 数智北京创新中心,https://dibj.cn/fzpt/sjcx/lhsys/be708aa6fabd49039c4a0f14849ec59e.html,页面链接
https://dibj.cn/fzpt/sjcx/lhsys/,创新服务-数据创新,联合实验室 - 数智北京创新中心,https://dibj.cn/fzpt/sjcx/lhsys/7df9dfa306fa48dc9cf3b430ec4eea85.html,页面链接
https://dibj.cn/fzpt/sjcx/lhsys/2c605e23cd4f42b5bc891f46d71f79da.html,创新服务-数据创新,联合实验室 - 数智北京创新中心,https://dibj.cn/,页面链接
https://dibj.cn/fzpt/sjcx/lhsys/2c605e23cd4f42b5bc891f46d71f79da.html,创新服务-数据创新,联合实验室 - 数智北京创新中心,https://dibj.cn/fzpt/sjcx/rzxm/,页面链接
https://dibj.cn/fzpt/sjcx/lhsys/2c605e23cd4f42b5bc891f46d71f79da.html,创新服务-数据创新,联合实验室 - 数智北京创新中心,https://dibj.cn/fzpt/sjcx/lhsys/,页面链接
https://dibj.cn/fzpt/sjcx/lhsys/5b6664752c004372b125426812d4bd8c.html,创新服务-数据创新,联合实验室 - 数智北京创新中心,https://dibj.cn/,页面链接
https://dibj.cn/fzpt/sjcx/lhsys/5b6664752c004372b125426812d4bd8c.html,创新服务-数据创新,联合实验室 - 数智北京创新中心,https://dibj.cn/fzpt/sjcx/rzxm/,页面链接
https://dibj.cn/fzpt/sjcx/lhsys/5b6664752c004372b125426812d4bd8c.html,创新服务-数据创新,联合实验室 - 数智北京创新中心,https://dibj.cn/fzpt/sjcx/lhsys/,页面链接
https://dibj.cn/fzpt/sjcx/lhsys/6282fa18238140cc9353d1ad712236c6.html,创新服务-数据创新,联合实验室 - 数智北京创新中心,https://dibj.cn/,页面链接
https://dibj.cn/fzpt/sjcx/lhsys/6282fa18238140cc9353d1ad712236c6.html,创新服务-数据创新,联合实验室 - 数智北京创新中心,https://dibj.cn/fzpt/sjcx/rzxm/,页面链接
https://dibj.cn/fzpt/sjcx/lhsys/6282fa18238140cc9353d1ad712236c6.html,创新服务-数据创新,联合实验室 - 数智北京创新中心,https://dibj.cn/fzpt/sjcx/lhsys/,页面链接
https://dibj.cn/fzpt/sjcx/lhsys/7df9dfa306fa48dc9cf3b430ec4eea85.html,创新服务-数据创新,联合实验室 - 数智北京创新中心,https://dibj.cn/,页面链接
https://dibj.cn/fzpt/sjcx/lhsys/7df9dfa306fa48dc9cf3b430ec4eea85.html,创新服务-数据创新,联合实验室 - 数智北京创新中心,https://dibj.cn/fzpt/sjcx/rzxm/,页面链接
https://dibj.cn/fzpt/sjcx/lhsys/7df9dfa306fa48dc9cf3b430ec4eea85.html,创新服务-数据创新,联合实验室 - 数智北京创新中心,https://dibj.cn/fzpt/sjcx/lhsys/,页面链接
https://dibj.cn/fzpt/sjcx/lhsys/7ee59bae4c384465b38b3fcd6e67c770.html,创新服务-数据创新,联合实验室 - 数智北京创新中心,https://dibj.cn/,页面链接
https://dibj.cn/fzpt/sjcx/lhsys/7ee59bae4c384465b38b3fcd6e67c770.html,创新服务-数据创新,联合实验室 - 数智北京创新中心,https://dibj.cn/fzpt/sjcx/rzxm/,页面链接
https://dibj.cn/fzpt/sjcx/lhsys/7ee59bae4c384465b38b3fcd6e67c770.html,创新服务-数据创新,联合实验室 - 数智北京创新中心,https://dibj.cn/fzpt/sjcx/lhsys/,页面链接
https://dibj.cn/fzpt/sjcx/lhsys/abba9302cce94990adbc3de64e9c2b61.html,创新服务-数据创新,联合实验室 - 数智北京创新中心,https://dibj.cn/,页面链接
https://dibj.cn/fzpt/sjcx/lhsys/abba9302cce94990adbc3de64e9c2b61.html,创新服务-数据创新,联合实验室 - 数智北京创新中心,https://dibj.cn/fzpt/sjcx/rzxm/,页面链接
https://dibj.cn/fzpt/sjcx/lhsys/abba9302cce94990adbc3de64e9c2b61.html,创新服务-数据创新,联合实验室 - 数智北京创新中心,https://dibj.cn/fzpt/sjcx/lhsys/,页面链接
https://dibj.cn/fzpt/sjcx/lhsys/be708aa6fabd49039c4a0f14849ec59e.html,创新服务-数据创新,联合实验室 - 数智北京创新中心,https://dibj.cn/,页面链接
https://dibj.cn/fzpt/sjcx/lhsys/be708aa6fabd49039c4a0f14849ec59e.html,创新服务-数据创新,联合实验室 - 数智北京创新中心,https://dibj.cn/fzpt/sjcx/rzxm/,页面链接
https://dibj.cn/fzpt/sjcx/lhsys/be708aa6fabd49039c4a0f14849ec59e.html,创新服务-数据创新,联合实验室 - 数智北京创新中心,https://dibj.cn/fzpt/sjcx/lhsys/,页面链接
https://dibj.cn/fzpt/sjcx/rzxm/,创新服务-数据创新,入驻项目 - 数智北京创新中心,https://dibj.cn/,页面链接
https://dibj.cn/fzpt/sjcx/rzxm/,创新服务-数据创新,入驻项目 - 数智北京创新中心,https://dibj.cn/fzpt/sjcx/rzxm/,页面链接
https://dibj.cn/fzpt/sjcx/sjjsfw/,创新服务-数据创新,数据要素竞赛 - 数智北京创新中心,https://dibj.cn/,页面链接
https://dibj.cn/fzpt/sjcx/sjjsfw/,创新服务-数据创新,数据要素竞赛 - 数智北京创新中心,https://dibj.cn/fzpt/sjcx/rzxm/,页面链接
https://dibj.cn/fzpt/sjcx/sjjsfw/,创新服务-数据创新,数据要素竞赛 - 数智北京创新中心,https://dibj.cn/fzpt/sjcx/sjjsfw/,页面链接
https://dibj.cn/fzpt/sjcx/sjjsfw/,创新服务-数据创新,数据要素竞赛 - 数智北京创新中心,https://dibj.cn/fzpt/sjcx/sjjsfw/4ec6dd5e2f104d22b5e8b7dd0d6c699b.html,页面链接
https://dibj.cn/fzpt/sjcx/sjjsfw/,创新服务-数据创新,数据要素竞赛 - 数智北京创新中心,https://dibj.cn/fzpt/sjcx/sjjsfw/7596ead0bb144f7b82f428060dc97d11.html,页面链接
https://dibj.cn/fzpt/sjcx/sjjsfw/,创新服务-数据创新,数据要素竞赛 - 数智北京创新中心,https://dibj.cn/fzpt/sjcx/sjjsfw/36bf2890effb452791cdf8424ce3a813.html,页面链接
https://dibj.cn/fzpt/sjcx/sjjsfw/,创新服务-数据创新,数据要素竞赛 - 数智北京创新中心,https://dibj.cn/fzpt/sjcx/sjjsfw/0702fa7825d84e0b880a463f3c80c14c.html,页面链接
https://dibj.cn/fzpt/sjcx/sjjsfw/,创新服务-数据创新,数据要素竞赛 - 数智北京创新中心,https://dibj.cn/fzpt/sjcx/sjjsfw/de5df249507147ae96c39881c350fad2.html,页面链接
https://dibj.cn/fzpt/sjcx/sjjsfw/,创新服务-数据创新,数据要素竞赛 - 数智北京创新中心,https://dibj.cn/fzpt/sjcx/sjjsfw/90b240bca7a04398bc8185b52cfcab23.html,页面链接
https://dibj.cn/fzpt/sjcx/sjjsfw/0702fa7825d84e0b880a463f3c80c14c.html,创新服务-数据创新,数据要素竞赛 - 数智北京创新中心,https://dibj.cn/,页面链接
https://dibj.cn/fzpt/sjcx/sjjsfw/0702fa7825d84e0b880a463f3c80c14c.html,创新服务-数据创新,数据要素竞赛 - 数智北京创新中心,https://dibj.cn/fzpt/sjcx/rzxm/,页面链接
https://dibj.cn/fzpt/sjcx/sjjsfw/0702fa7825d84e0b880a463f3c80c14c.html,创新服务-数据创新,数据要素竞赛 - 数智北京创新中心,https://dibj.cn/fzpt/sjcx/sjjsfw/,页面链接
https://dibj.cn/fzpt/sjcx/sjjsfw/36bf2890effb452791cdf8424ce3a813.html,创新服务-数据创新,数据要素竞赛 - 数智北京创新中心,https://dibj.cn/,页面链接
https://dibj.cn/fzpt/sjcx/sjjsfw/36bf2890effb452791cdf8424ce3a813.html,创新服务-数据创新,数据要素竞赛 - 数智北京创新中心,https://dibj.cn/fzpt/sjcx/rzxm/,页面链接
https://dibj.cn/fzpt/sjcx/sjjsfw/36bf2890effb452791cdf8424ce3a813.html,创新服务-数据创新,数据要素竞赛 - 数智北京创新中心,https://dibj.cn/fzpt/sjcx/sjjsfw/,页面链接
https://dibj.cn/fzpt/sjcx/sjjsfw/4ec6dd5e2f104d22b5e8b7dd0d6c699b.html,创新服务-数据创新,数据要素竞赛 - 数智北京创新中心,https://dibj.cn/,页面链接
https://dibj.cn/fzpt/sjcx/sjjsfw/4ec6dd5e2f104d22b5e8b7dd0d6c699b.html,创新服务-数据创新,数据要素竞赛 - 数智北京创新中心,https://dibj.cn/fzpt/sjcx/rzxm/,页面链接
https://dibj.cn/fzpt/sjcx/sjjsfw/4ec6dd5e2f104d22b5e8b7dd0d6c699b.html,创新服务-数据创新,数据要素竞赛 - 数智北京创新中心,https://dibj.cn/fzpt/sjcx/sjjsfw/,页面链接
https://dibj.cn/fzpt/sjcx/sjjsfw/7596ead0bb144f7b82f428060dc97d11.html,创新服务-数据创新,数据要素竞赛 - 数智北京创新中心,https://dibj.cn/,页面链接
https://dibj.cn/fzpt/sjcx/sjjsfw/7596ead0bb144f7b82f428060dc97d11.html,创新服务-数据创新,数据要素竞赛 - 数智北京创新中心,https://dibj.cn/fzpt/sjcx/rzxm/,页面链接
https://dibj.cn/fzpt/sjcx/sjjsfw/7596ead0bb144f7b82f428060dc97d11.html,创新服务-数据创新,数据要素竞赛 - 数智北京创新中心,https://dibj.cn/fzpt/sjcx/sjjsfw/,页面链接
https://dibj.cn/fzpt/sjcx/sjjsfw/90b240bca7a04398bc8185b52cfcab23.html,创新服务-数据创新,数据要素竞赛 - 数智北京创新中心,https://dibj.cn/,页面链接
https://dibj.cn/fzpt/sjcx/sjjsfw/90b240bca7a04398bc8185b52cfcab23.html,创新服务-数据创新,数据要素竞赛 - 数智北京创新中心,https://dibj.cn/fzpt/sjcx/rzxm/,页面链接
https://dibj.cn/fzpt/sjcx/sjjsfw/90b240bca7a04398bc8185b52cfcab23.html,创新服务-数据创新,数据要素竞赛 - 数智北京创新中心,https://dibj.cn/fzpt/sjcx/sjjsfw/,页面链接
https://dibj.cn/fzpt/sjcx/sjjsfw/de5df249507147ae96c39881c350fad2.html,创新服务-数据创新,数据要素竞赛 - 数智北京创新中心,https://dibj.cn/,页面链接
https://dibj.cn/fzpt/sjcx/sjjsfw/de5df249507147ae96c39881c350fad2.html,创新服务-数据创新,数据要素竞赛 - 数智北京创新中心,https://dibj.cn/fzpt/sjcx/rzxm/,页面链接
https://dibj.cn/fzpt/sjcx/sjjsfw/de5df249507147ae96c39881c350fad2.html,创新服务-数据创新,数据要素竞赛 - 数智北京创新中心,https://dibj.cn/fzpt/sjcx/sjjsfw/,页面链接
https://dibj.cn/fzpt/swcj,创新服务-成果与搜索,创新中心三维场景 - 数智北京创新中心,https://dibj.cn/,页面链接
https://dibj.cn/fzpt/swcj,创新服务-成果与搜索,创新中心三维场景 - 数智北京创新中心,https://dibj.cn/fzpt/swcj/,页面链接
https://dibj.cn/fzpt/swcj/,创新服务-成果与搜索,创新中心三维场景 - 数智北京创新中心,https://dibj.cn/,页面链接
https://dibj.cn/fzpt/swcj/,创新服务-成果与搜索,创新中心三维场景 - 数智北京创新中心,https://dibj.cn/fzpt/swcj/,页面链接
https://dibj.cn/fzpt/szzy/gxfw,创新服务-共性服务,共性服务 - 数智北京创新中心,https://dibj.cn/,页面链接
https://dibj.cn/fzpt/szzy/gxfw,创新服务-共性服务,共性服务 - 数智北京创新中心,https://dibj.cn/fzpt/szzy/gxfw/,页面链接
https://dibj.cn/fzpt/szzy/gxfw,创新服务-共性服务,共性服务 - 数智北京创新中心,https://dibj.cn/fzpt/wysq/xqfk,页面链接
https://dibj.cn/fzpt/szzy/gxfw,创新服务-共性服务,共性服务 - 数智北京创新中心,https://dibj.cn/sthz/cgyy,页面链接
https://dibj.cn/fzpt/szzy/gxfw/,创新服务-共性服务,共性服务 - 数智北京创新中心,https://dibj.cn/,页面链接
https://dibj.cn/fzpt/szzy/gxfw/,创新服务-共性服务,共性服务 - 数智北京创新中心,https://dibj.cn/fzpt/szzy/gxfw/,页面链接
https://dibj.cn/fzpt/szzy/gxfw/,创新服务-共性服务,共性服务 - 数智北京创新中心,https://dibj.cn/fzpt/wysq/xqfk,页面链接
https://dibj.cn/fzpt/szzy/gxfw/,创新服务-共性服务,共性服务 - 数智北京创新中心,https://dibj.cn/sthz/cgyy,页面链接
https://dibj.cn/fzpt/wysq/rzznwz/,创新服务-资源提供与申请,我要申请 - 数智北京创新中心,https://dibj.cn/,页面链接
https://dibj.cn/fzpt/wysq/rzznwz/,创新服务-资源提供与申请,我要申请 - 数智北京创新中心,https://dibj.cn/sthz/,页面链接
https://dibj.cn/fzpt/wysq/rzznwz/,创新服务-资源提供与申请,我要申请 - 数智北京创新中心,https://dibj.cn/sthz/cgyy/,页面链接
https://dibj.cn/fzpt/wytg/,创新服务-资源提供与申请,我要提供 - 数智北京创新中心,https://dibj.cn/images/zj_txsm.pdf,附件
https://dibj.cn/fzpt/wytg/,创新服务-资源提供与申请,我要提供 - 数智北京创新中心,https://dibj.cn/images/zj_dbgf.pdf,附件
https://dibj.cn/fzpt/wytg/tgzj/,创新服务-资源提供与申请,提供组件 - 数智北京创新中心,https://dibj.cn/images/zj_txsm.pdf,附件
https://dibj.cn/fzpt/wytg/tgzj/,创新服务-资源提供与申请,提供组件 - 数智北京创新中心,https://dibj.cn/images/zj_dbgf.pdf,附件
https://dibj.cn/fzpt/xwzx,新闻资讯,新闻资讯 - 数智北京创新中心,https://dibj.cn/,页面链接
https://dibj.cn/fzpt/xwzx,新闻资讯,新闻资讯 - 数智北京创新中心,https://dibj.cn/fzpt/xwzx/,页面链接
https://dibj.cn/fzpt/xwzx,新闻资讯,新闻资讯 - 数智北京创新中心,https://dibj.cn/fzpt/xwzx/24185a0865254fe8ad7ce9abc5dc4dea.html,页面链接
https://dibj.cn/fzpt/xwzx,新闻资讯,新闻资讯 - 数智北京创新中心,https://dibj.cn/fzpt/xwzx/b66f003bed1241c2bc046750f79c7b84.html,页面链接
https://dibj.cn/fzpt/xwzx,新闻资讯,新闻资讯 - 数智北京创新中心,https://dibj.cn/fzpt/xwzx/b9d1a3cbbe5f441991723c2e4bb39681.html,页面链接
https://dibj.cn/fzpt/xwzx,新闻资讯,新闻资讯 - 数智北京创新中心,https://dibj.cn/fzpt/xwzx/e099af48afa34bf8965f9334937a86d0.html,页面链接
https://dibj.cn/fzpt/xwzx,新闻资讯,新闻资讯 - 数智北京创新中心,https://dibj.cn/fzpt/xwzx/52fdea474a4d49a9898e05fc1987b41f.html,页面链接
https://dibj.cn/fzpt/xwzx,新闻资讯,新闻资讯 - 数智北京创新中心,https://dibj.cn/fzpt/xwzx/097e9830c3374f9bb15dd9ef36c3a80f.html,页面链接
https://dibj.cn/fzpt/xwzx,新闻资讯,新闻资讯 - 数智北京创新中心,https://dibj.cn/fzpt/xwzx/1c174acc084c405fa4bc9e32643375d4.html,页面链接
https://dibj.cn/fzpt/xwzx,新闻资讯,新闻资讯 - 数智北京创新中心,https://dibj.cn/fzpt/xwzx/ddb96dcbd0c64a279591ffd96cbcaea4.html,页面链接
https://dibj.cn/fzpt/xwzx,新闻资讯,新闻资讯 - 数智北京创新中心,https://dibj.cn/fzpt/xwzx/186ad52302af49f19d9e27a3e6db84d6.html,页面链接
https://dibj.cn/fzpt/xwzx,新闻资讯,新闻资讯 - 数智北京创新中心,https://dibj.cn/fzpt/xwzx/192955c035b14259b9bc6b96e405cae8.html,页面链接
https://dibj.cn/fzpt/xwzx,新闻资讯,新闻资讯 - 数智北京创新中心,https://dibj.cn/fzpt/xwzx/048c98a10887436e9262ea7df699f518.html,页面链接
https://dibj.cn/fzpt/xwzx,新闻资讯,新闻资讯 - 数智北京创新中心,https://dibj.cn/fzpt/xwzx/98fd90e52347431a8b03f653ffeefd0b.html,页面链接
https://dibj.cn/fzpt/xwzx,新闻资讯,新闻资讯 - 数智北京创新中心,https://dibj.cn/fzpt/xwzx/690d0d5bd2b049e98bbf9b4a67a8ad45.html,页面链接
https://dibj.cn/fzpt/xwzx,新闻资讯,新闻资讯 - 数智北京创新中心,https://dibj.cn/fzpt/xwzx/46ab4787315a4808809bb3a0cb41bd6b.html,页面链接
https://dibj.cn/fzpt/xwzx,新闻资讯,新闻资讯 - 数智北京创新中心,https://dibj.cn/fzpt/xwzx/2d88f7edd0774f83b484d4104df5a9e4.html,页面链接
https://dibj.cn/fzpt/xwzx,新闻资讯,新闻资讯 - 数智北京创新中心,https://dibj.cn/fzpt/xwzx/79fc2f2fec294265a1a8a7983adbaa39.html,页面链接
https://dibj.cn/fzpt/xwzx,新闻资讯,新闻资讯 - 数智北京创新中心,https://dibj.cn/fzpt/xwzx/912b9d7ae4f0404e992a47123b3409d9.html,页面链接
https://dibj.cn/fzpt/xwzx,新闻资讯,新闻资讯 - 数智北京创新中心,https://dibj.cn/fzpt/xwzx/ea2c1e8636b742f9b9ff55788eb901d7.html,页面链接
https://dibj.cn/fzpt/xwzx,新闻资讯,新闻资讯 - 数智北京创新中心,https://dibj.cn/fzpt/xwzx/402860be8bab4dd8b1e19f282d7ef733.html,页面链接
https://dibj.cn/fzpt/xwzx,新闻资讯,新闻资讯 - 数智北京创新中心,https://dibj.cn/fzpt/xwzx/a2ea582186a943e0a7bef48904eeecc1.html,页面链接
https://dibj.cn/fzpt/xwzx,新闻资讯,新闻资讯 - 数智北京创新中心,https://dibj.cn/fzpt/xwzx/index_2.html,页面链接
https://dibj.cn/fzpt/xwzx,新闻资讯,新闻资讯 - 数智北京创新中心,https://dibj.cn/fzpt/xwzx/index_3.html,页面链接
https://dibj.cn/fzpt/xwzx,新闻资讯,新闻资讯 - 数智北京创新中心,https://dibj.cn/fzpt/xwzx/index_4.html,页面链接
https://dibj.cn/fzpt/xwzx,新闻资讯,新闻资讯 - 数智北京创新中心,https://dibj.cn/fzpt/xwzx/index_5.html,页面链接
https://dibj.cn/fzpt/xwzx,新闻资讯,新闻资讯 - 数智北京创新中心,https://dibj.cn/fzpt/xwzx/index_6.html,页面链接
https://dibj.cn/fzpt/xwzx,新闻资讯,新闻资讯 - 数智北京创新中心,https://dibj.cn/fzpt/xwzx/index_7.html,页面链接
https://dibj.cn/fzpt/xwzx,新闻资讯,新闻资讯 - 数智北京创新中心,https://dibj.cn/fzpt/xwzx/index_8.html,页面链接
https://dibj.cn/fzpt/xwzx,新闻资讯,新闻资讯 - 数智北京创新中心,https://dibj.cn/fzpt/xwzx/index_9.html,页面链接
https://dibj.cn/fzpt/xwzx,新闻资讯,新闻资讯 - 数智北京创新中心,https://dibj.cn/fzpt/xwzx/index_10.html,页面链接
https://dibj.cn/fzpt/xwzx,新闻资讯,新闻资讯 - 数智北京创新中心,https://dibj.cn/fzpt/xwzx/index_11.html,页面链接
https://dibj.cn/fzpt/xwzx,新闻资讯,新闻资讯 - 数智北京创新中心,https://dibj.cn/fzpt/xwzx/index_12.html,页面链接
https://dibj.cn/fzpt/xwzx/,新闻资讯,新闻资讯 - 数智北京创新中心,https://dibj.cn/,页面链接
https://dibj.cn/fzpt/xwzx/,新闻资讯,新闻资讯 - 数智北京创新中心,https://dibj.cn/fzpt/xwzx/,页面链接
https://dibj.cn/fzpt/xwzx/,新闻资讯,新闻资讯 - 数智北京创新中心,https://dibj.cn/fzpt/xwzx/24185a0865254fe8ad7ce9abc5dc4dea.html,页面链接
https://dibj.cn/fzpt/xwzx/,新闻资讯,新闻资讯 - 数智北京创新中心,https://dibj.cn/fzpt/xwzx/b66f003bed1241c2bc046750f79c7b84.html,页面链接
https://dibj.cn/fzpt/xwzx/,新闻资讯,新闻资讯 - 数智北京创新中心,https://dibj.cn/fzpt/xwzx/b9d1a3cbbe5f441991723c2e4bb39681.html,页面链接
https://dibj.cn/fzpt/xwzx/,新闻资讯,新闻资讯 - 数智北京创新中心,https://dibj.cn/fzpt/xwzx/e099af48afa34bf8965f9334937a86d0.html,页面链接
https://dibj.cn/fzpt/xwzx/,新闻资讯,新闻资讯 - 数智北京创新中心,https://dibj.cn/fzpt/xwzx/52fdea474a4d49a9898e05fc1987b41f.html,页面链接
https://dibj.cn/fzpt/xwzx/,新闻资讯,新闻资讯 - 数智北京创新中心,https://dibj.cn/fzpt/xwzx/097e9830c3374f9bb15dd9ef36c3a80f.html,页面链接
https://dibj.cn/fzpt/xwzx/,新闻资讯,新闻资讯 - 数智北京创新中心,https://dibj.cn/fzpt/xwzx/1c174acc084c405fa4bc9e32643375d4.html,页面链接
https://dibj.cn/fzpt/xwzx/,新闻资讯,新闻资讯 - 数智北京创新中心,https://dibj.cn/fzpt/xwzx/ddb96dcbd0c64a279591ffd96cbcaea4.html,页面链接
https://dibj.cn/fzpt/xwzx/,新闻资讯,新闻资讯 - 数智北京创新中心,https://dibj.cn/fzpt/xwzx/186ad52302af49f19d9e27a3e6db84d6.html,页面链接
https://dibj.cn/fzpt/xwzx/,新闻资讯,新闻资讯 - 数智北京创新中心,https://dibj.cn/fzpt/xwzx/192955c035b14259b9bc6b96e405cae8.html,页面链接
https://dibj.cn/fzpt/xwzx/,新闻资讯,新闻资讯 - 数智北京创新中心,https://dibj.cn/fzpt/xwzx/048c98a10887436e9262ea7df699f518.html,页面链接
https://dibj.cn/fzpt/xwzx/,新闻资讯,新闻资讯 - 数智北京创新中心,https://dibj.cn/fzpt/xwzx/98fd90e52347431a8b03f653ffeefd0b.html,页面链接
https://dibj.cn/fzpt/xwzx/,新闻资讯,新闻资讯 - 数智北京创新中心,https://dibj.cn/fzpt/xwzx/690d0d5bd2b049e98bbf9b4a67a8ad45.html,页面链接
https://dibj.cn/fzpt/xwzx/,新闻资讯,新闻资讯 - 数智北京创新中心,https://dibj.cn/fzpt/xwzx/46ab4787315a4808809bb3a0cb41bd6b.html,页面链接
https://dibj.cn/fzpt/xwzx/,新闻资讯,新闻资讯 - 数智北京创新中心,https://dibj.cn/fzpt/xwzx/2d88f7edd0774f83b484d4104df5a9e4.html,页面链接
https://dibj.cn/fzpt/xwzx/,新闻资讯,新闻资讯 - 数智北京创新中心,https://dibj.cn/fzpt/xwzx/79fc2f2fec294265a1a8a7983adbaa39.html,页面链接
https://dibj.cn/fzpt/xwzx/,新闻资讯,新闻资讯 - 数智北京创新中心,https://dibj.cn/fzpt/xwzx/912b9d7ae4f0404e992a47123b3409d9.html,页面链接
https://dibj.cn/fzpt/xwzx/,新闻资讯,新闻资讯 - 数智北京创新中心,https://dibj.cn/fzpt/xwzx/ea2c1e8636b742f9b9ff55788eb901d7.html,页面链接
https://dibj.cn/fzpt/xwzx/,新闻资讯,新闻资讯 - 数智北京创新中心,https://dibj.cn/fzpt/xwzx/402860be8bab4dd8b1e19f282d7ef733.html,页面链接
https://dibj.cn/fzpt/xwzx/,新闻资讯,新闻资讯 - 数智北京创新中心,https://dibj.cn/fzpt/xwzx/a2ea582186a943e0a7bef48904eeecc1.html,页面链接
https://dibj.cn/fzpt/xwzx/,新闻资讯,新闻资讯 - 数智北京创新中心,https://dibj.cn/fzpt/xwzx/index_2.html,页面链接
https://dibj.cn/fzpt/xwzx/,新闻资讯,新闻资讯 - 数智北京创新中心,https://dibj.cn/fzpt/xwzx/index_3.html,页面链接
https://dibj.cn/fzpt/xwzx/,新闻资讯,新闻资讯 - 数智北京创新中心,https://dibj.cn/fzpt/xwzx/index_4.html,页面链接
https://dibj.cn/fzpt/xwzx/,新闻资讯,新闻资讯 - 数智北京创新中心,https://dibj.cn/fzpt/xwzx/index_5.html,页面链接
https://dibj.cn/fzpt/xwzx/,新闻资讯,新闻资讯 - 数智北京创新中心,https://dibj.cn/fzpt/xwzx/index_6.html,页面链接
https://dibj.cn/fzpt/xwzx/,新闻资讯,新闻资讯 - 数智北京创新中心,https://dibj.cn/fzpt/xwzx/index_7.html,页面链接
https://dibj.cn/fzpt/xwzx/,新闻资讯,新闻资讯 - 数智北京创新中心,https://dibj.cn/fzpt/xwzx/index_8.html,页面链接
https://dibj.cn/fzpt/xwzx/,新闻资讯,新闻资讯 - 数智北京创新中心,https://dibj.cn/fzpt/xwzx/index_9.html,页面链接
https://dibj.cn/fzpt/xwzx/,新闻资讯,新闻资讯 - 数智北京创新中心,https://dibj.cn/fzpt/xwzx/index_10.html,页面链接
https://dibj.cn/fzpt/xwzx/,新闻资讯,新闻资讯 - 数智北京创新中心,https://dibj.cn/fzpt/xwzx/index_11.html,页面链接
https://dibj.cn/fzpt/xwzx/,新闻资讯,新闻资讯 - 数智北京创新中心,https://dibj.cn/fzpt/xwzx/index_12.html,页面链接
https://dibj.cn/fzpt/xwzx/016b6de92580459a97d2163d9342f236.html,新闻资讯,新闻资讯 - 数智北京创新中心,https://dibj.cn/,页面链接
https://dibj.cn/fzpt/xwzx/016b6de92580459a97d2163d9342f236.html,新闻资讯,新闻资讯 - 数智北京创新中心,https://dibj.cn/fzpt/xwzx/,页面链接
https://dibj.cn/fzpt/xwzx/0232b1a0dfdf4d57afda6b86c33feddc.html,新闻资讯,新闻资讯 - 数智北京创新中心,https://dibj.cn/,页面链接
https://dibj.cn/fzpt/xwzx/0232b1a0dfdf4d57afda6b86c33feddc.html,新闻资讯,新闻资讯 - 数智北京创新中心,https://dibj.cn/fzpt/xwzx/,页面链接
https://dibj.cn/fzpt/xwzx/029a1fd4394342deaf57853f063b70d9.html,新闻资讯,新闻资讯 - 数智北京创新中心,https://dibj.cn/,页面链接
https://dibj.cn/fzpt/xwzx/029a1fd4394342deaf57853f063b70d9.html,新闻资讯,新闻资讯 - 数智北京创新中心,https://dibj.cn/fzpt/xwzx/,页面链接
https://dibj.cn/fzpt/xwzx/02a3c89498dc4f139fcb35502a1b929c.html,新闻资讯,新闻资讯 - 数智北京创新中心,https://dibj.cn/,页面链接
https://dibj.cn/fzpt/xwzx/02a3c89498dc4f139fcb35502a1b929c.html,新闻资讯,新闻资讯 - 数智北京创新中心,https://dibj.cn/fzpt/xwzx/,页面链接
https://dibj.cn/fzpt/xwzx/048b76d5e17242bc911bb63f205794d4.html,新闻资讯,新闻资讯 - 数智北京创新中心,https://dibj.cn/,页面链接
https://dibj.cn/fzpt/xwzx/048b76d5e17242bc911bb63f205794d4.html,新闻资讯,新闻资讯 - 数智北京创新中心,https://dibj.cn/fzpt/xwzx/,页面链接
https://dibj.cn/fzpt/xwzx/048c98a10887436e9262ea7df699f518.html,新闻资讯,新闻资讯 - 数智北京创新中心,https://dibj.cn/,页面链接
https://dibj.cn/fzpt/xwzx/048c98a10887436e9262ea7df699f518.html,新闻资讯,新闻资讯 - 数智北京创新中心,https://dibj.cn/fzpt/xwzx/,页面链接
https://dibj.cn/fzpt/xwzx/04de33ed77764348949463e1b0a09fc0.html,新闻资讯,新闻资讯 - 数智北京创新中心,https://dibj.cn/,页面链接
https://dibj.cn/fzpt/xwzx/04de33ed77764348949463e1b0a09fc0.html,新闻资讯,新闻资讯 - 数智北京创新中心,https://dibj.cn/fzpt/xwzx/,页面链接
https://dibj.cn/fzpt/xwzx/050bf317b56c4359ba9a6762a699f299.html,新闻资讯,新闻资讯 - 数智北京创新中心,https://dibj.cn/,页面链接
https://dibj.cn/fzpt/xwzx/050bf317b56c4359ba9a6762a699f299.html,新闻资讯,新闻资讯 - 数智北京创新中心,https://dibj.cn/fzpt/xwzx/,页面链接
https://dibj.cn/fzpt/xwzx/05651db626bb42fba52466845e2860fd.html,新闻资讯,新闻资讯 - 数智北京创新中心,https://dibj.cn/,页面链接
https://dibj.cn/fzpt/xwzx/05651db626bb42fba52466845e2860fd.html,新闻资讯,新闻资讯 - 数智北京创新中心,https://dibj.cn/fzpt/xwzx/,页面链接
https://dibj.cn/fzpt/xwzx/089305202fdc4989b42ec1f732e37cd3.html,新闻资讯,新闻资讯 - 数智北京创新中心,https://dibj.cn/,页面链接
https://dibj.cn/fzpt/xwzx/089305202fdc4989b42ec1f732e37cd3.html,新闻资讯,新闻资讯 - 数智北京创新中心,https://dibj.cn/fzpt/xwzx/,页面链接
https://dibj.cn/fzpt/xwzx/097e9830c3374f9bb15dd9ef36c3a80f.html,新闻资讯,新闻资讯 - 数智北京创新中心,https://dibj.cn/,页面链接
https://dibj.cn/fzpt/xwzx/097e9830c3374f9bb15dd9ef36c3a80f.html,新闻资讯,新闻资讯 - 数智北京创新中心,https://dibj.cn/fzpt/xwzx/,页面链接
https://dibj.cn/fzpt/xwzx/0a7fc716f1ce4b05acad22a9bf5b3c93.html,新闻资讯,新闻资讯 - 数智北京创新中心,https://dibj.cn/,页面链接
https://dibj.cn/fzpt/xwzx/0a7fc716f1ce4b05acad22a9bf5b3c93.html,新闻资讯,新闻资讯 - 数智北京创新中心,https://dibj.cn/fzpt/xwzx/,页面链接
https://dibj.cn/fzpt/xwzx/0abcf2409bdc4241a0a9f052506b0805.html,新闻资讯,新闻资讯 - 数智北京创新中心,https://dibj.cn/,页面链接
https://dibj.cn/fzpt/xwzx/0abcf2409bdc4241a0a9f052506b0805.html,新闻资讯,新闻资讯 - 数智北京创新中心,https://dibj.cn/fzpt/xwzx/,页面链接
https://dibj.cn/fzpt/xwzx/0b7f933998f54f17af3f482c6253fc04.html,新闻资讯,新闻资讯 - 数智北京创新中心,https://dibj.cn/,页面链接
https://dibj.cn/fzpt/xwzx/0b7f933998f54f17af3f482c6253fc04.html,新闻资讯,新闻资讯 - 数智北京创新中心,https://dibj.cn/fzpt/xwzx/,页面链接
https://dibj.cn/fzpt/xwzx/0cc313e412af4f80a627b49a76c2871b.html,新闻资讯,新闻资讯 - 数智北京创新中心,https://dibj.cn/,页面链接
https://dibj.cn/fzpt/xwzx/0cc313e412af4f80a627b49a76c2871b.html,新闻资讯,新闻资讯 - 数智北京创新中心,https://dibj.cn/fzpt/xwzx/,页面链接
https://dibj.cn/fzpt/xwzx/0d08710993314e978ba83eb4c57e3086.html,新闻资讯,新闻资讯 - 数智北京创新中心,https://dibj.cn/,页面链接
https://dibj.cn/fzpt/xwzx/0d08710993314e978ba83eb4c57e3086.html,新闻资讯,新闻资讯 - 数智北京创新中心,https://dibj.cn/fzpt/xwzx/,页面链接
https://dibj.cn/fzpt/xwzx/0d3acf3f95004e7aba372439b27db756.html,新闻资讯,新闻资讯 - 数智北京创新中心,https://dibj.cn/,页面链接
https://dibj.cn/fzpt/xwzx/0d3acf3f95004e7aba372439b27db756.html,新闻资讯,新闻资讯 - 数智北京创新中心,https://dibj.cn/fzpt/xwzx/,页面链接
https://dibj.cn/fzpt/xwzx/119eb8b1f13c437795fb6ab31c9d7406.html,新闻资讯,新闻资讯 - 数智北京创新中心,https://dibj.cn/,页面链接
https://dibj.cn/fzpt/xwzx/119eb8b1f13c437795fb6ab31c9d7406.html,新闻资讯,新闻资讯 - 数智北京创新中心,https://dibj.cn/fzpt/xwzx/,页面链接
https://dibj.cn/fzpt/xwzx/11ad1cff23f54e32a564860f7bb258e9.html,新闻资讯,新闻资讯 - 数智北京创新中心,https://dibj.cn/,页面链接
https://dibj.cn/fzpt/xwzx/11ad1cff23f54e32a564860f7bb258e9.html,新闻资讯,新闻资讯 - 数智北京创新中心,https://dibj.cn/fzpt/xwzx/,页面链接
https://dibj.cn/fzpt/xwzx/11fa1feffdb24b1d83506c9cac47b779.html,新闻资讯,新闻资讯 - 数智北京创新中心,https://dibj.cn/,页面链接
https://dibj.cn/fzpt/xwzx/11fa1feffdb24b1d83506c9cac47b779.html,新闻资讯,新闻资讯 - 数智北京创新中心,https://dibj.cn/fzpt/xwzx/,页面链接
https://dibj.cn/fzpt/xwzx/1376089648364917a806be016ab1504a.html,新闻资讯,新闻资讯 - 数智北京创新中心,https://dibj.cn/,页面链接
https://dibj.cn/fzpt/xwzx/1376089648364917a806be016ab1504a.html,新闻资讯,新闻资讯 - 数智北京创新中心,https://dibj.cn/fzpt/xwzx/,页面链接
https://dibj.cn/fzpt/xwzx/13c735726889438fb56c300a2be012e8.html,新闻资讯,新闻资讯 - 数智北京创新中心,https://dibj.cn/,页面链接
https://dibj.cn/fzpt/xwzx/13c735726889438fb56c300a2be012e8.html,新闻资讯,新闻资讯 - 数智北京创新中心,https://dibj.cn/fzpt/xwzx/,页面链接
https://dibj.cn/fzpt/xwzx/144ebd01692e4cf492d1faa285f50654.html,新闻资讯,新闻资讯 - 数智北京创新中心,https://dibj.cn/,页面链接
https://dibj.cn/fzpt/xwzx/144ebd01692e4cf492d1faa285f50654.html,新闻资讯,新闻资讯 - 数智北京创新中心,https://dibj.cn/fzpt/xwzx/,页面链接
https://dibj.cn/fzpt/xwzx/1579e1d995eb4ba7bd81be7926cc7fe6.html,新闻资讯,新闻资讯 - 数智北京创新中心,https://dibj.cn/,页面链接
https://dibj.cn/fzpt/xwzx/1579e1d995eb4ba7bd81be7926cc7fe6.html,新闻资讯,新闻资讯 - 数智北京创新中心,https://dibj.cn/fzpt/xwzx/,页面链接
https://dibj.cn/fzpt/xwzx/1649e06d77c54296b6fc60095c21bedb.html,新闻资讯,新闻资讯 - 数智北京创新中心,https://dibj.cn/,页面链接
https://dibj.cn/fzpt/xwzx/1649e06d77c54296b6fc60095c21bedb.html,新闻资讯,新闻资讯 - 数智北京创新中心,https://dibj.cn/fzpt/xwzx/,页面链接
https://dibj.cn/fzpt/xwzx/1733c77a056a4a0a8f58a11bc608c820.html,新闻资讯,新闻资讯 - 数智北京创新中心,https://dibj.cn/,页面链接
https://dibj.cn/fzpt/xwzx/1733c77a056a4a0a8f58a11bc608c820.html,新闻资讯,新闻资讯 - 数智北京创新中心,https://dibj.cn/fzpt/xwzx/,页面链接
https://dibj.cn/fzpt/xwzx/1750bfc34c8045378ccde887e0a95bc2.html,新闻资讯,新闻资讯 - 数智北京创新中心,https://dibj.cn/,页面链接
https://dibj.cn/fzpt/xwzx/1750bfc34c8045378ccde887e0a95bc2.html,新闻资讯,新闻资讯 - 数智北京创新中心,https://dibj.cn/fzpt/xwzx/,页面链接
https://dibj.cn/fzpt/xwzx/186ad52302af49f19d9e27a3e6db84d6.html,新闻资讯,新闻资讯 - 数智北京创新中心,https://dibj.cn/,页面链接
https://dibj.cn/fzpt/xwzx/186ad52302af49f19d9e27a3e6db84d6.html,新闻资讯,新闻资讯 - 数智北京创新中心,https://dibj.cn/fzpt/xwzx/,页面链接
https://dibj.cn/fzpt/xwzx/1875747053764ca88c82a3cee1a30807.html,新闻资讯,新闻资讯 - 数智北京创新中心,https://dibj.cn/,页面链接
https://dibj.cn/fzpt/xwzx/1875747053764ca88c82a3cee1a30807.html,新闻资讯,新闻资讯 - 数智北京创新中心,https://dibj.cn/fzpt/xwzx/,页面链接
https://dibj.cn/fzpt/xwzx/192955c035b14259b9bc6b96e405cae8.html,新闻资讯,新闻资讯 - 数智北京创新中心,https://dibj.cn/,页面链接
https://dibj.cn/fzpt/xwzx/192955c035b14259b9bc6b96e405cae8.html,新闻资讯,新闻资讯 - 数智北京创新中心,https://dibj.cn/fzpt/xwzx/,页面链接
https://dibj.cn/fzpt/xwzx/1a0dd20b3eab4bfca681baecd500cb08.html,新闻资讯,新闻资讯 - 数智北京创新中心,https://dibj.cn/,页面链接
https://dibj.cn/fzpt/xwzx/1a0dd20b3eab4bfca681baecd500cb08.html,新闻资讯,新闻资讯 - 数智北京创新中心,https://dibj.cn/fzpt/xwzx/,页面链接
https://dibj.cn/fzpt/xwzx/1c174acc084c405fa4bc9e32643375d4.html,新闻资讯,新闻资讯 - 数智北京创新中心,https://dibj.cn/,页面链接
https://dibj.cn/fzpt/xwzx/1c174acc084c405fa4bc9e32643375d4.html,新闻资讯,新闻资讯 - 数智北京创新中心,https://dibj.cn/fzpt/xwzx/,页面链接
https://dibj.cn/fzpt/xwzx/1c47aab7623643fbb0d1da09e0b6adc5.html,新闻资讯,新闻资讯 - 数智北京创新中心,https://dibj.cn/,页面链接
https://dibj.cn/fzpt/xwzx/1c47aab7623643fbb0d1da09e0b6adc5.html,新闻资讯,新闻资讯 - 数智北京创新中心,https://dibj.cn/fzpt/xwzx/,页面链接
https://dibj.cn/fzpt/xwzx/1cb2f0a86d7d4d51afa63d8dbc74b05a.html,新闻资讯,新闻资讯 - 数智北京创新中心,https://dibj.cn/,页面链接
https://dibj.cn/fzpt/xwzx/1cb2f0a86d7d4d51afa63d8dbc74b05a.html,新闻资讯,新闻资讯 - 数智北京创新中心,https://dibj.cn/fzpt/xwzx/,页面链接
https://dibj.cn/fzpt/xwzx/1e35d0882e7d4c5ab8c1e6ccb7ec6f6c.html,新闻资讯,新闻资讯 - 数智北京创新中心,https://dibj.cn/,页面链接
https://dibj.cn/fzpt/xwzx/1e35d0882e7d4c5ab8c1e6ccb7ec6f6c.html,新闻资讯,新闻资讯 - 数智北京创新中心,https://dibj.cn/fzpt/xwzx/,页面链接
https://dibj.cn/fzpt/xwzx/1e8853add20543b9b13b023efbd280aa.html,新闻资讯,新闻资讯 - 数智北京创新中心,https://dibj.cn/,页面链接
https://dibj.cn/fzpt/xwzx/1e8853add20543b9b13b023efbd280aa.html,新闻资讯,新闻资讯 - 数智北京创新中心,https://dibj.cn/fzpt/xwzx/,页面链接
https://dibj.cn/fzpt/xwzx/21326153b3854752b1563ce9decc48bf.html,新闻资讯,新闻资讯 - 数智北京创新中心,https://dibj.cn/,页面链接
https://dibj.cn/fzpt/xwzx/21326153b3854752b1563ce9decc48bf.html,新闻资讯,新闻资讯 - 数智北京创新中心,https://dibj.cn/fzpt/xwzx/,页面链接
https://dibj.cn/fzpt/xwzx/21d0ac084c5947e8b7a56ddbb6b0da02.html,新闻资讯,新闻资讯 - 数智北京创新中心,https://dibj.cn/,页面链接
https://dibj.cn/fzpt/xwzx/21d0ac084c5947e8b7a56ddbb6b0da02.html,新闻资讯,新闻资讯 - 数智北京创新中心,https://dibj.cn/fzpt/xwzx/,页面链接
https://dibj.cn/fzpt/xwzx/226d2d43b7ee4d26872676cbc861fd1f.html,新闻资讯,新闻资讯 - 数智北京创新中心,https://dibj.cn/,页面链接
https://dibj.cn/fzpt/xwzx/226d2d43b7ee4d26872676cbc861fd1f.html,新闻资讯,新闻资讯 - 数智北京创新中心,https://dibj.cn/fzpt/xwzx/,页面链接
https://dibj.cn/fzpt/xwzx/23f5f536d35046669a0004d652c3a821.html,新闻资讯,新闻资讯 - 数智北京创新中心,https://dibj.cn/,页面链接
https://dibj.cn/fzpt/xwzx/23f5f536d35046669a0004d652c3a821.html,新闻资讯,新闻资讯 - 数智北京创新中心,https://dibj.cn/fzpt/xwzx/,页面链接
https://dibj.cn/fzpt/xwzx/24185a0865254fe8ad7ce9abc5dc4dea.html,新闻资讯,新闻资讯 - 数智北京创新中心,https://dibj.cn/,页面链接
https://dibj.cn/fzpt/xwzx/24185a0865254fe8ad7ce9abc5dc4dea.html,新闻资讯,新闻资讯 - 数智北京创新中心,https://dibj.cn/fzpt/xwzx/,页面链接
https://dibj.cn/fzpt/xwzx/255478072a2e475692dbc3ddb8fad45d.html,新闻资讯,新闻资讯 - 数智北京创新中心,https://dibj.cn/,页面链接
https://dibj.cn/fzpt/xwzx/255478072a2e475692dbc3ddb8fad45d.html,新闻资讯,新闻资讯 - 数智北京创新中心,https://dibj.cn/fzpt/xwzx/,页面链接
https://dibj.cn/fzpt/xwzx/258d78d616ce4703847edcfec2407323.html,新闻资讯,新闻资讯 - 数智北京创新中心,https://dibj.cn/,页面链接
https://dibj.cn/fzpt/xwzx/258d78d616ce4703847edcfec2407323.html,新闻资讯,新闻资讯 - 数智北京创新中心,https://dibj.cn/fzpt/xwzx/,页面链接
https://dibj.cn/fzpt/xwzx/26689c649b2345ed90529fddf1d9adf9.html,新闻资讯,新闻资讯 - 数智北京创新中心,https://dibj.cn/,页面链接
https://dibj.cn/fzpt/xwzx/26689c649b2345ed90529fddf1d9adf9.html,新闻资讯,新闻资讯 - 数智北京创新中心,https://dibj.cn/fzpt/xwzx/,页面链接
https://dibj.cn/fzpt/xwzx/2911dad7d0b54e3eae2f09503afcd416.html,新闻资讯,新闻资讯 - 数智北京创新中心,https://dibj.cn/,页面链接
https://dibj.cn/fzpt/xwzx/2911dad7d0b54e3eae2f09503afcd416.html,新闻资讯,新闻资讯 - 数智北京创新中心,https://dibj.cn/fzpt/xwzx/,页面链接
https://dibj.cn/fzpt/xwzx/2a30647b5d0b4c70936e255ec8795a44.html,新闻资讯,新闻资讯 - 数智北京创新中心,https://dibj.cn/,页面链接
https://dibj.cn/fzpt/xwzx/2a30647b5d0b4c70936e255ec8795a44.html,新闻资讯,新闻资讯 - 数智北京创新中心,https://dibj.cn/fzpt/xwzx/,页面链接
https://dibj.cn/fzpt/xwzx/2a30647b5d0b4c70936e255ec8795a44.html,新闻资讯,新闻资讯 - 数智北京创新中心,https://dibj.cn/fzpt/xwzx/2a30647b5d0b4c70936e255ec8795a44/ea636557660f401983cafafeadc21822.pdf,附件
https://dibj.cn/fzpt/xwzx/2b8e5ff9e12b4a92b647522be175d8cb.html,新闻资讯,新闻资讯 - 数智北京创新中心,https://dibj.cn/,页面链接
https://dibj.cn/fzpt/xwzx/2b8e5ff9e12b4a92b647522be175d8cb.html,新闻资讯,新闻资讯 - 数智北京创新中心,https://dibj.cn/fzpt/xwzx/,页面链接
https://dibj.cn/fzpt/xwzx/2bc6d979772345daa4273ecfd953973b.html,新闻资讯,新闻资讯 - 数智北京创新中心,https://dibj.cn/,页面链接
https://dibj.cn/fzpt/xwzx/2bc6d979772345daa4273ecfd953973b.html,新闻资讯,新闻资讯 - 数智北京创新中心,https://dibj.cn/fzpt/xwzx/,页面链接
https://dibj.cn/fzpt/xwzx/2d88f7edd0774f83b484d4104df5a9e4.html,新闻资讯,新闻资讯 - 数智北京创新中心,https://dibj.cn/,页面链接
https://dibj.cn/fzpt/xwzx/2d88f7edd0774f83b484d4104df5a9e4.html,新闻资讯,新闻资讯 - 数智北京创新中心,https://dibj.cn/fzpt/xwzx/,页面链接
https://dibj.cn/fzpt/xwzx/2e7d25c38a0b46f8adebbff1ff6b5201.html,新闻资讯,新闻资讯 - 数智北京创新中心,https://dibj.cn/,页面链接
https://dibj.cn/fzpt/xwzx/2e7d25c38a0b46f8adebbff1ff6b5201.html,新闻资讯,新闻资讯 - 数智北京创新中心,https://dibj.cn/fzpt/xwzx/,页面链接
https://dibj.cn/fzpt/xwzx/2fcb270fc2de480e9ba1aee1cf8bc1d6.html,新闻资讯,新闻资讯 - 数智北京创新中心,https://dibj.cn/,页面链接
https://dibj.cn/fzpt/xwzx/2fcb270fc2de480e9ba1aee1cf8bc1d6.html,新闻资讯,新闻资讯 - 数智北京创新中心,https://dibj.cn/fzpt/xwzx/,页面链接
https://dibj.cn/fzpt/xwzx/321255f091584b4b9eab433b0f5d44c6.html,新闻资讯,新闻资讯 - 数智北京创新中心,https://dibj.cn/,页面链接
https://dibj.cn/fzpt/xwzx/321255f091584b4b9eab433b0f5d44c6.html,新闻资讯,新闻资讯 - 数智北京创新中心,https://dibj.cn/fzpt/xwzx/,页面链接
https://dibj.cn/fzpt/xwzx/36fd1a3ddcd64acfb1fa9f22c848f0e8.html,新闻资讯,新闻资讯 - 数智北京创新中心,https://dibj.cn/,页面链接
https://dibj.cn/fzpt/xwzx/36fd1a3ddcd64acfb1fa9f22c848f0e8.html,新闻资讯,新闻资讯 - 数智北京创新中心,https://dibj.cn/fzpt/xwzx/,页面链接
https://dibj.cn/fzpt/xwzx/378dfc02ace1476296d0473bf8312af7.html,新闻资讯,新闻资讯 - 数智北京创新中心,https://dibj.cn/,页面链接
https://dibj.cn/fzpt/xwzx/378dfc02ace1476296d0473bf8312af7.html,新闻资讯,新闻资讯 - 数智北京创新中心,https://dibj.cn/fzpt/xwzx/,页面链接
https://dibj.cn/fzpt/xwzx/380461fd1b2c439da1890440e2708c65.html,新闻资讯,新闻资讯 - 数智北京创新中心,https://dibj.cn/,页面链接
https://dibj.cn/fzpt/xwzx/380461fd1b2c439da1890440e2708c65.html,新闻资讯,新闻资讯 - 数智北京创新中心,https://dibj.cn/fzpt/xwzx/,页面链接
https://dibj.cn/fzpt/xwzx/38989740a64b4cd6ac264ddd8daa13b6.html,新闻资讯,新闻资讯 - 数智北京创新中心,https://dibj.cn/,页面链接
https://dibj.cn/fzpt/xwzx/38989740a64b4cd6ac264ddd8daa13b6.html,新闻资讯,新闻资讯 - 数智北京创新中心,https://dibj.cn/fzpt/xwzx/,页面链接
https://dibj.cn/fzpt/xwzx/3ab2229d78874e4ea3367be435db936e.html,新闻资讯,新闻资讯 - 数智北京创新中心,https://dibj.cn/,页面链接
https://dibj.cn/fzpt/xwzx/3ab2229d78874e4ea3367be435db936e.html,新闻资讯,新闻资讯 - 数智北京创新中心,https://dibj.cn/fzpt/xwzx/,页面链接
https://dibj.cn/fzpt/xwzx/3c48340f41f44be883782733050f29b5.html,新闻资讯,新闻资讯 - 数智北京创新中心,https://dibj.cn/,页面链接
https://dibj.cn/fzpt/xwzx/3c48340f41f44be883782733050f29b5.html,新闻资讯,新闻资讯 - 数智北京创新中心,https://dibj.cn/fzpt/xwzx/,页面链接
https://dibj.cn/fzpt/xwzx/3cd57770117140ac90dd8273558e8c57.html,新闻资讯,新闻资讯 - 数智北京创新中心,https://dibj.cn/,页面链接
https://dibj.cn/fzpt/xwzx/3cd57770117140ac90dd8273558e8c57.html,新闻资讯,新闻资讯 - 数智北京创新中心,https://dibj.cn/fzpt/xwzx/,页面链接
https://dibj.cn/fzpt/xwzx/3ea9a2acc11b4addb9d52b0f7267c42d.html,新闻资讯,新闻资讯 - 数智北京创新中心,https://dibj.cn/,页面链接
https://dibj.cn/fzpt/xwzx/3ea9a2acc11b4addb9d52b0f7267c42d.html,新闻资讯,新闻资讯 - 数智北京创新中心,https://dibj.cn/fzpt/xwzx/,页面链接
https://dibj.cn/fzpt/xwzx/402860be8bab4dd8b1e19f282d7ef733.html,新闻资讯,新闻资讯 - 数智北京创新中心,https://dibj.cn/,页面链接
https://dibj.cn/fzpt/xwzx/402860be8bab4dd8b1e19f282d7ef733.html,新闻资讯,新闻资讯 - 数智北京创新中心,https://dibj.cn/fzpt/xwzx/,页面链接
https://dibj.cn/fzpt/xwzx/410194970aee4073ab9700ca0f6b6a94.html,新闻资讯,新闻资讯 - 数智北京创新中心,https://dibj.cn/,页面链接
https://dibj.cn/fzpt/xwzx/410194970aee4073ab9700ca0f6b6a94.html,新闻资讯,新闻资讯 - 数智北京创新中心,https://dibj.cn/fzpt/xwzx/,页面链接
https://dibj.cn/fzpt/xwzx/42a7fde7bfbc4bdd984003bdedea62ff.html,新闻资讯,新闻资讯 - 数智北京创新中心,https://dibj.cn/,页面链接
https://dibj.cn/fzpt/xwzx/42a7fde7bfbc4bdd984003bdedea62ff.html,新闻资讯,新闻资讯 - 数智北京创新中心,https://dibj.cn/fzpt/xwzx/,页面链接
https://dibj.cn/fzpt/xwzx/46ab4787315a4808809bb3a0cb41bd6b.html,新闻资讯,新闻资讯 - 数智北京创新中心,https://dibj.cn/,页面链接
https://dibj.cn/fzpt/xwzx/46ab4787315a4808809bb3a0cb41bd6b.html,新闻资讯,新闻资讯 - 数智北京创新中心,https://dibj.cn/fzpt/xwzx/,页面链接
https://dibj.cn/fzpt/xwzx/483d8f7745e14951b6d872966a52097b.html,新闻资讯,新闻资讯 - 数智北京创新中心,https://dibj.cn/,页面链接
https://dibj.cn/fzpt/xwzx/483d8f7745e14951b6d872966a52097b.html,新闻资讯,新闻资讯 - 数智北京创新中心,https://dibj.cn/fzpt/xwzx/,页面链接
https://dibj.cn/fzpt/xwzx/483d8f7745e14951b6d872966a52097b.html,新闻资讯,新闻资讯 - 数智北京创新中心,https://dibj.cn/fzpt/xwzx/483d8f7745e14951b6d872966a52097b/bf9651f7ab5b422f85530da7cd84a544.doc,附件
https://dibj.cn/fzpt/xwzx/483d8f7745e14951b6d872966a52097b.html,新闻资讯,新闻资讯 - 数智北京创新中心,https://dibj.cn/fzpt/xwzx/483d8f7745e14951b6d872966a52097b/4a9c731b0ba141ebaf9ec99c34e93964.doc,附件
https://dibj.cn/fzpt/xwzx/483d8f7745e14951b6d872966a52097b.html,新闻资讯,新闻资讯 - 数智北京创新中心,https://dibj.cn/fzpt/xwzx/483d8f7745e14951b6d872966a52097b/ed96cf6da8614b2185e5877c6164b635.docx,附件
https://dibj.cn/fzpt/xwzx/484aa5f404f0455497024f37779bc526.html,新闻资讯,新闻资讯 - 数智北京创新中心,https://dibj.cn/,页面链接
https://dibj.cn/fzpt/xwzx/484aa5f404f0455497024f37779bc526.html,新闻资讯,新闻资讯 - 数智北京创新中心,https://dibj.cn/fzpt/xwzx/,页面链接
https://dibj.cn/fzpt/xwzx/491acea85d7b4594a0bd0fabcea8dcf8.html,新闻资讯,新闻资讯 - 数智北京创新中心,https://dibj.cn/,页面链接
https://dibj.cn/fzpt/xwzx/491acea85d7b4594a0bd0fabcea8dcf8.html,新闻资讯,新闻资讯 - 数智北京创新中心,https://dibj.cn/fzpt/xwzx/,页面链接
https://dibj.cn/fzpt/xwzx/496d5133cea74243a7b9fd1ecd3111f7.html,新闻资讯,新闻资讯 - 数智北京创新中心,https://dibj.cn/,页面链接
https://dibj.cn/fzpt/xwzx/496d5133cea74243a7b9fd1ecd3111f7.html,新闻资讯,新闻资讯 - 数智北京创新中心,https://dibj.cn/fzpt/xwzx/,页面链接
https://dibj.cn/fzpt/xwzx/4a451317a7d34ce289d6be12d6d90f07.html,新闻资讯,新闻资讯 - 数智北京创新中心,https://dibj.cn/,页面链接
https://dibj.cn/fzpt/xwzx/4a451317a7d34ce289d6be12d6d90f07.html,新闻资讯,新闻资讯 - 数智北京创新中心,https://dibj.cn/fzpt/xwzx/,页面链接
https://dibj.cn/fzpt/xwzx/4d0693ea86ff4cb4b89efb513fd5996d.html,新闻资讯,新闻资讯 - 数智北京创新中心,https://dibj.cn/,页面链接
https://dibj.cn/fzpt/xwzx/4d0693ea86ff4cb4b89efb513fd5996d.html,新闻资讯,新闻资讯 - 数智北京创新中心,https://dibj.cn/fzpt/xwzx/,页面链接
https://dibj.cn/fzpt/xwzx/4d3ab1d83988489696b3d300ac628e4e.html,新闻资讯,新闻资讯 - 数智北京创新中心,https://dibj.cn/,页面链接
https://dibj.cn/fzpt/xwzx/4d3ab1d83988489696b3d300ac628e4e.html,新闻资讯,新闻资讯 - 数智北京创新中心,https://dibj.cn/fzpt/xwzx/,页面链接
https://dibj.cn/fzpt/xwzx/4e714b47eec846f0b306a1ad59c51384.html,新闻资讯,新闻资讯 - 数智北京创新中心,https://dibj.cn/,页面链接
https://dibj.cn/fzpt/xwzx/4e714b47eec846f0b306a1ad59c51384.html,新闻资讯,新闻资讯 - 数智北京创新中心,https://dibj.cn/fzpt/xwzx/,页面链接
https://dibj.cn/fzpt/xwzx/4ee92ee6942e41ea8ac3230ae39512bd.html,新闻资讯,新闻资讯 - 数智北京创新中心,https://dibj.cn/,页面链接
https://dibj.cn/fzpt/xwzx/4ee92ee6942e41ea8ac3230ae39512bd.html,新闻资讯,新闻资讯 - 数智北京创新中心,https://dibj.cn/fzpt/xwzx/,页面链接
https://dibj.cn/fzpt/xwzx/505bf09f9ffe4dee8a4355a903454e0e.html,新闻资讯,新闻资讯 - 数智北京创新中心,https://dibj.cn/,页面链接
https://dibj.cn/fzpt/xwzx/505bf09f9ffe4dee8a4355a903454e0e.html,新闻资讯,新闻资讯 - 数智北京创新中心,https://dibj.cn/fzpt/xwzx/,页面链接
https://dibj.cn/fzpt/xwzx/5103d20bd99343c0bebc0e57120694d5.html,新闻资讯,新闻资讯 - 数智北京创新中心,https://dibj.cn/,页面链接
https://dibj.cn/fzpt/xwzx/5103d20bd99343c0bebc0e57120694d5.html,新闻资讯,新闻资讯 - 数智北京创新中心,https://dibj.cn/fzpt/xwzx/,页面链接
https://dibj.cn/fzpt/xwzx/52fdea474a4d49a9898e05fc1987b41f.html,新闻资讯,新闻资讯 - 数智北京创新中心,https://dibj.cn/,页面链接
https://dibj.cn/fzpt/xwzx/52fdea474a4d49a9898e05fc1987b41f.html,新闻资讯,新闻资讯 - 数智北京创新中心,https://dibj.cn/fzpt/xwzx/,页面链接
https://dibj.cn/fzpt/xwzx/555ae1922d054ae695f976c24018f339.html,新闻资讯,新闻资讯 - 数智北京创新中心,https://dibj.cn/,页面链接
https://dibj.cn/fzpt/xwzx/555ae1922d054ae695f976c24018f339.html,新闻资讯,新闻资讯 - 数智北京创新中心,https://dibj.cn/fzpt/xwzx/,页面链接
https://dibj.cn/fzpt/xwzx/56285dc8f91d4ba9bc8ef607e73cd039.html,新闻资讯,新闻资讯 - 数智北京创新中心,https://dibj.cn/,页面链接
https://dibj.cn/fzpt/xwzx/56285dc8f91d4ba9bc8ef607e73cd039.html,新闻资讯,新闻资讯 - 数智北京创新中心,https://dibj.cn/fzpt/xwzx/,页面链接
https://dibj.cn/fzpt/xwzx/573cc29951dd47498801f9f5dc7bb812.html,新闻资讯,新闻资讯 - 数智北京创新中心,https://dibj.cn/,页面链接
https://dibj.cn/fzpt/xwzx/573cc29951dd47498801f9f5dc7bb812.html,新闻资讯,新闻资讯 - 数智北京创新中心,https://dibj.cn/fzpt/xwzx/,页面链接
https://dibj.cn/fzpt/xwzx/575b38f8949e4ac0a634551def308aa5.html,新闻资讯,新闻资讯 - 数智北京创新中心,https://dibj.cn/,页面链接
https://dibj.cn/fzpt/xwzx/575b38f8949e4ac0a634551def308aa5.html,新闻资讯,新闻资讯 - 数智北京创新中心,https://dibj.cn/fzpt/xwzx/,页面链接
https://dibj.cn/fzpt/xwzx/589869c7c2af4776b7c8458a77d9ce4c.html,新闻资讯,新闻资讯 - 数智北京创新中心,https://dibj.cn/,页面链接
https://dibj.cn/fzpt/xwzx/589869c7c2af4776b7c8458a77d9ce4c.html,新闻资讯,新闻资讯 - 数智北京创新中心,https://dibj.cn/fzpt/xwzx/,页面链接
https://dibj.cn/fzpt/xwzx/5a1c25e5b24040889a4fa2deca27371e.html,新闻资讯,新闻资讯 - 数智北京创新中心,https://dibj.cn/,页面链接
https://dibj.cn/fzpt/xwzx/5a1c25e5b24040889a4fa2deca27371e.html,新闻资讯,新闻资讯 - 数智北京创新中心,https://dibj.cn/fzpt/xwzx/,页面链接
https://dibj.cn/fzpt/xwzx/5a8331e47c314fc8b4ecb9462b4534c1.html,新闻资讯,新闻资讯 - 数智北京创新中心,https://dibj.cn/,页面链接
https://dibj.cn/fzpt/xwzx/5a8331e47c314fc8b4ecb9462b4534c1.html,新闻资讯,新闻资讯 - 数智北京创新中心,https://dibj.cn/fzpt/xwzx/,页面链接
https://dibj.cn/fzpt/xwzx/5cef0311e3714fa79209c6ab22f84b7d.html,新闻资讯,新闻资讯 - 数智北京创新中心,https://dibj.cn/,页面链接
https://dibj.cn/fzpt/xwzx/5cef0311e3714fa79209c6ab22f84b7d.html,新闻资讯,新闻资讯 - 数智北京创新中心,https://dibj.cn/fzpt/xwzx/,页面链接
https://dibj.cn/fzpt/xwzx/5df379ba54ef402ebe4546aec2ee5e89.html,新闻资讯,新闻资讯 - 数智北京创新中心,https://dibj.cn/,页面链接
https://dibj.cn/fzpt/xwzx/5df379ba54ef402ebe4546aec2ee5e89.html,新闻资讯,新闻资讯 - 数智北京创新中心,https://dibj.cn/fzpt/xwzx/,页面链接
https://dibj.cn/fzpt/xwzx/5f0c350e29464c22a1ef879e0cc7764a.html,新闻资讯,新闻资讯 - 数智北京创新中心,https://dibj.cn/,页面链接
https://dibj.cn/fzpt/xwzx/5f0c350e29464c22a1ef879e0cc7764a.html,新闻资讯,新闻资讯 - 数智北京创新中心,https://dibj.cn/fzpt/xwzx/,页面链接
https://dibj.cn/fzpt/xwzx/61d559758a5b403c89e18a7127b5bf70.html,新闻资讯,新闻资讯 - 数智北京创新中心,https://dibj.cn/,页面链接
https://dibj.cn/fzpt/xwzx/61d559758a5b403c89e18a7127b5bf70.html,新闻资讯,新闻资讯 - 数智北京创新中心,https://dibj.cn/fzpt/xwzx/,页面链接
https://dibj.cn/fzpt/xwzx/649af9c3816340cabbf560846bc5c947.html,新闻资讯,新闻资讯 - 数智北京创新中心,https://dibj.cn/,页面链接
https://dibj.cn/fzpt/xwzx/649af9c3816340cabbf560846bc5c947.html,新闻资讯,新闻资讯 - 数智北京创新中心,https://dibj.cn/fzpt/xwzx/,页面链接
https://dibj.cn/fzpt/xwzx/6651fb23216d4049b069ed0e3bb88227.html,新闻资讯,新闻资讯 - 数智北京创新中心,https://dibj.cn/,页面链接
https://dibj.cn/fzpt/xwzx/6651fb23216d4049b069ed0e3bb88227.html,新闻资讯,新闻资讯 - 数智北京创新中心,https://dibj.cn/fzpt/xwzx/,页面链接
https://dibj.cn/fzpt/xwzx/684085d6344c4358aa23f8f52504157e.html,新闻资讯,新闻资讯 - 数智北京创新中心,https://dibj.cn/,页面链接
https://dibj.cn/fzpt/xwzx/684085d6344c4358aa23f8f52504157e.html,新闻资讯,新闻资讯 - 数智北京创新中心,https://dibj.cn/fzpt/xwzx/,页面链接
https://dibj.cn/fzpt/xwzx/690d0d5bd2b049e98bbf9b4a67a8ad45.html,新闻资讯,新闻资讯 - 数智北京创新中心,https://dibj.cn/,页面链接
https://dibj.cn/fzpt/xwzx/690d0d5bd2b049e98bbf9b4a67a8ad45.html,新闻资讯,新闻资讯 - 数智北京创新中心,https://dibj.cn/fzpt/xwzx/,页面链接
https://dibj.cn/fzpt/xwzx/690d0d5bd2b049e98bbf9b4a67a8ad45.html,新闻资讯,新闻资讯 - 数智北京创新中心,https://dibj.cn/fzpt/xwzx/690d0d5bd2b049e98bbf9b4a67a8ad45/348464701ff949219a2e25f992b45d37.docx,附件
https://dibj.cn/fzpt/xwzx/690d0d5bd2b049e98bbf9b4a67a8ad45.html,新闻资讯,新闻资讯 - 数智北京创新中心,https://dibj.cn/fzpt/xwzx/690d0d5bd2b049e98bbf9b4a67a8ad45/830e4a7c31b34077ac7868fc2d905fa5.docx,附件
https://dibj.cn/fzpt/xwzx/69f435f47903437cb41c690f6334ea90.html,新闻资讯,新闻资讯 - 数智北京创新中心,https://dibj.cn/,页面链接
https://dibj.cn/fzpt/xwzx/69f435f47903437cb41c690f6334ea90.html,新闻资讯,新闻资讯 - 数智北京创新中心,https://dibj.cn/fzpt/xwzx/,页面链接
https://dibj.cn/fzpt/xwzx/6a156d38b7e34be7ab47816cbe0bf3d4.html,新闻资讯,新闻资讯 - 数智北京创新中心,https://dibj.cn/,页面链接
https://dibj.cn/fzpt/xwzx/6a156d38b7e34be7ab47816cbe0bf3d4.html,新闻资讯,新闻资讯 - 数智北京创新中心,https://dibj.cn/fzpt/xwzx/,页面链接
https://dibj.cn/fzpt/xwzx/6a156d38b7e34be7ab47816cbe0bf3d4.html,新闻资讯,新闻资讯 - 数智北京创新中心,https://dibj.cn/fzpt/xwzx/6a156d38b7e34be7ab47816cbe0bf3d4/f9a4ad41a4b44f38b7a3fbef237c6a68.docx,附件
https://dibj.cn/fzpt/xwzx/6a156d38b7e34be7ab47816cbe0bf3d4.html,新闻资讯,新闻资讯 - 数智北京创新中心,https://dibj.cn/fzpt/xwzx/6a156d38b7e34be7ab47816cbe0bf3d4/74d958e7ff304075b2a176e363d6c6ce.docx,附件
https://dibj.cn/fzpt/xwzx/6aa53baf17524ddaa9d3b0b7d23e88cc.html,新闻资讯,新闻资讯 - 数智北京创新中心,https://dibj.cn/,页面链接
https://dibj.cn/fzpt/xwzx/6aa53baf17524ddaa9d3b0b7d23e88cc.html,新闻资讯,新闻资讯 - 数智北京创新中心,https://dibj.cn/fzpt/xwzx/,页面链接
https://dibj.cn/fzpt/xwzx/6cd2f41db6b84e3591327c5d51e4a372.html,新闻资讯,新闻资讯 - 数智北京创新中心,https://dibj.cn/,页面链接
https://dibj.cn/fzpt/xwzx/6cd2f41db6b84e3591327c5d51e4a372.html,新闻资讯,新闻资讯 - 数智北京创新中心,https://dibj.cn/fzpt/xwzx/,页面链接
https://dibj.cn/fzpt/xwzx/6dac79f59f5a43e79e6f5d4bda796cf1.html,新闻资讯,新闻资讯 - 数智北京创新中心,https://dibj.cn/,页面链接
https://dibj.cn/fzpt/xwzx/6dac79f59f5a43e79e6f5d4bda796cf1.html,新闻资讯,新闻资讯 - 数智北京创新中心,https://dibj.cn/fzpt/xwzx/,页面链接
https://dibj.cn/fzpt/xwzx/71535f9b92654b6ea2d58b2af17892ab.html,新闻资讯,新闻资讯 - 数智北京创新中心,https://dibj.cn/,页面链接
https://dibj.cn/fzpt/xwzx/71535f9b92654b6ea2d58b2af17892ab.html,新闻资讯,新闻资讯 - 数智北京创新中心,https://dibj.cn/fzpt/xwzx/,页面链接
https://dibj.cn/fzpt/xwzx/732f507ba4204dd39f653aaf250bab14.html,新闻资讯,新闻资讯 - 数智北京创新中心,https://dibj.cn/,页面链接
https://dibj.cn/fzpt/xwzx/732f507ba4204dd39f653aaf250bab14.html,新闻资讯,新闻资讯 - 数智北京创新中心,https://dibj.cn/fzpt/xwzx/,页面链接
https://dibj.cn/fzpt/xwzx/73711a0128764d30af4718b736c74c10.html,新闻资讯,新闻资讯 - 数智北京创新中心,https://dibj.cn/,页面链接
https://dibj.cn/fzpt/xwzx/73711a0128764d30af4718b736c74c10.html,新闻资讯,新闻资讯 - 数智北京创新中心,https://dibj.cn/fzpt/xwzx/,页面链接
https://dibj.cn/fzpt/xwzx/742e44e7caf34235b2f1b3347ae59055.html,新闻资讯,新闻资讯 - 数智北京创新中心,https://dibj.cn/,页面链接
https://dibj.cn/fzpt/xwzx/742e44e7caf34235b2f1b3347ae59055.html,新闻资讯,新闻资讯 - 数智北京创新中心,https://dibj.cn/fzpt/xwzx/,页面链接
https://dibj.cn/fzpt/xwzx/751713f209fe4a2bb2eba369dad46431.html,新闻资讯,新闻资讯 - 数智北京创新中心,https://dibj.cn/,页面链接
https://dibj.cn/fzpt/xwzx/751713f209fe4a2bb2eba369dad46431.html,新闻资讯,新闻资讯 - 数智北京创新中心,https://dibj.cn/fzpt/xwzx/,页面链接
https://dibj.cn/fzpt/xwzx/75ee10f91b7f4336a79ecc457cd485ea.html,新闻资讯,新闻资讯 - 数智北京创新中心,https://dibj.cn/,页面链接
https://dibj.cn/fzpt/xwzx/75ee10f91b7f4336a79ecc457cd485ea.html,新闻资讯,新闻资讯 - 数智北京创新中心,https://dibj.cn/fzpt/xwzx/,页面链接
https://dibj.cn/fzpt/xwzx/7807b4303f754cf1bc1785358beb23a0.html,新闻资讯,新闻资讯 - 数智北京创新中心,https://dibj.cn/,页面链接
https://dibj.cn/fzpt/xwzx/7807b4303f754cf1bc1785358beb23a0.html,新闻资讯,新闻资讯 - 数智北京创新中心,https://dibj.cn/fzpt/xwzx/,页面链接
https://dibj.cn/fzpt/xwzx/79fc2f2fec294265a1a8a7983adbaa39.html,新闻资讯,新闻资讯 - 数智北京创新中心,https://dibj.cn/,页面链接
https://dibj.cn/fzpt/xwzx/79fc2f2fec294265a1a8a7983adbaa39.html,新闻资讯,新闻资讯 - 数智北京创新中心,https://dibj.cn/fzpt/xwzx/,页面链接
https://dibj.cn/fzpt/xwzx/7b2ced54e04046e09d24e25f5b66b0a9.html,新闻资讯,新闻资讯 - 数智北京创新中心,https://dibj.cn/,页面链接
https://dibj.cn/fzpt/xwzx/7b2ced54e04046e09d24e25f5b66b0a9.html,新闻资讯,新闻资讯 - 数智北京创新中心,https://dibj.cn/fzpt/xwzx/,页面链接
https://dibj.cn/fzpt/xwzx/7b3284e6c72a42e9b65000cc8f5b1483.html,新闻资讯,新闻资讯 - 数智北京创新中心,https://dibj.cn/,页面链接
https://dibj.cn/fzpt/xwzx/7b3284e6c72a42e9b65000cc8f5b1483.html,新闻资讯,新闻资讯 - 数智北京创新中心,https://dibj.cn/fzpt/xwzx/,页面链接
https://dibj.cn/fzpt/xwzx/7b5a068e09f1437192670d7e618f178f.html,新闻资讯,新闻资讯 - 数智北京创新中心,https://dibj.cn/,页面链接
https://dibj.cn/fzpt/xwzx/7b5a068e09f1437192670d7e618f178f.html,新闻资讯,新闻资讯 - 数智北京创新中心,https://dibj.cn/fzpt/xwzx/,页面链接
https://dibj.cn/fzpt/xwzx/7f1c3ffeddab47cbb01749396a648f80.html,新闻资讯,新闻资讯 - 数智北京创新中心,https://dibj.cn/,页面链接
https://dibj.cn/fzpt/xwzx/7f1c3ffeddab47cbb01749396a648f80.html,新闻资讯,新闻资讯 - 数智北京创新中心,https://dibj.cn/fzpt/xwzx/,页面链接
https://dibj.cn/fzpt/xwzx/844640bdbb954dc2b6b93e7c5c81fb4f.html,新闻资讯,新闻资讯 - 数智北京创新中心,https://dibj.cn/,页面链接
https://dibj.cn/fzpt/xwzx/844640bdbb954dc2b6b93e7c5c81fb4f.html,新闻资讯,新闻资讯 - 数智北京创新中心,https://dibj.cn/fzpt/xwzx/,页面链接
https://dibj.cn/fzpt/xwzx/84b1dcaa14a04cbc9d0ff204ba09c63e.html,新闻资讯,新闻资讯 - 数智北京创新中心,https://dibj.cn/,页面链接
https://dibj.cn/fzpt/xwzx/84b1dcaa14a04cbc9d0ff204ba09c63e.html,新闻资讯,新闻资讯 - 数智北京创新中心,https://dibj.cn/fzpt/xwzx/,页面链接
https://dibj.cn/fzpt/xwzx/84db21ebe823433ca6f982497b33beb6.html,新闻资讯,新闻资讯 - 数智北京创新中心,https://dibj.cn/,页面链接
https://dibj.cn/fzpt/xwzx/84db21ebe823433ca6f982497b33beb6.html,新闻资讯,新闻资讯 - 数智北京创新中心,https://dibj.cn/fzpt/xwzx/,页面链接
https://dibj.cn/fzpt/xwzx/853d475dbafa4a1f98f2d1bc8d5cbacf.html,新闻资讯,新闻资讯 - 数智北京创新中心,https://dibj.cn/,页面链接
https://dibj.cn/fzpt/xwzx/853d475dbafa4a1f98f2d1bc8d5cbacf.html,新闻资讯,新闻资讯 - 数智北京创新中心,https://dibj.cn/fzpt/xwzx/,页面链接
https://dibj.cn/fzpt/xwzx/8599cc9dfed74257b5ce1d951a38e711.html,新闻资讯,新闻资讯 - 数智北京创新中心,https://dibj.cn/,页面链接
https://dibj.cn/fzpt/xwzx/8599cc9dfed74257b5ce1d951a38e711.html,新闻资讯,新闻资讯 - 数智北京创新中心,https://dibj.cn/fzpt/xwzx/,页面链接
https://dibj.cn/fzpt/xwzx/863f6cf2bbfe4fb2b9ec35e86144cf02.html,新闻资讯,新闻资讯 - 数智北京创新中心,https://dibj.cn/,页面链接
https://dibj.cn/fzpt/xwzx/863f6cf2bbfe4fb2b9ec35e86144cf02.html,新闻资讯,新闻资讯 - 数智北京创新中心,https://dibj.cn/fzpt/xwzx/,页面链接
https://dibj.cn/fzpt/xwzx/874f51531e0d42bdb43ff72da5deaabd.html,新闻资讯,新闻资讯 - 数智北京创新中心,https://dibj.cn/,页面链接
https://dibj.cn/fzpt/xwzx/874f51531e0d42bdb43ff72da5deaabd.html,新闻资讯,新闻资讯 - 数智北京创新中心,https://dibj.cn/fzpt/xwzx/,页面链接
https://dibj.cn/fzpt/xwzx/89648ed5ecc8492a869cc6bb70e83135.html,新闻资讯,新闻资讯 - 数智北京创新中心,https://dibj.cn/,页面链接
https://dibj.cn/fzpt/xwzx/89648ed5ecc8492a869cc6bb70e83135.html,新闻资讯,新闻资讯 - 数智北京创新中心,https://dibj.cn/fzpt/xwzx/,页面链接
https://dibj.cn/fzpt/xwzx/8985f1ad22ff4ad9930a78da7177799e.html,新闻资讯,新闻资讯 - 数智北京创新中心,https://dibj.cn/,页面链接
https://dibj.cn/fzpt/xwzx/8985f1ad22ff4ad9930a78da7177799e.html,新闻资讯,新闻资讯 - 数智北京创新中心,https://dibj.cn/fzpt/xwzx/,页面链接
https://dibj.cn/fzpt/xwzx/8bbaba3bf8a643fba7553fcb416b442c.html,新闻资讯,新闻资讯 - 数智北京创新中心,https://dibj.cn/,页面链接
https://dibj.cn/fzpt/xwzx/8bbaba3bf8a643fba7553fcb416b442c.html,新闻资讯,新闻资讯 - 数智北京创新中心,https://dibj.cn/fzpt/xwzx/,页面链接
https://dibj.cn/fzpt/xwzx/8e179e810ec24e95a603bd8718960634.html,新闻资讯,新闻资讯 - 数智北京创新中心,https://dibj.cn/,页面链接
https://dibj.cn/fzpt/xwzx/8e179e810ec24e95a603bd8718960634.html,新闻资讯,新闻资讯 - 数智北京创新中心,https://dibj.cn/fzpt/xwzx/,页面链接
https://dibj.cn/fzpt/xwzx/8f818655402a4d8c8058ad0268254265.html,新闻资讯,新闻资讯 - 数智北京创新中心,https://dibj.cn/,页面链接
https://dibj.cn/fzpt/xwzx/8f818655402a4d8c8058ad0268254265.html,新闻资讯,新闻资讯 - 数智北京创新中心,https://dibj.cn/fzpt/xwzx/,页面链接
https://dibj.cn/fzpt/xwzx/8f8e53001ac142b59bdd6b96b930c50e.html,新闻资讯,新闻资讯 - 数智北京创新中心,https://dibj.cn/,页面链接
https://dibj.cn/fzpt/xwzx/8f8e53001ac142b59bdd6b96b930c50e.html,新闻资讯,新闻资讯 - 数智北京创新中心,https://dibj.cn/fzpt/xwzx/,页面链接
https://dibj.cn/fzpt/xwzx/90983a51895843fa98b7ec47802ed682.html,新闻资讯,新闻资讯 - 数智北京创新中心,https://dibj.cn/,页面链接
https://dibj.cn/fzpt/xwzx/90983a51895843fa98b7ec47802ed682.html,新闻资讯,新闻资讯 - 数智北京创新中心,https://dibj.cn/fzpt/xwzx/,页面链接
https://dibj.cn/fzpt/xwzx/912b9d7ae4f0404e992a47123b3409d9.html,新闻资讯,新闻资讯 - 数智北京创新中心,https://dibj.cn/,页面链接
https://dibj.cn/fzpt/xwzx/912b9d7ae4f0404e992a47123b3409d9.html,新闻资讯,新闻资讯 - 数智北京创新中心,https://dibj.cn/fzpt/xwzx/,页面链接
https://dibj.cn/fzpt/xwzx/918b8117ed3d449f957aee265e2f77e1.html,新闻资讯,新闻资讯 - 数智北京创新中心,https://dibj.cn/,页面链接
https://dibj.cn/fzpt/xwzx/918b8117ed3d449f957aee265e2f77e1.html,新闻资讯,新闻资讯 - 数智北京创新中心,https://dibj.cn/fzpt/xwzx/,页面链接
https://dibj.cn/fzpt/xwzx/91f14aa027034144a138143ec9de9f00.html,新闻资讯,新闻资讯 - 数智北京创新中心,https://dibj.cn/,页面链接
https://dibj.cn/fzpt/xwzx/91f14aa027034144a138143ec9de9f00.html,新闻资讯,新闻资讯 - 数智北京创新中心,https://dibj.cn/fzpt/xwzx/,页面链接
https://dibj.cn/fzpt/xwzx/920f5ff2400a43d9b756b01c0ce36ebf.html,新闻资讯,新闻资讯 - 数智北京创新中心,https://dibj.cn/,页面链接
https://dibj.cn/fzpt/xwzx/920f5ff2400a43d9b756b01c0ce36ebf.html,新闻资讯,新闻资讯 - 数智北京创新中心,https://dibj.cn/fzpt/xwzx/,页面链接
https://dibj.cn/fzpt/xwzx/96377af197a74bc397b82a4034d6b5c0.html,新闻资讯,新闻资讯 - 数智北京创新中心,https://dibj.cn/,页面链接
https://dibj.cn/fzpt/xwzx/96377af197a74bc397b82a4034d6b5c0.html,新闻资讯,新闻资讯 - 数智北京创新中心,https://dibj.cn/fzpt/xwzx/,页面链接
https://dibj.cn/fzpt/xwzx/96c3e38b97884300a5d1853973847d8e.html,新闻资讯,新闻资讯 - 数智北京创新中心,https://dibj.cn/,页面链接
https://dibj.cn/fzpt/xwzx/96c3e38b97884300a5d1853973847d8e.html,新闻资讯,新闻资讯 - 数智北京创新中心,https://dibj.cn/fzpt/xwzx/,页面链接
https://dibj.cn/fzpt/xwzx/97871c18e5e34b0b85ec8ae3621d0d65.html,新闻资讯,新闻资讯 - 数智北京创新中心,https://dibj.cn/,页面链接
https://dibj.cn/fzpt/xwzx/97871c18e5e34b0b85ec8ae3621d0d65.html,新闻资讯,新闻资讯 - 数智北京创新中心,https://dibj.cn/fzpt/xwzx/,页面链接
https://dibj.cn/fzpt/xwzx/97e2688771fc4178ac813b96396f5f12.html,新闻资讯,新闻资讯 - 数智北京创新中心,https://dibj.cn/,页面链接
https://dibj.cn/fzpt/xwzx/97e2688771fc4178ac813b96396f5f12.html,新闻资讯,新闻资讯 - 数智北京创新中心,https://dibj.cn/fzpt/xwzx/,页面链接
https://dibj.cn/fzpt/xwzx/985b8126e2684c9ab7d57c2c791ef2f3.html,新闻资讯,新闻资讯 - 数智北京创新中心,https://dibj.cn/,页面链接
https://dibj.cn/fzpt/xwzx/985b8126e2684c9ab7d57c2c791ef2f3.html,新闻资讯,新闻资讯 - 数智北京创新中心,https://dibj.cn/fzpt/xwzx/,页面链接
https://dibj.cn/fzpt/xwzx/98fd90e52347431a8b03f653ffeefd0b.html,新闻资讯,新闻资讯 - 数智北京创新中心,https://dibj.cn/,页面链接
https://dibj.cn/fzpt/xwzx/98fd90e52347431a8b03f653ffeefd0b.html,新闻资讯,新闻资讯 - 数智北京创新中心,https://dibj.cn/fzpt/xwzx/,页面链接
https://dibj.cn/fzpt/xwzx/9a27cb493820441586d3e12cb5da6b3b.html,新闻资讯,新闻资讯 - 数智北京创新中心,https://dibj.cn/,页面链接
https://dibj.cn/fzpt/xwzx/9a27cb493820441586d3e12cb5da6b3b.html,新闻资讯,新闻资讯 - 数智北京创新中心,https://dibj.cn/fzpt/xwzx/,页面链接
https://dibj.cn/fzpt/xwzx/9ad1dac56f5f4a3782f08ba387581ab3.html,新闻资讯,新闻资讯 - 数智北京创新中心,https://dibj.cn/,页面链接
https://dibj.cn/fzpt/xwzx/9ad1dac56f5f4a3782f08ba387581ab3.html,新闻资讯,新闻资讯 - 数智北京创新中心,https://dibj.cn/fzpt/xwzx/,页面链接
https://dibj.cn/fzpt/xwzx/9c116a2169174683a17b5895906ad4fa.html,新闻资讯,新闻资讯 - 数智北京创新中心,https://dibj.cn/,页面链接
https://dibj.cn/fzpt/xwzx/9c116a2169174683a17b5895906ad4fa.html,新闻资讯,新闻资讯 - 数智北京创新中心,https://dibj.cn/fzpt/xwzx/,页面链接
https://dibj.cn/fzpt/xwzx/9c952d656d4c47d081669afba89fdfbb.html,新闻资讯,新闻资讯 - 数智北京创新中心,https://dibj.cn/,页面链接
https://dibj.cn/fzpt/xwzx/9c952d656d4c47d081669afba89fdfbb.html,新闻资讯,新闻资讯 - 数智北京创新中心,https://dibj.cn/fzpt/xwzx/,页面链接
https://dibj.cn/fzpt/xwzx/9d32c3e020714f4da98ef5604b6b7179.html,新闻资讯,新闻资讯 - 数智北京创新中心,https://dibj.cn/,页面链接
https://dibj.cn/fzpt/xwzx/9d32c3e020714f4da98ef5604b6b7179.html,新闻资讯,新闻资讯 - 数智北京创新中心,https://dibj.cn/fzpt/xwzx/,页面链接
https://dibj.cn/fzpt/xwzx/9e62518b04584bc088977d0b1bb684eb.html,新闻资讯,新闻资讯 - 数智北京创新中心,https://dibj.cn/,页面链接
https://dibj.cn/fzpt/xwzx/9e62518b04584bc088977d0b1bb684eb.html,新闻资讯,新闻资讯 - 数智北京创新中心,https://dibj.cn/fzpt/xwzx/,页面链接
https://dibj.cn/fzpt/xwzx/9e6697d5a3014c0f896f919f4578638c.html,新闻资讯,新闻资讯 - 数智北京创新中心,https://dibj.cn/,页面链接
https://dibj.cn/fzpt/xwzx/9e6697d5a3014c0f896f919f4578638c.html,新闻资讯,新闻资讯 - 数智北京创新中心,https://dibj.cn/fzpt/xwzx/,页面链接
https://dibj.cn/fzpt/xwzx/9ea2ac158cdb40f8933fcb41a7a381ce.html,新闻资讯,新闻资讯 - 数智北京创新中心,https://dibj.cn/,页面链接
https://dibj.cn/fzpt/xwzx/9ea2ac158cdb40f8933fcb41a7a381ce.html,新闻资讯,新闻资讯 - 数智北京创新中心,https://dibj.cn/fzpt/xwzx/,页面链接
https://dibj.cn/fzpt/xwzx/9eaed176efad45fbb9267cdeef74c0b4.html,新闻资讯,新闻资讯 - 数智北京创新中心,https://dibj.cn/,页面链接
https://dibj.cn/fzpt/xwzx/9eaed176efad45fbb9267cdeef74c0b4.html,新闻资讯,新闻资讯 - 数智北京创新中心,https://dibj.cn/fzpt/xwzx/,页面链接
https://dibj.cn/fzpt/xwzx/9eaed176efad45fbb9267cdeef74c0b4.html,新闻资讯,新闻资讯 - 数智北京创新中心,https://dibj.cn/fzpt/xwzx/9eaed176efad45fbb9267cdeef74c0b4/0e8175a3dc8a4bbe93c405add09bafdd.docx,附件
https://dibj.cn/fzpt/xwzx/9eaed176efad45fbb9267cdeef74c0b4.html,新闻资讯,新闻资讯 - 数智北京创新中心,https://dibj.cn/fzpt/xwzx/9eaed176efad45fbb9267cdeef74c0b4/2b5b5d615db84c36ad485ac025f9f1e7.docx,附件
https://dibj.cn/fzpt/xwzx/9fe62d8c430742e2b0f13b90cf7fda7b.html,新闻资讯,新闻资讯 - 数智北京创新中心,https://dibj.cn/,页面链接
https://dibj.cn/fzpt/xwzx/9fe62d8c430742e2b0f13b90cf7fda7b.html,新闻资讯,新闻资讯 - 数智北京创新中心,https://dibj.cn/fzpt/xwzx/,页面链接
https://dibj.cn/fzpt/xwzx/a05c5f22c6174e768bd647df0e266d73.html,新闻资讯,新闻资讯 - 数智北京创新中心,https://dibj.cn/,页面链接
https://dibj.cn/fzpt/xwzx/a05c5f22c6174e768bd647df0e266d73.html,新闻资讯,新闻资讯 - 数智北京创新中心,https://dibj.cn/fzpt/xwzx/,页面链接
https://dibj.cn/fzpt/xwzx/a2e10b91719d436296ce34728b047234.html,新闻资讯,新闻资讯 - 数智北京创新中心,https://dibj.cn/,页面链接
https://dibj.cn/fzpt/xwzx/a2e10b91719d436296ce34728b047234.html,新闻资讯,新闻资讯 - 数智北京创新中心,https://dibj.cn/fzpt/xwzx/,页面链接
https://dibj.cn/fzpt/xwzx/a2ea582186a943e0a7bef48904eeecc1.html,新闻资讯,新闻资讯 - 数智北京创新中心,https://dibj.cn/,页面链接
https://dibj.cn/fzpt/xwzx/a2ea582186a943e0a7bef48904eeecc1.html,新闻资讯,新闻资讯 - 数智北京创新中心,https://dibj.cn/fzpt/xwzx/,页面链接
https://dibj.cn/fzpt/xwzx/a417d792fe4c4fd4b4158c6c3367b4af.html,新闻资讯,新闻资讯 - 数智北京创新中心,https://dibj.cn/,页面链接
https://dibj.cn/fzpt/xwzx/a417d792fe4c4fd4b4158c6c3367b4af.html,新闻资讯,新闻资讯 - 数智北京创新中心,https://dibj.cn/fzpt/xwzx/,页面链接
https://dibj.cn/fzpt/xwzx/a4712eece2d84cbca3efff9cb413f38c.html,新闻资讯,新闻资讯 - 数智北京创新中心,https://dibj.cn/,页面链接
https://dibj.cn/fzpt/xwzx/a4712eece2d84cbca3efff9cb413f38c.html,新闻资讯,新闻资讯 - 数智北京创新中心,https://dibj.cn/fzpt/xwzx/,页面链接
https://dibj.cn/fzpt/xwzx/a50b939efefa4ec899d3692a156c012e.html,新闻资讯,新闻资讯 - 数智北京创新中心,https://dibj.cn/,页面链接
https://dibj.cn/fzpt/xwzx/a50b939efefa4ec899d3692a156c012e.html,新闻资讯,新闻资讯 - 数智北京创新中心,https://dibj.cn/fzpt/xwzx/,页面链接
https://dibj.cn/fzpt/xwzx/a612ce451a14475c8ac54014a0aab4f7.html,新闻资讯,新闻资讯 - 数智北京创新中心,https://dibj.cn/,页面链接
https://dibj.cn/fzpt/xwzx/a612ce451a14475c8ac54014a0aab4f7.html,新闻资讯,新闻资讯 - 数智北京创新中心,https://dibj.cn/fzpt/xwzx/,页面链接
https://dibj.cn/fzpt/xwzx/a72adf83c22745aaace5c9591d3b143a.html,新闻资讯,新闻资讯 - 数智北京创新中心,https://dibj.cn/,页面链接
https://dibj.cn/fzpt/xwzx/a72adf83c22745aaace5c9591d3b143a.html,新闻资讯,新闻资讯 - 数智北京创新中心,https://dibj.cn/fzpt/xwzx/,页面链接
https://dibj.cn/fzpt/xwzx/a7bd6fd9c9e5465d9e58d2e5a0b4c5d7.html,新闻资讯,新闻资讯 - 数智北京创新中心,https://dibj.cn/,页面链接
https://dibj.cn/fzpt/xwzx/a7bd6fd9c9e5465d9e58d2e5a0b4c5d7.html,新闻资讯,新闻资讯 - 数智北京创新中心,https://dibj.cn/fzpt/xwzx/,页面链接
https://dibj.cn/fzpt/xwzx/a89492e450494d75bd851b49ec01cb1f.html,新闻资讯,新闻资讯 - 数智北京创新中心,https://dibj.cn/,页面链接
https://dibj.cn/fzpt/xwzx/a89492e450494d75bd851b49ec01cb1f.html,新闻资讯,新闻资讯 - 数智北京创新中心,https://dibj.cn/fzpt/xwzx/,页面链接
https://dibj.cn/fzpt/xwzx/a8a80aac7ca44aa394046de68e4c89c1.html,新闻资讯,新闻资讯 - 数智北京创新中心,https://dibj.cn/,页面链接
https://dibj.cn/fzpt/xwzx/a8a80aac7ca44aa394046de68e4c89c1.html,新闻资讯,新闻资讯 - 数智北京创新中心,https://dibj.cn/fzpt/xwzx/,页面链接
https://dibj.cn/fzpt/xwzx/a8e39509a7704f47ae2d2301c730444c.html,新闻资讯,新闻资讯 - 数智北京创新中心,https://dibj.cn/,页面链接
https://dibj.cn/fzpt/xwzx/a8e39509a7704f47ae2d2301c730444c.html,新闻资讯,新闻资讯 - 数智北京创新中心,https://dibj.cn/fzpt/xwzx/,页面链接
https://dibj.cn/fzpt/xwzx/a963e92952e94878808b68075c005916.html,新闻资讯,新闻资讯 - 数智北京创新中心,https://dibj.cn/,页面链接
https://dibj.cn/fzpt/xwzx/a963e92952e94878808b68075c005916.html,新闻资讯,新闻资讯 - 数智北京创新中心,https://dibj.cn/fzpt/xwzx/,页面链接
https://dibj.cn/fzpt/xwzx/a997e18948874b4ea8cb5f4dfa83a104.html,新闻资讯,新闻资讯 - 数智北京创新中心,https://dibj.cn/,页面链接
https://dibj.cn/fzpt/xwzx/a997e18948874b4ea8cb5f4dfa83a104.html,新闻资讯,新闻资讯 - 数智北京创新中心,https://dibj.cn/fzpt/xwzx/,页面链接
https://dibj.cn/fzpt/xwzx/a9a416a9ceba4e00a3d000bc1065e351.html,新闻资讯,新闻资讯 - 数智北京创新中心,https://dibj.cn/,页面链接
https://dibj.cn/fzpt/xwzx/a9a416a9ceba4e00a3d000bc1065e351.html,新闻资讯,新闻资讯 - 数智北京创新中心,https://dibj.cn/fzpt/xwzx/,页面链接
https://dibj.cn/fzpt/xwzx/aa20825cb8434e83a245dded1fd86c43.html,新闻资讯,新闻资讯 - 数智北京创新中心,https://dibj.cn/,页面链接
https://dibj.cn/fzpt/xwzx/aa20825cb8434e83a245dded1fd86c43.html,新闻资讯,新闻资讯 - 数智北京创新中心,https://dibj.cn/fzpt/xwzx/,页面链接
https://dibj.cn/fzpt/xwzx/aa20825cb8434e83a245dded1fd86c43.html,新闻资讯,新闻资讯 - 数智北京创新中心,https://dibj.cn/fzpt/xwzx/aa20825cb8434e83a245dded1fd86c43/fe40906a413f464e856cc9eee7e85d5f.docx,附件
https://dibj.cn/fzpt/xwzx/aa20825cb8434e83a245dded1fd86c43.html,新闻资讯,新闻资讯 - 数智北京创新中心,https://dibj.cn/fzpt/xwzx/aa20825cb8434e83a245dded1fd86c43/13567e68ef2f4083b77bfbda008efb4e.docx,附件
https://dibj.cn/fzpt/xwzx/ab26ad0f5d87422ea1b966e6c73be427.html,新闻资讯,新闻资讯 - 数智北京创新中心,https://dibj.cn/,页面链接
https://dibj.cn/fzpt/xwzx/ab26ad0f5d87422ea1b966e6c73be427.html,新闻资讯,新闻资讯 - 数智北京创新中心,https://dibj.cn/fzpt/xwzx/,页面链接
https://dibj.cn/fzpt/xwzx/ab4282aee2aa471ea3f468eec1eff975.html,新闻资讯,新闻资讯 - 数智北京创新中心,https://dibj.cn/,页面链接
https://dibj.cn/fzpt/xwzx/ab4282aee2aa471ea3f468eec1eff975.html,新闻资讯,新闻资讯 - 数智北京创新中心,https://dibj.cn/fzpt/xwzx/,页面链接
https://dibj.cn/fzpt/xwzx/ae38ee626ec94d4e8cb45cb021db9963.html,新闻资讯,新闻资讯 - 数智北京创新中心,https://dibj.cn/,页面链接
https://dibj.cn/fzpt/xwzx/ae38ee626ec94d4e8cb45cb021db9963.html,新闻资讯,新闻资讯 - 数智北京创新中心,https://dibj.cn/fzpt/xwzx/,页面链接
https://dibj.cn/fzpt/xwzx/ae9f72a3374e43ff85b845f1ef9d1d37.html,新闻资讯,新闻资讯 - 数智北京创新中心,https://dibj.cn/,页面链接
https://dibj.cn/fzpt/xwzx/ae9f72a3374e43ff85b845f1ef9d1d37.html,新闻资讯,新闻资讯 - 数智北京创新中心,https://dibj.cn/fzpt/xwzx/,页面链接
https://dibj.cn/fzpt/xwzx/af08e5afbdd64006aaa09458f367d3e1.html,新闻资讯,新闻资讯 - 数智北京创新中心,https://dibj.cn/,页面链接
https://dibj.cn/fzpt/xwzx/af08e5afbdd64006aaa09458f367d3e1.html,新闻资讯,新闻资讯 - 数智北京创新中心,https://dibj.cn/fzpt/xwzx/,页面链接
https://dibj.cn/fzpt/xwzx/af1dbb04599e41169ddcac09e71c1ab0.html,新闻资讯,新闻资讯 - 数智北京创新中心,https://dibj.cn/,页面链接
https://dibj.cn/fzpt/xwzx/af1dbb04599e41169ddcac09e71c1ab0.html,新闻资讯,新闻资讯 - 数智北京创新中心,https://dibj.cn/fzpt/xwzx/,页面链接
https://dibj.cn/fzpt/xwzx/afc5f776df724e1f8e4eab55aa3111a9.html,新闻资讯,新闻资讯 - 数智北京创新中心,https://dibj.cn/,页面链接
https://dibj.cn/fzpt/xwzx/afc5f776df724e1f8e4eab55aa3111a9.html,新闻资讯,新闻资讯 - 数智北京创新中心,https://dibj.cn/fzpt/xwzx/,页面链接
https://dibj.cn/fzpt/xwzx/b109747b854d4599803743bcc7f96416.html,新闻资讯,新闻资讯 - 数智北京创新中心,https://dibj.cn/,页面链接
https://dibj.cn/fzpt/xwzx/b109747b854d4599803743bcc7f96416.html,新闻资讯,新闻资讯 - 数智北京创新中心,https://dibj.cn/fzpt/xwzx/,页面链接
https://dibj.cn/fzpt/xwzx/b253df3e7b78402ba8af5f3dbdd4a7cc.html,新闻资讯,新闻资讯 - 数智北京创新中心,https://dibj.cn/,页面链接
https://dibj.cn/fzpt/xwzx/b253df3e7b78402ba8af5f3dbdd4a7cc.html,新闻资讯,新闻资讯 - 数智北京创新中心,https://dibj.cn/fzpt/xwzx/,页面链接
https://dibj.cn/fzpt/xwzx/b2a1d6261d75444b9d525534372cc7da.html,新闻资讯,新闻资讯 - 数智北京创新中心,https://dibj.cn/,页面链接
https://dibj.cn/fzpt/xwzx/b2a1d6261d75444b9d525534372cc7da.html,新闻资讯,新闻资讯 - 数智北京创新中心,https://dibj.cn/fzpt/xwzx/,页面链接
https://dibj.cn/fzpt/xwzx/b393e9e6318142ffb25f963b1422afe8.html,新闻资讯,新闻资讯 - 数智北京创新中心,https://dibj.cn/,页面链接
https://dibj.cn/fzpt/xwzx/b393e9e6318142ffb25f963b1422afe8.html,新闻资讯,新闻资讯 - 数智北京创新中心,https://dibj.cn/fzpt/xwzx/,页面链接
https://dibj.cn/fzpt/xwzx/b456d028715142bc88c721eb0746f191.html,新闻资讯,新闻资讯 - 数智北京创新中心,https://dibj.cn/,页面链接
https://dibj.cn/fzpt/xwzx/b456d028715142bc88c721eb0746f191.html,新闻资讯,新闻资讯 - 数智北京创新中心,https://dibj.cn/fzpt/xwzx/,页面链接
https://dibj.cn/fzpt/xwzx/b4f38f5870674e5eaeba5418354069be.html,新闻资讯,新闻资讯 - 数智北京创新中心,https://dibj.cn/,页面链接
https://dibj.cn/fzpt/xwzx/b4f38f5870674e5eaeba5418354069be.html,新闻资讯,新闻资讯 - 数智北京创新中心,https://dibj.cn/fzpt/xwzx/,页面链接
https://dibj.cn/fzpt/xwzx/b66f003bed1241c2bc046750f79c7b84.html,新闻资讯,新闻资讯 - 数智北京创新中心,https://dibj.cn/,页面链接
https://dibj.cn/fzpt/xwzx/b66f003bed1241c2bc046750f79c7b84.html,新闻资讯,新闻资讯 - 数智北京创新中心,https://dibj.cn/fzpt/xwzx/,页面链接
https://dibj.cn/fzpt/xwzx/b71002c5806645b3b2f0d9a5198e3f0b.html,新闻资讯,新闻资讯 - 数智北京创新中心,https://dibj.cn/,页面链接
https://dibj.cn/fzpt/xwzx/b71002c5806645b3b2f0d9a5198e3f0b.html,新闻资讯,新闻资讯 - 数智北京创新中心,https://dibj.cn/fzpt/xwzx/,页面链接
https://dibj.cn/fzpt/xwzx/b72589ea5d78471bbc983dba6230dfc3.html,新闻资讯,新闻资讯 - 数智北京创新中心,https://dibj.cn/,页面链接
https://dibj.cn/fzpt/xwzx/b72589ea5d78471bbc983dba6230dfc3.html,新闻资讯,新闻资讯 - 数智北京创新中心,https://dibj.cn/fzpt/xwzx/,页面链接
https://dibj.cn/fzpt/xwzx/b72589ea5d78471bbc983dba6230dfc3.html,新闻资讯,新闻资讯 - 数智北京创新中心,https://dibj.cn/fzpt/xwzx/b72589ea5d78471bbc983dba6230dfc3/751be0d7ef1c4c1488bac99a99dddd22.docx,附件
https://dibj.cn/fzpt/xwzx/b72589ea5d78471bbc983dba6230dfc3.html,新闻资讯,新闻资讯 - 数智北京创新中心,https://dibj.cn/fzpt/xwzx/b72589ea5d78471bbc983dba6230dfc3/739953432be0490dbf1947b818aee67b.docx,附件
https://dibj.cn/fzpt/xwzx/b75c0bb651a84ed6bce06d3753d017c5.html,新闻资讯,新闻资讯 - 数智北京创新中心,https://dibj.cn/,页面链接
https://dibj.cn/fzpt/xwzx/b75c0bb651a84ed6bce06d3753d017c5.html,新闻资讯,新闻资讯 - 数智北京创新中心,https://dibj.cn/fzpt/xwzx/,页面链接
https://dibj.cn/fzpt/xwzx/b77a2d9bcc424a27a93ce3d0345124e8.html,新闻资讯,新闻资讯 - 数智北京创新中心,https://dibj.cn/,页面链接
https://dibj.cn/fzpt/xwzx/b77a2d9bcc424a27a93ce3d0345124e8.html,新闻资讯,新闻资讯 - 数智北京创新中心,https://dibj.cn/fzpt/xwzx/,页面链接
https://dibj.cn/fzpt/xwzx/b8b29d3a0a204e0e894e3c31ef8afc33.html,新闻资讯,新闻资讯 - 数智北京创新中心,https://dibj.cn/,页面链接
https://dibj.cn/fzpt/xwzx/b8b29d3a0a204e0e894e3c31ef8afc33.html,新闻资讯,新闻资讯 - 数智北京创新中心,https://dibj.cn/fzpt/xwzx/,页面链接
https://dibj.cn/fzpt/xwzx/b91aa8c19dc44032b215ca31923ebab3.html,新闻资讯,新闻资讯 - 数智北京创新中心,https://dibj.cn/,页面链接
https://dibj.cn/fzpt/xwzx/b91aa8c19dc44032b215ca31923ebab3.html,新闻资讯,新闻资讯 - 数智北京创新中心,https://dibj.cn/fzpt/xwzx/,页面链接
https://dibj.cn/fzpt/xwzx/b9d1a3cbbe5f441991723c2e4bb39681.html,新闻资讯,新闻资讯 - 数智北京创新中心,https://dibj.cn/,页面链接
https://dibj.cn/fzpt/xwzx/b9d1a3cbbe5f441991723c2e4bb39681.html,新闻资讯,新闻资讯 - 数智北京创新中心,https://dibj.cn/fzpt/xwzx/,页面链接
https://dibj.cn/fzpt/xwzx/ba4a009f6ae74de7ba2f43c0ea031cd0.html,新闻资讯,新闻资讯 - 数智北京创新中心,https://dibj.cn/,页面链接
https://dibj.cn/fzpt/xwzx/ba4a009f6ae74de7ba2f43c0ea031cd0.html,新闻资讯,新闻资讯 - 数智北京创新中心,https://dibj.cn/fzpt/xwzx/,页面链接
https://dibj.cn/fzpt/xwzx/bcc15ac7e7a14b9991c5c9fa3d2cc080.html,新闻资讯,新闻资讯 - 数智北京创新中心,https://dibj.cn/,页面链接
https://dibj.cn/fzpt/xwzx/bcc15ac7e7a14b9991c5c9fa3d2cc080.html,新闻资讯,新闻资讯 - 数智北京创新中心,https://dibj.cn/fzpt/xwzx/,页面链接
https://dibj.cn/fzpt/xwzx/bd80f4a8602940d38551a9596b2ba04a.html,新闻资讯,新闻资讯 - 数智北京创新中心,https://dibj.cn/,页面链接
https://dibj.cn/fzpt/xwzx/bd80f4a8602940d38551a9596b2ba04a.html,新闻资讯,新闻资讯 - 数智北京创新中心,https://dibj.cn/fzpt/xwzx/,页面链接
https://dibj.cn/fzpt/xwzx/c11adc754cfb4ca18248e21924b1078b.html,新闻资讯,新闻资讯 - 数智北京创新中心,https://dibj.cn/,页面链接
https://dibj.cn/fzpt/xwzx/c11adc754cfb4ca18248e21924b1078b.html,新闻资讯,新闻资讯 - 数智北京创新中心,https://dibj.cn/fzpt/xwzx/,页面链接
https://dibj.cn/fzpt/xwzx/c12c0e54e9994efca49ae51b20c29378.html,新闻资讯,新闻资讯 - 数智北京创新中心,https://dibj.cn/,页面链接
https://dibj.cn/fzpt/xwzx/c12c0e54e9994efca49ae51b20c29378.html,新闻资讯,新闻资讯 - 数智北京创新中心,https://dibj.cn/fzpt/xwzx/,页面链接
https://dibj.cn/fzpt/xwzx/c2fe6e10b35f47098b22dc605ad4ed82.html,新闻资讯,新闻资讯 - 数智北京创新中心,https://dibj.cn/,页面链接
https://dibj.cn/fzpt/xwzx/c2fe6e10b35f47098b22dc605ad4ed82.html,新闻资讯,新闻资讯 - 数智北京创新中心,https://dibj.cn/fzpt/xwzx/,页面链接
https://dibj.cn/fzpt/xwzx/c366754ac17d4ed9800f8782e2514aa3.html,新闻资讯,新闻资讯 - 数智北京创新中心,https://dibj.cn/,页面链接
https://dibj.cn/fzpt/xwzx/c366754ac17d4ed9800f8782e2514aa3.html,新闻资讯,新闻资讯 - 数智北京创新中心,https://dibj.cn/fzpt/xwzx/,页面链接
https://dibj.cn/fzpt/xwzx/c57ee95faf77445f9d8a6fd87b6d19cb.html,新闻资讯,新闻资讯 - 数智北京创新中心,https://dibj.cn/,页面链接
https://dibj.cn/fzpt/xwzx/c57ee95faf77445f9d8a6fd87b6d19cb.html,新闻资讯,新闻资讯 - 数智北京创新中心,https://dibj.cn/fzpt/xwzx/,页面链接
https://dibj.cn/fzpt/xwzx/c5d659f9c1e14e78bc4129080587b84a.html,新闻资讯,新闻资讯 - 数智北京创新中心,https://dibj.cn/,页面链接
https://dibj.cn/fzpt/xwzx/c5d659f9c1e14e78bc4129080587b84a.html,新闻资讯,新闻资讯 - 数智北京创新中心,https://dibj.cn/fzpt/xwzx/,页面链接
https://dibj.cn/fzpt/xwzx/c6d68a40e7f243d6bae2c0d493c38183.html,新闻资讯,新闻资讯 - 数智北京创新中心,https://dibj.cn/,页面链接
https://dibj.cn/fzpt/xwzx/c6d68a40e7f243d6bae2c0d493c38183.html,新闻资讯,新闻资讯 - 数智北京创新中心,https://dibj.cn/fzpt/xwzx/,页面链接
https://dibj.cn/fzpt/xwzx/c9c800db13b74697a0a66a5e8ab3c17d.html,新闻资讯,新闻资讯 - 数智北京创新中心,https://dibj.cn/,页面链接
https://dibj.cn/fzpt/xwzx/c9c800db13b74697a0a66a5e8ab3c17d.html,新闻资讯,新闻资讯 - 数智北京创新中心,https://dibj.cn/fzpt/xwzx/,页面链接
https://dibj.cn/fzpt/xwzx/c9d02b4716d94f1d8aafdaee982f82f8.html,新闻资讯,新闻资讯 - 数智北京创新中心,https://dibj.cn/,页面链接
https://dibj.cn/fzpt/xwzx/c9d02b4716d94f1d8aafdaee982f82f8.html,新闻资讯,新闻资讯 - 数智北京创新中心,https://dibj.cn/fzpt/xwzx/,页面链接
https://dibj.cn/fzpt/xwzx/c9d02b4716d94f1d8aafdaee982f82f8.html,新闻资讯,新闻资讯 - 数智北京创新中心,https://dibj.cn/fzpt/xwzx/c9d02b4716d94f1d8aafdaee982f82f8/74d30ada8a7d4745b88e1aea81150033.pdf,附件
https://dibj.cn/fzpt/xwzx/c9d02b4716d94f1d8aafdaee982f82f8.html,新闻资讯,新闻资讯 - 数智北京创新中心,https://dibj.cn/fzpt/xwzx/c9d02b4716d94f1d8aafdaee982f82f8/c059146c8be147a29c52d66548b738ba.pdf,附件
https://dibj.cn/fzpt/xwzx/cc433c4a24dc450293e9bb8c0ea4d440.html,新闻资讯,新闻资讯 - 数智北京创新中心,https://dibj.cn/,页面链接
https://dibj.cn/fzpt/xwzx/cc433c4a24dc450293e9bb8c0ea4d440.html,新闻资讯,新闻资讯 - 数智北京创新中心,https://dibj.cn/fzpt/xwzx/,页面链接
https://dibj.cn/fzpt/xwzx/cc5344de1ea940618dadd1a2d720cada.html,新闻资讯,新闻资讯 - 数智北京创新中心,https://dibj.cn/,页面链接
https://dibj.cn/fzpt/xwzx/cc5344de1ea940618dadd1a2d720cada.html,新闻资讯,新闻资讯 - 数智北京创新中心,https://dibj.cn/fzpt/xwzx/,页面链接
https://dibj.cn/fzpt/xwzx/cd6d4225894347e9afde91888f77c177.html,新闻资讯,新闻资讯 - 数智北京创新中心,https://dibj.cn/,页面链接
https://dibj.cn/fzpt/xwzx/cd6d4225894347e9afde91888f77c177.html,新闻资讯,新闻资讯 - 数智北京创新中心,https://dibj.cn/fzpt/xwzx/,页面链接
https://dibj.cn/fzpt/xwzx/cd90ddcbf4cf4204acded28a520ca3d7.html,新闻资讯,新闻资讯 - 数智北京创新中心,https://dibj.cn/,页面链接
https://dibj.cn/fzpt/xwzx/cd90ddcbf4cf4204acded28a520ca3d7.html,新闻资讯,新闻资讯 - 数智北京创新中心,https://dibj.cn/fzpt/xwzx/,页面链接
https://dibj.cn/fzpt/xwzx/cdda62c3690246a68a4922f97871d2f7.html,新闻资讯,新闻资讯 - 数智北京创新中心,https://dibj.cn/,页面链接
https://dibj.cn/fzpt/xwzx/cdda62c3690246a68a4922f97871d2f7.html,新闻资讯,新闻资讯 - 数智北京创新中心,https://dibj.cn/fzpt/xwzx/,页面链接
https://dibj.cn/fzpt/xwzx/d365cfc2f42c43afaa413ff06ab71418.html,新闻资讯,新闻资讯 - 数智北京创新中心,https://dibj.cn/,页面链接
https://dibj.cn/fzpt/xwzx/d365cfc2f42c43afaa413ff06ab71418.html,新闻资讯,新闻资讯 - 数智北京创新中心,https://dibj.cn/fzpt/xwzx/,页面链接
https://dibj.cn/fzpt/xwzx/d76297566ec64e7c86732280a16599ae.html,新闻资讯,新闻资讯 - 数智北京创新中心,https://dibj.cn/,页面链接
https://dibj.cn/fzpt/xwzx/d76297566ec64e7c86732280a16599ae.html,新闻资讯,新闻资讯 - 数智北京创新中心,https://dibj.cn/fzpt/xwzx/,页面链接
https://dibj.cn/fzpt/xwzx/d8af50730ef4464f9d2c07902b05084c.html,新闻资讯,新闻资讯 - 数智北京创新中心,https://dibj.cn/,页面链接
https://dibj.cn/fzpt/xwzx/d8af50730ef4464f9d2c07902b05084c.html,新闻资讯,新闻资讯 - 数智北京创新中心,https://dibj.cn/fzpt/xwzx/,页面链接
https://dibj.cn/fzpt/xwzx/d9a200e17fc14fadbffc2adb1e5b7c95.html,新闻资讯,新闻资讯 - 数智北京创新中心,https://dibj.cn/,页面链接
https://dibj.cn/fzpt/xwzx/d9a200e17fc14fadbffc2adb1e5b7c95.html,新闻资讯,新闻资讯 - 数智北京创新中心,https://dibj.cn/fzpt/xwzx/,页面链接
https://dibj.cn/fzpt/xwzx/da4a923943e947a4b574f8053d3d5895.html,新闻资讯,新闻资讯 - 数智北京创新中心,https://dibj.cn/,页面链接
https://dibj.cn/fzpt/xwzx/da4a923943e947a4b574f8053d3d5895.html,新闻资讯,新闻资讯 - 数智北京创新中心,https://dibj.cn/fzpt/xwzx/,页面链接
https://dibj.cn/fzpt/xwzx/dab0cc12ffdb4faea89edb9b5631f137.html,新闻资讯,新闻资讯 - 数智北京创新中心,https://dibj.cn/,页面链接
https://dibj.cn/fzpt/xwzx/dab0cc12ffdb4faea89edb9b5631f137.html,新闻资讯,新闻资讯 - 数智北京创新中心,https://dibj.cn/fzpt/xwzx/,页面链接
https://dibj.cn/fzpt/xwzx/db325e1d9d684122be6fff3f4070e5c5.html,新闻资讯,新闻资讯 - 数智北京创新中心,https://dibj.cn/,页面链接
https://dibj.cn/fzpt/xwzx/db325e1d9d684122be6fff3f4070e5c5.html,新闻资讯,新闻资讯 - 数智北京创新中心,https://dibj.cn/fzpt/xwzx/,页面链接
https://dibj.cn/fzpt/xwzx/dd5bef964f2643dc9df335a673e1aec8.html,新闻资讯,新闻资讯 - 数智北京创新中心,https://dibj.cn/,页面链接
https://dibj.cn/fzpt/xwzx/dd5bef964f2643dc9df335a673e1aec8.html,新闻资讯,新闻资讯 - 数智北京创新中心,https://dibj.cn/fzpt/xwzx/,页面链接
https://dibj.cn/fzpt/xwzx/ddb96dcbd0c64a279591ffd96cbcaea4.html,新闻资讯,新闻资讯 - 数智北京创新中心,https://dibj.cn/,页面链接
https://dibj.cn/fzpt/xwzx/ddb96dcbd0c64a279591ffd96cbcaea4.html,新闻资讯,新闻资讯 - 数智北京创新中心,https://dibj.cn/fzpt/xwzx/,页面链接
https://dibj.cn/fzpt/xwzx/e099af48afa34bf8965f9334937a86d0.html,新闻资讯,新闻资讯 - 数智北京创新中心,https://dibj.cn/,页面链接
https://dibj.cn/fzpt/xwzx/e099af48afa34bf8965f9334937a86d0.html,新闻资讯,新闻资讯 - 数智北京创新中心,https://dibj.cn/fzpt/xwzx/,页面链接
https://dibj.cn/fzpt/xwzx/e0d0fc7adb4040ed9974613aa91043b6.html,新闻资讯,新闻资讯 - 数智北京创新中心,https://dibj.cn/,页面链接
https://dibj.cn/fzpt/xwzx/e0d0fc7adb4040ed9974613aa91043b6.html,新闻资讯,新闻资讯 - 数智北京创新中心,https://dibj.cn/fzpt/xwzx/,页面链接
https://dibj.cn/fzpt/xwzx/e17c0ee2491f4b92a7d253a321493aa4.html,新闻资讯,新闻资讯 - 数智北京创新中心,https://dibj.cn/,页面链接
https://dibj.cn/fzpt/xwzx/e17c0ee2491f4b92a7d253a321493aa4.html,新闻资讯,新闻资讯 - 数智北京创新中心,https://dibj.cn/fzpt/xwzx/,页面链接
https://dibj.cn/fzpt/xwzx/e36a47b9ac1046aca328cb0f0268fc9e.html,新闻资讯,新闻资讯 - 数智北京创新中心,https://dibj.cn/,页面链接
https://dibj.cn/fzpt/xwzx/e36a47b9ac1046aca328cb0f0268fc9e.html,新闻资讯,新闻资讯 - 数智北京创新中心,https://dibj.cn/fzpt/xwzx/,页面链接
https://dibj.cn/fzpt/xwzx/e400e47fce1d444d831081b5381f46a9.html,新闻资讯,新闻资讯 - 数智北京创新中心,https://dibj.cn/,页面链接
https://dibj.cn/fzpt/xwzx/e400e47fce1d444d831081b5381f46a9.html,新闻资讯,新闻资讯 - 数智北京创新中心,https://dibj.cn/fzpt/xwzx/,页面链接
https://dibj.cn/fzpt/xwzx/e400e47fce1d444d831081b5381f46a9.html,新闻资讯,新闻资讯 - 数智北京创新中心,https://dibj.cn/fzpt/xwzx/e400e47fce1d444d831081b5381f46a9/16f8a46a10ab4b329884d20d88aefc88.docx,附件
https://dibj.cn/fzpt/xwzx/e400e47fce1d444d831081b5381f46a9.html,新闻资讯,新闻资讯 - 数智北京创新中心,https://dibj.cn/fzpt/xwzx/e400e47fce1d444d831081b5381f46a9/45113de93fe146f6bace51f2ca2014a2.docx,附件
https://dibj.cn/fzpt/xwzx/e41bb32ed03744be8673d089d645221f.html,新闻资讯,新闻资讯 - 数智北京创新中心,https://dibj.cn/,页面链接
https://dibj.cn/fzpt/xwzx/e41bb32ed03744be8673d089d645221f.html,新闻资讯,新闻资讯 - 数智北京创新中心,https://dibj.cn/fzpt/xwzx/,页面链接
https://dibj.cn/fzpt/xwzx/e4d05937a3d840139a5c47653e0f9ee9.html,新闻资讯,新闻资讯 - 数智北京创新中心,https://dibj.cn/,页面链接
https://dibj.cn/fzpt/xwzx/e4d05937a3d840139a5c47653e0f9ee9.html,新闻资讯,新闻资讯 - 数智北京创新中心,https://dibj.cn/fzpt/xwzx/,页面链接
https://dibj.cn/fzpt/xwzx/e4f4d667eb594a20a1e8a570bf2ade3a.html,新闻资讯,新闻资讯 - 数智北京创新中心,https://dibj.cn/,页面链接
https://dibj.cn/fzpt/xwzx/e4f4d667eb594a20a1e8a570bf2ade3a.html,新闻资讯,新闻资讯 - 数智北京创新中心,https://dibj.cn/fzpt/xwzx/,页面链接
https://dibj.cn/fzpt/xwzx/e4f4d667eb594a20a1e8a570bf2ade3a.html,新闻资讯,新闻资讯 - 数智北京创新中心,https://dibj.cn/fzpt/xwzx/e4f4d667eb594a20a1e8a570bf2ade3a/8368a723ed5e434c96e3911a4c2614e3.pdf,附件
https://dibj.cn/fzpt/xwzx/e5e763a70f68468e81efb2f449a98c6c.html,新闻资讯,新闻资讯 - 数智北京创新中心,https://dibj.cn/,页面链接
https://dibj.cn/fzpt/xwzx/e5e763a70f68468e81efb2f449a98c6c.html,新闻资讯,新闻资讯 - 数智北京创新中心,https://dibj.cn/fzpt/xwzx/,页面链接
https://dibj.cn/fzpt/xwzx/e5fed6e396424c6285d3469860b461b2.html,新闻资讯,新闻资讯 - 数智北京创新中心,https://dibj.cn/,页面链接
https://dibj.cn/fzpt/xwzx/e5fed6e396424c6285d3469860b461b2.html,新闻资讯,新闻资讯 - 数智北京创新中心,https://dibj.cn/fzpt/xwzx/,页面链接
https://dibj.cn/fzpt/xwzx/e751f3d335554970812f20fd24d42b80.html,新闻资讯,新闻资讯 - 数智北京创新中心,https://dibj.cn/,页面链接
https://dibj.cn/fzpt/xwzx/e751f3d335554970812f20fd24d42b80.html,新闻资讯,新闻资讯 - 数智北京创新中心,https://dibj.cn/fzpt/xwzx/,页面链接
https://dibj.cn/fzpt/xwzx/e8eaa1e169eb49d4a0b80bd438821713.html,新闻资讯,新闻资讯 - 数智北京创新中心,https://dibj.cn/,页面链接
https://dibj.cn/fzpt/xwzx/e8eaa1e169eb49d4a0b80bd438821713.html,新闻资讯,新闻资讯 - 数智北京创新中心,https://dibj.cn/fzpt/xwzx/,页面链接
https://dibj.cn/fzpt/xwzx/ea2c1e8636b742f9b9ff55788eb901d7.html,新闻资讯,新闻资讯 - 数智北京创新中心,https://dibj.cn/,页面链接
https://dibj.cn/fzpt/xwzx/ea2c1e8636b742f9b9ff55788eb901d7.html,新闻资讯,新闻资讯 - 数智北京创新中心,https://dibj.cn/fzpt/xwzx/,页面链接
https://dibj.cn/fzpt/xwzx/eba6b4c0c2964342bbff2de3792da024.html,新闻资讯,新闻资讯 - 数智北京创新中心,https://dibj.cn/,页面链接
https://dibj.cn/fzpt/xwzx/eba6b4c0c2964342bbff2de3792da024.html,新闻资讯,新闻资讯 - 数智北京创新中心,https://dibj.cn/fzpt/xwzx/,页面链接
https://dibj.cn/fzpt/xwzx/ec461509fca54c83949de93e60e723bc.html,新闻资讯,新闻资讯 - 数智北京创新中心,https://dibj.cn/,页面链接
https://dibj.cn/fzpt/xwzx/ec461509fca54c83949de93e60e723bc.html,新闻资讯,新闻资讯 - 数智北京创新中心,https://dibj.cn/fzpt/xwzx/,页面链接
https://dibj.cn/fzpt/xwzx/ec58f320854444c8a482318e27052afe.html,新闻资讯,新闻资讯 - 数智北京创新中心,https://dibj.cn/,页面链接
https://dibj.cn/fzpt/xwzx/ec58f320854444c8a482318e27052afe.html,新闻资讯,新闻资讯 - 数智北京创新中心,https://dibj.cn/fzpt/xwzx/,页面链接
https://dibj.cn/fzpt/xwzx/eee2cfeaea0044208cd3f1cad95cb695.html,新闻资讯,新闻资讯 - 数智北京创新中心,https://dibj.cn/,页面链接
https://dibj.cn/fzpt/xwzx/eee2cfeaea0044208cd3f1cad95cb695.html,新闻资讯,新闻资讯 - 数智北京创新中心,https://dibj.cn/fzpt/xwzx/,页面链接
https://dibj.cn/fzpt/xwzx/ef9ee33b9d2b4e608d1517e150877c9a.html,新闻资讯,新闻资讯 - 数智北京创新中心,https://dibj.cn/,页面链接
https://dibj.cn/fzpt/xwzx/ef9ee33b9d2b4e608d1517e150877c9a.html,新闻资讯,新闻资讯 - 数智北京创新中心,https://dibj.cn/fzpt/xwzx/,页面链接
https://dibj.cn/fzpt/xwzx/f17c09fb07f342298537f65ba43e4dde.html,新闻资讯,新闻资讯 - 数智北京创新中心,https://dibj.cn/,页面链接
https://dibj.cn/fzpt/xwzx/f17c09fb07f342298537f65ba43e4dde.html,新闻资讯,新闻资讯 - 数智北京创新中心,https://dibj.cn/fzpt/xwzx/,页面链接
https://dibj.cn/fzpt/xwzx/f2fc4310ab8e49e8b2d280402e771a5c.html,新闻资讯,新闻资讯 - 数智北京创新中心,https://dibj.cn/,页面链接
https://dibj.cn/fzpt/xwzx/f2fc4310ab8e49e8b2d280402e771a5c.html,新闻资讯,新闻资讯 - 数智北京创新中心,https://dibj.cn/fzpt/xwzx/,页面链接
https://dibj.cn/fzpt/xwzx/f4203ab0ae5040398c427db3c75d293e.html,新闻资讯,新闻资讯 - 数智北京创新中心,https://dibj.cn/,页面链接
https://dibj.cn/fzpt/xwzx/f4203ab0ae5040398c427db3c75d293e.html,新闻资讯,新闻资讯 - 数智北京创新中心,https://dibj.cn/fzpt/xwzx/,页面链接
https://dibj.cn/fzpt/xwzx/f4c095fb77204281ae41093fb16e4238.html,新闻资讯,新闻资讯 - 数智北京创新中心,https://dibj.cn/,页面链接
https://dibj.cn/fzpt/xwzx/f4c095fb77204281ae41093fb16e4238.html,新闻资讯,新闻资讯 - 数智北京创新中心,https://dibj.cn/fzpt/xwzx/,页面链接
https://dibj.cn/fzpt/xwzx/f8ea63fdac214f1c977213ed5622de6e.html,新闻资讯,新闻资讯 - 数智北京创新中心,https://dibj.cn/,页面链接
https://dibj.cn/fzpt/xwzx/f8ea63fdac214f1c977213ed5622de6e.html,新闻资讯,新闻资讯 - 数智北京创新中心,https://dibj.cn/fzpt/xwzx/,页面链接
https://dibj.cn/fzpt/xwzx/f948cb5f099a40069850eb5581bfbe51.html,新闻资讯,新闻资讯 - 数智北京创新中心,https://dibj.cn/,页面链接
https://dibj.cn/fzpt/xwzx/f948cb5f099a40069850eb5581bfbe51.html,新闻资讯,新闻资讯 - 数智北京创新中心,https://dibj.cn/fzpt/xwzx/,页面链接
https://dibj.cn/fzpt/xwzx/fa469b2a6ad84c439ccfc6998903084a.html,新闻资讯,新闻资讯 - 数智北京创新中心,https://dibj.cn/,页面链接
https://dibj.cn/fzpt/xwzx/fa469b2a6ad84c439ccfc6998903084a.html,新闻资讯,新闻资讯 - 数智北京创新中心,https://dibj.cn/fzpt/xwzx/,页面链接
https://dibj.cn/fzpt/xwzx/fc657820c0d446e280f356b66c52df14.html,新闻资讯,新闻资讯 - 数智北京创新中心,https://dibj.cn/,页面链接
https://dibj.cn/fzpt/xwzx/fc657820c0d446e280f356b66c52df14.html,新闻资讯,新闻资讯 - 数智北京创新中心,https://dibj.cn/fzpt/xwzx/,页面链接
https://dibj.cn/fzpt/xwzx/fcb342091d2e486ab94deac3c9915f5c.html,新闻资讯,新闻资讯 - 数智北京创新中心,https://dibj.cn/,页面链接
https://dibj.cn/fzpt/xwzx/fcb342091d2e486ab94deac3c9915f5c.html,新闻资讯,新闻资讯 - 数智北京创新中心,https://dibj.cn/fzpt/xwzx/,页面链接
https://dibj.cn/fzpt/xwzx/fd1ce050bd7c4e9492526e34356f2007.html,新闻资讯,新闻资讯 - 数智北京创新中心,https://dibj.cn/,页面链接
https://dibj.cn/fzpt/xwzx/fd1ce050bd7c4e9492526e34356f2007.html,新闻资讯,新闻资讯 - 数智北京创新中心,https://dibj.cn/fzpt/xwzx/,页面链接
https://dibj.cn/fzpt/xwzx/fd4a2266c4864295a2d8a94894f33697.html,新闻资讯,新闻资讯 - 数智北京创新中心,https://dibj.cn/,页面链接
https://dibj.cn/fzpt/xwzx/fd4a2266c4864295a2d8a94894f33697.html,新闻资讯,新闻资讯 - 数智北京创新中心,https://dibj.cn/fzpt/xwzx/,页面链接
https://dibj.cn/fzpt/xwzx/fdf56227dfc54fe7aa511f3e22c39ce6.html,新闻资讯,新闻资讯 - 数智北京创新中心,https://dibj.cn/,页面链接
https://dibj.cn/fzpt/xwzx/fdf56227dfc54fe7aa511f3e22c39ce6.html,新闻资讯,新闻资讯 - 数智北京创新中心,https://dibj.cn/fzpt/xwzx/,页面链接
https://dibj.cn/fzpt/xwzx/index_10.html,新闻资讯,新闻资讯 - 数智北京创新中心,https://dibj.cn/,页面链接
https://dibj.cn/fzpt/xwzx/index_10.html,新闻资讯,新闻资讯 - 数智北京创新中心,https://dibj.cn/fzpt/xwzx/,页面链接
https://dibj.cn/fzpt/xwzx/index_10.html,新闻资讯,新闻资讯 - 数智北京创新中心,https://dibj.cn/fzpt/xwzx/2bc6d979772345daa4273ecfd953973b.html,页面链接
https://dibj.cn/fzpt/xwzx/index_10.html,新闻资讯,新闻资讯 - 数智北京创新中心,https://dibj.cn/fzpt/xwzx/90983a51895843fa98b7ec47802ed682.html,页面链接
https://dibj.cn/fzpt/xwzx/index_10.html,新闻资讯,新闻资讯 - 数智北京创新中心,https://dibj.cn/fzpt/xwzx/649af9c3816340cabbf560846bc5c947.html,页面链接
https://dibj.cn/fzpt/xwzx/index_10.html,新闻资讯,新闻资讯 - 数智北京创新中心,https://dibj.cn/fzpt/xwzx/5a8331e47c314fc8b4ecb9462b4534c1.html,页面链接
https://dibj.cn/fzpt/xwzx/index_10.html,新闻资讯,新闻资讯 - 数智北京创新中心,https://dibj.cn/fzpt/xwzx/751713f209fe4a2bb2eba369dad46431.html,页面链接
https://dibj.cn/fzpt/xwzx/index_10.html,新闻资讯,新闻资讯 - 数智北京创新中心,https://dibj.cn/fzpt/xwzx/bcc15ac7e7a14b9991c5c9fa3d2cc080.html,页面链接
https://dibj.cn/fzpt/xwzx/index_10.html,新闻资讯,新闻资讯 - 数智北京创新中心,https://dibj.cn/fzpt/xwzx/a4712eece2d84cbca3efff9cb413f38c.html,页面链接
https://dibj.cn/fzpt/xwzx/index_10.html,新闻资讯,新闻资讯 - 数智北京创新中心,https://dibj.cn/fzpt/xwzx/b393e9e6318142ffb25f963b1422afe8.html,页面链接
https://dibj.cn/fzpt/xwzx/index_10.html,新闻资讯,新闻资讯 - 数智北京创新中心,https://dibj.cn/fzpt/xwzx/e17c0ee2491f4b92a7d253a321493aa4.html,页面链接
https://dibj.cn/fzpt/xwzx/index_10.html,新闻资讯,新闻资讯 - 数智北京创新中心,https://dibj.cn/fzpt/xwzx/b77a2d9bcc424a27a93ce3d0345124e8.html,页面链接
https://dibj.cn/fzpt/xwzx/index_10.html,新闻资讯,新闻资讯 - 数智北京创新中心,https://dibj.cn/fzpt/xwzx/0232b1a0dfdf4d57afda6b86c33feddc.html,页面链接
https://dibj.cn/fzpt/xwzx/index_10.html,新闻资讯,新闻资讯 - 数智北京创新中心,https://dibj.cn/fzpt/xwzx/11fa1feffdb24b1d83506c9cac47b779.html,页面链接
https://dibj.cn/fzpt/xwzx/index_10.html,新闻资讯,新闻资讯 - 数智北京创新中心,https://dibj.cn/fzpt/xwzx/5df379ba54ef402ebe4546aec2ee5e89.html,页面链接
https://dibj.cn/fzpt/xwzx/index_10.html,新闻资讯,新闻资讯 - 数智北京创新中心,https://dibj.cn/fzpt/xwzx/8599cc9dfed74257b5ce1d951a38e711.html,页面链接
https://dibj.cn/fzpt/xwzx/index_10.html,新闻资讯,新闻资讯 - 数智北京创新中心,https://dibj.cn/fzpt/xwzx/c11adc754cfb4ca18248e21924b1078b.html,页面链接
https://dibj.cn/fzpt/xwzx/index_10.html,新闻资讯,新闻资讯 - 数智北京创新中心,https://dibj.cn/fzpt/xwzx/e5fed6e396424c6285d3469860b461b2.html,页面链接
https://dibj.cn/fzpt/xwzx/index_10.html,新闻资讯,新闻资讯 - 数智北京创新中心,https://dibj.cn/fzpt/xwzx/fd1ce050bd7c4e9492526e34356f2007.html,页面链接
https://dibj.cn/fzpt/xwzx/index_10.html,新闻资讯,新闻资讯 - 数智北京创新中心,https://dibj.cn/fzpt/xwzx/fcb342091d2e486ab94deac3c9915f5c.html,页面链接
https://dibj.cn/fzpt/xwzx/index_10.html,新闻资讯,新闻资讯 - 数智北京创新中心,https://dibj.cn/fzpt/xwzx/050bf317b56c4359ba9a6762a699f299.html,页面链接
https://dibj.cn/fzpt/xwzx/index_10.html,新闻资讯,新闻资讯 - 数智北京创新中心,https://dibj.cn/fzpt/xwzx/a9a416a9ceba4e00a3d000bc1065e351.html,页面链接
https://dibj.cn/fzpt/xwzx/index_10.html,新闻资讯,新闻资讯 - 数智北京创新中心,https://dibj.cn/fzpt/xwzx/index_9.html,页面链接
https://dibj.cn/fzpt/xwzx/index_10.html,新闻资讯,新闻资讯 - 数智北京创新中心,https://dibj.cn/fzpt/xwzx/index_2.html,页面链接
https://dibj.cn/fzpt/xwzx/index_10.html,新闻资讯,新闻资讯 - 数智北京创新中心,https://dibj.cn/fzpt/xwzx/index_3.html,页面链接
https://dibj.cn/fzpt/xwzx/index_10.html,新闻资讯,新闻资讯 - 数智北京创新中心,https://dibj.cn/fzpt/xwzx/index_4.html,页面链接
https://dibj.cn/fzpt/xwzx/index_10.html,新闻资讯,新闻资讯 - 数智北京创新中心,https://dibj.cn/fzpt/xwzx/index_5.html,页面链接
https://dibj.cn/fzpt/xwzx/index_10.html,新闻资讯,新闻资讯 - 数智北京创新中心,https://dibj.cn/fzpt/xwzx/index_6.html,页面链接
https://dibj.cn/fzpt/xwzx/index_10.html,新闻资讯,新闻资讯 - 数智北京创新中心,https://dibj.cn/fzpt/xwzx/index_7.html,页面链接
https://dibj.cn/fzpt/xwzx/index_10.html,新闻资讯,新闻资讯 - 数智北京创新中心,https://dibj.cn/fzpt/xwzx/index_8.html,页面链接
https://dibj.cn/fzpt/xwzx/index_10.html,新闻资讯,新闻资讯 - 数智北京创新中心,https://dibj.cn/fzpt/xwzx/index_10.html,页面链接
https://dibj.cn/fzpt/xwzx/index_10.html,新闻资讯,新闻资讯 - 数智北京创新中心,https://dibj.cn/fzpt/xwzx/index_11.html,页面链接
https://dibj.cn/fzpt/xwzx/index_10.html,新闻资讯,新闻资讯 - 数智北京创新中心,https://dibj.cn/fzpt/xwzx/index_12.html,页面链接
https://dibj.cn/fzpt/xwzx/index_11.html,新闻资讯,新闻资讯 - 数智北京创新中心,https://dibj.cn/,页面链接
https://dibj.cn/fzpt/xwzx/index_11.html,新闻资讯,新闻资讯 - 数智北京创新中心,https://dibj.cn/fzpt/xwzx/,页面链接
https://dibj.cn/fzpt/xwzx/index_11.html,新闻资讯,新闻资讯 - 数智北京创新中心,https://dibj.cn/fzpt/xwzx/3ab2229d78874e4ea3367be435db936e.html,页面链接
https://dibj.cn/fzpt/xwzx/index_11.html,新闻资讯,新闻资讯 - 数智北京创新中心,https://dibj.cn/fzpt/xwzx/ef9ee33b9d2b4e608d1517e150877c9a.html,页面链接
https://dibj.cn/fzpt/xwzx/index_11.html,新闻资讯,新闻资讯 - 数智北京创新中心,https://dibj.cn/fzpt/xwzx/d365cfc2f42c43afaa413ff06ab71418.html,页面链接
https://dibj.cn/fzpt/xwzx/index_11.html,新闻资讯,新闻资讯 - 数智北京创新中心,https://dibj.cn/fzpt/xwzx/4e714b47eec846f0b306a1ad59c51384.html,页面链接
https://dibj.cn/fzpt/xwzx/index_11.html,新闻资讯,新闻资讯 - 数智北京创新中心,https://dibj.cn/fzpt/xwzx/cd6d4225894347e9afde91888f77c177.html,页面链接
https://dibj.cn/fzpt/xwzx/index_11.html,新闻资讯,新闻资讯 - 数智北京创新中心,https://dibj.cn/fzpt/xwzx/0d3acf3f95004e7aba372439b27db756.html,页面链接
https://dibj.cn/fzpt/xwzx/index_11.html,新闻资讯,新闻资讯 - 数智北京创新中心,https://dibj.cn/fzpt/xwzx/a89492e450494d75bd851b49ec01cb1f.html,页面链接
https://dibj.cn/fzpt/xwzx/index_11.html,新闻资讯,新闻资讯 - 数智北京创新中心,https://dibj.cn/fzpt/xwzx/e36a47b9ac1046aca328cb0f0268fc9e.html,页面链接
https://dibj.cn/fzpt/xwzx/index_11.html,新闻资讯,新闻资讯 - 数智北京创新中心,https://dibj.cn/fzpt/xwzx/a7bd6fd9c9e5465d9e58d2e5a0b4c5d7.html,页面链接
https://dibj.cn/fzpt/xwzx/index_11.html,新闻资讯,新闻资讯 - 数智北京创新中心,https://dibj.cn/fzpt/xwzx/0abcf2409bdc4241a0a9f052506b0805.html,页面链接
https://dibj.cn/fzpt/xwzx/index_11.html,新闻资讯,新闻资讯 - 数智北京创新中心,https://dibj.cn/fzpt/xwzx/4d0693ea86ff4cb4b89efb513fd5996d.html,页面链接
https://dibj.cn/fzpt/xwzx/index_11.html,新闻资讯,新闻资讯 - 数智北京创新中心,https://dibj.cn/fzpt/xwzx/378dfc02ace1476296d0473bf8312af7.html,页面链接
https://dibj.cn/fzpt/xwzx/index_11.html,新闻资讯,新闻资讯 - 数智北京创新中心,https://dibj.cn/fzpt/xwzx/c9c800db13b74697a0a66a5e8ab3c17d.html,页面链接
https://dibj.cn/fzpt/xwzx/index_11.html,新闻资讯,新闻资讯 - 数智北京创新中心,https://dibj.cn/fzpt/xwzx/1c47aab7623643fbb0d1da09e0b6adc5.html,页面链接
https://dibj.cn/fzpt/xwzx/index_11.html,新闻资讯,新闻资讯 - 数智北京创新中心,https://dibj.cn/fzpt/xwzx/f4203ab0ae5040398c427db3c75d293e.html,页面链接
https://dibj.cn/fzpt/xwzx/index_11.html,新闻资讯,新闻资讯 - 数智北京创新中心,https://dibj.cn/fzpt/xwzx/b456d028715142bc88c721eb0746f191.html,页面链接
https://dibj.cn/fzpt/xwzx/index_11.html,新闻资讯,新闻资讯 - 数智北京创新中心,https://dibj.cn/fzpt/xwzx/cc5344de1ea940618dadd1a2d720cada.html,页面链接
https://dibj.cn/fzpt/xwzx/index_11.html,新闻资讯,新闻资讯 - 数智北京创新中心,https://dibj.cn/fzpt/xwzx/1579e1d995eb4ba7bd81be7926cc7fe6.html,页面链接
https://dibj.cn/fzpt/xwzx/index_11.html,新闻资讯,新闻资讯 - 数智北京创新中心,https://dibj.cn/fzpt/xwzx/aa20825cb8434e83a245dded1fd86c43.html,页面链接
https://dibj.cn/fzpt/xwzx/index_11.html,新闻资讯,新闻资讯 - 数智北京创新中心,https://dibj.cn/fzpt/xwzx/c5d659f9c1e14e78bc4129080587b84a.html,页面链接
https://dibj.cn/fzpt/xwzx/index_11.html,新闻资讯,新闻资讯 - 数智北京创新中心,https://dibj.cn/fzpt/xwzx/index_10.html,页面链接
https://dibj.cn/fzpt/xwzx/index_11.html,新闻资讯,新闻资讯 - 数智北京创新中心,https://dibj.cn/fzpt/xwzx/index_2.html,页面链接
https://dibj.cn/fzpt/xwzx/index_11.html,新闻资讯,新闻资讯 - 数智北京创新中心,https://dibj.cn/fzpt/xwzx/index_3.html,页面链接
https://dibj.cn/fzpt/xwzx/index_11.html,新闻资讯,新闻资讯 - 数智北京创新中心,https://dibj.cn/fzpt/xwzx/index_4.html,页面链接
https://dibj.cn/fzpt/xwzx/index_11.html,新闻资讯,新闻资讯 - 数智北京创新中心,https://dibj.cn/fzpt/xwzx/index_5.html,页面链接
https://dibj.cn/fzpt/xwzx/index_11.html,新闻资讯,新闻资讯 - 数智北京创新中心,https://dibj.cn/fzpt/xwzx/index_6.html,页面链接
https://dibj.cn/fzpt/xwzx/index_11.html,新闻资讯,新闻资讯 - 数智北京创新中心,https://dibj.cn/fzpt/xwzx/index_7.html,页面链接
https://dibj.cn/fzpt/xwzx/index_11.html,新闻资讯,新闻资讯 - 数智北京创新中心,https://dibj.cn/fzpt/xwzx/index_8.html,页面链接
https://dibj.cn/fzpt/xwzx/index_11.html,新闻资讯,新闻资讯 - 数智北京创新中心,https://dibj.cn/fzpt/xwzx/index_9.html,页面链接
https://dibj.cn/fzpt/xwzx/index_11.html,新闻资讯,新闻资讯 - 数智北京创新中心,https://dibj.cn/fzpt/xwzx/index_11.html,页面链接
https://dibj.cn/fzpt/xwzx/index_11.html,新闻资讯,新闻资讯 - 数智北京创新中心,https://dibj.cn/fzpt/xwzx/index_12.html,页面链接
https://dibj.cn/fzpt/xwzx/index_12.html,新闻资讯,新闻资讯 - 数智北京创新中心,https://dibj.cn/,页面链接
https://dibj.cn/fzpt/xwzx/index_12.html,新闻资讯,新闻资讯 - 数智北京创新中心,https://dibj.cn/fzpt/xwzx/,页面链接
https://dibj.cn/fzpt/xwzx/index_12.html,新闻资讯,新闻资讯 - 数智北京创新中心,https://dibj.cn/fzpt/xwzx/1a0dd20b3eab4bfca681baecd500cb08.html,页面链接
https://dibj.cn/fzpt/xwzx/index_12.html,新闻资讯,新闻资讯 - 数智北京创新中心,https://dibj.cn/fzpt/xwzx/a417d792fe4c4fd4b4158c6c3367b4af.html,页面链接
https://dibj.cn/fzpt/xwzx/index_12.html,新闻资讯,新闻资讯 - 数智北京创新中心,https://dibj.cn/fzpt/xwzx/91f14aa027034144a138143ec9de9f00.html,页面链接
https://dibj.cn/fzpt/xwzx/index_12.html,新闻资讯,新闻资讯 - 数智北京创新中心,https://dibj.cn/fzpt/xwzx/21326153b3854752b1563ce9decc48bf.html,页面链接
https://dibj.cn/fzpt/xwzx/index_12.html,新闻资讯,新闻资讯 - 数智北京创新中心,https://dibj.cn/fzpt/xwzx/918b8117ed3d449f957aee265e2f77e1.html,页面链接
https://dibj.cn/fzpt/xwzx/index_12.html,新闻资讯,新闻资讯 - 数智北京创新中心,https://dibj.cn/fzpt/xwzx/3c48340f41f44be883782733050f29b5.html,页面链接
https://dibj.cn/fzpt/xwzx/index_12.html,新闻资讯,新闻资讯 - 数智北京创新中心,https://dibj.cn/fzpt/xwzx/d9a200e17fc14fadbffc2adb1e5b7c95.html,页面链接
https://dibj.cn/fzpt/xwzx/index_12.html,新闻资讯,新闻资讯 - 数智北京创新中心,https://dibj.cn/fzpt/xwzx/874f51531e0d42bdb43ff72da5deaabd.html,页面链接
https://dibj.cn/fzpt/xwzx/index_12.html,新闻资讯,新闻资讯 - 数智北京创新中心,https://dibj.cn/fzpt/xwzx/71535f9b92654b6ea2d58b2af17892ab.html,页面链接
https://dibj.cn/fzpt/xwzx/index_12.html,新闻资讯,新闻资讯 - 数智北京创新中心,https://dibj.cn/fzpt/xwzx/afc5f776df724e1f8e4eab55aa3111a9.html,页面链接
https://dibj.cn/fzpt/xwzx/index_12.html,新闻资讯,新闻资讯 - 数智北京创新中心,https://dibj.cn/fzpt/xwzx/75ee10f91b7f4336a79ecc457cd485ea.html,页面链接
https://dibj.cn/fzpt/xwzx/index_12.html,新闻资讯,新闻资讯 - 数智北京创新中心,https://dibj.cn/fzpt/xwzx/b75c0bb651a84ed6bce06d3753d017c5.html,页面链接
https://dibj.cn/fzpt/xwzx/index_12.html,新闻资讯,新闻资讯 - 数智北京创新中心,https://dibj.cn/fzpt/xwzx/9ea2ac158cdb40f8933fcb41a7a381ce.html,页面链接
https://dibj.cn/fzpt/xwzx/index_12.html,新闻资讯,新闻资讯 - 数智北京创新中心,https://dibj.cn/fzpt/xwzx/index_11.html,页面链接
https://dibj.cn/fzpt/xwzx/index_12.html,新闻资讯,新闻资讯 - 数智北京创新中心,https://dibj.cn/fzpt/xwzx/index_2.html,页面链接
https://dibj.cn/fzpt/xwzx/index_12.html,新闻资讯,新闻资讯 - 数智北京创新中心,https://dibj.cn/fzpt/xwzx/index_3.html,页面链接
https://dibj.cn/fzpt/xwzx/index_12.html,新闻资讯,新闻资讯 - 数智北京创新中心,https://dibj.cn/fzpt/xwzx/index_4.html,页面链接
https://dibj.cn/fzpt/xwzx/index_12.html,新闻资讯,新闻资讯 - 数智北京创新中心,https://dibj.cn/fzpt/xwzx/index_5.html,页面链接
https://dibj.cn/fzpt/xwzx/index_12.html,新闻资讯,新闻资讯 - 数智北京创新中心,https://dibj.cn/fzpt/xwzx/index_6.html,页面链接
https://dibj.cn/fzpt/xwzx/index_12.html,新闻资讯,新闻资讯 - 数智北京创新中心,https://dibj.cn/fzpt/xwzx/index_7.html,页面链接
https://dibj.cn/fzpt/xwzx/index_12.html,新闻资讯,新闻资讯 - 数智北京创新中心,https://dibj.cn/fzpt/xwzx/index_8.html,页面链接
https://dibj.cn/fzpt/xwzx/index_12.html,新闻资讯,新闻资讯 - 数智北京创新中心,https://dibj.cn/fzpt/xwzx/index_9.html,页面链接
https://dibj.cn/fzpt/xwzx/index_12.html,新闻资讯,新闻资讯 - 数智北京创新中心,https://dibj.cn/fzpt/xwzx/index_10.html,页面链接
https://dibj.cn/fzpt/xwzx/index_12.html,新闻资讯,新闻资讯 - 数智北京创新中心,https://dibj.cn/fzpt/xwzx/index_12.html,页面链接
https://dibj.cn/fzpt/xwzx/index_2.html,新闻资讯,新闻资讯 - 数智北京创新中心,https://dibj.cn/,页面链接
https://dibj.cn/fzpt/xwzx/index_2.html,新闻资讯,新闻资讯 - 数智北京创新中心,https://dibj.cn/fzpt/xwzx/,页面链接
https://dibj.cn/fzpt/xwzx/index_2.html,新闻资讯,新闻资讯 - 数智北京创新中心,https://dibj.cn/fzpt/xwzx/ab4282aee2aa471ea3f468eec1eff975.html,页面链接
https://dibj.cn/fzpt/xwzx/index_2.html,新闻资讯,新闻资讯 - 数智北京创新中心,https://dibj.cn/fzpt/xwzx/b253df3e7b78402ba8af5f3dbdd4a7cc.html,页面链接
https://dibj.cn/fzpt/xwzx/index_2.html,新闻资讯,新闻资讯 - 数智北京创新中心,https://dibj.cn/fzpt/xwzx/410194970aee4073ab9700ca0f6b6a94.html,页面链接
https://dibj.cn/fzpt/xwzx/index_2.html,新闻资讯,新闻资讯 - 数智北京创新中心,https://dibj.cn/fzpt/xwzx/da4a923943e947a4b574f8053d3d5895.html,页面链接
https://dibj.cn/fzpt/xwzx/index_2.html,新闻资讯,新闻资讯 - 数智北京创新中心,https://dibj.cn/fzpt/xwzx/119eb8b1f13c437795fb6ab31c9d7406.html,页面链接
https://dibj.cn/fzpt/xwzx/index_2.html,新闻资讯,新闻资讯 - 数智北京创新中心,https://dibj.cn/fzpt/xwzx/f948cb5f099a40069850eb5581bfbe51.html,页面链接
https://dibj.cn/fzpt/xwzx/index_2.html,新闻资讯,新闻资讯 - 数智北京创新中心,https://dibj.cn/fzpt/xwzx/496d5133cea74243a7b9fd1ecd3111f7.html,页面链接
https://dibj.cn/fzpt/xwzx/index_2.html,新闻资讯,新闻资讯 - 数智北京创新中心,https://dibj.cn/fzpt/xwzx/9a27cb493820441586d3e12cb5da6b3b.html,页面链接
https://dibj.cn/fzpt/xwzx/index_2.html,新闻资讯,新闻资讯 - 数智北京创新中心,https://dibj.cn/fzpt/xwzx/84db21ebe823433ca6f982497b33beb6.html,页面链接
https://dibj.cn/fzpt/xwzx/index_2.html,新闻资讯,新闻资讯 - 数智北京创新中心,https://dibj.cn/fzpt/xwzx/484aa5f404f0455497024f37779bc526.html,页面链接
https://dibj.cn/fzpt/xwzx/index_2.html,新闻资讯,新闻资讯 - 数智北京创新中心,https://dibj.cn/fzpt/xwzx/6a156d38b7e34be7ab47816cbe0bf3d4.html,页面链接
https://dibj.cn/fzpt/xwzx/index_2.html,新闻资讯,新闻资讯 - 数智北京创新中心,https://dibj.cn/fzpt/xwzx/8985f1ad22ff4ad9930a78da7177799e.html,页面链接
https://dibj.cn/fzpt/xwzx/index_2.html,新闻资讯,新闻资讯 - 数智北京创新中心,https://dibj.cn/fzpt/xwzx/af1dbb04599e41169ddcac09e71c1ab0.html,页面链接
https://dibj.cn/fzpt/xwzx/index_2.html,新闻资讯,新闻资讯 - 数智北京创新中心,https://dibj.cn/fzpt/xwzx/089305202fdc4989b42ec1f732e37cd3.html,页面链接
https://dibj.cn/fzpt/xwzx/index_2.html,新闻资讯,新闻资讯 - 数智北京创新中心,https://dibj.cn/fzpt/xwzx/732f507ba4204dd39f653aaf250bab14.html,页面链接
https://dibj.cn/fzpt/xwzx/index_2.html,新闻资讯,新闻资讯 - 数智北京创新中心,https://dibj.cn/fzpt/xwzx/97871c18e5e34b0b85ec8ae3621d0d65.html,页面链接
https://dibj.cn/fzpt/xwzx/index_2.html,新闻资讯,新闻资讯 - 数智北京创新中心,https://dibj.cn/fzpt/xwzx/e751f3d335554970812f20fd24d42b80.html,页面链接
https://dibj.cn/fzpt/xwzx/index_2.html,新闻资讯,新闻资讯 - 数智北京创新中心,https://dibj.cn/fzpt/xwzx/3ea9a2acc11b4addb9d52b0f7267c42d.html,页面链接
https://dibj.cn/fzpt/xwzx/index_2.html,新闻资讯,新闻资讯 - 数智北京创新中心,https://dibj.cn/fzpt/xwzx/c12c0e54e9994efca49ae51b20c29378.html,页面链接
https://dibj.cn/fzpt/xwzx/index_2.html,新闻资讯,新闻资讯 - 数智北京创新中心,https://dibj.cn/fzpt/xwzx/eee2cfeaea0044208cd3f1cad95cb695.html,页面链接
https://dibj.cn/fzpt/xwzx/index_2.html,新闻资讯,新闻资讯 - 数智北京创新中心,https://dibj.cn/fzpt/xwzx/index_2.html,页面链接
https://dibj.cn/fzpt/xwzx/index_2.html,新闻资讯,新闻资讯 - 数智北京创新中心,https://dibj.cn/fzpt/xwzx/index_3.html,页面链接
https://dibj.cn/fzpt/xwzx/index_2.html,新闻资讯,新闻资讯 - 数智北京创新中心,https://dibj.cn/fzpt/xwzx/index_4.html,页面链接
https://dibj.cn/fzpt/xwzx/index_2.html,新闻资讯,新闻资讯 - 数智北京创新中心,https://dibj.cn/fzpt/xwzx/index_5.html,页面链接
https://dibj.cn/fzpt/xwzx/index_2.html,新闻资讯,新闻资讯 - 数智北京创新中心,https://dibj.cn/fzpt/xwzx/index_6.html,页面链接
https://dibj.cn/fzpt/xwzx/index_2.html,新闻资讯,新闻资讯 - 数智北京创新中心,https://dibj.cn/fzpt/xwzx/index_7.html,页面链接
https://dibj.cn/fzpt/xwzx/index_2.html,新闻资讯,新闻资讯 - 数智北京创新中心,https://dibj.cn/fzpt/xwzx/index_8.html,页面链接
https://dibj.cn/fzpt/xwzx/index_2.html,新闻资讯,新闻资讯 - 数智北京创新中心,https://dibj.cn/fzpt/xwzx/index_9.html,页面链接
https://dibj.cn/fzpt/xwzx/index_2.html,新闻资讯,新闻资讯 - 数智北京创新中心,https://dibj.cn/fzpt/xwzx/index_10.html,页面链接
https://dibj.cn/fzpt/xwzx/index_2.html,新闻资讯,新闻资讯 - 数智北京创新中心,https://dibj.cn/fzpt/xwzx/index_11.html,页面链接
https://dibj.cn/fzpt/xwzx/index_2.html,新闻资讯,新闻资讯 - 数智北京创新中心,https://dibj.cn/fzpt/xwzx/index_12.html,页面链接
https://dibj.cn/fzpt/xwzx/index_3.html,新闻资讯,新闻资讯 - 数智北京创新中心,https://dibj.cn/,页面链接
https://dibj.cn/fzpt/xwzx/index_3.html,新闻资讯,新闻资讯 - 数智北京创新中心,https://dibj.cn/fzpt/xwzx/,页面链接
https://dibj.cn/fzpt/xwzx/index_3.html,新闻资讯,新闻资讯 - 数智北京创新中心,https://dibj.cn/fzpt/xwzx/fc657820c0d446e280f356b66c52df14.html,页面链接
https://dibj.cn/fzpt/xwzx/index_3.html,新闻资讯,新闻资讯 - 数智北京创新中心,https://dibj.cn/fzpt/xwzx/e4f4d667eb594a20a1e8a570bf2ade3a.html,页面链接
https://dibj.cn/fzpt/xwzx/index_3.html,新闻资讯,新闻资讯 - 数智北京创新中心,https://dibj.cn/fzpt/xwzx/69f435f47903437cb41c690f6334ea90.html,页面链接
https://dibj.cn/fzpt/xwzx/index_3.html,新闻资讯,新闻资讯 - 数智北京创新中心,https://dibj.cn/fzpt/xwzx/920f5ff2400a43d9b756b01c0ce36ebf.html,页面链接
https://dibj.cn/fzpt/xwzx/index_3.html,新闻资讯,新闻资讯 - 数智北京创新中心,https://dibj.cn/fzpt/xwzx/21d0ac084c5947e8b7a56ddbb6b0da02.html,页面链接
https://dibj.cn/fzpt/xwzx/index_3.html,新闻资讯,新闻资讯 - 数智北京创新中心,https://dibj.cn/fzpt/xwzx/e5e763a70f68468e81efb2f449a98c6c.html,页面链接
https://dibj.cn/fzpt/xwzx/index_3.html,新闻资讯,新闻资讯 - 数智北京创新中心,https://dibj.cn/fzpt/xwzx/f17c09fb07f342298537f65ba43e4dde.html,页面链接
https://dibj.cn/fzpt/xwzx/index_3.html,新闻资讯,新闻资讯 - 数智北京创新中心,https://dibj.cn/fzpt/xwzx/db325e1d9d684122be6fff3f4070e5c5.html,页面链接
https://dibj.cn/fzpt/xwzx/index_3.html,新闻资讯,新闻资讯 - 数智北京创新中心,https://dibj.cn/fzpt/xwzx/ae9f72a3374e43ff85b845f1ef9d1d37.html,页面链接
https://dibj.cn/fzpt/xwzx/index_3.html,新闻资讯,新闻资讯 - 数智北京创新中心,https://dibj.cn/fzpt/xwzx/cdda62c3690246a68a4922f97871d2f7.html,页面链接
https://dibj.cn/fzpt/xwzx/index_3.html,新闻资讯,新闻资讯 - 数智北京创新中心,https://dibj.cn/fzpt/xwzx/e400e47fce1d444d831081b5381f46a9.html,页面链接
https://dibj.cn/fzpt/xwzx/index_3.html,新闻资讯,新闻资讯 - 数智北京创新中心,https://dibj.cn/fzpt/xwzx/1376089648364917a806be016ab1504a.html,页面链接
https://dibj.cn/fzpt/xwzx/index_3.html,新闻资讯,新闻资讯 - 数智北京创新中心,https://dibj.cn/fzpt/xwzx/573cc29951dd47498801f9f5dc7bb812.html,页面链接
https://dibj.cn/fzpt/xwzx/index_3.html,新闻资讯,新闻资讯 - 数智北京创新中心,https://dibj.cn/fzpt/xwzx/04de33ed77764348949463e1b0a09fc0.html,页面链接
https://dibj.cn/fzpt/xwzx/index_3.html,新闻资讯,新闻资讯 - 数智北京创新中心,https://dibj.cn/fzpt/xwzx/5cef0311e3714fa79209c6ab22f84b7d.html,页面链接
https://dibj.cn/fzpt/xwzx/index_3.html,新闻资讯,新闻资讯 - 数智北京创新中心,https://dibj.cn/fzpt/xwzx/c57ee95faf77445f9d8a6fd87b6d19cb.html,页面链接
https://dibj.cn/fzpt/xwzx/index_3.html,新闻资讯,新闻资讯 - 数智北京创新中心,https://dibj.cn/fzpt/xwzx/853d475dbafa4a1f98f2d1bc8d5cbacf.html,页面链接
https://dibj.cn/fzpt/xwzx/index_3.html,新闻资讯,新闻资讯 - 数智北京创新中心,https://dibj.cn/fzpt/xwzx/9c952d656d4c47d081669afba89fdfbb.html,页面链接
https://dibj.cn/fzpt/xwzx/index_3.html,新闻资讯,新闻资讯 - 数智北京创新中心,https://dibj.cn/fzpt/xwzx/9e6697d5a3014c0f896f919f4578638c.html,页面链接
https://dibj.cn/fzpt/xwzx/index_3.html,新闻资讯,新闻资讯 - 数智北京创新中心,https://dibj.cn/fzpt/xwzx/844640bdbb954dc2b6b93e7c5c81fb4f.html,页面链接
https://dibj.cn/fzpt/xwzx/index_3.html,新闻资讯,新闻资讯 - 数智北京创新中心,https://dibj.cn/fzpt/xwzx/index_2.html,页面链接
https://dibj.cn/fzpt/xwzx/index_3.html,新闻资讯,新闻资讯 - 数智北京创新中心,https://dibj.cn/fzpt/xwzx/index_3.html,页面链接
https://dibj.cn/fzpt/xwzx/index_3.html,新闻资讯,新闻资讯 - 数智北京创新中心,https://dibj.cn/fzpt/xwzx/index_4.html,页面链接
https://dibj.cn/fzpt/xwzx/index_3.html,新闻资讯,新闻资讯 - 数智北京创新中心,https://dibj.cn/fzpt/xwzx/index_5.html,页面链接
https://dibj.cn/fzpt/xwzx/index_3.html,新闻资讯,新闻资讯 - 数智北京创新中心,https://dibj.cn/fzpt/xwzx/index_6.html,页面链接
https://dibj.cn/fzpt/xwzx/index_3.html,新闻资讯,新闻资讯 - 数智北京创新中心,https://dibj.cn/fzpt/xwzx/index_7.html,页面链接
https://dibj.cn/fzpt/xwzx/index_3.html,新闻资讯,新闻资讯 - 数智北京创新中心,https://dibj.cn/fzpt/xwzx/index_8.html,页面链接
https://dibj.cn/fzpt/xwzx/index_3.html,新闻资讯,新闻资讯 - 数智北京创新中心,https://dibj.cn/fzpt/xwzx/index_9.html,页面链接
https://dibj.cn/fzpt/xwzx/index_3.html,新闻资讯,新闻资讯 - 数智北京创新中心,https://dibj.cn/fzpt/xwzx/index_10.html,页面链接
https://dibj.cn/fzpt/xwzx/index_3.html,新闻资讯,新闻资讯 - 数智北京创新中心,https://dibj.cn/fzpt/xwzx/index_11.html,页面链接
https://dibj.cn/fzpt/xwzx/index_3.html,新闻资讯,新闻资讯 - 数智北京创新中心,https://dibj.cn/fzpt/xwzx/index_12.html,页面链接
https://dibj.cn/fzpt/xwzx/index_4.html,新闻资讯,新闻资讯 - 数智北京创新中心,https://dibj.cn/,页面链接
https://dibj.cn/fzpt/xwzx/index_4.html,新闻资讯,新闻资讯 - 数智北京创新中心,https://dibj.cn/fzpt/xwzx/,页面链接
https://dibj.cn/fzpt/xwzx/index_4.html,新闻资讯,新闻资讯 - 数智北京创新中心,https://dibj.cn/fzpt/xwzx/c2fe6e10b35f47098b22dc605ad4ed82.html,页面链接
https://dibj.cn/fzpt/xwzx/index_4.html,新闻资讯,新闻资讯 - 数智北京创新中心,https://dibj.cn/fzpt/xwzx/016b6de92580459a97d2163d9342f236.html,页面链接
https://dibj.cn/fzpt/xwzx/index_4.html,新闻资讯,新闻资讯 - 数智北京创新中心,https://dibj.cn/fzpt/xwzx/56285dc8f91d4ba9bc8ef607e73cd039.html,页面链接
https://dibj.cn/fzpt/xwzx/index_4.html,新闻资讯,新闻资讯 - 数智北京创新中心,https://dibj.cn/fzpt/xwzx/c6d68a40e7f243d6bae2c0d493c38183.html,页面链接
https://dibj.cn/fzpt/xwzx/index_4.html,新闻资讯,新闻资讯 - 数智北京创新中心,https://dibj.cn/fzpt/xwzx/b2a1d6261d75444b9d525534372cc7da.html,页面链接
https://dibj.cn/fzpt/xwzx/index_4.html,新闻资讯,新闻资讯 - 数智北京创新中心,https://dibj.cn/fzpt/xwzx/dab0cc12ffdb4faea89edb9b5631f137.html,页面链接
https://dibj.cn/fzpt/xwzx/index_4.html,新闻资讯,新闻资讯 - 数智北京创新中心,https://dibj.cn/fzpt/xwzx/e8eaa1e169eb49d4a0b80bd438821713.html,页面链接
https://dibj.cn/fzpt/xwzx/index_4.html,新闻资讯,新闻资讯 - 数智北京创新中心,https://dibj.cn/fzpt/xwzx/0d08710993314e978ba83eb4c57e3086.html,页面链接
https://dibj.cn/fzpt/xwzx/index_4.html,新闻资讯,新闻资讯 - 数智北京创新中心,https://dibj.cn/fzpt/xwzx/7f1c3ffeddab47cbb01749396a648f80.html,页面链接
https://dibj.cn/fzpt/xwzx/index_4.html,新闻资讯,新闻资讯 - 数智北京创新中心,https://dibj.cn/fzpt/xwzx/1e35d0882e7d4c5ab8c1e6ccb7ec6f6c.html,页面链接
https://dibj.cn/fzpt/xwzx/index_4.html,新闻资讯,新闻资讯 - 数智北京创新中心,https://dibj.cn/fzpt/xwzx/a2e10b91719d436296ce34728b047234.html,页面链接
https://dibj.cn/fzpt/xwzx/index_4.html,新闻资讯,新闻资讯 - 数智北京创新中心,https://dibj.cn/fzpt/xwzx/2a30647b5d0b4c70936e255ec8795a44.html,页面链接
https://dibj.cn/fzpt/xwzx/index_4.html,新闻资讯,新闻资讯 - 数智北京创新中心,https://dibj.cn/fzpt/xwzx/255478072a2e475692dbc3ddb8fad45d.html,页面链接
https://dibj.cn/fzpt/xwzx/index_4.html,新闻资讯,新闻资讯 - 数智北京创新中心,https://dibj.cn/fzpt/xwzx/5f0c350e29464c22a1ef879e0cc7764a.html,页面链接
https://dibj.cn/fzpt/xwzx/index_4.html,新闻资讯,新闻资讯 - 数智北京创新中心,https://dibj.cn/fzpt/xwzx/5103d20bd99343c0bebc0e57120694d5.html,页面链接
https://dibj.cn/fzpt/xwzx/index_4.html,新闻资讯,新闻资讯 - 数智北京创新中心,https://dibj.cn/fzpt/xwzx/c9d02b4716d94f1d8aafdaee982f82f8.html,页面链接
https://dibj.cn/fzpt/xwzx/index_4.html,新闻资讯,新闻资讯 - 数智北京创新中心,https://dibj.cn/fzpt/xwzx/dd5bef964f2643dc9df335a673e1aec8.html,页面链接
https://dibj.cn/fzpt/xwzx/index_4.html,新闻资讯,新闻资讯 - 数智北京创新中心,https://dibj.cn/fzpt/xwzx/eba6b4c0c2964342bbff2de3792da024.html,页面链接
https://dibj.cn/fzpt/xwzx/index_4.html,新闻资讯,新闻资讯 - 数智北京创新中心,https://dibj.cn/fzpt/xwzx/8f818655402a4d8c8058ad0268254265.html,页面链接
https://dibj.cn/fzpt/xwzx/index_4.html,新闻资讯,新闻资讯 - 数智北京创新中心,https://dibj.cn/fzpt/xwzx/7807b4303f754cf1bc1785358beb23a0.html,页面链接
https://dibj.cn/fzpt/xwzx/index_4.html,新闻资讯,新闻资讯 - 数智北京创新中心,https://dibj.cn/fzpt/xwzx/index_3.html,页面链接
https://dibj.cn/fzpt/xwzx/index_4.html,新闻资讯,新闻资讯 - 数智北京创新中心,https://dibj.cn/fzpt/xwzx/index_2.html,页面链接
https://dibj.cn/fzpt/xwzx/index_4.html,新闻资讯,新闻资讯 - 数智北京创新中心,https://dibj.cn/fzpt/xwzx/index_4.html,页面链接
https://dibj.cn/fzpt/xwzx/index_4.html,新闻资讯,新闻资讯 - 数智北京创新中心,https://dibj.cn/fzpt/xwzx/index_5.html,页面链接
https://dibj.cn/fzpt/xwzx/index_4.html,新闻资讯,新闻资讯 - 数智北京创新中心,https://dibj.cn/fzpt/xwzx/index_6.html,页面链接
https://dibj.cn/fzpt/xwzx/index_4.html,新闻资讯,新闻资讯 - 数智北京创新中心,https://dibj.cn/fzpt/xwzx/index_7.html,页面链接
https://dibj.cn/fzpt/xwzx/index_4.html,新闻资讯,新闻资讯 - 数智北京创新中心,https://dibj.cn/fzpt/xwzx/index_8.html,页面链接
https://dibj.cn/fzpt/xwzx/index_4.html,新闻资讯,新闻资讯 - 数智北京创新中心,https://dibj.cn/fzpt/xwzx/index_9.html,页面链接
https://dibj.cn/fzpt/xwzx/index_4.html,新闻资讯,新闻资讯 - 数智北京创新中心,https://dibj.cn/fzpt/xwzx/index_10.html,页面链接
https://dibj.cn/fzpt/xwzx/index_4.html,新闻资讯,新闻资讯 - 数智北京创新中心,https://dibj.cn/fzpt/xwzx/index_11.html,页面链接
https://dibj.cn/fzpt/xwzx/index_4.html,新闻资讯,新闻资讯 - 数智北京创新中心,https://dibj.cn/fzpt/xwzx/index_12.html,页面链接
https://dibj.cn/fzpt/xwzx/index_5.html,新闻资讯,新闻资讯 - 数智北京创新中心,https://dibj.cn/,页面链接
https://dibj.cn/fzpt/xwzx/index_5.html,新闻资讯,新闻资讯 - 数智北京创新中心,https://dibj.cn/fzpt/xwzx/,页面链接
https://dibj.cn/fzpt/xwzx/index_5.html,新闻资讯,新闻资讯 - 数智北京创新中心,https://dibj.cn/fzpt/xwzx/555ae1922d054ae695f976c24018f339.html,页面链接
https://dibj.cn/fzpt/xwzx/index_5.html,新闻资讯,新闻资讯 - 数智北京创新中心,https://dibj.cn/fzpt/xwzx/3cd57770117140ac90dd8273558e8c57.html,页面链接
https://dibj.cn/fzpt/xwzx/index_5.html,新闻资讯,新闻资讯 - 数智北京创新中心,https://dibj.cn/fzpt/xwzx/0a7fc716f1ce4b05acad22a9bf5b3c93.html,页面链接
https://dibj.cn/fzpt/xwzx/index_5.html,新闻资讯,新闻资讯 - 数智北京创新中心,https://dibj.cn/fzpt/xwzx/8f8e53001ac142b59bdd6b96b930c50e.html,页面链接
https://dibj.cn/fzpt/xwzx/index_5.html,新闻资讯,新闻资讯 - 数智北京创新中心,https://dibj.cn/fzpt/xwzx/7b5a068e09f1437192670d7e618f178f.html,页面链接
https://dibj.cn/fzpt/xwzx/index_5.html,新闻资讯,新闻资讯 - 数智北京创新中心,https://dibj.cn/fzpt/xwzx/ec461509fca54c83949de93e60e723bc.html,页面链接
https://dibj.cn/fzpt/xwzx/index_5.html,新闻资讯,新闻资讯 - 数智北京创新中心,https://dibj.cn/fzpt/xwzx/d8af50730ef4464f9d2c07902b05084c.html,页面链接
https://dibj.cn/fzpt/xwzx/index_5.html,新闻资讯,新闻资讯 - 数智北京创新中心,https://dibj.cn/fzpt/xwzx/fdf56227dfc54fe7aa511f3e22c39ce6.html,页面链接
https://dibj.cn/fzpt/xwzx/index_5.html,新闻资讯,新闻资讯 - 数智北京创新中心,https://dibj.cn/fzpt/xwzx/b72589ea5d78471bbc983dba6230dfc3.html,页面链接
https://dibj.cn/fzpt/xwzx/index_5.html,新闻资讯,新闻资讯 - 数智北京创新中心,https://dibj.cn/fzpt/xwzx/b109747b854d4599803743bcc7f96416.html,页面链接
https://dibj.cn/fzpt/xwzx/index_5.html,新闻资讯,新闻资讯 - 数智北京创新中心,https://dibj.cn/fzpt/xwzx/6aa53baf17524ddaa9d3b0b7d23e88cc.html,页面链接
https://dibj.cn/fzpt/xwzx/index_5.html,新闻资讯,新闻资讯 - 数智北京创新中心,https://dibj.cn/fzpt/xwzx/fd4a2266c4864295a2d8a94894f33697.html,页面链接
https://dibj.cn/fzpt/xwzx/index_5.html,新闻资讯,新闻资讯 - 数智北京创新中心,https://dibj.cn/fzpt/xwzx/96c3e38b97884300a5d1853973847d8e.html,页面链接
https://dibj.cn/fzpt/xwzx/index_5.html,新闻资讯,新闻资讯 - 数智北京创新中心,https://dibj.cn/fzpt/xwzx/36fd1a3ddcd64acfb1fa9f22c848f0e8.html,页面链接
https://dibj.cn/fzpt/xwzx/index_5.html,新闻资讯,新闻资讯 - 数智北京创新中心,https://dibj.cn/fzpt/xwzx/483d8f7745e14951b6d872966a52097b.html,页面链接
https://dibj.cn/fzpt/xwzx/index_5.html,新闻资讯,新闻资讯 - 数智北京创新中心,https://dibj.cn/fzpt/xwzx/144ebd01692e4cf492d1faa285f50654.html,页面链接
https://dibj.cn/fzpt/xwzx/index_5.html,新闻资讯,新闻资讯 - 数智北京创新中心,https://dibj.cn/fzpt/xwzx/e0d0fc7adb4040ed9974613aa91043b6.html,页面链接
https://dibj.cn/fzpt/xwzx/index_5.html,新闻资讯,新闻资讯 - 数智北京创新中心,https://dibj.cn/fzpt/xwzx/1875747053764ca88c82a3cee1a30807.html,页面链接
https://dibj.cn/fzpt/xwzx/index_5.html,新闻资讯,新闻资讯 - 数智北京创新中心,https://dibj.cn/fzpt/xwzx/6dac79f59f5a43e79e6f5d4bda796cf1.html,页面链接
https://dibj.cn/fzpt/xwzx/index_5.html,新闻资讯,新闻资讯 - 数智北京创新中心,https://dibj.cn/fzpt/xwzx/d76297566ec64e7c86732280a16599ae.html,页面链接
https://dibj.cn/fzpt/xwzx/index_5.html,新闻资讯,新闻资讯 - 数智北京创新中心,https://dibj.cn/fzpt/xwzx/index_4.html,页面链接
https://dibj.cn/fzpt/xwzx/index_5.html,新闻资讯,新闻资讯 - 数智北京创新中心,https://dibj.cn/fzpt/xwzx/index_2.html,页面链接
https://dibj.cn/fzpt/xwzx/index_5.html,新闻资讯,新闻资讯 - 数智北京创新中心,https://dibj.cn/fzpt/xwzx/index_3.html,页面链接
https://dibj.cn/fzpt/xwzx/index_5.html,新闻资讯,新闻资讯 - 数智北京创新中心,https://dibj.cn/fzpt/xwzx/index_5.html,页面链接
https://dibj.cn/fzpt/xwzx/index_5.html,新闻资讯,新闻资讯 - 数智北京创新中心,https://dibj.cn/fzpt/xwzx/index_6.html,页面链接
https://dibj.cn/fzpt/xwzx/index_5.html,新闻资讯,新闻资讯 - 数智北京创新中心,https://dibj.cn/fzpt/xwzx/index_7.html,页面链接
https://dibj.cn/fzpt/xwzx/index_5.html,新闻资讯,新闻资讯 - 数智北京创新中心,https://dibj.cn/fzpt/xwzx/index_8.html,页面链接
https://dibj.cn/fzpt/xwzx/index_5.html,新闻资讯,新闻资讯 - 数智北京创新中心,https://dibj.cn/fzpt/xwzx/index_9.html,页面链接
https://dibj.cn/fzpt/xwzx/index_5.html,新闻资讯,新闻资讯 - 数智北京创新中心,https://dibj.cn/fzpt/xwzx/index_10.html,页面链接
https://dibj.cn/fzpt/xwzx/index_5.html,新闻资讯,新闻资讯 - 数智北京创新中心,https://dibj.cn/fzpt/xwzx/index_11.html,页面链接
https://dibj.cn/fzpt/xwzx/index_5.html,新闻资讯,新闻资讯 - 数智北京创新中心,https://dibj.cn/fzpt/xwzx/index_12.html,页面链接
https://dibj.cn/fzpt/xwzx/index_6.html,新闻资讯,新闻资讯 - 数智北京创新中心,https://dibj.cn/,页面链接
https://dibj.cn/fzpt/xwzx/index_6.html,新闻资讯,新闻资讯 - 数智北京创新中心,https://dibj.cn/fzpt/xwzx/,页面链接
https://dibj.cn/fzpt/xwzx/index_6.html,新闻资讯,新闻资讯 - 数智北京创新中心,https://dibj.cn/fzpt/xwzx/a612ce451a14475c8ac54014a0aab4f7.html,页面链接
https://dibj.cn/fzpt/xwzx/index_6.html,新闻资讯,新闻资讯 - 数智北京创新中心,https://dibj.cn/fzpt/xwzx/321255f091584b4b9eab433b0f5d44c6.html,页面链接
https://dibj.cn/fzpt/xwzx/index_6.html,新闻资讯,新闻资讯 - 数智北京创新中心,https://dibj.cn/fzpt/xwzx/1e8853add20543b9b13b023efbd280aa.html,页面链接
https://dibj.cn/fzpt/xwzx/index_6.html,新闻资讯,新闻资讯 - 数智北京创新中心,https://dibj.cn/fzpt/xwzx/11ad1cff23f54e32a564860f7bb258e9.html,页面链接
https://dibj.cn/fzpt/xwzx/index_6.html,新闻资讯,新闻资讯 - 数智北京创新中心,https://dibj.cn/fzpt/xwzx/cd90ddcbf4cf4204acded28a520ca3d7.html,页面链接
https://dibj.cn/fzpt/xwzx/index_6.html,新闻资讯,新闻资讯 - 数智北京创新中心,https://dibj.cn/fzpt/xwzx/a50b939efefa4ec899d3692a156c012e.html,页面链接
https://dibj.cn/fzpt/xwzx/index_6.html,新闻资讯,新闻资讯 - 数智北京创新中心,https://dibj.cn/fzpt/xwzx/c366754ac17d4ed9800f8782e2514aa3.html,页面链接
https://dibj.cn/fzpt/xwzx/index_6.html,新闻资讯,新闻资讯 - 数智北京创新中心,https://dibj.cn/fzpt/xwzx/a8e39509a7704f47ae2d2301c730444c.html,页面链接
https://dibj.cn/fzpt/xwzx/index_6.html,新闻资讯,新闻资讯 - 数智北京创新中心,https://dibj.cn/fzpt/xwzx/2fcb270fc2de480e9ba1aee1cf8bc1d6.html,页面链接
https://dibj.cn/fzpt/xwzx/index_6.html,新闻资讯,新闻资讯 - 数智北京创新中心,https://dibj.cn/fzpt/xwzx/1649e06d77c54296b6fc60095c21bedb.html,页面链接
https://dibj.cn/fzpt/xwzx/index_6.html,新闻资讯,新闻资讯 - 数智北京创新中心,https://dibj.cn/fzpt/xwzx/89648ed5ecc8492a869cc6bb70e83135.html,页面链接
https://dibj.cn/fzpt/xwzx/index_6.html,新闻资讯,新闻资讯 - 数智北京创新中心,https://dibj.cn/fzpt/xwzx/cc433c4a24dc450293e9bb8c0ea4d440.html,页面链接
https://dibj.cn/fzpt/xwzx/index_6.html,新闻资讯,新闻资讯 - 数智北京创新中心,https://dibj.cn/fzpt/xwzx/af08e5afbdd64006aaa09458f367d3e1.html,页面链接
https://dibj.cn/fzpt/xwzx/index_6.html,新闻资讯,新闻资讯 - 数智北京创新中心,https://dibj.cn/fzpt/xwzx/a8a80aac7ca44aa394046de68e4c89c1.html,页面链接
https://dibj.cn/fzpt/xwzx/index_6.html,新闻资讯,新闻资讯 - 数智北京创新中心,https://dibj.cn/fzpt/xwzx/491acea85d7b4594a0bd0fabcea8dcf8.html,页面链接
https://dibj.cn/fzpt/xwzx/index_6.html,新闻资讯,新闻资讯 - 数智北京创新中心,https://dibj.cn/fzpt/xwzx/7b2ced54e04046e09d24e25f5b66b0a9.html,页面链接
https://dibj.cn/fzpt/xwzx/index_6.html,新闻资讯,新闻资讯 - 数智北京创新中心,https://dibj.cn/fzpt/xwzx/985b8126e2684c9ab7d57c2c791ef2f3.html,页面链接
https://dibj.cn/fzpt/xwzx/index_6.html,新闻资讯,新闻资讯 - 数智北京创新中心,https://dibj.cn/fzpt/xwzx/9ad1dac56f5f4a3782f08ba387581ab3.html,页面链接
https://dibj.cn/fzpt/xwzx/index_6.html,新闻资讯,新闻资讯 - 数智北京创新中心,https://dibj.cn/fzpt/xwzx/ab26ad0f5d87422ea1b966e6c73be427.html,页面链接
https://dibj.cn/fzpt/xwzx/index_6.html,新闻资讯,新闻资讯 - 数智北京创新中心,https://dibj.cn/fzpt/xwzx/9c116a2169174683a17b5895906ad4fa.html,页面链接
https://dibj.cn/fzpt/xwzx/index_6.html,新闻资讯,新闻资讯 - 数智北京创新中心,https://dibj.cn/fzpt/xwzx/index_5.html,页面链接
https://dibj.cn/fzpt/xwzx/index_6.html,新闻资讯,新闻资讯 - 数智北京创新中心,https://dibj.cn/fzpt/xwzx/index_2.html,页面链接
https://dibj.cn/fzpt/xwzx/index_6.html,新闻资讯,新闻资讯 - 数智北京创新中心,https://dibj.cn/fzpt/xwzx/index_3.html,页面链接
https://dibj.cn/fzpt/xwzx/index_6.html,新闻资讯,新闻资讯 - 数智北京创新中心,https://dibj.cn/fzpt/xwzx/index_4.html,页面链接
https://dibj.cn/fzpt/xwzx/index_6.html,新闻资讯,新闻资讯 - 数智北京创新中心,https://dibj.cn/fzpt/xwzx/index_6.html,页面链接
https://dibj.cn/fzpt/xwzx/index_6.html,新闻资讯,新闻资讯 - 数智北京创新中心,https://dibj.cn/fzpt/xwzx/index_7.html,页面链接
https://dibj.cn/fzpt/xwzx/index_6.html,新闻资讯,新闻资讯 - 数智北京创新中心,https://dibj.cn/fzpt/xwzx/index_8.html,页面链接
https://dibj.cn/fzpt/xwzx/index_6.html,新闻资讯,新闻资讯 - 数智北京创新中心,https://dibj.cn/fzpt/xwzx/index_9.html,页面链接
https://dibj.cn/fzpt/xwzx/index_6.html,新闻资讯,新闻资讯 - 数智北京创新中心,https://dibj.cn/fzpt/xwzx/index_10.html,页面链接
https://dibj.cn/fzpt/xwzx/index_6.html,新闻资讯,新闻资讯 - 数智北京创新中心,https://dibj.cn/fzpt/xwzx/index_11.html,页面链接
https://dibj.cn/fzpt/xwzx/index_6.html,新闻资讯,新闻资讯 - 数智北京创新中心,https://dibj.cn/fzpt/xwzx/index_12.html,页面链接
https://dibj.cn/fzpt/xwzx/index_7.html,新闻资讯,新闻资讯 - 数智北京创新中心,https://dibj.cn/,页面链接
https://dibj.cn/fzpt/xwzx/index_7.html,新闻资讯,新闻资讯 - 数智北京创新中心,https://dibj.cn/fzpt/xwzx/,页面链接
https://dibj.cn/fzpt/xwzx/index_7.html,新闻资讯,新闻资讯 - 数智北京创新中心,https://dibj.cn/fzpt/xwzx/05651db626bb42fba52466845e2860fd.html,页面链接
https://dibj.cn/fzpt/xwzx/index_7.html,新闻资讯,新闻资讯 - 数智北京创新中心,https://dibj.cn/fzpt/xwzx/029a1fd4394342deaf57853f063b70d9.html,页面链接
https://dibj.cn/fzpt/xwzx/index_7.html,新闻资讯,新闻资讯 - 数智北京创新中心,https://dibj.cn/fzpt/xwzx/9fe62d8c430742e2b0f13b90cf7fda7b.html,页面链接
https://dibj.cn/fzpt/xwzx/index_7.html,新闻资讯,新闻资讯 - 数智北京创新中心,https://dibj.cn/fzpt/xwzx/258d78d616ce4703847edcfec2407323.html,页面链接
https://dibj.cn/fzpt/xwzx/index_7.html,新闻资讯,新闻资讯 - 数智北京创新中心,https://dibj.cn/fzpt/xwzx/8bbaba3bf8a643fba7553fcb416b442c.html,页面链接
https://dibj.cn/fzpt/xwzx/index_7.html,新闻资讯,新闻资讯 - 数智北京创新中心,https://dibj.cn/fzpt/xwzx/505bf09f9ffe4dee8a4355a903454e0e.html,页面链接
https://dibj.cn/fzpt/xwzx/index_7.html,新闻资讯,新闻资讯 - 数智北京创新中心,https://dibj.cn/fzpt/xwzx/684085d6344c4358aa23f8f52504157e.html,页面链接
https://dibj.cn/fzpt/xwzx/index_7.html,新闻资讯,新闻资讯 - 数智北京创新中心,https://dibj.cn/fzpt/xwzx/b91aa8c19dc44032b215ca31923ebab3.html,页面链接
https://dibj.cn/fzpt/xwzx/index_7.html,新闻资讯,新闻资讯 - 数智北京创新中心,https://dibj.cn/fzpt/xwzx/13c735726889438fb56c300a2be012e8.html,页面链接
https://dibj.cn/fzpt/xwzx/index_7.html,新闻资讯,新闻资讯 - 数智北京创新中心,https://dibj.cn/fzpt/xwzx/1733c77a056a4a0a8f58a11bc608c820.html,页面链接
https://dibj.cn/fzpt/xwzx/index_7.html,新闻资讯,新闻资讯 - 数智北京创新中心,https://dibj.cn/fzpt/xwzx/2b8e5ff9e12b4a92b647522be175d8cb.html,页面链接
https://dibj.cn/fzpt/xwzx/index_7.html,新闻资讯,新闻资讯 - 数智北京创新中心,https://dibj.cn/fzpt/xwzx/42a7fde7bfbc4bdd984003bdedea62ff.html,页面链接
https://dibj.cn/fzpt/xwzx/index_7.html,新闻资讯,新闻资讯 - 数智北京创新中心,https://dibj.cn/fzpt/xwzx/e41bb32ed03744be8673d089d645221f.html,页面链接
https://dibj.cn/fzpt/xwzx/index_7.html,新闻资讯,新闻资讯 - 数智北京创新中心,https://dibj.cn/fzpt/xwzx/61d559758a5b403c89e18a7127b5bf70.html,页面链接
https://dibj.cn/fzpt/xwzx/index_7.html,新闻资讯,新闻资讯 - 数智北京创新中心,https://dibj.cn/fzpt/xwzx/742e44e7caf34235b2f1b3347ae59055.html,页面链接
https://dibj.cn/fzpt/xwzx/index_7.html,新闻资讯,新闻资讯 - 数智北京创新中心,https://dibj.cn/fzpt/xwzx/863f6cf2bbfe4fb2b9ec35e86144cf02.html,页面链接
https://dibj.cn/fzpt/xwzx/index_7.html,新闻资讯,新闻资讯 - 数智北京创新中心,https://dibj.cn/fzpt/xwzx/9e62518b04584bc088977d0b1bb684eb.html,页面链接
https://dibj.cn/fzpt/xwzx/index_7.html,新闻资讯,新闻资讯 - 数智北京创新中心,https://dibj.cn/fzpt/xwzx/a05c5f22c6174e768bd647df0e266d73.html,页面链接
https://dibj.cn/fzpt/xwzx/index_7.html,新闻资讯,新闻资讯 - 数智北京创新中心,https://dibj.cn/fzpt/xwzx/a997e18948874b4ea8cb5f4dfa83a104.html,页面链接
https://dibj.cn/fzpt/xwzx/index_7.html,新闻资讯,新闻资讯 - 数智北京创新中心,https://dibj.cn/fzpt/xwzx/26689c649b2345ed90529fddf1d9adf9.html,页面链接
https://dibj.cn/fzpt/xwzx/index_7.html,新闻资讯,新闻资讯 - 数智北京创新中心,https://dibj.cn/fzpt/xwzx/index_6.html,页面链接
https://dibj.cn/fzpt/xwzx/index_7.html,新闻资讯,新闻资讯 - 数智北京创新中心,https://dibj.cn/fzpt/xwzx/index_2.html,页面链接
https://dibj.cn/fzpt/xwzx/index_7.html,新闻资讯,新闻资讯 - 数智北京创新中心,https://dibj.cn/fzpt/xwzx/index_3.html,页面链接
https://dibj.cn/fzpt/xwzx/index_7.html,新闻资讯,新闻资讯 - 数智北京创新中心,https://dibj.cn/fzpt/xwzx/index_4.html,页面链接
https://dibj.cn/fzpt/xwzx/index_7.html,新闻资讯,新闻资讯 - 数智北京创新中心,https://dibj.cn/fzpt/xwzx/index_5.html,页面链接
https://dibj.cn/fzpt/xwzx/index_7.html,新闻资讯,新闻资讯 - 数智北京创新中心,https://dibj.cn/fzpt/xwzx/index_7.html,页面链接
https://dibj.cn/fzpt/xwzx/index_7.html,新闻资讯,新闻资讯 - 数智北京创新中心,https://dibj.cn/fzpt/xwzx/index_8.html,页面链接
https://dibj.cn/fzpt/xwzx/index_7.html,新闻资讯,新闻资讯 - 数智北京创新中心,https://dibj.cn/fzpt/xwzx/index_9.html,页面链接
https://dibj.cn/fzpt/xwzx/index_7.html,新闻资讯,新闻资讯 - 数智北京创新中心,https://dibj.cn/fzpt/xwzx/index_10.html,页面链接
https://dibj.cn/fzpt/xwzx/index_7.html,新闻资讯,新闻资讯 - 数智北京创新中心,https://dibj.cn/fzpt/xwzx/index_11.html,页面链接
https://dibj.cn/fzpt/xwzx/index_7.html,新闻资讯,新闻资讯 - 数智北京创新中心,https://dibj.cn/fzpt/xwzx/index_12.html,页面链接
https://dibj.cn/fzpt/xwzx/index_8.html,新闻资讯,新闻资讯 - 数智北京创新中心,https://dibj.cn/,页面链接
https://dibj.cn/fzpt/xwzx/index_8.html,新闻资讯,新闻资讯 - 数智北京创新中心,https://dibj.cn/fzpt/xwzx/,页面链接
https://dibj.cn/fzpt/xwzx/index_8.html,新闻资讯,新闻资讯 - 数智北京创新中心,https://dibj.cn/fzpt/xwzx/1cb2f0a86d7d4d51afa63d8dbc74b05a.html,页面链接
https://dibj.cn/fzpt/xwzx/index_8.html,新闻资讯,新闻资讯 - 数智北京创新中心,https://dibj.cn/fzpt/xwzx/0b7f933998f54f17af3f482c6253fc04.html,页面链接
https://dibj.cn/fzpt/xwzx/index_8.html,新闻资讯,新闻资讯 - 数智北京创新中心,https://dibj.cn/fzpt/xwzx/589869c7c2af4776b7c8458a77d9ce4c.html,页面链接
https://dibj.cn/fzpt/xwzx/index_8.html,新闻资讯,新闻资讯 - 数智北京创新中心,https://dibj.cn/fzpt/xwzx/4ee92ee6942e41ea8ac3230ae39512bd.html,页面链接
https://dibj.cn/fzpt/xwzx/index_8.html,新闻资讯,新闻资讯 - 数智北京创新中心,https://dibj.cn/fzpt/xwzx/f2fc4310ab8e49e8b2d280402e771a5c.html,页面链接
https://dibj.cn/fzpt/xwzx/index_8.html,新闻资讯,新闻资讯 - 数智北京创新中心,https://dibj.cn/fzpt/xwzx/38989740a64b4cd6ac264ddd8daa13b6.html,页面链接
https://dibj.cn/fzpt/xwzx/index_8.html,新闻资讯,新闻资讯 - 数智北京创新中心,https://dibj.cn/fzpt/xwzx/23f5f536d35046669a0004d652c3a821.html,页面链接
https://dibj.cn/fzpt/xwzx/index_8.html,新闻资讯,新闻资讯 - 数智北京创新中心,https://dibj.cn/fzpt/xwzx/b8b29d3a0a204e0e894e3c31ef8afc33.html,页面链接
https://dibj.cn/fzpt/xwzx/index_8.html,新闻资讯,新闻资讯 - 数智北京创新中心,https://dibj.cn/fzpt/xwzx/4a451317a7d34ce289d6be12d6d90f07.html,页面链接
https://dibj.cn/fzpt/xwzx/index_8.html,新闻资讯,新闻资讯 - 数智北京创新中心,https://dibj.cn/fzpt/xwzx/fa469b2a6ad84c439ccfc6998903084a.html,页面链接
https://dibj.cn/fzpt/xwzx/index_8.html,新闻资讯,新闻资讯 - 数智北京创新中心,https://dibj.cn/fzpt/xwzx/0cc313e412af4f80a627b49a76c2871b.html,页面链接
https://dibj.cn/fzpt/xwzx/index_8.html,新闻资讯,新闻资讯 - 数智北京创新中心,https://dibj.cn/fzpt/xwzx/e4d05937a3d840139a5c47653e0f9ee9.html,页面链接
https://dibj.cn/fzpt/xwzx/index_8.html,新闻资讯,新闻资讯 - 数智北京创新中心,https://dibj.cn/fzpt/xwzx/6cd2f41db6b84e3591327c5d51e4a372.html,页面链接
https://dibj.cn/fzpt/xwzx/index_8.html,新闻资讯,新闻资讯 - 数智北京创新中心,https://dibj.cn/fzpt/xwzx/ba4a009f6ae74de7ba2f43c0ea031cd0.html,页面链接
https://dibj.cn/fzpt/xwzx/index_8.html,新闻资讯,新闻资讯 - 数智北京创新中心,https://dibj.cn/fzpt/xwzx/380461fd1b2c439da1890440e2708c65.html,页面链接
https://dibj.cn/fzpt/xwzx/index_8.html,新闻资讯,新闻资讯 - 数智北京创新中心,https://dibj.cn/fzpt/xwzx/a72adf83c22745aaace5c9591d3b143a.html,页面链接
https://dibj.cn/fzpt/xwzx/index_8.html,新闻资讯,新闻资讯 - 数智北京创新中心,https://dibj.cn/fzpt/xwzx/b71002c5806645b3b2f0d9a5198e3f0b.html,页面链接
https://dibj.cn/fzpt/xwzx/index_8.html,新闻资讯,新闻资讯 - 数智北京创新中心,https://dibj.cn/fzpt/xwzx/ec58f320854444c8a482318e27052afe.html,页面链接
https://dibj.cn/fzpt/xwzx/index_8.html,新闻资讯,新闻资讯 - 数智北京创新中心,https://dibj.cn/fzpt/xwzx/97e2688771fc4178ac813b96396f5f12.html,页面链接
https://dibj.cn/fzpt/xwzx/index_8.html,新闻资讯,新闻资讯 - 数智北京创新中心,https://dibj.cn/fzpt/xwzx/4d3ab1d83988489696b3d300ac628e4e.html,页面链接
https://dibj.cn/fzpt/xwzx/index_8.html,新闻资讯,新闻资讯 - 数智北京创新中心,https://dibj.cn/fzpt/xwzx/index_7.html,页面链接
https://dibj.cn/fzpt/xwzx/index_8.html,新闻资讯,新闻资讯 - 数智北京创新中心,https://dibj.cn/fzpt/xwzx/index_2.html,页面链接
https://dibj.cn/fzpt/xwzx/index_8.html,新闻资讯,新闻资讯 - 数智北京创新中心,https://dibj.cn/fzpt/xwzx/index_3.html,页面链接
https://dibj.cn/fzpt/xwzx/index_8.html,新闻资讯,新闻资讯 - 数智北京创新中心,https://dibj.cn/fzpt/xwzx/index_4.html,页面链接
https://dibj.cn/fzpt/xwzx/index_8.html,新闻资讯,新闻资讯 - 数智北京创新中心,https://dibj.cn/fzpt/xwzx/index_5.html,页面链接
https://dibj.cn/fzpt/xwzx/index_8.html,新闻资讯,新闻资讯 - 数智北京创新中心,https://dibj.cn/fzpt/xwzx/index_6.html,页面链接
https://dibj.cn/fzpt/xwzx/index_8.html,新闻资讯,新闻资讯 - 数智北京创新中心,https://dibj.cn/fzpt/xwzx/index_8.html,页面链接
https://dibj.cn/fzpt/xwzx/index_8.html,新闻资讯,新闻资讯 - 数智北京创新中心,https://dibj.cn/fzpt/xwzx/index_9.html,页面链接
https://dibj.cn/fzpt/xwzx/index_8.html,新闻资讯,新闻资讯 - 数智北京创新中心,https://dibj.cn/fzpt/xwzx/index_10.html,页面链接
https://dibj.cn/fzpt/xwzx/index_8.html,新闻资讯,新闻资讯 - 数智北京创新中心,https://dibj.cn/fzpt/xwzx/index_11.html,页面链接
https://dibj.cn/fzpt/xwzx/index_8.html,新闻资讯,新闻资讯 - 数智北京创新中心,https://dibj.cn/fzpt/xwzx/index_12.html,页面链接
https://dibj.cn/fzpt/xwzx/index_9.html,新闻资讯,新闻资讯 - 数智北京创新中心,https://dibj.cn/,页面链接
https://dibj.cn/fzpt/xwzx/index_9.html,新闻资讯,新闻资讯 - 数智北京创新中心,https://dibj.cn/fzpt/xwzx/,页面链接
https://dibj.cn/fzpt/xwzx/index_9.html,新闻资讯,新闻资讯 - 数智北京创新中心,https://dibj.cn/fzpt/xwzx/9d32c3e020714f4da98ef5604b6b7179.html,页面链接
https://dibj.cn/fzpt/xwzx/index_9.html,新闻资讯,新闻资讯 - 数智北京创新中心,https://dibj.cn/fzpt/xwzx/2e7d25c38a0b46f8adebbff1ff6b5201.html,页面链接
https://dibj.cn/fzpt/xwzx/index_9.html,新闻资讯,新闻资讯 - 数智北京创新中心,https://dibj.cn/fzpt/xwzx/575b38f8949e4ac0a634551def308aa5.html,页面链接
https://dibj.cn/fzpt/xwzx/index_9.html,新闻资讯,新闻资讯 - 数智北京创新中心,https://dibj.cn/fzpt/xwzx/96377af197a74bc397b82a4034d6b5c0.html,页面链接
https://dibj.cn/fzpt/xwzx/index_9.html,新闻资讯,新闻资讯 - 数智北京创新中心,https://dibj.cn/fzpt/xwzx/f8ea63fdac214f1c977213ed5622de6e.html,页面链接
https://dibj.cn/fzpt/xwzx/index_9.html,新闻资讯,新闻资讯 - 数智北京创新中心,https://dibj.cn/fzpt/xwzx/b4f38f5870674e5eaeba5418354069be.html,页面链接
https://dibj.cn/fzpt/xwzx/index_9.html,新闻资讯,新闻资讯 - 数智北京创新中心,https://dibj.cn/fzpt/xwzx/9eaed176efad45fbb9267cdeef74c0b4.html,页面链接
https://dibj.cn/fzpt/xwzx/index_9.html,新闻资讯,新闻资讯 - 数智北京创新中心,https://dibj.cn/fzpt/xwzx/2911dad7d0b54e3eae2f09503afcd416.html,页面链接
https://dibj.cn/fzpt/xwzx/index_9.html,新闻资讯,新闻资讯 - 数智北京创新中心,https://dibj.cn/fzpt/xwzx/a963e92952e94878808b68075c005916.html,页面链接
https://dibj.cn/fzpt/xwzx/index_9.html,新闻资讯,新闻资讯 - 数智北京创新中心,https://dibj.cn/fzpt/xwzx/84b1dcaa14a04cbc9d0ff204ba09c63e.html,页面链接
https://dibj.cn/fzpt/xwzx/index_9.html,新闻资讯,新闻资讯 - 数智北京创新中心,https://dibj.cn/fzpt/xwzx/8e179e810ec24e95a603bd8718960634.html,页面链接
https://dibj.cn/fzpt/xwzx/index_9.html,新闻资讯,新闻资讯 - 数智北京创新中心,https://dibj.cn/fzpt/xwzx/f4c095fb77204281ae41093fb16e4238.html,页面链接
https://dibj.cn/fzpt/xwzx/index_9.html,新闻资讯,新闻资讯 - 数智北京创新中心,https://dibj.cn/fzpt/xwzx/048b76d5e17242bc911bb63f205794d4.html,页面链接
https://dibj.cn/fzpt/xwzx/index_9.html,新闻资讯,新闻资讯 - 数智北京创新中心,https://dibj.cn/fzpt/xwzx/ae38ee626ec94d4e8cb45cb021db9963.html,页面链接
https://dibj.cn/fzpt/xwzx/index_9.html,新闻资讯,新闻资讯 - 数智北京创新中心,https://dibj.cn/fzpt/xwzx/73711a0128764d30af4718b736c74c10.html,页面链接
https://dibj.cn/fzpt/xwzx/index_9.html,新闻资讯,新闻资讯 - 数智北京创新中心,https://dibj.cn/fzpt/xwzx/02a3c89498dc4f139fcb35502a1b929c.html,页面链接
https://dibj.cn/fzpt/xwzx/index_9.html,新闻资讯,新闻资讯 - 数智北京创新中心,https://dibj.cn/fzpt/xwzx/7b3284e6c72a42e9b65000cc8f5b1483.html,页面链接
https://dibj.cn/fzpt/xwzx/index_9.html,新闻资讯,新闻资讯 - 数智北京创新中心,https://dibj.cn/fzpt/xwzx/bd80f4a8602940d38551a9596b2ba04a.html,页面链接
https://dibj.cn/fzpt/xwzx/index_9.html,新闻资讯,新闻资讯 - 数智北京创新中心,https://dibj.cn/fzpt/xwzx/6651fb23216d4049b069ed0e3bb88227.html,页面链接
https://dibj.cn/fzpt/xwzx/index_9.html,新闻资讯,新闻资讯 - 数智北京创新中心,https://dibj.cn/fzpt/xwzx/5a1c25e5b24040889a4fa2deca27371e.html,页面链接
https://dibj.cn/fzpt/xwzx/index_9.html,新闻资讯,新闻资讯 - 数智北京创新中心,https://dibj.cn/fzpt/xwzx/index_8.html,页面链接
https://dibj.cn/fzpt/xwzx/index_9.html,新闻资讯,新闻资讯 - 数智北京创新中心,https://dibj.cn/fzpt/xwzx/index_2.html,页面链接
https://dibj.cn/fzpt/xwzx/index_9.html,新闻资讯,新闻资讯 - 数智北京创新中心,https://dibj.cn/fzpt/xwzx/index_3.html,页面链接
https://dibj.cn/fzpt/xwzx/index_9.html,新闻资讯,新闻资讯 - 数智北京创新中心,https://dibj.cn/fzpt/xwzx/index_4.html,页面链接
https://dibj.cn/fzpt/xwzx/index_9.html,新闻资讯,新闻资讯 - 数智北京创新中心,https://dibj.cn/fzpt/xwzx/index_5.html,页面链接
https://dibj.cn/fzpt/xwzx/index_9.html,新闻资讯,新闻资讯 - 数智北京创新中心,https://dibj.cn/fzpt/xwzx/index_6.html,页面链接
https://dibj.cn/fzpt/xwzx/index_9.html,新闻资讯,新闻资讯 - 数智北京创新中心,https://dibj.cn/fzpt/xwzx/index_7.html,页面链接
https://dibj.cn/fzpt/xwzx/index_9.html,新闻资讯,新闻资讯 - 数智北京创新中心,https://dibj.cn/fzpt/xwzx/index_9.html,页面链接
https://dibj.cn/fzpt/xwzx/index_9.html,新闻资讯,新闻资讯 - 数智北京创新中心,https://dibj.cn/fzpt/xwzx/index_10.html,页面链接
https://dibj.cn/fzpt/xwzx/index_9.html,新闻资讯,新闻资讯 - 数智北京创新中心,https://dibj.cn/fzpt/xwzx/index_11.html,页面链接
https://dibj.cn/fzpt/xwzx/index_9.html,新闻资讯,新闻资讯 - 数智北京创新中心,https://dibj.cn/fzpt/xwzx/index_12.html,页面链接
https://dibj.cn/fzpt/xwzx/lbt/d4074238254c44acb02424f7aacdb371.html,新闻资讯,轮播图 - 数智北京创新中心,https://dibj.cn/,页面链接
https://dibj.cn/fzpt/xwzx/lbt/d4074238254c44acb02424f7aacdb371.html,新闻资讯,轮播图 - 数智北京创新中心,https://dibj.cn/fzpt/,页面链接
https://dibj.cn/fzpt/xwzx/lbt/d4074238254c44acb02424f7aacdb371.html,新闻资讯,轮播图 - 数智北京创新中心,https://dibj.cn/fzpt/xwzx/,页面链接
https://dibj.cn/fzpt/xwzx/lbt/d4074238254c44acb02424f7aacdb371.html,新闻资讯,轮播图 - 数智北京创新中心,https://dibj.cn/fzpt/xwzx,页面链接
https://dibj.cn/ssfwww/,走进创新中心,赛事活动 - 数智北京创新中心,https://dibj.cn/ssfwww/lbt/985df6a3c99742bb9d7afb7375e941c4.html,页面链接
https://dibj.cn/ssfwww/,走进创新中心,赛事活动 - 数智北京创新中心,https://dibj.cn/ssfwww/lbt/fb044092527947099e76b2ce38b42201.html,页面链接
https://dibj.cn/ssfwww/,走进创新中心,赛事活动 - 数智北京创新中心,https://dibj.cn/ssfwww/lbt/0624ec2afb914748ae3603c3fcd2a5c2.html,页面链接
https://dibj.cn/ssfwww/,走进创新中心,赛事活动 - 数智北京创新中心,https://dibj.cn/ssfwww/lbt/5a1e116976a64612b42b3d80239037f4.html,页面链接
https://dibj.cn/ssfwww/,走进创新中心,赛事活动 - 数智北京创新中心,https://dibj.cn/ssfwww/tzgg/92bda001d21647489434421e22c46091.html,页面链接
https://dibj.cn/ssfwww/,走进创新中心,赛事活动 - 数智北京创新中心,https://dibj.cn/ssfwww/tzgg/56603c2805404c8faa1b1d6a04ddb9eb.html,页面链接
https://dibj.cn/ssfwww/,走进创新中心,赛事活动 - 数智北京创新中心,https://dibj.cn/ssfwww/tzgg/e51f399f445b4195b013d18be7185bde.html,页面链接
https://dibj.cn/ssfwww/,走进创新中心,赛事活动 - 数智北京创新中心,https://dibj.cn/ssfwww/tzgg/cc5ce3673c514ca0b0f61f2cff04809d.html,页面链接
https://dibj.cn/ssfwww/,走进创新中心,赛事活动 - 数智北京创新中心,https://dibj.cn/ssfwww/tzgg/b530cdfd995c4b3abf478d04d1fb0e85.html,页面链接
https://dibj.cn/ssfwww/,走进创新中心,赛事活动 - 数智北京创新中心,https://dibj.cn/ssfwww/tzgg,页面链接
https://dibj.cn/ssfwww/,走进创新中心,赛事活动 - 数智北京创新中心,https://dibj.cn/ssfwww/ssdt/3594d2cc2d8840aebacf4251fc546f22.html,页面链接
https://dibj.cn/ssfwww/,走进创新中心,赛事活动 - 数智北京创新中心,https://dibj.cn/ssfwww/ssdt/153d7376ed664c099d7789cb49f167b9.html,页面链接
https://dibj.cn/ssfwww/,走进创新中心,赛事活动 - 数智北京创新中心,https://dibj.cn/ssfwww/ssdt/09e301b8a060480cb3165ed2eb070050.html,页面链接
https://dibj.cn/ssfwww/,走进创新中心,赛事活动 - 数智北京创新中心,https://dibj.cn/ssfwww/ssdt/c07485dc859d431c80e7238cb0ae30fe.html,页面链接
https://dibj.cn/ssfwww/,走进创新中心,赛事活动 - 数智北京创新中心,https://dibj.cn/ssfwww/ssdt/9d0ae7fb7e90421bafbb3b4ffbb938de.html,页面链接
https://dibj.cn/ssfwww/,走进创新中心,赛事活动 - 数智北京创新中心,https://dibj.cn/ssfwww/ssdt,页面链接
https://dibj.cn/ssfwww/,走进创新中心,赛事活动 - 数智北京创新中心,https://dibj.cn/ssfwww/hyhd,页面链接
https://dibj.cn/ssfwww/,走进创新中心,赛事活动 - 数智北京创新中心,https://dibj.cn/ssfwww/hyhd/16201985051a4c25945a5477d0b8ca3e.html,页面链接
https://dibj.cn/ssfwww/,走进创新中心,赛事活动 - 数智北京创新中心,https://dibj.cn/ssfwww/hyhd/99e1abee2a29453382ca606d82714bd1.html,页面链接
https://dibj.cn/ssfwww/,走进创新中心,赛事活动 - 数智北京创新中心,https://dibj.cn/ssfwww/hyhd/47838c0006d2416499cb3acfab4de49e.html,页面链接
https://dibj.cn/ssfwww/,走进创新中心,赛事活动 - 数智北京创新中心,https://dibj.cn/ssfwww/hdyg,页面链接
https://dibj.cn/ssfwww/,走进创新中心,赛事活动 - 数智北京创新中心,https://dibj.cn/ssfwww/hdyg/2ea25e3eddb14fc2a66b220857471522.html,页面链接
https://dibj.cn/ssfwww/,走进创新中心,赛事活动 - 数智北京创新中心,https://dibj.cn/ssfwww/hdyg/afbc2ef05de84842a9352955d9fabe27.html,页面链接
https://dibj.cn/ssfwww/,走进创新中心,赛事活动 - 数智北京创新中心,https://dibj.cn/ssfwww/hdyg/1b4301114a33467d94c9dac61e8958c4.html,页面链接
https://dibj.cn/ssfwww/,走进创新中心,赛事活动 - 数智北京创新中心,https://dibj.cn/ssfwww/hdyg/0a25d484c58345148b3a52fa74c0327b.html,页面链接
https://dibj.cn/ssfwww/,走进创新中心,赛事活动 - 数智北京创新中心,https://dibj.cn/ssfwww/hdyg/097f23a409904b51b4a6d0c9cd515260.html,页面链接
https://dibj.cn/ssfwww/hdyg,走进创新中心,活动预告 - 数智北京创新中心,https://dibj.cn/,页面链接
https://dibj.cn/ssfwww/hdyg,走进创新中心,活动预告 - 数智北京创新中心,https://dibj.cn/ssfwww/,页面链接
https://dibj.cn/ssfwww/hdyg,走进创新中心,活动预告 - 数智北京创新中心,https://dibj.cn/ssfwww/hdyg/,页面链接
https://dibj.cn/ssfwww/hdyg,走进创新中心,活动预告 - 数智北京创新中心,https://dibj.cn/ssfwww/hdyg/2ea25e3eddb14fc2a66b220857471522.html,页面链接
https://dibj.cn/ssfwww/hdyg,走进创新中心,活动预告 - 数智北京创新中心,https://dibj.cn/ssfwww/hdyg/afbc2ef05de84842a9352955d9fabe27.html,页面链接
https://dibj.cn/ssfwww/hdyg,走进创新中心,活动预告 - 数智北京创新中心,https://dibj.cn/ssfwww/hdyg/1b4301114a33467d94c9dac61e8958c4.html,页面链接
https://dibj.cn/ssfwww/hdyg,走进创新中心,活动预告 - 数智北京创新中心,https://dibj.cn/ssfwww/hdyg/0a25d484c58345148b3a52fa74c0327b.html,页面链接
https://dibj.cn/ssfwww/hdyg,走进创新中心,活动预告 - 数智北京创新中心,https://dibj.cn/ssfwww/hdyg/097f23a409904b51b4a6d0c9cd515260.html,页面链接
https://dibj.cn/ssfwww/hdyg,走进创新中心,活动预告 - 数智北京创新中心,https://dibj.cn/ssfwww/hdyg/89314a64f1a24b0ba918ce1967e9db6a.html,页面链接
https://dibj.cn/ssfwww/hdyg,走进创新中心,活动预告 - 数智北京创新中心,https://dibj.cn/ssfwww/hdyg/e0fd23749bad42f5804f9c720ac918ca.html,页面链接
https://dibj.cn/ssfwww/hdyg,走进创新中心,活动预告 - 数智北京创新中心,https://dibj.cn/ssfwww/hdyg/84c5bf30576f4c62adf2873aaa4ab51f.html,页面链接
https://dibj.cn/ssfwww/hdyg,走进创新中心,活动预告 - 数智北京创新中心,https://dibj.cn/ssfwww/hdyg/ebef010b12d245299a6e09f44b8ce3bb.html,页面链接
https://dibj.cn/ssfwww/hdyg,走进创新中心,活动预告 - 数智北京创新中心,https://dibj.cn/ssfwww/hdyg/ab02167c17444c6d96ebc8d1df937135.html,页面链接
https://dibj.cn/ssfwww/hdyg,走进创新中心,活动预告 - 数智北京创新中心,https://dibj.cn/ssfwww/hdyg/03a5a86da56e455ab1a552e861d92554.html,页面链接
https://dibj.cn/ssfwww/hdyg,走进创新中心,活动预告 - 数智北京创新中心,https://dibj.cn/ssfwww/hdyg/3ecb08fa87b6492aadf1876f783a8263.html,页面链接
https://dibj.cn/ssfwww/hdyg/,走进创新中心,活动预告 - 数智北京创新中心,https://dibj.cn/,页面链接
https://dibj.cn/ssfwww/hdyg/,走进创新中心,活动预告 - 数智北京创新中心,https://dibj.cn/ssfwww/,页面链接
https://dibj.cn/ssfwww/hdyg/,走进创新中心,活动预告 - 数智北京创新中心,https://dibj.cn/ssfwww/hdyg/,页面链接
https://dibj.cn/ssfwww/hdyg/,走进创新中心,活动预告 - 数智北京创新中心,https://dibj.cn/ssfwww/hdyg/2ea25e3eddb14fc2a66b220857471522.html,页面链接
https://dibj.cn/ssfwww/hdyg/,走进创新中心,活动预告 - 数智北京创新中心,https://dibj.cn/ssfwww/hdyg/afbc2ef05de84842a9352955d9fabe27.html,页面链接
https://dibj.cn/ssfwww/hdyg/,走进创新中心,活动预告 - 数智北京创新中心,https://dibj.cn/ssfwww/hdyg/1b4301114a33467d94c9dac61e8958c4.html,页面链接
https://dibj.cn/ssfwww/hdyg/,走进创新中心,活动预告 - 数智北京创新中心,https://dibj.cn/ssfwww/hdyg/0a25d484c58345148b3a52fa74c0327b.html,页面链接
https://dibj.cn/ssfwww/hdyg/,走进创新中心,活动预告 - 数智北京创新中心,https://dibj.cn/ssfwww/hdyg/097f23a409904b51b4a6d0c9cd515260.html,页面链接
https://dibj.cn/ssfwww/hdyg/,走进创新中心,活动预告 - 数智北京创新中心,https://dibj.cn/ssfwww/hdyg/89314a64f1a24b0ba918ce1967e9db6a.html,页面链接
https://dibj.cn/ssfwww/hdyg/,走进创新中心,活动预告 - 数智北京创新中心,https://dibj.cn/ssfwww/hdyg/e0fd23749bad42f5804f9c720ac918ca.html,页面链接
https://dibj.cn/ssfwww/hdyg/,走进创新中心,活动预告 - 数智北京创新中心,https://dibj.cn/ssfwww/hdyg/84c5bf30576f4c62adf2873aaa4ab51f.html,页面链接
https://dibj.cn/ssfwww/hdyg/,走进创新中心,活动预告 - 数智北京创新中心,https://dibj.cn/ssfwww/hdyg/ebef010b12d245299a6e09f44b8ce3bb.html,页面链接
https://dibj.cn/ssfwww/hdyg/,走进创新中心,活动预告 - 数智北京创新中心,https://dibj.cn/ssfwww/hdyg/ab02167c17444c6d96ebc8d1df937135.html,页面链接
https://dibj.cn/ssfwww/hdyg/,走进创新中心,活动预告 - 数智北京创新中心,https://dibj.cn/ssfwww/hdyg/03a5a86da56e455ab1a552e861d92554.html,页面链接
https://dibj.cn/ssfwww/hdyg/,走进创新中心,活动预告 - 数智北京创新中心,https://dibj.cn/ssfwww/hdyg/3ecb08fa87b6492aadf1876f783a8263.html,页面链接
https://dibj.cn/ssfwww/hdyg/03a5a86da56e455ab1a552e861d92554.html,走进创新中心,活动预告 - 数智北京创新中心,https://dibj.cn/,页面链接
https://dibj.cn/ssfwww/hdyg/03a5a86da56e455ab1a552e861d92554.html,走进创新中心,活动预告 - 数智北京创新中心,https://dibj.cn/ssfwww/,页面链接
https://dibj.cn/ssfwww/hdyg/03a5a86da56e455ab1a552e861d92554.html,走进创新中心,活动预告 - 数智北京创新中心,https://dibj.cn/ssfwww/hdyg/,页面链接
https://dibj.cn/ssfwww/hdyg/097f23a409904b51b4a6d0c9cd515260.html,走进创新中心,活动预告 - 数智北京创新中心,https://dibj.cn/,页面链接
https://dibj.cn/ssfwww/hdyg/097f23a409904b51b4a6d0c9cd515260.html,走进创新中心,活动预告 - 数智北京创新中心,https://dibj.cn/ssfwww/,页面链接
https://dibj.cn/ssfwww/hdyg/097f23a409904b51b4a6d0c9cd515260.html,走进创新中心,活动预告 - 数智北京创新中心,https://dibj.cn/ssfwww/hdyg/,页面链接
https://dibj.cn/ssfwww/hdyg/0a25d484c58345148b3a52fa74c0327b.html,走进创新中心,活动预告 - 数智北京创新中心,https://dibj.cn/,页面链接
https://dibj.cn/ssfwww/hdyg/0a25d484c58345148b3a52fa74c0327b.html,走进创新中心,活动预告 - 数智北京创新中心,https://dibj.cn/ssfwww/,页面链接
https://dibj.cn/ssfwww/hdyg/0a25d484c58345148b3a52fa74c0327b.html,走进创新中心,活动预告 - 数智北京创新中心,https://dibj.cn/ssfwww/hdyg/,页面链接
https://dibj.cn/ssfwww/hdyg/1b4301114a33467d94c9dac61e8958c4.html,走进创新中心,活动预告 - 数智北京创新中心,https://dibj.cn/,页面链接
https://dibj.cn/ssfwww/hdyg/1b4301114a33467d94c9dac61e8958c4.html,走进创新中心,活动预告 - 数智北京创新中心,https://dibj.cn/ssfwww/,页面链接
https://dibj.cn/ssfwww/hdyg/1b4301114a33467d94c9dac61e8958c4.html,走进创新中心,活动预告 - 数智北京创新中心,https://dibj.cn/ssfwww/hdyg/,页面链接
https://dibj.cn/ssfwww/hdyg/272e839d951240f0abdb1e6112b7c1ab.html,走进创新中心,活动预告 - 数智北京创新中心,https://dibj.cn/,页面链接
https://dibj.cn/ssfwww/hdyg/272e839d951240f0abdb1e6112b7c1ab.html,走进创新中心,活动预告 - 数智北京创新中心,https://dibj.cn/ssfwww/,页面链接
https://dibj.cn/ssfwww/hdyg/272e839d951240f0abdb1e6112b7c1ab.html,走进创新中心,活动预告 - 数智北京创新中心,https://dibj.cn/ssfwww/hdyg/,页面链接
https://dibj.cn/ssfwww/hdyg/2ea25e3eddb14fc2a66b220857471522.html,走进创新中心,活动预告 - 数智北京创新中心,https://dibj.cn/,页面链接
https://dibj.cn/ssfwww/hdyg/2ea25e3eddb14fc2a66b220857471522.html,走进创新中心,活动预告 - 数智北京创新中心,https://dibj.cn/ssfwww/,页面链接
https://dibj.cn/ssfwww/hdyg/2ea25e3eddb14fc2a66b220857471522.html,走进创新中心,活动预告 - 数智北京创新中心,https://dibj.cn/ssfwww/hdyg/,页面链接
https://dibj.cn/ssfwww/hdyg/3362d1d7c50d4b8aa5dbc2c68e3852c6.html,走进创新中心,活动预告 - 数智北京创新中心,https://dibj.cn/,页面链接
https://dibj.cn/ssfwww/hdyg/3362d1d7c50d4b8aa5dbc2c68e3852c6.html,走进创新中心,活动预告 - 数智北京创新中心,https://dibj.cn/ssfwww/,页面链接
https://dibj.cn/ssfwww/hdyg/3362d1d7c50d4b8aa5dbc2c68e3852c6.html,走进创新中心,活动预告 - 数智北京创新中心,https://dibj.cn/ssfwww/hdyg/,页面链接
https://dibj.cn/ssfwww/hdyg/3ecb08fa87b6492aadf1876f783a8263.html,走进创新中心,活动预告 - 数智北京创新中心,https://dibj.cn/,页面链接
https://dibj.cn/ssfwww/hdyg/3ecb08fa87b6492aadf1876f783a8263.html,走进创新中心,活动预告 - 数智北京创新中心,https://dibj.cn/ssfwww/,页面链接
https://dibj.cn/ssfwww/hdyg/3ecb08fa87b6492aadf1876f783a8263.html,走进创新中心,活动预告 - 数智北京创新中心,https://dibj.cn/ssfwww/hdyg/,页面链接
https://dibj.cn/ssfwww/hdyg/8141d22e2e3d45d9b34182921d3b80df.html,走进创新中心,活动预告 - 数智北京创新中心,https://dibj.cn/,页面链接
https://dibj.cn/ssfwww/hdyg/8141d22e2e3d45d9b34182921d3b80df.html,走进创新中心,活动预告 - 数智北京创新中心,https://dibj.cn/ssfwww/,页面链接
https://dibj.cn/ssfwww/hdyg/8141d22e2e3d45d9b34182921d3b80df.html,走进创新中心,活动预告 - 数智北京创新中心,https://dibj.cn/ssfwww/hdyg/,页面链接
https://dibj.cn/ssfwww/hdyg/84c5bf30576f4c62adf2873aaa4ab51f.html,走进创新中心,活动预告 - 数智北京创新中心,https://dibj.cn/,页面链接
https://dibj.cn/ssfwww/hdyg/84c5bf30576f4c62adf2873aaa4ab51f.html,走进创新中心,活动预告 - 数智北京创新中心,https://dibj.cn/ssfwww/,页面链接
https://dibj.cn/ssfwww/hdyg/84c5bf30576f4c62adf2873aaa4ab51f.html,走进创新中心,活动预告 - 数智北京创新中心,https://dibj.cn/ssfwww/hdyg/,页面链接
https://dibj.cn/ssfwww/hdyg/89314a64f1a24b0ba918ce1967e9db6a.html,走进创新中心,活动预告 - 数智北京创新中心,https://dibj.cn/,页面链接
https://dibj.cn/ssfwww/hdyg/89314a64f1a24b0ba918ce1967e9db6a.html,走进创新中心,活动预告 - 数智北京创新中心,https://dibj.cn/ssfwww/,页面链接
https://dibj.cn/ssfwww/hdyg/89314a64f1a24b0ba918ce1967e9db6a.html,走进创新中心,活动预告 - 数智北京创新中心,https://dibj.cn/ssfwww/hdyg/,页面链接
https://dibj.cn/ssfwww/hdyg/ab02167c17444c6d96ebc8d1df937135.html,走进创新中心,活动预告 - 数智北京创新中心,https://dibj.cn/,页面链接
https://dibj.cn/ssfwww/hdyg/ab02167c17444c6d96ebc8d1df937135.html,走进创新中心,活动预告 - 数智北京创新中心,https://dibj.cn/ssfwww/,页面链接
https://dibj.cn/ssfwww/hdyg/ab02167c17444c6d96ebc8d1df937135.html,走进创新中心,活动预告 - 数智北京创新中心,https://dibj.cn/ssfwww/hdyg/,页面链接
https://dibj.cn/ssfwww/hdyg/afbc2ef05de84842a9352955d9fabe27.html,走进创新中心,活动预告 - 数智北京创新中心,https://dibj.cn/,页面链接
https://dibj.cn/ssfwww/hdyg/afbc2ef05de84842a9352955d9fabe27.html,走进创新中心,活动预告 - 数智北京创新中心,https://dibj.cn/ssfwww/,页面链接
https://dibj.cn/ssfwww/hdyg/afbc2ef05de84842a9352955d9fabe27.html,走进创新中心,活动预告 - 数智北京创新中心,https://dibj.cn/ssfwww/hdyg/,页面链接
https://dibj.cn/ssfwww/hdyg/e0fd23749bad42f5804f9c720ac918ca.html,走进创新中心,活动预告 - 数智北京创新中心,https://dibj.cn/,页面链接
https://dibj.cn/ssfwww/hdyg/e0fd23749bad42f5804f9c720ac918ca.html,走进创新中心,活动预告 - 数智北京创新中心,https://dibj.cn/ssfwww/,页面链接
https://dibj.cn/ssfwww/hdyg/e0fd23749bad42f5804f9c720ac918ca.html,走进创新中心,活动预告 - 数智北京创新中心,https://dibj.cn/ssfwww/hdyg/,页面链接
https://dibj.cn/ssfwww/hdyg/ebef010b12d245299a6e09f44b8ce3bb.html,走进创新中心,活动预告 - 数智北京创新中心,https://dibj.cn/,页面链接
https://dibj.cn/ssfwww/hdyg/ebef010b12d245299a6e09f44b8ce3bb.html,走进创新中心,活动预告 - 数智北京创新中心,https://dibj.cn/ssfwww/,页面链接
https://dibj.cn/ssfwww/hdyg/ebef010b12d245299a6e09f44b8ce3bb.html,走进创新中心,活动预告 - 数智北京创新中心,https://dibj.cn/ssfwww/hdyg/,页面链接
https://dibj.cn/ssfwww/hyhd,走进创新中心,行业活动 - 数智北京创新中心,https://dibj.cn/,页面链接
https://dibj.cn/ssfwww/hyhd,走进创新中心,行业活动 - 数智北京创新中心,https://dibj.cn/ssfwww/,页面链接
https://dibj.cn/ssfwww/hyhd,走进创新中心,行业活动 - 数智北京创新中心,https://dibj.cn/ssfwww/hyhd/,页面链接
https://dibj.cn/ssfwww/hyhd,走进创新中心,行业活动 - 数智北京创新中心,https://dibj.cn/ssfwww/hyhd/16201985051a4c25945a5477d0b8ca3e.html,页面链接
https://dibj.cn/ssfwww/hyhd,走进创新中心,行业活动 - 数智北京创新中心,https://dibj.cn/ssfwww/hyhd/99e1abee2a29453382ca606d82714bd1.html,页面链接
https://dibj.cn/ssfwww/hyhd,走进创新中心,行业活动 - 数智北京创新中心,https://dibj.cn/ssfwww/hyhd/47838c0006d2416499cb3acfab4de49e.html,页面链接
https://dibj.cn/ssfwww/hyhd,走进创新中心,行业活动 - 数智北京创新中心,https://dibj.cn/ssfwww/hyhd/26700b47257542d98bc873b5427b1cfe.html,页面链接
https://dibj.cn/ssfwww/hyhd,走进创新中心,行业活动 - 数智北京创新中心,https://dibj.cn/ssfwww/hyhd/0bdd55f0d54847249d1a797178368a4b.html,页面链接
https://dibj.cn/ssfwww/hyhd,走进创新中心,行业活动 - 数智北京创新中心,https://dibj.cn/ssfwww/hyhd/7c0fb75ce72d44dc8bc530d03dcb96a6.html,页面链接
https://dibj.cn/ssfwww/hyhd,走进创新中心,行业活动 - 数智北京创新中心,https://dibj.cn/ssfwww/hyhd/1cf18836f8814547a9555f89d2a8fc60.html,页面链接
https://dibj.cn/ssfwww/hyhd,走进创新中心,行业活动 - 数智北京创新中心,https://dibj.cn/ssfwww/hyhd/de66ca08a199457b99d130340a97ed93.html,页面链接
https://dibj.cn/ssfwww/hyhd/,走进创新中心,行业活动 - 数智北京创新中心,https://dibj.cn/,页面链接
https://dibj.cn/ssfwww/hyhd/,走进创新中心,行业活动 - 数智北京创新中心,https://dibj.cn/ssfwww/,页面链接
https://dibj.cn/ssfwww/hyhd/,走进创新中心,行业活动 - 数智北京创新中心,https://dibj.cn/ssfwww/hyhd/,页面链接
https://dibj.cn/ssfwww/hyhd/,走进创新中心,行业活动 - 数智北京创新中心,https://dibj.cn/ssfwww/hyhd/16201985051a4c25945a5477d0b8ca3e.html,页面链接
https://dibj.cn/ssfwww/hyhd/,走进创新中心,行业活动 - 数智北京创新中心,https://dibj.cn/ssfwww/hyhd/99e1abee2a29453382ca606d82714bd1.html,页面链接
https://dibj.cn/ssfwww/hyhd/,走进创新中心,行业活动 - 数智北京创新中心,https://dibj.cn/ssfwww/hyhd/47838c0006d2416499cb3acfab4de49e.html,页面链接
https://dibj.cn/ssfwww/hyhd/,走进创新中心,行业活动 - 数智北京创新中心,https://dibj.cn/ssfwww/hyhd/26700b47257542d98bc873b5427b1cfe.html,页面链接
https://dibj.cn/ssfwww/hyhd/,走进创新中心,行业活动 - 数智北京创新中心,https://dibj.cn/ssfwww/hyhd/0bdd55f0d54847249d1a797178368a4b.html,页面链接
https://dibj.cn/ssfwww/hyhd/,走进创新中心,行业活动 - 数智北京创新中心,https://dibj.cn/ssfwww/hyhd/7c0fb75ce72d44dc8bc530d03dcb96a6.html,页面链接
https://dibj.cn/ssfwww/hyhd/,走进创新中心,行业活动 - 数智北京创新中心,https://dibj.cn/ssfwww/hyhd/1cf18836f8814547a9555f89d2a8fc60.html,页面链接
https://dibj.cn/ssfwww/hyhd/,走进创新中心,行业活动 - 数智北京创新中心,https://dibj.cn/ssfwww/hyhd/de66ca08a199457b99d130340a97ed93.html,页面链接
https://dibj.cn/ssfwww/hyhd/0bdd55f0d54847249d1a797178368a4b.html,走进创新中心,行业活动 - 数智北京创新中心,https://dibj.cn/,页面链接
https://dibj.cn/ssfwww/hyhd/0bdd55f0d54847249d1a797178368a4b.html,走进创新中心,行业活动 - 数智北京创新中心,https://dibj.cn/ssfwww/,页面链接
https://dibj.cn/ssfwww/hyhd/0bdd55f0d54847249d1a797178368a4b.html,走进创新中心,行业活动 - 数智北京创新中心,https://dibj.cn/ssfwww/hyhd/,页面链接
https://dibj.cn/ssfwww/hyhd/16201985051a4c25945a5477d0b8ca3e.html,走进创新中心,行业活动 - 数智北京创新中心,https://dibj.cn/,页面链接
https://dibj.cn/ssfwww/hyhd/16201985051a4c25945a5477d0b8ca3e.html,走进创新中心,行业活动 - 数智北京创新中心,https://dibj.cn/ssfwww/,页面链接
https://dibj.cn/ssfwww/hyhd/16201985051a4c25945a5477d0b8ca3e.html,走进创新中心,行业活动 - 数智北京创新中心,https://dibj.cn/ssfwww/hyhd/,页面链接
https://dibj.cn/ssfwww/hyhd/1cf18836f8814547a9555f89d2a8fc60.html,走进创新中心,行业活动 - 数智北京创新中心,https://dibj.cn/,页面链接
https://dibj.cn/ssfwww/hyhd/1cf18836f8814547a9555f89d2a8fc60.html,走进创新中心,行业活动 - 数智北京创新中心,https://dibj.cn/ssfwww/,页面链接
https://dibj.cn/ssfwww/hyhd/1cf18836f8814547a9555f89d2a8fc60.html,走进创新中心,行业活动 - 数智北京创新中心,https://dibj.cn/ssfwww/hyhd/,页面链接
https://dibj.cn/ssfwww/hyhd/26700b47257542d98bc873b5427b1cfe.html,走进创新中心,行业活动 - 数智北京创新中心,https://dibj.cn/,页面链接
https://dibj.cn/ssfwww/hyhd/26700b47257542d98bc873b5427b1cfe.html,走进创新中心,行业活动 - 数智北京创新中心,https://dibj.cn/ssfwww/,页面链接
https://dibj.cn/ssfwww/hyhd/26700b47257542d98bc873b5427b1cfe.html,走进创新中心,行业活动 - 数智北京创新中心,https://dibj.cn/ssfwww/hyhd/,页面链接
https://dibj.cn/ssfwww/hyhd/47838c0006d2416499cb3acfab4de49e.html,走进创新中心,行业活动 - 数智北京创新中心,https://dibj.cn/,页面链接
https://dibj.cn/ssfwww/hyhd/47838c0006d2416499cb3acfab4de49e.html,走进创新中心,行业活动 - 数智北京创新中心,https://dibj.cn/ssfwww/,页面链接
https://dibj.cn/ssfwww/hyhd/47838c0006d2416499cb3acfab4de49e.html,走进创新中心,行业活动 - 数智北京创新中心,https://dibj.cn/ssfwww/hyhd/,页面链接
https://dibj.cn/ssfwww/hyhd/7c0fb75ce72d44dc8bc530d03dcb96a6.html,走进创新中心,行业活动 - 数智北京创新中心,https://dibj.cn/,页面链接
https://dibj.cn/ssfwww/hyhd/7c0fb75ce72d44dc8bc530d03dcb96a6.html,走进创新中心,行业活动 - 数智北京创新中心,https://dibj.cn/ssfwww/,页面链接
https://dibj.cn/ssfwww/hyhd/7c0fb75ce72d44dc8bc530d03dcb96a6.html,走进创新中心,行业活动 - 数智北京创新中心,https://dibj.cn/ssfwww/hyhd/,页面链接
https://dibj.cn/ssfwww/hyhd/99e1abee2a29453382ca606d82714bd1.html,走进创新中心,行业活动 - 数智北京创新中心,https://dibj.cn/,页面链接
https://dibj.cn/ssfwww/hyhd/99e1abee2a29453382ca606d82714bd1.html,走进创新中心,行业活动 - 数智北京创新中心,https://dibj.cn/ssfwww/,页面链接
https://dibj.cn/ssfwww/hyhd/99e1abee2a29453382ca606d82714bd1.html,走进创新中心,行业活动 - 数智北京创新中心,https://dibj.cn/ssfwww/hyhd/,页面链接
https://dibj.cn/ssfwww/hyhd/de66ca08a199457b99d130340a97ed93.html,走进创新中心,行业活动 - 数智北京创新中心,https://dibj.cn/,页面链接
https://dibj.cn/ssfwww/hyhd/de66ca08a199457b99d130340a97ed93.html,走进创新中心,行业活动 - 数智北京创新中心,https://dibj.cn/ssfwww/,页面链接
https://dibj.cn/ssfwww/hyhd/de66ca08a199457b99d130340a97ed93.html,走进创新中心,行业活动 - 数智北京创新中心,https://dibj.cn/ssfwww/hyhd/,页面链接
https://dibj.cn/ssfwww/lbt/,走进创新中心,轮播图 - 数智北京创新中心,https://dibj.cn/,页面链接
https://dibj.cn/ssfwww/lbt/,走进创新中心,轮播图 - 数智北京创新中心,https://dibj.cn/ssfwww/,页面链接
https://dibj.cn/ssfwww/lbt/,走进创新中心,轮播图 - 数智北京创新中心,https://dibj.cn/ssfwww/lbt/,页面链接
https://dibj.cn/ssfwww/lbt/,走进创新中心,轮播图 - 数智北京创新中心,https://dibj.cn/ssfwww/lbt/985df6a3c99742bb9d7afb7375e941c4.html,页面链接
https://dibj.cn/ssfwww/lbt/,走进创新中心,轮播图 - 数智北京创新中心,https://dibj.cn/ssfwww/lbt/fb044092527947099e76b2ce38b42201.html,页面链接
https://dibj.cn/ssfwww/lbt/,走进创新中心,轮播图 - 数智北京创新中心,https://dibj.cn/ssfwww/lbt/0624ec2afb914748ae3603c3fcd2a5c2.html,页面链接
https://dibj.cn/ssfwww/lbt/,走进创新中心,轮播图 - 数智北京创新中心,https://dibj.cn/ssfwww/lbt/5a1e116976a64612b42b3d80239037f4.html,页面链接
https://dibj.cn/ssfwww/lbt/0624ec2afb914748ae3603c3fcd2a5c2.html,走进创新中心,轮播图 - 数智北京创新中心,https://dibj.cn/,页面链接
https://dibj.cn/ssfwww/lbt/0624ec2afb914748ae3603c3fcd2a5c2.html,走进创新中心,轮播图 - 数智北京创新中心,https://dibj.cn/ssfwww/,页面链接
https://dibj.cn/ssfwww/lbt/0624ec2afb914748ae3603c3fcd2a5c2.html,走进创新中心,轮播图 - 数智北京创新中心,https://dibj.cn/ssfwww/lbt/,页面链接
https://dibj.cn/ssfwww/lbt/5a1e116976a64612b42b3d80239037f4.html,走进创新中心,轮播图 - 数智北京创新中心,https://dibj.cn/,页面链接
https://dibj.cn/ssfwww/lbt/5a1e116976a64612b42b3d80239037f4.html,走进创新中心,轮播图 - 数智北京创新中心,https://dibj.cn/ssfwww/,页面链接
https://dibj.cn/ssfwww/lbt/5a1e116976a64612b42b3d80239037f4.html,走进创新中心,轮播图 - 数智北京创新中心,https://dibj.cn/ssfwww/lbt/,页面链接
https://dibj.cn/ssfwww/lbt/985df6a3c99742bb9d7afb7375e941c4.html,走进创新中心,轮播图 - 数智北京创新中心,https://dibj.cn/,页面链接
https://dibj.cn/ssfwww/lbt/985df6a3c99742bb9d7afb7375e941c4.html,走进创新中心,轮播图 - 数智北京创新中心,https://dibj.cn/ssfwww/,页面链接
https://dibj.cn/ssfwww/lbt/985df6a3c99742bb9d7afb7375e941c4.html,走进创新中心,轮播图 - 数智北京创新中心,https://dibj.cn/ssfwww/lbt/,页面链接
https://dibj.cn/ssfwww/lbt/fb044092527947099e76b2ce38b42201.html,走进创新中心,轮播图 - 数智北京创新中心,https://dibj.cn/,页面链接
https://dibj.cn/ssfwww/lbt/fb044092527947099e76b2ce38b42201.html,走进创新中心,轮播图 - 数智北京创新中心,https://dibj.cn/ssfwww/,页面链接
https://dibj.cn/ssfwww/lbt/fb044092527947099e76b2ce38b42201.html,走进创新中心,轮播图 - 数智北京创新中心,https://dibj.cn/ssfwww/lbt/,页面链接
https://dibj.cn/ssfwww/ssdt,走进创新中心,赛事动态 - 数智北京创新中心,https://dibj.cn/,页面链接
https://dibj.cn/ssfwww/ssdt,走进创新中心,赛事动态 - 数智北京创新中心,https://dibj.cn/ssfwww/,页面链接
https://dibj.cn/ssfwww/ssdt,走进创新中心,赛事动态 - 数智北京创新中心,https://dibj.cn/ssfwww/ssdt/,页面链接
https://dibj.cn/ssfwww/ssdt,走进创新中心,赛事动态 - 数智北京创新中心,https://dibj.cn/ssfwww/ssdt/3594d2cc2d8840aebacf4251fc546f22.html,页面链接
https://dibj.cn/ssfwww/ssdt,走进创新中心,赛事动态 - 数智北京创新中心,https://dibj.cn/ssfwww/ssdt/153d7376ed664c099d7789cb49f167b9.html,页面链接
https://dibj.cn/ssfwww/ssdt,走进创新中心,赛事动态 - 数智北京创新中心,https://dibj.cn/ssfwww/ssdt/09e301b8a060480cb3165ed2eb070050.html,页面链接
https://dibj.cn/ssfwww/ssdt,走进创新中心,赛事动态 - 数智北京创新中心,https://dibj.cn/ssfwww/ssdt/c07485dc859d431c80e7238cb0ae30fe.html,页面链接
https://dibj.cn/ssfwww/ssdt,走进创新中心,赛事动态 - 数智北京创新中心,https://dibj.cn/ssfwww/ssdt/9d0ae7fb7e90421bafbb3b4ffbb938de.html,页面链接
https://dibj.cn/ssfwww/ssdt,走进创新中心,赛事动态 - 数智北京创新中心,https://dibj.cn/ssfwww/ssdt/170c6d531f64455285c11bde3e5f391d.html,页面链接
https://dibj.cn/ssfwww/ssdt,走进创新中心,赛事动态 - 数智北京创新中心,https://dibj.cn/ssfwww/ssdt/5b1cb9b69c314138adad7bab8948f951.html,页面链接
https://dibj.cn/ssfwww/ssdt,走进创新中心,赛事动态 - 数智北京创新中心,https://dibj.cn/ssfwww/ssdt/4b3fadbff77544bd87ca8defc9257fbf.html,页面链接
https://dibj.cn/ssfwww/ssdt,走进创新中心,赛事动态 - 数智北京创新中心,https://dibj.cn/ssfwww/ssdt/5e64196e9105477ab03043d8ac6b7191.html,页面链接
https://dibj.cn/ssfwww/ssdt,走进创新中心,赛事动态 - 数智北京创新中心,https://dibj.cn/ssfwww/ssdt/7e9f6f5db5f143dca72895a2079dfa05.html,页面链接
https://dibj.cn/ssfwww/ssdt,走进创新中心,赛事动态 - 数智北京创新中心,https://dibj.cn/ssfwww/ssdt/335f1b1bbe3f414099b685a04304a4cc.html,页面链接
https://dibj.cn/ssfwww/ssdt,走进创新中心,赛事动态 - 数智北京创新中心,https://dibj.cn/ssfwww/ssdt/542f7d8f0a2a4c3cbcd9c64e8871d098.html,页面链接
https://dibj.cn/ssfwww/ssdt,走进创新中心,赛事动态 - 数智北京创新中心,https://dibj.cn/ssfwww/ssdt/8b561f4550124d9fa9c838e4e860152d.html,页面链接
https://dibj.cn/ssfwww/ssdt,走进创新中心,赛事动态 - 数智北京创新中心,https://dibj.cn/ssfwww/ssdt/92fb6f97b4234e09b61f86ee931fc2cc.html,页面链接
https://dibj.cn/ssfwww/ssdt,走进创新中心,赛事动态 - 数智北京创新中心,https://dibj.cn/ssfwww/ssdt/b7187ffb8eff4a609e248d92ebad8ad4.html,页面链接
https://dibj.cn/ssfwww/ssdt,走进创新中心,赛事动态 - 数智北京创新中心,https://dibj.cn/ssfwww/ssdt/72d3602e2e9340278e2b571063b06293.html,页面链接
https://dibj.cn/ssfwww/ssdt,走进创新中心,赛事动态 - 数智北京创新中心,https://dibj.cn/ssfwww/ssdt/bd7aaa6a81c04cf5912584e7dffe4f3f.html,页面链接
https://dibj.cn/ssfwww/ssdt/,走进创新中心,赛事动态 - 数智北京创新中心,https://dibj.cn/,页面链接
https://dibj.cn/ssfwww/ssdt/,走进创新中心,赛事动态 - 数智北京创新中心,https://dibj.cn/ssfwww/,页面链接
https://dibj.cn/ssfwww/ssdt/,走进创新中心,赛事动态 - 数智北京创新中心,https://dibj.cn/ssfwww/ssdt/,页面链接
https://dibj.cn/ssfwww/ssdt/,走进创新中心,赛事动态 - 数智北京创新中心,https://dibj.cn/ssfwww/ssdt/3594d2cc2d8840aebacf4251fc546f22.html,页面链接
https://dibj.cn/ssfwww/ssdt/,走进创新中心,赛事动态 - 数智北京创新中心,https://dibj.cn/ssfwww/ssdt/153d7376ed664c099d7789cb49f167b9.html,页面链接
https://dibj.cn/ssfwww/ssdt/,走进创新中心,赛事动态 - 数智北京创新中心,https://dibj.cn/ssfwww/ssdt/09e301b8a060480cb3165ed2eb070050.html,页面链接
https://dibj.cn/ssfwww/ssdt/,走进创新中心,赛事动态 - 数智北京创新中心,https://dibj.cn/ssfwww/ssdt/c07485dc859d431c80e7238cb0ae30fe.html,页面链接
https://dibj.cn/ssfwww/ssdt/,走进创新中心,赛事动态 - 数智北京创新中心,https://dibj.cn/ssfwww/ssdt/9d0ae7fb7e90421bafbb3b4ffbb938de.html,页面链接
https://dibj.cn/ssfwww/ssdt/,走进创新中心,赛事动态 - 数智北京创新中心,https://dibj.cn/ssfwww/ssdt/170c6d531f64455285c11bde3e5f391d.html,页面链接
https://dibj.cn/ssfwww/ssdt/,走进创新中心,赛事动态 - 数智北京创新中心,https://dibj.cn/ssfwww/ssdt/5b1cb9b69c314138adad7bab8948f951.html,页面链接
https://dibj.cn/ssfwww/ssdt/,走进创新中心,赛事动态 - 数智北京创新中心,https://dibj.cn/ssfwww/ssdt/4b3fadbff77544bd87ca8defc9257fbf.html,页面链接
https://dibj.cn/ssfwww/ssdt/,走进创新中心,赛事动态 - 数智北京创新中心,https://dibj.cn/ssfwww/ssdt/5e64196e9105477ab03043d8ac6b7191.html,页面链接
https://dibj.cn/ssfwww/ssdt/,走进创新中心,赛事动态 - 数智北京创新中心,https://dibj.cn/ssfwww/ssdt/7e9f6f5db5f143dca72895a2079dfa05.html,页面链接
https://dibj.cn/ssfwww/ssdt/,走进创新中心,赛事动态 - 数智北京创新中心,https://dibj.cn/ssfwww/ssdt/335f1b1bbe3f414099b685a04304a4cc.html,页面链接
https://dibj.cn/ssfwww/ssdt/,走进创新中心,赛事动态 - 数智北京创新中心,https://dibj.cn/ssfwww/ssdt/542f7d8f0a2a4c3cbcd9c64e8871d098.html,页面链接
https://dibj.cn/ssfwww/ssdt/,走进创新中心,赛事动态 - 数智北京创新中心,https://dibj.cn/ssfwww/ssdt/8b561f4550124d9fa9c838e4e860152d.html,页面链接
https://dibj.cn/ssfwww/ssdt/,走进创新中心,赛事动态 - 数智北京创新中心,https://dibj.cn/ssfwww/ssdt/92fb6f97b4234e09b61f86ee931fc2cc.html,页面链接
https://dibj.cn/ssfwww/ssdt/,走进创新中心,赛事动态 - 数智北京创新中心,https://dibj.cn/ssfwww/ssdt/b7187ffb8eff4a609e248d92ebad8ad4.html,页面链接
https://dibj.cn/ssfwww/ssdt/,走进创新中心,赛事动态 - 数智北京创新中心,https://dibj.cn/ssfwww/ssdt/72d3602e2e9340278e2b571063b06293.html,页面链接
https://dibj.cn/ssfwww/ssdt/,走进创新中心,赛事动态 - 数智北京创新中心,https://dibj.cn/ssfwww/ssdt/bd7aaa6a81c04cf5912584e7dffe4f3f.html,页面链接
https://dibj.cn/ssfwww/ssdt/09e301b8a060480cb3165ed2eb070050.html,走进创新中心,赛事动态 - 数智北京创新中心,https://dibj.cn/,页面链接
https://dibj.cn/ssfwww/ssdt/09e301b8a060480cb3165ed2eb070050.html,走进创新中心,赛事动态 - 数智北京创新中心,https://dibj.cn/ssfwww/,页面链接
https://dibj.cn/ssfwww/ssdt/09e301b8a060480cb3165ed2eb070050.html,走进创新中心,赛事动态 - 数智北京创新中心,https://dibj.cn/ssfwww/ssdt/,页面链接
https://dibj.cn/ssfwww/ssdt/153d7376ed664c099d7789cb49f167b9.html,走进创新中心,赛事动态 - 数智北京创新中心,https://dibj.cn/,页面链接
https://dibj.cn/ssfwww/ssdt/153d7376ed664c099d7789cb49f167b9.html,走进创新中心,赛事动态 - 数智北京创新中心,https://dibj.cn/ssfwww/,页面链接
https://dibj.cn/ssfwww/ssdt/153d7376ed664c099d7789cb49f167b9.html,走进创新中心,赛事动态 - 数智北京创新中心,https://dibj.cn/ssfwww/ssdt/,页面链接
https://dibj.cn/ssfwww/ssdt/170c6d531f64455285c11bde3e5f391d.html,走进创新中心,赛事动态 - 数智北京创新中心,https://dibj.cn/,页面链接
https://dibj.cn/ssfwww/ssdt/170c6d531f64455285c11bde3e5f391d.html,走进创新中心,赛事动态 - 数智北京创新中心,https://dibj.cn/ssfwww/,页面链接
https://dibj.cn/ssfwww/ssdt/170c6d531f64455285c11bde3e5f391d.html,走进创新中心,赛事动态 - 数智北京创新中心,https://dibj.cn/ssfwww/ssdt/,页面链接
https://dibj.cn/ssfwww/ssdt/335f1b1bbe3f414099b685a04304a4cc.html,走进创新中心,赛事动态 - 数智北京创新中心,https://dibj.cn/,页面链接
https://dibj.cn/ssfwww/ssdt/335f1b1bbe3f414099b685a04304a4cc.html,走进创新中心,赛事动态 - 数智北京创新中心,https://dibj.cn/ssfwww/,页面链接
https://dibj.cn/ssfwww/ssdt/335f1b1bbe3f414099b685a04304a4cc.html,走进创新中心,赛事动态 - 数智北京创新中心,https://dibj.cn/ssfwww/ssdt/,页面链接
https://dibj.cn/ssfwww/ssdt/3594d2cc2d8840aebacf4251fc546f22.html,走进创新中心,赛事动态 - 数智北京创新中心,https://dibj.cn/,页面链接
https://dibj.cn/ssfwww/ssdt/3594d2cc2d8840aebacf4251fc546f22.html,走进创新中心,赛事动态 - 数智北京创新中心,https://dibj.cn/ssfwww/,页面链接
https://dibj.cn/ssfwww/ssdt/3594d2cc2d8840aebacf4251fc546f22.html,走进创新中心,赛事动态 - 数智北京创新中心,https://dibj.cn/ssfwww/ssdt/,页面链接
https://dibj.cn/ssfwww/ssdt/4b3fadbff77544bd87ca8defc9257fbf.html,走进创新中心,赛事动态 - 数智北京创新中心,https://dibj.cn/,页面链接
https://dibj.cn/ssfwww/ssdt/4b3fadbff77544bd87ca8defc9257fbf.html,走进创新中心,赛事动态 - 数智北京创新中心,https://dibj.cn/ssfwww/,页面链接
https://dibj.cn/ssfwww/ssdt/4b3fadbff77544bd87ca8defc9257fbf.html,走进创新中心,赛事动态 - 数智北京创新中心,https://dibj.cn/ssfwww/ssdt/,页面链接
https://dibj.cn/ssfwww/ssdt/542f7d8f0a2a4c3cbcd9c64e8871d098.html,走进创新中心,赛事动态 - 数智北京创新中心,https://dibj.cn/,页面链接
https://dibj.cn/ssfwww/ssdt/542f7d8f0a2a4c3cbcd9c64e8871d098.html,走进创新中心,赛事动态 - 数智北京创新中心,https://dibj.cn/ssfwww/,页面链接
https://dibj.cn/ssfwww/ssdt/542f7d8f0a2a4c3cbcd9c64e8871d098.html,走进创新中心,赛事动态 - 数智北京创新中心,https://dibj.cn/ssfwww/ssdt/,页面链接
https://dibj.cn/ssfwww/ssdt/5b1cb9b69c314138adad7bab8948f951.html,走进创新中心,赛事动态 - 数智北京创新中心,https://dibj.cn/,页面链接
https://dibj.cn/ssfwww/ssdt/5b1cb9b69c314138adad7bab8948f951.html,走进创新中心,赛事动态 - 数智北京创新中心,https://dibj.cn/ssfwww/,页面链接
https://dibj.cn/ssfwww/ssdt/5b1cb9b69c314138adad7bab8948f951.html,走进创新中心,赛事动态 - 数智北京创新中心,https://dibj.cn/ssfwww/ssdt/,页面链接
https://dibj.cn/ssfwww/ssdt/5e64196e9105477ab03043d8ac6b7191.html,走进创新中心,赛事动态 - 数智北京创新中心,https://dibj.cn/,页面链接
https://dibj.cn/ssfwww/ssdt/5e64196e9105477ab03043d8ac6b7191.html,走进创新中心,赛事动态 - 数智北京创新中心,https://dibj.cn/ssfwww/,页面链接
https://dibj.cn/ssfwww/ssdt/5e64196e9105477ab03043d8ac6b7191.html,走进创新中心,赛事动态 - 数智北京创新中心,https://dibj.cn/ssfwww/ssdt/,页面链接
https://dibj.cn/ssfwww/ssdt/72d3602e2e9340278e2b571063b06293.html,走进创新中心,赛事动态 - 数智北京创新中心,https://dibj.cn/,页面链接
https://dibj.cn/ssfwww/ssdt/72d3602e2e9340278e2b571063b06293.html,走进创新中心,赛事动态 - 数智北京创新中心,https://dibj.cn/ssfwww/,页面链接
https://dibj.cn/ssfwww/ssdt/72d3602e2e9340278e2b571063b06293.html,走进创新中心,赛事动态 - 数智北京创新中心,https://dibj.cn/ssfwww/ssdt/,页面链接
https://dibj.cn/ssfwww/ssdt/7e9f6f5db5f143dca72895a2079dfa05.html,走进创新中心,赛事动态 - 数智北京创新中心,https://dibj.cn/,页面链接
https://dibj.cn/ssfwww/ssdt/7e9f6f5db5f143dca72895a2079dfa05.html,走进创新中心,赛事动态 - 数智北京创新中心,https://dibj.cn/ssfwww/,页面链接
https://dibj.cn/ssfwww/ssdt/7e9f6f5db5f143dca72895a2079dfa05.html,走进创新中心,赛事动态 - 数智北京创新中心,https://dibj.cn/ssfwww/ssdt/,页面链接
https://dibj.cn/ssfwww/ssdt/8b561f4550124d9fa9c838e4e860152d.html,走进创新中心,赛事动态 - 数智北京创新中心,https://dibj.cn/,页面链接
https://dibj.cn/ssfwww/ssdt/8b561f4550124d9fa9c838e4e860152d.html,走进创新中心,赛事动态 - 数智北京创新中心,https://dibj.cn/ssfwww/,页面链接
https://dibj.cn/ssfwww/ssdt/8b561f4550124d9fa9c838e4e860152d.html,走进创新中心,赛事动态 - 数智北京创新中心,https://dibj.cn/ssfwww/ssdt/,页面链接
https://dibj.cn/ssfwww/ssdt/92fb6f97b4234e09b61f86ee931fc2cc.html,走进创新中心,赛事动态 - 数智北京创新中心,https://dibj.cn/,页面链接
https://dibj.cn/ssfwww/ssdt/92fb6f97b4234e09b61f86ee931fc2cc.html,走进创新中心,赛事动态 - 数智北京创新中心,https://dibj.cn/ssfwww/,页面链接
https://dibj.cn/ssfwww/ssdt/92fb6f97b4234e09b61f86ee931fc2cc.html,走进创新中心,赛事动态 - 数智北京创新中心,https://dibj.cn/ssfwww/ssdt/,页面链接
https://dibj.cn/ssfwww/ssdt/9d0ae7fb7e90421bafbb3b4ffbb938de.html,走进创新中心,赛事动态 - 数智北京创新中心,https://dibj.cn/,页面链接
https://dibj.cn/ssfwww/ssdt/9d0ae7fb7e90421bafbb3b4ffbb938de.html,走进创新中心,赛事动态 - 数智北京创新中心,https://dibj.cn/ssfwww/,页面链接
https://dibj.cn/ssfwww/ssdt/9d0ae7fb7e90421bafbb3b4ffbb938de.html,走进创新中心,赛事动态 - 数智北京创新中心,https://dibj.cn/ssfwww/ssdt/,页面链接
https://dibj.cn/ssfwww/ssdt/b7187ffb8eff4a609e248d92ebad8ad4.html,走进创新中心,赛事动态 - 数智北京创新中心,https://dibj.cn/,页面链接
https://dibj.cn/ssfwww/ssdt/b7187ffb8eff4a609e248d92ebad8ad4.html,走进创新中心,赛事动态 - 数智北京创新中心,https://dibj.cn/ssfwww/,页面链接
https://dibj.cn/ssfwww/ssdt/b7187ffb8eff4a609e248d92ebad8ad4.html,走进创新中心,赛事动态 - 数智北京创新中心,https://dibj.cn/ssfwww/ssdt/,页面链接
https://dibj.cn/ssfwww/ssdt/bd7aaa6a81c04cf5912584e7dffe4f3f.html,走进创新中心,赛事动态 - 数智北京创新中心,https://dibj.cn/,页面链接
https://dibj.cn/ssfwww/ssdt/bd7aaa6a81c04cf5912584e7dffe4f3f.html,走进创新中心,赛事动态 - 数智北京创新中心,https://dibj.cn/ssfwww/,页面链接
https://dibj.cn/ssfwww/ssdt/bd7aaa6a81c04cf5912584e7dffe4f3f.html,走进创新中心,赛事动态 - 数智北京创新中心,https://dibj.cn/ssfwww/ssdt/,页面链接
https://dibj.cn/ssfwww/ssdt/c07485dc859d431c80e7238cb0ae30fe.html,走进创新中心,赛事动态 - 数智北京创新中心,https://dibj.cn/,页面链接
https://dibj.cn/ssfwww/ssdt/c07485dc859d431c80e7238cb0ae30fe.html,走进创新中心,赛事动态 - 数智北京创新中心,https://dibj.cn/ssfwww/,页面链接
https://dibj.cn/ssfwww/ssdt/c07485dc859d431c80e7238cb0ae30fe.html,走进创新中心,赛事动态 - 数智北京创新中心,https://dibj.cn/ssfwww/ssdt/,页面链接
https://dibj.cn/ssfwww/tzgg,走进创新中心,通知公告 - 数智北京创新中心,https://dibj.cn/,页面链接
https://dibj.cn/ssfwww/tzgg,走进创新中心,通知公告 - 数智北京创新中心,https://dibj.cn/ssfwww/,页面链接
https://dibj.cn/ssfwww/tzgg,走进创新中心,通知公告 - 数智北京创新中心,https://dibj.cn/ssfwww/tzgg/,页面链接
https://dibj.cn/ssfwww/tzgg,走进创新中心,通知公告 - 数智北京创新中心,https://dibj.cn/ssfwww/tzgg/92bda001d21647489434421e22c46091.html,页面链接
https://dibj.cn/ssfwww/tzgg,走进创新中心,通知公告 - 数智北京创新中心,https://dibj.cn/ssfwww/tzgg/56603c2805404c8faa1b1d6a04ddb9eb.html,页面链接
https://dibj.cn/ssfwww/tzgg,走进创新中心,通知公告 - 数智北京创新中心,https://dibj.cn/ssfwww/tzgg/e51f399f445b4195b013d18be7185bde.html,页面链接
https://dibj.cn/ssfwww/tzgg,走进创新中心,通知公告 - 数智北京创新中心,https://dibj.cn/ssfwww/tzgg/cc5ce3673c514ca0b0f61f2cff04809d.html,页面链接
https://dibj.cn/ssfwww/tzgg,走进创新中心,通知公告 - 数智北京创新中心,https://dibj.cn/ssfwww/tzgg/b530cdfd995c4b3abf478d04d1fb0e85.html,页面链接
https://dibj.cn/ssfwww/tzgg,走进创新中心,通知公告 - 数智北京创新中心,https://dibj.cn/ssfwww/tzgg/ff12cc053de94102b5620578df496494.html,页面链接
https://dibj.cn/ssfwww/tzgg,走进创新中心,通知公告 - 数智北京创新中心,https://dibj.cn/ssfwww/tzgg/577cf7e0359147e7a3d19d5fa23b99ab.html,页面链接
https://dibj.cn/ssfwww/tzgg,走进创新中心,通知公告 - 数智北京创新中心,https://dibj.cn/ssfwww/tzgg/3cfd3e2ab68d4b978e97f4220b293b7b.html,页面链接
https://dibj.cn/ssfwww/tzgg,走进创新中心,通知公告 - 数智北京创新中心,https://dibj.cn/ssfwww/tzgg/5830b319572341b5b6f3e2e0c77adee5.html,页面链接
https://dibj.cn/ssfwww/tzgg,走进创新中心,通知公告 - 数智北京创新中心,https://dibj.cn/ssfwww/tzgg/826945266ebf492280158f533d24207c.html,页面链接
https://dibj.cn/ssfwww/tzgg,走进创新中心,通知公告 - 数智北京创新中心,https://dibj.cn/ssfwww/tzgg/ea32432f65184d3ebc037997e29c4096.html,页面链接
https://dibj.cn/ssfwww/tzgg/,走进创新中心,通知公告 - 数智北京创新中心,https://dibj.cn/,页面链接
https://dibj.cn/ssfwww/tzgg/,走进创新中心,通知公告 - 数智北京创新中心,https://dibj.cn/ssfwww/,页面链接
https://dibj.cn/ssfwww/tzgg/,走进创新中心,通知公告 - 数智北京创新中心,https://dibj.cn/ssfwww/tzgg/,页面链接
https://dibj.cn/ssfwww/tzgg/,走进创新中心,通知公告 - 数智北京创新中心,https://dibj.cn/ssfwww/tzgg/92bda001d21647489434421e22c46091.html,页面链接
https://dibj.cn/ssfwww/tzgg/,走进创新中心,通知公告 - 数智北京创新中心,https://dibj.cn/ssfwww/tzgg/56603c2805404c8faa1b1d6a04ddb9eb.html,页面链接
https://dibj.cn/ssfwww/tzgg/,走进创新中心,通知公告 - 数智北京创新中心,https://dibj.cn/ssfwww/tzgg/e51f399f445b4195b013d18be7185bde.html,页面链接
https://dibj.cn/ssfwww/tzgg/,走进创新中心,通知公告 - 数智北京创新中心,https://dibj.cn/ssfwww/tzgg/cc5ce3673c514ca0b0f61f2cff04809d.html,页面链接
https://dibj.cn/ssfwww/tzgg/,走进创新中心,通知公告 - 数智北京创新中心,https://dibj.cn/ssfwww/tzgg/b530cdfd995c4b3abf478d04d1fb0e85.html,页面链接
https://dibj.cn/ssfwww/tzgg/,走进创新中心,通知公告 - 数智北京创新中心,https://dibj.cn/ssfwww/tzgg/ff12cc053de94102b5620578df496494.html,页面链接
https://dibj.cn/ssfwww/tzgg/,走进创新中心,通知公告 - 数智北京创新中心,https://dibj.cn/ssfwww/tzgg/577cf7e0359147e7a3d19d5fa23b99ab.html,页面链接
https://dibj.cn/ssfwww/tzgg/,走进创新中心,通知公告 - 数智北京创新中心,https://dibj.cn/ssfwww/tzgg/3cfd3e2ab68d4b978e97f4220b293b7b.html,页面链接
https://dibj.cn/ssfwww/tzgg/,走进创新中心,通知公告 - 数智北京创新中心,https://dibj.cn/ssfwww/tzgg/5830b319572341b5b6f3e2e0c77adee5.html,页面链接
https://dibj.cn/ssfwww/tzgg/,走进创新中心,通知公告 - 数智北京创新中心,https://dibj.cn/ssfwww/tzgg/826945266ebf492280158f533d24207c.html,页面链接
https://dibj.cn/ssfwww/tzgg/,走进创新中心,通知公告 - 数智北京创新中心,https://dibj.cn/ssfwww/tzgg/ea32432f65184d3ebc037997e29c4096.html,页面链接
https://dibj.cn/ssfwww/tzgg/3cfd3e2ab68d4b978e97f4220b293b7b.html,走进创新中心,通知公告 - 数智北京创新中心,https://dibj.cn/,页面链接
https://dibj.cn/ssfwww/tzgg/3cfd3e2ab68d4b978e97f4220b293b7b.html,走进创新中心,通知公告 - 数智北京创新中心,https://dibj.cn/ssfwww/,页面链接
https://dibj.cn/ssfwww/tzgg/3cfd3e2ab68d4b978e97f4220b293b7b.html,走进创新中心,通知公告 - 数智北京创新中心,https://dibj.cn/ssfwww/tzgg/,页面链接
https://dibj.cn/ssfwww/tzgg/56603c2805404c8faa1b1d6a04ddb9eb.html,走进创新中心,通知公告 - 数智北京创新中心,https://dibj.cn/,页面链接
https://dibj.cn/ssfwww/tzgg/56603c2805404c8faa1b1d6a04ddb9eb.html,走进创新中心,通知公告 - 数智北京创新中心,https://dibj.cn/ssfwww/,页面链接
https://dibj.cn/ssfwww/tzgg/56603c2805404c8faa1b1d6a04ddb9eb.html,走进创新中心,通知公告 - 数智北京创新中心,https://dibj.cn/ssfwww/tzgg/,页面链接
https://dibj.cn/ssfwww/tzgg/56603c2805404c8faa1b1d6a04ddb9eb.html,走进创新中心,通知公告 - 数智北京创新中心,https://dibj.cn/ssfwww/tzgg/56603c2805404c8faa1b1d6a04ddb9eb/52ce64ddac764b5c802ea1abcad32775.pdf,附件
https://dibj.cn/ssfwww/tzgg/577cf7e0359147e7a3d19d5fa23b99ab.html,走进创新中心,通知公告 - 数智北京创新中心,https://dibj.cn/,页面链接
https://dibj.cn/ssfwww/tzgg/577cf7e0359147e7a3d19d5fa23b99ab.html,走进创新中心,通知公告 - 数智北京创新中心,https://dibj.cn/ssfwww/,页面链接
https://dibj.cn/ssfwww/tzgg/577cf7e0359147e7a3d19d5fa23b99ab.html,走进创新中心,通知公告 - 数智北京创新中心,https://dibj.cn/ssfwww/tzgg/,页面链接
https://dibj.cn/ssfwww/tzgg/5830b319572341b5b6f3e2e0c77adee5.html,走进创新中心,通知公告 - 数智北京创新中心,https://dibj.cn/,页面链接
https://dibj.cn/ssfwww/tzgg/5830b319572341b5b6f3e2e0c77adee5.html,走进创新中心,通知公告 - 数智北京创新中心,https://dibj.cn/ssfwww/,页面链接
https://dibj.cn/ssfwww/tzgg/5830b319572341b5b6f3e2e0c77adee5.html,走进创新中心,通知公告 - 数智北京创新中心,https://dibj.cn/ssfwww/tzgg/,页面链接
https://dibj.cn/ssfwww/tzgg/826945266ebf492280158f533d24207c.html,走进创新中心,通知公告 - 数智北京创新中心,https://dibj.cn/,页面链接
https://dibj.cn/ssfwww/tzgg/826945266ebf492280158f533d24207c.html,走进创新中心,通知公告 - 数智北京创新中心,https://dibj.cn/ssfwww/,页面链接
https://dibj.cn/ssfwww/tzgg/826945266ebf492280158f533d24207c.html,走进创新中心,通知公告 - 数智北京创新中心,https://dibj.cn/ssfwww/tzgg/,页面链接
https://dibj.cn/ssfwww/tzgg/923a4479ad1e44709eca28ab1cafe8d9.html,走进创新中心,通知公告 - 数智北京创新中心,https://dibj.cn/,页面链接
https://dibj.cn/ssfwww/tzgg/923a4479ad1e44709eca28ab1cafe8d9.html,走进创新中心,通知公告 - 数智北京创新中心,https://dibj.cn/ssfwww/,页面链接
https://dibj.cn/ssfwww/tzgg/923a4479ad1e44709eca28ab1cafe8d9.html,走进创新中心,通知公告 - 数智北京创新中心,https://dibj.cn/ssfwww/tzgg/,页面链接
https://dibj.cn/ssfwww/tzgg/92bda001d21647489434421e22c46091.html,走进创新中心,通知公告 - 数智北京创新中心,https://dibj.cn/,页面链接
https://dibj.cn/ssfwww/tzgg/92bda001d21647489434421e22c46091.html,走进创新中心,通知公告 - 数智北京创新中心,https://dibj.cn/ssfwww/,页面链接
https://dibj.cn/ssfwww/tzgg/92bda001d21647489434421e22c46091.html,走进创新中心,通知公告 - 数智北京创新中心,https://dibj.cn/ssfwww/tzgg/,页面链接
https://dibj.cn/ssfwww/tzgg/b530cdfd995c4b3abf478d04d1fb0e85.html,走进创新中心,通知公告 - 数智北京创新中心,https://dibj.cn/,页面链接
https://dibj.cn/ssfwww/tzgg/b530cdfd995c4b3abf478d04d1fb0e85.html,走进创新中心,通知公告 - 数智北京创新中心,https://dibj.cn/ssfwww/,页面链接
https://dibj.cn/ssfwww/tzgg/b530cdfd995c4b3abf478d04d1fb0e85.html,走进创新中心,通知公告 - 数智北京创新中心,https://dibj.cn/ssfwww/tzgg/,页面链接
https://dibj.cn/ssfwww/tzgg/cc5ce3673c514ca0b0f61f2cff04809d.html,走进创新中心,通知公告 - 数智北京创新中心,https://dibj.cn/,页面链接
https://dibj.cn/ssfwww/tzgg/cc5ce3673c514ca0b0f61f2cff04809d.html,走进创新中心,通知公告 - 数智北京创新中心,https://dibj.cn/ssfwww/,页面链接
https://dibj.cn/ssfwww/tzgg/cc5ce3673c514ca0b0f61f2cff04809d.html,走进创新中心,通知公告 - 数智北京创新中心,https://dibj.cn/ssfwww/tzgg/,页面链接
https://dibj.cn/ssfwww/tzgg/e51f399f445b4195b013d18be7185bde.html,走进创新中心,通知公告 - 数智北京创新中心,https://dibj.cn/,页面链接
https://dibj.cn/ssfwww/tzgg/e51f399f445b4195b013d18be7185bde.html,走进创新中心,通知公告 - 数智北京创新中心,https://dibj.cn/ssfwww/,页面链接
https://dibj.cn/ssfwww/tzgg/e51f399f445b4195b013d18be7185bde.html,走进创新中心,通知公告 - 数智北京创新中心,https://dibj.cn/ssfwww/tzgg/,页面链接
https://dibj.cn/ssfwww/tzgg/e51f399f445b4195b013d18be7185bde.html,走进创新中心,通知公告 - 数智北京创新中心,https://dibj.cn/ssfwww/tzgg/e51f399f445b4195b013d18be7185bde/2fc6f0e8fdde49a6849f740c7bfe5f9b.pdf,附件
https://dibj.cn/ssfwww/tzgg/e51f399f445b4195b013d18be7185bde.html,走进创新中心,通知公告 - 数智北京创新中心,https://dibj.cn/ssfwww/tzgg/e51f399f445b4195b013d18be7185bde/7d27b3a177834fe28dc7b67cba17f691.pdf,附件
https://dibj.cn/ssfwww/tzgg/ea32432f65184d3ebc037997e29c4096.html,走进创新中心,通知公告 - 数智北京创新中心,https://dibj.cn/,页面链接
https://dibj.cn/ssfwww/tzgg/ea32432f65184d3ebc037997e29c4096.html,走进创新中心,通知公告 - 数智北京创新中心,https://dibj.cn/ssfwww/,页面链接
https://dibj.cn/ssfwww/tzgg/ea32432f65184d3ebc037997e29c4096.html,走进创新中心,通知公告 - 数智北京创新中心,https://dibj.cn/ssfwww/tzgg/,页面链接
https://dibj.cn/ssfwww/tzgg/ff12cc053de94102b5620578df496494.html,走进创新中心,通知公告 - 数智北京创新中心,https://dibj.cn/,页面链接
https://dibj.cn/ssfwww/tzgg/ff12cc053de94102b5620578df496494.html,走进创新中心,通知公告 - 数智北京创新中心,https://dibj.cn/ssfwww/,页面链接
https://dibj.cn/ssfwww/tzgg/ff12cc053de94102b5620578df496494.html,走进创新中心,通知公告 - 数智北京创新中心,https://dibj.cn/ssfwww/tzgg/,页面链接
https://dibj.cn/sthz,生态合作,我要申请 - 数智北京创新中心,https://dibj.cn/sthz/cgyy/,页面链接
https://dibj.cn/sthz,生态合作,我要申请 - 数智北京创新中心,https://dibj.cn/fzpt/wysq/rzznwz/,页面链接
https://dibj.cn/sthz,生态合作,我要申请 - 数智北京创新中心,https://dibj.cn/sthz/jrhb,页面链接
https://dibj.cn/sthz,生态合作,我要申请 - 数智北京创新中心,https://dibj.cn/fzpt/cjyz/jbz/,页面链接
https://dibj.cn/sthz/,生态合作,我要申请 - 数智北京创新中心,https://dibj.cn/sthz/cgyy/,页面链接
https://dibj.cn/sthz/,生态合作,我要申请 - 数智北京创新中心,https://dibj.cn/fzpt/wysq/rzznwz/,页面链接
https://dibj.cn/sthz/,生态合作,我要申请 - 数智北京创新中心,https://dibj.cn/sthz/jrhb,页面链接
https://dibj.cn/sthz/,生态合作,我要申请 - 数智北京创新中心,https://dibj.cn/fzpt/cjyz/jbz/,页面链接
https://dibj.cn/sthz/a620262746dd40d6a012b1f76058de31.html,生态合作,我要申请 - 数智北京创新中心,https://dibj.cn/,页面链接
https://dibj.cn/sthz/a620262746dd40d6a012b1f76058de31.html,生态合作,我要申请 - 数智北京创新中心,https://dibj.cn/sthz/,页面链接
https://dibj.cn/sthz/gchbsq/,生态合作,公共数据开发利用共创伙伴 - 数智北京创新中心,https://dibj.cn/images/sqb.docx,附件
https://dibj.cn/sthz/jrhb,生态合作,加入伙伴 - 数智北京创新中心,https://dibj.cn/,页面链接
https://dibj.cn/sthz/jrhb,生态合作,加入伙伴 - 数智北京创新中心,https://dibj.cn/sthz/jrhb/,页面链接
https://dibj.cn/sthz/jrhb,生态合作,加入伙伴 - 数智北京创新中心,https://dibj.cn/sthz/jrhb/524f2f986c594297bba2616081e649a5.html,页面链接
https://dibj.cn/sthz/jrhb,生态合作,加入伙伴 - 数智北京创新中心,https://dibj.cn/sthz/jrhb/968be45caac2484d912954f5a340a216.html,页面链接
https://dibj.cn/sthz/jrhb,生态合作,加入伙伴 - 数智北京创新中心,https://dibj.cn/sthz/jrhb/af820590dca847ceaea4d9e3586d5ee0.html,页面链接
https://dibj.cn/sthz/jrhb/,生态合作,加入伙伴 - 数智北京创新中心,https://dibj.cn/,页面链接
https://dibj.cn/sthz/jrhb/,生态合作,加入伙伴 - 数智北京创新中心,https://dibj.cn/sthz/jrhb/,页面链接
https://dibj.cn/sthz/jrhb/,生态合作,加入伙伴 - 数智北京创新中心,https://dibj.cn/sthz/jrhb/524f2f986c594297bba2616081e649a5.html,页面链接
https://dibj.cn/sthz/jrhb/,生态合作,加入伙伴 - 数智北京创新中心,https://dibj.cn/sthz/jrhb/968be45caac2484d912954f5a340a216.html,页面链接
https://dibj.cn/sthz/jrhb/,生态合作,加入伙伴 - 数智北京创新中心,https://dibj.cn/sthz/jrhb/af820590dca847ceaea4d9e3586d5ee0.html,页面链接
https://dibj.cn/sthz/jrhb/524f2f986c594297bba2616081e649a5.html,生态合作,加入伙伴 - 数智北京创新中心,https://dibj.cn/,页面链接
https://dibj.cn/sthz/jrhb/524f2f986c594297bba2616081e649a5.html,生态合作,加入伙伴 - 数智北京创新中心,https://dibj.cn/sthz/,页面链接
https://dibj.cn/sthz/jrhb/524f2f986c594297bba2616081e649a5.html,生态合作,加入伙伴 - 数智北京创新中心,https://dibj.cn/sthz/gchbsq/,页面链接
https://dibj.cn/sthz/jrhb/968be45caac2484d912954f5a340a216.html,生态合作,加入伙伴 - 数智北京创新中心,https://dibj.cn/,页面链接
https://dibj.cn/sthz/jrhb/968be45caac2484d912954f5a340a216.html,生态合作,加入伙伴 - 数智北京创新中心,https://dibj.cn/sthz/,页面链接
https://dibj.cn/sthz/jrhb/968be45caac2484d912954f5a340a216.html,生态合作,加入伙伴 - 数智北京创新中心,https://dibj.cn//sthz/dmxpc,页面链接
https://dibj.cn/sthz/jrhb/af820590dca847ceaea4d9e3586d5ee0.html,生态合作,加入伙伴 - 数智北京创新中心,https://dibj.cn/,页面链接
https://dibj.cn/sthz/jrhb/af820590dca847ceaea4d9e3586d5ee0.html,生态合作,加入伙伴 - 数智北京创新中心,https://dibj.cn/sthz/,页面链接
https://dibj.cn/sthz/jrhb/af820590dca847ceaea4d9e3586d5ee0.html,生态合作,加入伙伴 - 数智北京创新中心,https://dibj.cn/sthz/gzsf/,页面链接
https://dibj.cn/sthz/wysq/8a88206959634a4bbb388a26a7cddabd.html,生态合作,我要申请 - 数智北京创新中心,https://dibj.cn/,页面链接
https://dibj.cn/sthz/wysq/8a88206959634a4bbb388a26a7cddabd.html,生态合作,我要申请 - 数智北京创新中心,https://dibj.cn/sthz/,页面链接
https://dibj.cn/sthz/wysq/8a88206959634a4bbb388a26a7cddabd.html,生态合作,我要申请 - 数智北京创新中心,https://dibj.cn/sthz/cgyy/,页面链接
https://dibj.cn/yyscww/cgcx,创新成果-应用市场,应用创新 - 数智北京创新中心,https://dibj.cn/yyscww/cgcx,页面链接
https://dibj.cn/yyscww/cgcx,创新成果-应用市场,应用创新 - 数智北京创新中心,https://dibj.cn/yyscww/sjcx,页面链接
https://dibj.cn/yyscww/cgcx/,创新成果-应用市场,应用创新 - 数智北京创新中心,https://dibj.cn/yyscww/cgcx,页面链接
https://dibj.cn/yyscww/cgcx/,创新成果-应用市场,应用创新 - 数智北京创新中心,https://dibj.cn/yyscww/sjcx,页面链接
https://dibj.cn/yyscww/sjcx,创新成果-应用市场,数据创新 - 数智北京创新中心,https://dibj.cn/yyscww/cgcx,页面链接
https://dibj.cn/yyscww/sjcx,创新成果-应用市场,数据创新 - 数智北京创新中心,https://dibj.cn/yyscww/sjcx,页面链接
https://dibj.cn/yyscww/sjcx/,创新成果-应用市场,数据创新 - 数智北京创新中心,https://dibj.cn/yyscww/cgcx,页面链接
https://dibj.cn/yyscww/sjcx/,创新成果-应用市场,数据创新 - 数智北京创新中心,https://dibj.cn/yyscww/sjcx,页面链接
https://dibj.cn/zcjdww,政策解读,政策解读 - 数智北京创新中心,https://dibj.cn/zcjdww/cc98ee2abdb34a569b0ff66b96945dd6.html,页面链接
https://dibj.cn/zcjdww,政策解读,政策解读 - 数智北京创新中心,https://dibj.cn/zcjdww/e19f52ed60a14ed49a7c27f2ff6fe806.html,页面链接
https://dibj.cn/zcjdww,政策解读,政策解读 - 数智北京创新中心,https://dibj.cn/zcjdww/9b8425f72ddb4343a942e5f0601f5b6d.html,页面链接
https://dibj.cn/zcjdww,政策解读,政策解读 - 数智北京创新中心,https://dibj.cn/zcjdww/a08bf9f47cdb4fb49bfe2b53a6f02308.html,页面链接
https://dibj.cn/zcjdww,政策解读,政策解读 - 数智北京创新中心,https://dibj.cn/zcjdww/4ac48c13287d42349182e611f721babc.html,页面链接
https://dibj.cn/zcjdww,政策解读,政策解读 - 数智北京创新中心,https://dibj.cn/zcjdww/53caf3db6c8746198141c93c98c110d1.html,页面链接
https://dibj.cn/zcjdww,政策解读,政策解读 - 数智北京创新中心,https://dibj.cn/zcjdww/c87ce1cd083948749e9eec04e4ef45db.html,页面链接
https://dibj.cn/zcjdww,政策解读,政策解读 - 数智北京创新中心,https://dibj.cn/zcjdww/,页面链接
https://dibj.cn/zcjdww/,政策解读,政策解读 - 数智北京创新中心,https://dibj.cn/zcjdww/cc98ee2abdb34a569b0ff66b96945dd6.html,页面链接
https://dibj.cn/zcjdww/,政策解读,政策解读 - 数智北京创新中心,https://dibj.cn/zcjdww/e19f52ed60a14ed49a7c27f2ff6fe806.html,页面链接
https://dibj.cn/zcjdww/,政策解读,政策解读 - 数智北京创新中心,https://dibj.cn/zcjdww/9b8425f72ddb4343a942e5f0601f5b6d.html,页面链接
https://dibj.cn/zcjdww/,政策解读,政策解读 - 数智北京创新中心,https://dibj.cn/zcjdww/a08bf9f47cdb4fb49bfe2b53a6f02308.html,页面链接
https://dibj.cn/zcjdww/,政策解读,政策解读 - 数智北京创新中心,https://dibj.cn/zcjdww/4ac48c13287d42349182e611f721babc.html,页面链接
https://dibj.cn/zcjdww/,政策解读,政策解读 - 数智北京创新中心,https://dibj.cn/zcjdww/53caf3db6c8746198141c93c98c110d1.html,页面链接
https://dibj.cn/zcjdww/,政策解读,政策解读 - 数智北京创新中心,https://dibj.cn/zcjdww/c87ce1cd083948749e9eec04e4ef45db.html,页面链接
https://dibj.cn/zcjdww/,政策解读,政策解读 - 数智北京创新中心,https://dibj.cn/zcjdww/,页面链接
https://dibj.cn/zcjdww/4ac48c13287d42349182e611f721babc.html,政策解读,政策解读 - 数智北京创新中心,https://dibj.cn/,页面链接
https://dibj.cn/zcjdww/4ac48c13287d42349182e611f721babc.html,政策解读,政策解读 - 数智北京创新中心,https://dibj.cn/zcjdww/,页面链接
https://dibj.cn/zcjdww/53caf3db6c8746198141c93c98c110d1.html,政策解读,政策解读 - 数智北京创新中心,https://dibj.cn/,页面链接
https://dibj.cn/zcjdww/53caf3db6c8746198141c93c98c110d1.html,政策解读,政策解读 - 数智北京创新中心,https://dibj.cn/zcjdww/,页面链接
https://dibj.cn/zcjdww/9b8425f72ddb4343a942e5f0601f5b6d.html,政策解读,政策解读 - 数智北京创新中心,https://dibj.cn/,页面链接
https://dibj.cn/zcjdww/9b8425f72ddb4343a942e5f0601f5b6d.html,政策解读,政策解读 - 数智北京创新中心,https://dibj.cn/zcjdww/,页面链接
https://dibj.cn/zcjdww/a08bf9f47cdb4fb49bfe2b53a6f02308.html,政策解读,政策解读 - 数智北京创新中心,https://dibj.cn/,页面链接
https://dibj.cn/zcjdww/a08bf9f47cdb4fb49bfe2b53a6f02308.html,政策解读,政策解读 - 数智北京创新中心,https://dibj.cn/zcjdww/,页面链接
https://dibj.cn/zcjdww/c87ce1cd083948749e9eec04e4ef45db.html,政策解读,政策解读 - 数智北京创新中心,https://dibj.cn/,页面链接
https://dibj.cn/zcjdww/c87ce1cd083948749e9eec04e4ef45db.html,政策解读,政策解读 - 数智北京创新中心,https://dibj.cn/zcjdww/,页面链接
https://dibj.cn/zcjdww/cc98ee2abdb34a569b0ff66b96945dd6.html,政策解读,政策解读 - 数智北京创新中心,https://dibj.cn/,页面链接
https://dibj.cn/zcjdww/cc98ee2abdb34a569b0ff66b96945dd6.html,政策解读,政策解读 - 数智北京创新中心,https://dibj.cn/zcjdww/,页面链接
https://dibj.cn/zcjdww/e19f52ed60a14ed49a7c27f2ff6fe806.html,政策解读,政策解读 - 数智北京创新中心,https://dibj.cn/,页面链接
https://dibj.cn/zcjdww/e19f52ed60a14ed49a7c27f2ff6fe806.html,政策解读,政策解读 - 数智北京创新中心,https://dibj.cn/zcjdww/,页面链接
