序号,接口表名,数据类别,id,biz_unique_id,catalog_id,catalog_name,data_name,dept_name,description,service_type,create_time,update_time,data_time,del_status,valid_status,sample_data_json,visit_count,data_source,favorited,key_advantages,来源接口
1,LAB_DATA,数字资源-联合实验室数据,678,1602762886791122962,"99999,99999999999986,","联合实验室数据,数智消费实验室,",线下消费数据,首都经济贸易大学,中国消费大数据由首都经济贸易大学与蚂蚁商业联盟共同建设，数据库实时汇总来自全国30个省、市、自治区的9000余家零售商超门店的消费信息。目前，已积累千亿条POS机消费数据，包括商品名称、售价、销售数量、销售时间等核心信息。,DATA,2026/8/14 14:13,2026/8/18 0:07,2026/8/14 14:14,0,0,"[
    {
        ""企业ID"": ""CAA-01"",
        ""门店ID"": 3,
        ""商品ID"": 1108060000000,
        ""商品条码"": 6972550000000,
        ""商品名称"": ""三得利乌龙茶饮料（无糖）1.25L"",
        ""品牌"": ""三得利"",
        ""一级分类ID"": 11,
        ""一级分类名称"": ""烟酒饮料"",
        ""二级分类ID"": 1108,
        ""二级分类名称"": ""一般饮料"",
        ""三级分类ID"": 110806,
        ""三级分类名称"": ""即饮茶饮料"",
        ""四级分类ID"": 11080608,
        ""四级分类名称"": ""乌龙茶饮料"",
        ""五级分类ID"": 11080608,
        ""五级分类名称"": ""乌龙茶饮料"",
        ""计量单位"": ""瓶"",
        ""商品规格"": ""1.25L"",
        ""销售单价"": 7.9,
        ""成本单价"": 6.52,
        ""销售数量"": 1,
        ""销售总金额"": 7.9,
        ""成本总金额"": 6.52,
        ""毛利总金额"": 1.38,
        ""创建时间"": ""12:08.4"",
        ""销售日期"": 20260802
    },
    {
        ""企业ID"": ""CAA-01"",
        ""门店ID"": 3,
        ""商品ID"": 1108060000000,
        ""商品条码"": 6937000000000,
        ""商品名称"": ""元气森林冰茶低糖葡萄柚冰绿茶900ml"",
        ""品牌"": ""元气森林"",
        ""一级分类ID"": 11,
        ""一级分类名称"": ""烟酒饮料"",
        ""二级分类ID"": 1108,
        ""二级分类名称"": ""一般饮料"",
        ""三级分类ID"": 110806,
        ""三级分类名称"": ""即饮茶饮料"",
        ""四级分类ID"": 11080610,
        ""四级分类名称"": ""其它茶饮料"",
        ""五级分类ID"": 11080610,
        ""五级分类名称"": ""其它茶饮料"",
        ""计量单位"": ""瓶"",
        ""商品规格"": ""900ml"",
        ""销售单价"": 3.99,
        ""成本单价"": 3.5,
        ""销售数量"": 1,
        ""销售总金额"": 3.99,
        ""成本总金额"": 3.5,
        ""毛利总金额"": 0.49,
        ""创建时间"": ""12:08.4"",
        ""销售日期"": 20260802
    },
    {
        ""企业ID"": ""CAA-01"",
        ""门店ID"": 3,
        ""商品ID"": 1303040000000,
        ""商品条码"": 4987240000000,
        ""商品名称"": ""龙角散薄荷草本润喉糖果"",
        ""品牌"": ""龙角"",
        ""一级分类ID"": 13,
        ""一级分类名称"": ""休闲食品"",
        ""二级分类ID"": 1303,
        ""二级分类名称"": ""糖果/巧克力/果冻"",
        ""三级分类ID"": 130304,
        ""三级分类名称"": ""特殊糖果"",
        ""四级分类ID"": 13030403,
        ""四级分类名称"": ""薄荷/润喉糖"",
        ""五级分类ID"": 13030403,
        ""五级分类名称"": ""薄荷/润喉糖"",
        ""计量单位"": ""袋"",
        ""商品规格"": ""（80g*6袋）*8盒"",
        ""销售单价"": 25,
        ""成本单价"": 17.5,
        ""销售数量"": 1,
        ""销售总金额"": 25,
        ""成本总金额"": 17.5,
        ""毛利总金额"": 7.5,
        ""创建时间"": ""12:08.4"",
        ""销售日期"": 20260802
    },
    {
        ""企业ID"": ""CAA-01"",
        ""门店ID"": 3,
        ""商品ID"": 1304040000000,
        ""商品条码"": 6926100000000,
        ""商品名称"": ""盐津铺子大魔王麻酱素毛肚(香辣麻酱味)200g"",
        ""品牌"": ""盐津铺子"",
        ""一级分类ID"": 13,
        ""一级分类名称"": ""休闲食品"",
        ""二级分类ID"": 1304,
        ""二级分类名称"": ""休闲小食"",
        ""三级分类ID"": 130404,
        ""三级分类名称"": ""豆干/菌类"",
        ""四级分类ID"": 13040407,
        ""四级分类名称"": ""面制品"",
        ""五级分类ID"": 13040407,
        ""五级分类名称"": ""面制品"",
        ""计量单位"": ""盒"",
        ""商品规格"": ""200g"",
        ""销售单价"": 6.25,
        ""成本单价"": 6.5,
        ""销售数量"": 4,
        ""销售总金额"": 25,
        ""成本总金额"": 26,
        ""毛利总金额"": -1,
        ""创建时间"": ""12:08.4"",
        ""销售日期"": 20260802
    },
    {
        ""企业ID"": ""CAA-01"",
        ""门店ID"": 3,
        ""商品ID"": 1304040000000,
        ""商品条码"": 6971260000000,
        ""商品名称"": ""卫龙魔芋爽麻酱味80g"",
        ""品牌"": ""卫龙"",
        ""一级分类ID"": 13,
        ""一级分类名称"": ""休闲食品"",
        ""二级分类ID"": 1304,
        ""二级分类名称"": ""休闲小食"",
        ""三级分类ID"": 130404,
        ""三级分类名称"": ""豆干/菌类"",
        ""四级分类ID"": 13040408,
        ""四级分类名称"": ""辣条类"",
        ""五级分类ID"": 13040408,
        ""五级分类名称"": ""辣条类"",
        ""计量单位"": ""包"",
        ""商品规格"": ""80g"",
        ""销售单价"": 5,
        ""成本单价"": 4,
        ""销售数量"": 1,
        ""销售总金额"": 5,
        ""成本总金额"": 4,
        ""毛利总金额"": 1,
        ""创建时间"": ""12:08.4"",
        ""销售日期"": 20260802
    },
    {
        ""企业ID"": ""CAA-01"",
        ""门店ID"": 3,
        ""商品ID"": 1305030000000,
        ""商品条码"": 6972640000000,
        ""商品名称"": ""王小卤虎皮凤爪卤香146g"",
        ""品牌"": """",
        ""一级分类ID"": 13,
        ""一级分类名称"": ""休闲食品"",
        ""二级分类ID"": 1305,
        ""二级分类名称"": ""休闲熟食"",
        ""三级分类ID"": 130503,
        ""三级分类名称"": ""禽类小食"",
        ""四级分类ID"": 13050301,
        ""四级分类名称"": ""凤爪"",
        ""五级分类ID"": 13050301,
        ""五级分类名称"": ""凤爪"",
        ""计量单位"": ""袋"",
        ""商品规格"": ""146g"",
        ""销售单价"": 18.5,
        ""成本单价"": 13.19,
        ""销售数量"": 1,
        ""销售总金额"": 18.5,
        ""成本总金额"": 13.19,
        ""毛利总金额"": 5.31,
        ""创建时间"": ""12:08.4"",
        ""销售日期"": 20260802
    },
    {
        ""企业ID"": ""CAA-01"",
        ""门店ID"": 3,
        ""商品ID"": 1501010000000,
        ""商品条码"": 6907990000000,
        ""商品名称"": ""低温奶促销装9.9"",
        ""品牌"": """",
        ""一级分类ID"": 15,
        ""一级分类名称"": ""日配"",
        ""二级分类ID"": 1501,
        ""二级分类名称"": ""保鲜品"",
        ""三级分类ID"": 150101,
        ""三级分类名称"": ""酸奶"",
        ""四级分类ID"": 15010102,
        ""四级分类名称"": ""调味酸奶"",
        ""五级分类ID"": 15010102,
        ""五级分类名称"": ""调味酸奶"",
        ""计量单位"": ""瓶"",
        ""商品规格"": """",
        ""销售单价"": 9.9,
        ""成本单价"": 8.55,
        ""销售数量"": 2,
        ""销售总金额"": 19.8,
        ""成本总金额"": 17.1,
        ""毛利总金额"": 2.7,
        ""创建时间"": ""12:08.4"",
        ""销售日期"": 20260802
    },
    {
        ""企业ID"": ""CAA-01"",
        ""门店ID"": 3,
        ""商品ID"": 2000000000000,
        ""商品条码"": 6921170000000,
        ""商品名称"": ""A)农夫山泉饮用天然水1.5L"",
        ""品牌"": ""农夫"",
        ""一级分类ID"": 11,
        ""一级分类名称"": ""烟酒饮料"",
        ""二级分类ID"": 1108,
        ""二级分类名称"": ""一般饮料"",
        ""三级分类ID"": 110807,
        ""三级分类名称"": ""水"",
        ""四级分类ID"": 11080701,
        ""四级分类名称"": ""国产矿泉水"",
        ""五级分类ID"": 11080701,
        ""五级分类名称"": ""国产矿泉水"",
        ""计量单位"": ""瓶"",
        ""商品规格"": ""1.5L"",
        ""销售单价"": 3.5,
        ""成本单价"": 2.42,
        ""销售数量"": 5,
        ""销售总金额"": 17.5,
        ""成本总金额"": 12.1,
        ""毛利总金额"": 5.4,
        ""创建时间"": ""12:08.4"",
        ""销售日期"": 20260802
    },
    {
        ""企业ID"": ""CAA-01"",
        ""门店ID"": 3,
        ""商品ID"": 2000000000000,
        ""商品条码"": 6902080000000,
        ""商品名称"": ""A娃哈哈冰红茶柠檬味茶饮料500ml"",
        ""品牌"": ""娃哈哈"",
        ""一级分类ID"": 11,
        ""一级分类名称"": ""烟酒饮料"",
        ""二级分类ID"": 1108,
        ""二级分类名称"": ""一般饮料"",
        ""三级分类ID"": 110806,
        ""三级分类名称"": ""即饮茶饮料"",
        ""四级分类ID"": 11080601,
        ""四级分类名称"": ""红茶饮料"",
        ""五级分类ID"": 11080601,
        ""五级分类名称"": ""红茶饮料"",
        ""计量单位"": ""瓶"",
        ""商品规格"": ""500ml"",
        ""销售单价"": 2.5,
        ""成本单价"": 1.99,
        ""销售数量"": 2,
        ""销售总金额"": 5,
        ""成本总金额"": 3.98,
        ""毛利总金额"": 1.02,
        ""创建时间"": ""12:08.4"",
        ""销售日期"": 20260802
    },
    {
        ""企业ID"": ""CAA-01"",
        ""门店ID"": 3,
        ""商品ID"": 2000000000000,
        ""商品条码"": 6901850000000,
        ""商品名称"": ""格力高百醇夹心饼干-红酒巧克力48g"",
        ""品牌"": ""格力高"",
        ""一级分类ID"": 13,
        ""一级分类名称"": ""休闲食品"",
        ""二级分类ID"": 1301,
        ""二级分类名称"": ""饼干"",
        ""三级分类ID"": 130108,
        ""三级分类名称"": ""单片\\涂层饼干"",
        ""四级分类ID"": 13010805,
        ""四级分类名称"": ""涂层饼干黄油味/巧克力味"",
        ""五级分类ID"": 13010805,
        ""五级分类名称"": ""涂层饼干黄油味/巧克力味"",
        ""计量单位"": ""盒"",
        ""商品规格"": ""48g"",
        ""销售单价"": 5.9,
        ""成本单价"": 6.1,
        ""销售数量"": 2,
        ""销售总金额"": 11.8,
        ""成本总金额"": 12.2,
        ""毛利总金额"": -0.4,
        ""创建时间"": ""12:08.4"",
        ""销售日期"": 20260802
    }
]",9,TRUE,FALSE,,https://dibj.cn/portal/api/common/calling/page?tableCode=LAB_DATA
2,LAB_DATA,数字资源-联合实验室数据,677,1602762886791122961,"99999,99999999999987,","联合实验室数据,国家人工智能应用中试基地(医疗)·北京,",多中心多模态医学影像高质量标注数据集,北京影禾医数科技有限公司,数据集覆盖CT、MR、DR等主流模态，内容涉及颅脑、胸部、腹部、脊柱、关节等多个临床重点方向。数据集核心内容包括两部分：一是面向解剖结构识别与空间理解的精细标注（器官分割、结构定位）；二是面向病变识别与临床筛查的目标标注（病灶检出、阴阳性分类）。所有数据均经过统一的脱敏清洗、结构化治理、标准化规则定义及多层质控审核。本数据集主要目的在于直接服务于医学影像AI模型的研发与训练，旨在为分割、检出、分类及多任务联合训练等场景提供规则统一、质量可控、可直接进入训练流程的高质量数据基础，有效缩短模型研发周期并提升算法性能上限。,DATA,2026/8/14 11:12,2026/8/18 9:04,2026/8/14 11:13,0,0,/images/联合实验室0814-2.png,8,TRUE,FALSE,,https://dibj.cn/portal/api/common/calling/page?tableCode=LAB_DATA
3,LAB_DATA,数字资源-联合实验室数据,676,1602762886791122960,"99999,99999999999987,","联合实验室数据,国家人工智能应用中试基地(医疗)·北京,",全胸部疾病CT影像筛查数据集,首都医科大学附属北京友谊医院,数据集以胸部CT影像及对应诊断报告为核心内容，覆盖肺癌（肺结节）、肺结核、气胸、胸膜积液、支气管扩张、间质性肺炎等常见胸部疾病。数据字段包含DICOM影像数据、检查模态、层厚以及来源报告中的“影像所见”与“影像诊断”等关键信息。数据集已完成严格的匿名化技术处理，确保隐私安全合规。,DATA,2026/8/14 11:02,2026/9/1 20:28,2026/8/14 11:03,0,0,/images/联合实验室0814-1.png,41,TRUE,FALSE,,https://dibj.cn/portal/api/common/calling/page?tableCode=LAB_DATA
4,LAB_DATA,数字资源-联合实验室数据,675,1602762886791122959,"99999,99999999999987,","联合实验室数据,国家人工智能应用中试基地(医疗)·北京,",肝胆临床决策高质量数据集,清华长庚医院,国内权威的拥有首个标准规范背书的肝胆胰专病全病程多模态数据集，为肝胆医学大模型训练、AI 辅助诊疗器械研发、肝胆新药真实世界循证研究提供坚实基础。数据集沉淀上万例肝胆胰标准化病例，覆盖肝癌、胆管癌、肝包虫、肝移植、钇90介入五大核心专病；整合5大类数据源，配套19大模块标准化病历字段；创新应用 CCoT 临床思维链标注，同步发布国内首套肝胆疾病行业数据规范。数据规模：上万例标准化病例，五大核心专病，5类数据源,DATA,2026/7/22 16:22,2026/8/25 14:50,2026/7/22 16:22,0,0,/images/肝胆图片1.png|||/images/肝胆图片2.png,37,TRUE,FALSE,"•肝胆数标，权威立项：发布中国首个肝癌、肝胆疾病标准化数据团体规范，入选工信部 AI 医疗器械揭榜挂帅优胜项目，行业权威性突出。 
•覆盖全域，多模态配对：覆盖肝、胆、胰全器官 10 余类常见病与疑难重症，包含多项精细化指标，填补肝胆领域完整诊疗决策链路数据空白。 
•思维链标注，赋能决策：区别于常规病灶标注，解决 AI 仅能识别影像、缺乏临床推理能力的行业痛点，是支撑大模型从 “影像识别” 升级为 “临床决策” 的核心稀缺数据。 
•五级质控 规范全流程：搭建统一全流程规范；采用标注选拔 - 培训 - 初标 - 复核 - 专家终审五级质控，标注一致性、完整性、可追溯性可量化评估。",https://dibj.cn/portal/api/common/calling/page?tableCode=LAB_DATA
5,LAB_DATA,数字资源-联合实验室数据,674,1602762886791122958,"99999,99999999999987,","联合实验室数据,国家人工智能应用中试基地(医疗)·北京,",真实世界脑卒中脑机接口高质量数据集,宣武医院,全球首个面向急性期脑卒中的标准化多模态脑机接口数据集，为脑机解码算法研发、卒中智能康复设备开发、神经功能恢复机制研究提供坚实基础。 累计超 6000 例全病程卒中标准化队列；同步整合高密度 EEG 脑电、fNIRS 近红外等6大类数据源；覆盖急性期脑卒中发病 1-30 天生活化康复范式，配套 NIHSS、mRS、MBI、MMSE 等全套卒中标准化功能量表。数据规模：超6000例全病程卒中队列；整合6大类多模态数据,DATA,2026/7/22 16:20,2026/9/1 20:28,2026/7/22 16:21,0,0,/images/真实图片1.png,14,TRUE,FALSE,"•全场景采，数据齐全：匹配全场景康复采集范式，解决脑机算法缺少真实卒中患者临床数据、仅依赖健康人样本的痛点。 
•六模同采，赋能算法：同步采集六个多维度信号，适配智能康复机器人、外骨骼、可穿戴脑机设备算法训练。 
•三方共治，合规标准：统一采集规范，由临床医护 + 脑机工程师 + 高校算法团队联合完成，数据完全符合 EEG-BIDS 国际开源标准，开箱即可用于模型训练。  
•分级赋权，多域适配：数据集设置三层分级数据权限，多格式数据按需供给，可支撑科研、企业算法研发、药企疗效评估多元应用场景。",https://dibj.cn/portal/api/common/calling/page?tableCode=LAB_DATA
6,LAB_DATA,数字资源-联合实验室数据,673,1602762886791122957,"99999,99999999999987,","联合实验室数据,国家人工智能应用中试基地(医疗)·北京,",神经免疫性疾病高质量数据集,宣武医院,国内权威的神经免疫性疾病全病程多模态脑电高质量数据集，为神经免疫疾病 AI 诊断、脑网络机制研究、闭环神经调控医疗器械研发提供坚实基础。数据集覆盖全国 67 家医疗分中心，包含超 5000 例神经免疫疾病全病程样本，联合全国 13 家中心构建 256 导高密度脑电 + 多序列影像双数据库，整合7类数据源，配套20余项国际通用神经专科量表。数据规模：覆盖67家中心；超5000例全病程样本；整合7类数据源及20余项量表。,DATA,2026/7/22 16:18,2026/8/25 16:57,2026/7/22 16:19,0,0,/images/神经图片1.png,17,TRUE,FALSE,"•采集规范：统一 eCRF、SOP、EDC及数据字典与命名规则；规范脑电参数、导联体系、采样率与访视节点
•隐私保护：最小必要原则，删除身份识别信息；脑电、影像与临床字段分层脱敏，映射表分离保存
•质量控制：自动核查—人工复核—专家终审三级质控；生成脑电质控报告，覆盖有效时长、坏导联、伪迹比例
•伦理合规：伦理审查、知情同意与授权核验；协议明确用途、期限、保密义务，禁止再识别与使用后处置",https://dibj.cn/portal/api/common/calling/page?tableCode=LAB_DATA
7,LAB_DATA,数字资源-联合实验室数据,672,1602762886791122956,"99999,99999999999987,","联合实验室数据,国家人工智能应用中试基地(医疗)·北京,",多中心医疗术语与标准模板数据集,北京地坛医院,国内权威的多中心医疗术语与标准模板数据集，为病历文书规范化书写、智能临床辅助系统与医学教育提供坚实基础。数据集包含60余万条词条、9000余条病历模板，覆盖4个一级学科、14个二级学科、17个三级学科及440余个病种。数据规模：60余万条词条，9000余条病历模板，覆盖440余个病种,DATA,2026/7/22 16:16,2026/8/25 16:57,2026/7/22 16:17,0,0,/images/多中心图片1.png|||/images/多中心图片2.png,14,TRUE,FALSE,"•数据体量大:
4个一级学科、14个二级学科专业、17个三级学科专业；
440+个病种数据；
9000+条病历模板数据；
60+万条词条数据
•数据维度广：
全病历模板；标准化术语库；实用工具集
•数据质量高：
来源：多中心数据
质控：“三审三校”
标签：加工处理、逻辑关联",https://dibj.cn/portal/api/common/calling/page?tableCode=LAB_DATA
8,LAB_DATA,数字资源-联合实验室数据,671,1602762886791122955,"99999,99999999999987,","联合实验室数据,国家人工智能应用中试基地(医疗)·北京,",“友谊健康数据科学”高质量数据集,北京友谊医院,国内权威的基于真实世界诊疗与体检多源数据整合的“健康-疾病”高质量数据集，为健康管理、疾病预测与临床研究提供坚实基础。本数据集包含近190万条记录，整合体检与就诊的HIS、LIS、PACS等7类数据源，涵盖心血管、代谢等7大系统251个结构化指标及21类ICD-10疾病，经AI治理与专家审核，提供连续多年健康-疾病时序数据，适用于疾病预测模型训练、健康管理研究与真实世界证据生成。数据规模：近190万条记录；7类数据源整合；251个结构化指标,DATA,2026/7/22 16:14,2026/8/25 14:50,2026/7/22 16:15,0,0,/images/友谊图片1.png|||/images/眼科图片2.png|||/images/友谊图片3.png,17,TRUE,FALSE,"•多源融合，时序完整：整合体检、就诊等7类数据源，覆盖同一患者连续多年健康与疾病全程记录，填补国内“健康-疾病”衔接数据的空白。
•规模可观，维度丰富：近190万条记录，涵盖251个结构化指标及21类ICD-10疾病，经治理后形成标准化宽表，兼容国际大规模数据库模式。
•AI+专家双轮治理：独创规则引擎与专家知识库，实现亿级数据批量清洗、异构字段统一、非结构文本自动标注，准确率超95%，治理效率显著提升。
•合规完备，即取可用：通过伦理、人遗认证，获国家医学研究备案及北数所挂牌，数据匿名化处理，可安全交付用于科研与模型训练。",https://dibj.cn/portal/api/common/calling/page?tableCode=LAB_DATA
9,LAB_DATA,数字资源-联合实验室数据,670,1602762886791122954,"99999,99999999999987,","联合实验室数据,国家人工智能应用中试基地(医疗)·北京,",眼科医疗高质量数据集,北京同仁医院,国内首个权威、高质量、精细化标注的眼科多模态全构型定量数据库，为AI辅助诊断与临床科研提供坚实基础。本数据集包含超10万例人群队列及多病种临床样本，覆盖从眼表至视网膜全构型873个量化参数，涵盖白内障、青光眼、黄斑病变、糖尿病视网膜病变等核心病种，经同仁医院专家团队“三标两审”质控及严格匿名化脱敏，提供多模态影像与结构化临床数据，适用于AI模型训练、算法验证及真实世界研究。数据规模：超10万例人群队列；873个量化参数,DATA,2026/7/22 16:13,2026/8/14 11:13,2026/7/22 16:13,0,0,/images/眼科图片1.png|||/images/眼科图片2.png,13,TRUE,FALSE,"•数据维度全：全身一般指标 + 眼部全维度影像量化指标联动
•标准化程度高：遵循国际/国内指南，全流程标准化管控
•临床真实性强：源于同仁医院真实诊疗场景，专业医师审核
•数据质量可控：多维度质控体系，保障完整、一致、准确
•合规性有保障：通过伦理审查，严格匿名化脱敏，符合规范
",https://dibj.cn/portal/api/common/calling/page?tableCode=LAB_DATA
10,LAB_DATA,数字资源-联合实验室数据,669,1602762886791122953,"99999,99999999999987,","联合实验室数据,国家人工智能应用中试基地(医疗)·北京,",结核病专病影像数据集,北京市胸科医院,"全球首个权威、高质量、精细化标注的肺结核胸部CT影像数据集，为AI辅助诊断与科研提供坚实基础。本数据集包含20,000例高质量标注的肺结核胸部CT影像，涵盖各型结核、全病程阶段，经过严格脱敏与标准化处理，提供像素级精细标注与多模态临床数据，适用于AI模型训练、算法验证与真实世界研究。数据规模：2万例，5.5TB。",DATA,2026/7/22 16:04,2026/8/25 16:57,2026/7/22 16:06,0,0,"/images/结核图片1.png|||/images/结核图片2.png
",15,TRUE,FALSE,"•规模与质量：20,000例全标注病例，覆盖各类肺结核影像表现，数据量达5.5TB。
•标注精细：17个语义标签，像素级三维分割，支持病灶量化与空间分析。
•合规可信：通过伦理审查，全面脱敏，符合国家数据安全与隐私保护法规。
•标准化生产：统一影像参数与标注流程，确保数据一致性与可复现性。
•临床代表性：来源权威胸科医院，涵盖全年龄段、不同病情与治疗状态。",https://dibj.cn/portal/api/common/calling/page?tableCode=LAB_DATA
11,LAB_DATA,数字资源-联合实验室数据,668,1602762886791122952,"99999,99999999999988,","联合实验室数据,数智教育实验数据,",作业常见错误类型数据集,教育中试基地,精准诊断错误，提升辅导针对性。\n数据类别：学生常见错误类型\n核心字段：错误类型、原因、示例、改进建议、知识点\n数据要求：覆盖概念、计算、步骤、推理错误,DATA,2026/7/14 16:01,2026/8/17 22:37,2026/7/14 16:03,0,0,"[
    {
      ""输入"": ""混淆质量与重量"",
      ""输出"": ""类型：概念偏差，原因：未区分惯性与引力，改进：对比实验，知识点：质量、重力""
    }
  ]",24,TRUE,FALSE,,https://dibj.cn/portal/api/common/calling/page?tableCode=LAB_DATA
12,LAB_DATA,数字资源-联合实验室数据,667,1602762886791122951,"99999,99999999999988,","联合实验室数据,数智教育实验数据,",理科作业错因分析数据集,教育中试基地,可沉淀构建理科思维的过程性诊断模型、人机协同的工具使用行为模型、自适应批改策略的闭环优化系统，以及学生认知障碍的立体诊断模型。能够突破“只看答案对错”的传统批改方式，转向对思维过程、错因根源、反馈策略的精细建模，支撑精准讲评、个性化辅导和批改模型持续优化。\n数据类别：错因分析类数据\n核心字段：学科、年级、题目原文、学生完整作答过程、步骤切分、步骤正确性标签、错误类型、插件调用记录、调用时机、调用目的、输入参数、输出结果、整体评分、多条候选评语、人类偏好排序、评分依据说明、主要错因、次要错因、错误根源分析、针对性改进建议、同类错题推荐。\n数据要求：覆盖数学、物理、化学等需要分步骤作答的理科学科，包含四类重点SFT任务：①步骤检错数据，支持步骤级正确/错误/部分正确判断；②插件调用数据，支持系统理解学生在计算器、绘图、公式编辑器、虚拟实验等工具上的使用行为；③强化学习数据，支持模型学习人类教师对评分与评语的偏好；④错因分析数据，支持对概念混淆、公式误用、单位换算错误、审题偏差、推理缺陷、计算疏漏等进行精准诊断与个性化辅导。,DATA,2026/7/14 16:00,2026/8/10 9:47,2026/7/14 16:01,0,0,"[
    {
      ""输入"": ""学科：化学\n年级：高一\n题型：计算题\n题目原文：计算5g NaOH的物质的量。\n学生作答全过程：\n步骤1：n=m/M\n步骤2：n=5/20\n步骤3：n=0.25mol\n插件调用记录：无"",
      ""输出"": ""步骤正确性标签：\n- 步骤1：正确\n- 步骤2：错误\n- 步骤3：错误\n错误类型：摩尔质量使用错误\n主要错因：公式应用中的参数识别错误\n次要错因：基础概念不牢\n错误根源分析：未准确掌握NaOH的摩尔质量计算方法，对化学式组成与相对分子质量关系理解不足。\n针对性改进建议：先复习相对原子质量和化学式式量计算，再进行同类“质量-物质的量”转换练习。\n同类错题推荐：物质的量基础计算题3道\n整体评分：2/5\n候选评语偏好排序：B优于A\n评分依据说明：B既指出具体错误，也给出改进方向，更符合教师过程性评价原则。""
    }
  ]",17,TRUE,FALSE,,https://dibj.cn/portal/api/common/calling/page?tableCode=LAB_DATA
13,LAB_DATA,数字资源-联合实验室数据,666,1602762886791122950,"99999,99999999999988,","联合实验室数据,数智教育实验数据,",作业及批改记录数据集,教育中试基地,实现个性化辅导与激励。\n数据类别：个性化学习反馈\n核心字段：错题归因、薄弱点、优势、建议、激励语\n数据要求：因材施教，语气积极,DATA,2026/7/14 15:59,2026/8/14 14:09,2026/7/14 16:00,0,0,"[
    {
      ""输入"": ""错题：电路故障判断"",
      ""输出"": ""归因：步骤遗漏，薄弱点：电路分析，优势：计算准确，建议：多画电路图""
    }
  ]",15,TRUE,FALSE,,https://dibj.cn/portal/api/common/calling/page?tableCode=LAB_DATA
14,LAB_DATA,数字资源-联合实验室数据,665,1602762886791122949,"99999,99999999999988,","联合实验室数据,数智教育实验数据,",考试试卷-错因标注数据集,教育中试基地,考试错题分析，考试维度的精细化学业诊断数据。\n基础数据来源：考试成绩与试卷\n标注内容：对每次考试每题×每位学生标注知识点、布鲁姆层次、得分、正误、错因、作答内容\n需标注量：5万～10万条题目级作答记录,DATA,2026/7/14 15:58,2026/8/2 20:54,2026/7/14 15:59,0,0,"[
    {
      ""数据项1"": ""{\""item_id\"":\""EI001\"",\""exam_id\"":\""EX001\"",\""item_no\"":15,\""kp\"":[\""KP001\"",\""KP005\""],\""bloom_level\"":\""分析\"",\""max_score\"":12,\""question_text\"":\""...\""}"",
      ""数据项2"": ""{\""item_id\"":\""EI001\"",\""student_id\"":\""STU001\"",\""is_correct\"":false,\""score\"":6,\""error_type\"":\""审题遗漏\"",\""raw_answer\"":\""只解了第一问，忽略第二问条件\""}""
    }
  ]",10,TRUE,FALSE,,https://dibj.cn/portal/api/common/calling/page?tableCode=LAB_DATA
15,LAB_DATA,数字资源-联合实验室数据,664,1602762886791122948,"99999,99999999999988,","联合实验室数据,数智教育实验数据,",考试试卷数据集,教育中试基地,收集学生考卷含作答和批改痕迹，对学生知识掌握进行评估，支撑考试题目级分析和学业诊断。\n采集阶段性考试、单元测试、期中期末考试等数据，包括考试基本信息、原始试卷、参考答案、评分标准、学生答卷和批改结果。100次考试，50000份答卷。\n建议采集内容包括：\n- 考试名称；\n- 所属学科、年级、班级；\n- 考试时间；\n- 原始试卷；\n- 参考答案；\n- 评分标准；\n- 学生答卷；\n- 每位学生总分；\n- 每题得分；\n- 教师批改痕迹；\n- 年级或班级成绩分布。\n纸质考试需收集学生答卷扫描件，并保留批改痕迹。\n首期可以采集 30–50 次考试/测验，覆盖主要学科和年级；不必一开始追求 90 次考试和 9 万份答卷。,DATA,2026/7/14 15:55,2026/8/2 22:02,2026/7/14 15:58,0,0,"[
    {
      ""考试名称"": ""一元一次方程单元测试"",
      ""学科"": ""数学"",
      ""年级"": ""初一"",
      ""题目数量"": ""20题"",
      ""总分"": ""100分"",
      ""考试时间"": ""2026-06-10 00:00:00"",
      ""参考答案"": ""标准答案与评分细则"",
      ""学生答卷"": ""45份批改后答卷"",
      ""成绩数据"": ""每位学生总分、每题得分"",
      ""教师批改痕迹"": ""错题标记、扣分说明、简要批注""
    }
  ]",35,TRUE,FALSE,,https://dibj.cn/portal/api/common/calling/page?tableCode=LAB_DATA
16,LAB_DATA,数字资源-联合实验室数据,663,1602762886791122947,"99999,99999999999988,","联合实验室数据,数智教育实验数据,",视频数据集,北京市数字教育中心,依据2022年新课标，2023年新教材改版后“北京市空中课堂”统一建设的精品课程。本数据集包含小学数学6年级全部课程章节117节，含对应466个知识点。,DATA,2026/7/14 15:39,2026/8/4 17:09,2026/7/14 15:39,0,0,,7,TRUE,FALSE,,https://dibj.cn/portal/api/common/calling/page?tableCode=LAB_DATA
17,LAB_DATA,数字资源-联合实验室数据,662,1602762886791122946,"99999,99999999999988,","联合实验室数据,数智教育实验数据,",试题资源数据集,北京市数字教育中心,近5年北京市高三校各学科高考试题专题精品资源及答案解析，包括高考模拟、期中、期末等相关高考资源。主要包括语文、英语、数学三科。,DATA,2026/7/14 15:38,2026/8/2 22:02,2026/7/14 15:38,0,0,,13,TRUE,FALSE,,https://dibj.cn/portal/api/common/calling/page?tableCode=LAB_DATA
18,LAB_DATA,数字资源-联合实验室数据,661,1602762886791122945,"99999,99999999999988,","联合实验室数据,数智教育实验数据,",教学设计资源数据集,北京市数字教育中心,"本次优质教学设计资源是北京市教委面向各区教委及智慧校园示范校征集而来，首批发布的数据集涵盖语文、英语、数学学科，包含核心教学目标、教学过程、教学反思等模块，采用结构化 markdown 形式组织，适用于教育垂类大模型的持续预训练阶段，亦可作为微调阶段指令数据构造的重要语料来源。数据内容真实反映教师实际教学设计的语言风格与组织方式，具有较强专业性和实践参考价值。语文、英语、数学三科共3,946份",DATA,2026/7/14 15:04,2026/8/11 15:32,2026/7/14 15:36,0,0,,5,TRUE,FALSE,,https://dibj.cn/portal/api/common/calling/page?tableCode=LAB_DATA
19,LAB_DATA,数字资源-联合实验室数据,362,1509221327936106496,"99999,99999999999998,","联合实验室数据,信令联合实验室数据,",老旧小区人口常住及流动画像,信令联合实验室,,DATA,2026/6/5 18:31,2026/9/1 10:05,2026/5/27 16:12,0,0,,19,TRUE,FALSE,,https://dibj.cn/portal/api/common/calling/page?tableCode=LAB_DATA
20,LAB_DATA,数字资源-联合实验室数据,363,1509221327856414720,"99999,99999999999998,","联合实验室数据,信令联合实验室数据,",景区周边配套设施客流辐射,信令联合实验室,,DATA,2026/6/5 18:31,2026/8/3 11:13,2026/5/27 16:12,0,0,,4,TRUE,FALSE,,https://dibj.cn/portal/api/common/calling/page?tableCode=LAB_DATA
21,LAB_DATA,数字资源-联合实验室数据,364,1509221327780917248,"99999,99999999999998,","联合实验室数据,信令联合实验室数据,",外来临时人员驻留分布,信令联合实验室,,DATA,2026/6/5 18:31,2026/8/17 22:37,2026/5/27 16:12,0,0,,6,TRUE,FALSE,,https://dibj.cn/portal/api/common/calling/page?tableCode=LAB_DATA
22,LAB_DATA,数字资源-联合实验室数据,365,1509221327697031168,"99999,99999999999998,","联合实验室数据,信令联合实验室数据,",重点区域人员聚集预警客流,信令联合实验室,,DATA,2026/6/5 18:31,2026/9/1 10:05,2026/5/27 16:12,0,0,,3,TRUE,FALSE,,https://dibj.cn/portal/api/common/calling/page?tableCode=LAB_DATA
23,LAB_DATA,数字资源-联合实验室数据,366,1509221327608950784,"99999,99999999999998,","联合实验室数据,信令联合实验室数据,",产业园区访客来源及停留时长,信令联合实验室,,DATA,2026/6/5 18:31,2026/9/2 16:06,2026/5/27 16:12,0,0,,4,TRUE,FALSE,,https://dibj.cn/portal/api/common/calling/page?tableCode=LAB_DATA
24,LAB_DATA,数字资源-联合实验室数据,367,1509221327520870400,"99999,99999999999998,","联合实验室数据,信令联合实验室数据,",产业园区潮汐客流,信令联合实验室,,DATA,2026/6/5 18:31,2026/8/4 12:02,2026/5/27 16:12,0,0,,2,TRUE,FALSE,,https://dibj.cn/portal/api/common/calling/page?tableCode=LAB_DATA
25,LAB_DATA,数字资源-联合实验室数据,368,1509221327436984320,"99999,99999999999998,","联合实验室数据,信令联合实验室数据,",用户出行通勤路径 OD,信令联合实验室,,DATA,2026/6/5 18:31,2026/9/1 20:27,2026/5/27 16:12,0,0,,9,TRUE,FALSE,,https://dibj.cn/portal/api/common/calling/page?tableCode=LAB_DATA
26,LAB_DATA,数字资源-联合实验室数据,369,1509221327348903936,"99999,99999999999998,","联合实验室数据,信令联合实验室数据,",用户夜间驻留分布,信令联合实验室,,DATA,2026/6/5 18:31,2026/8/2 23:38,2026/5/27 16:12,0,0,,2,TRUE,FALSE,,https://dibj.cn/portal/api/common/calling/page?tableCode=LAB_DATA
27,LAB_DATA,数字资源-联合实验室数据,370,1509221327244046336,"99999,99999999999998,","联合实验室数据,信令联合实验室数据,",跨区域迁徙流动热度,信令联合实验室,,DATA,2026/6/5 18:31,2026/9/1 10:05,2026/5/27 16:12,0,0,,7,TRUE,FALSE,,https://dibj.cn/portal/api/common/calling/page?tableCode=LAB_DATA
28,LAB_DATA,数字资源-联合实验室数据,10,1504414985677393920,"99999,99999999999999,","联合实验室数据,空间图联合实验室数据,",气象监测站,空间图实验室,,DATA,2026/6/5 18:31,2026/8/24 10:58,2026/5/14 11:48,0,0,,26,TRUE,FALSE,,https://dibj.cn/portal/api/common/calling/page?tableCode=LAB_DATA
29,LAB_DATA,数字资源-联合实验室数据,11,1504414985606090752,"99999,99999999999999,","联合实验室数据,空间图联合实验室数据,",法律援助中心,空间图实验室,,DATA,2026/6/5 18:31,2026/8/17 22:37,2026/5/14 11:48,0,0,,1,TRUE,FALSE,,https://dibj.cn/portal/api/common/calling/page?tableCode=LAB_DATA
30,LAB_DATA,数字资源-联合实验室数据,12,1504414985534787584,"99999,99999999999999,","联合实验室数据,空间图联合实验室数据,",水环境断面监测点,空间图实验室,,DATA,2026/6/5 18:31,2026/7/23 14:32,2026/5/14 11:48,0,0,,4,TRUE,FALSE,,https://dibj.cn/portal/api/common/calling/page?tableCode=LAB_DATA
31,LAB_DATA,数字资源-联合实验室数据,13,1504414985463484416,"99999,99999999999999,","联合实验室数据,空间图联合实验室数据,",密闭式清洁站,空间图实验室,,DATA,2026/6/5 18:31,2026/6/5 18:49,2026/5/14 11:47,0,0,,0,TRUE,FALSE,,https://dibj.cn/portal/api/common/calling/page?tableCode=LAB_DATA
32,LAB_DATA,数字资源-联合实验室数据,14,1504414985387986944,"99999,99999999999999,","联合实验室数据,空间图联合实验室数据,",全市基层司法所信息,空间图实验室,,DATA,2026/6/5 18:31,2026/8/4 17:11,2026/5/14 11:47,0,0,,5,TRUE,FALSE,,https://dibj.cn/portal/api/common/calling/page?tableCode=LAB_DATA
33,LAB_DATA,数字资源-联合实验室数据,15,1504414985308295168,"99999,99999999999999,","联合实验室数据,空间图联合实验室数据,",淹没财产,空间图实验室,,DATA,2026/6/5 18:31,2026/8/4 12:02,2026/5/14 11:47,0,0,,2,TRUE,FALSE,,https://dibj.cn/portal/api/common/calling/page?tableCode=LAB_DATA
34,LAB_DATA,数字资源-联合实验室数据,16,1504414985241186304,"99999,99999999999999,","联合实验室数据,空间图联合实验室数据,",其它监测站,空间图实验室,,DATA,2026/6/5 18:31,2026/7/24 9:53,2026/5/14 11:47,0,0,,2,TRUE,FALSE,,https://dibj.cn/portal/api/common/calling/page?tableCode=LAB_DATA
35,LAB_DATA,数字资源-联合实验室数据,17,1504414985174077440,"99999,99999999999999,","联合实验室数据,空间图联合实验室数据,",律师事务所,空间图实验室,,DATA,2026/6/5 18:31,2026/7/30 11:04,2026/5/14 11:47,0,0,,2,TRUE,FALSE,,https://dibj.cn/portal/api/common/calling/page?tableCode=LAB_DATA
36,LAB_DATA,数字资源-联合实验室数据,18,1504414985106968576,"99999,99999999999999,","联合实验室数据,空间图联合实验室数据,",视频监测点,空间图实验室,,DATA,2026/6/5 18:31,2026/7/23 14:04,2026/5/14 11:47,0,0,,2,TRUE,FALSE,,https://dibj.cn/portal/api/common/calling/page?tableCode=LAB_DATA
37,LAB_DATA,数字资源-联合实验室数据,19,1504414985035665408,"99999,99999999999999,","联合实验室数据,空间图联合实验室数据,",垃圾分类驿站,空间图实验室,,DATA,2026/6/5 18:31,2026/8/3 16:50,2026/5/14 11:47,0,0,,1,TRUE,FALSE,,https://dibj.cn/portal/api/common/calling/page?tableCode=LAB_DATA
38,LAB_DATA,数字资源-联合实验室数据,20,1504414984964362240,"99999,99999999999999,","联合实验室数据,空间图联合实验室数据,",婚姻收养登记机关,空间图实验室,,DATA,2026/6/5 18:31,2026/8/17 22:37,2026/5/14 11:47,0,0,,1,TRUE,FALSE,,https://dibj.cn/portal/api/common/calling/page?tableCode=LAB_DATA
39,LAB_DATA,数字资源-联合实验室数据,21,1504414984888864768,"99999,99999999999999,","联合实验室数据,空间图联合实验室数据,",防洪雨量监测站,空间图实验室,,DATA,2026/6/5 18:31,2026/6/5 18:49,2026/5/14 11:47,0,0,,0,TRUE,FALSE,,https://dibj.cn/portal/api/common/calling/page?tableCode=LAB_DATA
40,LAB_DATA,数字资源-联合实验室数据,22,1504414984813367296,"99999,99999999999999,","联合实验室数据,空间图联合实验室数据,",地质环境监测牌,空间图实验室,,DATA,2026/6/5 18:31,2026/6/5 18:49,2026/5/14 11:47,0,0,,0,TRUE,FALSE,,https://dibj.cn/portal/api/common/calling/page?tableCode=LAB_DATA
41,LAB_DATA,数字资源-联合实验室数据,23,1504414984737869824,"99999,99999999999999,","联合实验室数据,空间图联合实验室数据,",社区村居委会驻地,空间图实验室,,DATA,2026/6/5 18:31,2026/6/5 18:49,2026/5/14 11:46,0,0,,0,TRUE,FALSE,,https://dibj.cn/portal/api/common/calling/page?tableCode=LAB_DATA
42,LAB_DATA,数字资源-联合实验室数据,24,1504414984662372352,"99999,99999999999999,","联合实验室数据,空间图联合实验室数据,",大气监测微观站,空间图实验室,,DATA,2026/6/5 18:31,2026/6/5 18:49,2026/5/14 11:46,0,0,,0,TRUE,FALSE,,https://dibj.cn/portal/api/common/calling/page?tableCode=LAB_DATA
43,LAB_DATA,数字资源-联合实验室数据,25,1504414984586874880,"99999,99999999999999,","联合实验室数据,空间图联合实验室数据,",旧衣物回收箱,空间图实验室,,DATA,2026/6/5 18:31,2026/7/14 16:13,2026/5/14 11:46,0,0,,1,TRUE,FALSE,,https://dibj.cn/portal/api/common/calling/page?tableCode=LAB_DATA
44,LAB_DATA,数字资源-联合实验室数据,1,1504414984507183104,"99999,99999999999999,","联合实验室数据,空间图联合实验室数据,",车站外轮廓及站台,空间图实验室,,DATA,2026/6/5 18:31,2026/6/30 15:39,2026/5/14 11:46,0,0,,1,TRUE,FALSE,,https://dibj.cn/portal/api/common/calling/page?tableCode=LAB_DATA
45,LAB_DATA,数字资源-联合实验室数据,26,1504414984435879936,"99999,99999999999999,","联合实验室数据,空间图联合实验室数据,",电视井盖,空间图实验室,,DATA,2026/6/5 18:31,2026/6/5 18:49,2026/5/14 11:46,0,0,,0,TRUE,FALSE,,https://dibj.cn/portal/api/common/calling/page?tableCode=LAB_DATA
46,LAB_DATA,数字资源-联合实验室数据,27,1504414984360382464,"99999,99999999999999,","联合实验室数据,空间图联合实验室数据,",水域标示牌,空间图实验室,,DATA,2026/6/5 18:31,2026/6/5 18:49,2026/5/14 11:46,0,0,,0,TRUE,FALSE,,https://dibj.cn/portal/api/common/calling/page?tableCode=LAB_DATA
47,LAB_DATA,数字资源-联合实验室数据,28,1504414984284884992,"99999,99999999999999,","联合实验室数据,空间图联合实验室数据,",轨道交通既有线路（2021年）,空间图实验室,,DATA,2026/6/5 18:31,2026/7/14 16:21,2026/5/14 11:46,0,0,,1,TRUE,FALSE,,https://dibj.cn/portal/api/common/calling/page?tableCode=LAB_DATA
48,LAB_DATA,数字资源-联合实验室数据,29,1504414984213581824,"99999,99999999999999,","联合实验室数据,空间图联合实验室数据,",污水井盖,空间图实验室,,DATA,2026/6/5 18:31,2026/6/5 18:49,2026/5/14 11:46,0,0,,0,TRUE,FALSE,,https://dibj.cn/portal/api/common/calling/page?tableCode=LAB_DATA
49,LAB_DATA,数字资源-联合实验室数据,30,1504414984133890048,"99999,99999999999999,","联合实验室数据,空间图联合实验室数据,",水域附属设施,空间图实验室,,DATA,2026/6/5 18:31,2026/6/5 18:49,2026/5/14 11:46,0,0,,0,TRUE,FALSE,,https://dibj.cn/portal/api/common/calling/page?tableCode=LAB_DATA
50,LAB_DATA,数字资源-联合实验室数据,31,1504414984050003968,"99999,99999999999999,","联合实验室数据,空间图联合实验室数据,",污水厂站,空间图实验室,,DATA,2026/6/5 18:31,2026/6/5 18:49,2026/5/14 11:46,0,0,,0,TRUE,FALSE,,https://dibj.cn/portal/api/common/calling/page?tableCode=LAB_DATA
51,LAB_DATA,数字资源-联合实验室数据,32,1504414983970312192,"99999,99999999999999,","联合实验室数据,空间图联合实验室数据,",街头坐椅,空间图实验室,,DATA,2026/6/5 18:31,2026/6/5 18:49,2026/5/14 11:45,0,0,,0,TRUE,FALSE,,https://dibj.cn/portal/api/common/calling/page?tableCode=LAB_DATA
52,LAB_DATA,数字资源-联合实验室数据,33,1504414983890620416,"99999,99999999999999,","联合实验室数据,空间图联合实验室数据,",护树设施,空间图实验室,,DATA,2026/6/5 18:31,2026/6/5 18:49,2026/5/14 11:45,0,0,,0,TRUE,FALSE,,https://dibj.cn/portal/api/common/calling/page?tableCode=LAB_DATA
53,LAB_DATA,数字资源-联合实验室数据,34,1504414983815122944,"99999,99999999999999,","联合实验室数据,空间图联合实验室数据,",轨道交通既有车站（2021年）,空间图实验室,,DATA,2026/6/5 18:31,2026/8/28 1:08,2026/5/14 11:45,0,0,,1,TRUE,FALSE,,https://dibj.cn/portal/api/common/calling/page?tableCode=LAB_DATA
54,LAB_DATA,数字资源-联合实验室数据,35,1504414983735431168,"99999,99999999999999,","联合实验室数据,空间图联合实验室数据,",轨道车站,空间图实验室,,DATA,2026/6/5 18:31,2026/7/14 16:21,2026/5/14 11:45,0,0,,1,TRUE,FALSE,,https://dibj.cn/portal/api/common/calling/page?tableCode=LAB_DATA
55,LAB_DATA,数字资源-联合实验室数据,36,1504414983659933696,"99999,99999999999999,","联合实验室数据,空间图联合实验室数据,",村庄淹没面,空间图实验室,,DATA,2026/6/5 18:31,2026/6/5 18:49,2026/5/14 11:45,0,0,,0,TRUE,FALSE,,https://dibj.cn/portal/api/common/calling/page?tableCode=LAB_DATA
56,LAB_DATA,数字资源-联合实验室数据,37,1504414983580241920,"99999,99999999999999,","联合实验室数据,空间图联合实验室数据,",火车站,空间图实验室,,DATA,2026/6/5 18:31,2026/7/2 9:30,2026/5/14 11:45,0,0,,1,TRUE,FALSE,,https://dibj.cn/portal/api/common/calling/page?tableCode=LAB_DATA
57,LAB_DATA,数字资源-联合实验室数据,38,1504414983500550144,"99999,99999999999999,","联合实验室数据,空间图联合实验室数据,",堤防豁口,空间图实验室,,DATA,2026/6/5 18:31,2026/6/5 18:49,2026/5/14 11:45,0,0,,0,TRUE,FALSE,,https://dibj.cn/portal/api/common/calling/page?tableCode=LAB_DATA
58,LAB_DATA,数字资源-联合实验室数据,39,1504414983420858368,"99999,99999999999999,","联合实验室数据,空间图联合实验室数据,",古树名木,空间图实验室,,DATA,2026/6/5 18:31,2026/7/14 14:41,2026/5/14 11:45,0,0,,1,TRUE,FALSE,,https://dibj.cn/portal/api/common/calling/page?tableCode=LAB_DATA
59,LAB_DATA,数字资源-联合实验室数据,40,1504414983349555200,"99999,99999999999999,","联合实验室数据,空间图联合实验室数据,",铁路,空间图实验室,,DATA,2026/6/5 18:31,2026/6/5 18:49,2026/5/14 11:45,0,0,,0,TRUE,FALSE,,https://dibj.cn/portal/api/common/calling/page?tableCode=LAB_DATA
60,LAB_DATA,数字资源-联合实验室数据,2,1504414983274057728,"99999,99999999999999,","联合实验室数据,空间图联合实验室数据,",倒灌风险点,空间图实验室,,DATA,2026/6/5 18:31,2026/6/5 18:49,2026/5/14 11:45,0,0,,0,TRUE,FALSE,,https://dibj.cn/portal/api/common/calling/page?tableCode=LAB_DATA
61,LAB_DATA,数字资源-联合实验室数据,41,1504414983202754560,"99999,99999999999999,","联合实验室数据,空间图联合实验室数据,",绿地附属设施,空间图实验室,,DATA,2026/6/5 18:31,2026/6/5 18:49,2026/5/14 11:45,0,0,,0,TRUE,FALSE,,https://dibj.cn/portal/api/common/calling/page?tableCode=LAB_DATA
62,LAB_DATA,数字资源-联合实验室数据,42,1504414983127257088,"99999,99999999999999,","联合实验室数据,空间图联合实验室数据,",公路主枢纽,空间图实验室,,DATA,2026/6/5 18:31,2026/6/5 18:49,2026/5/14 11:44,0,0,,0,TRUE,FALSE,,https://dibj.cn/portal/api/common/calling/page?tableCode=LAB_DATA
63,LAB_DATA,数字资源-联合实验室数据,43,1504414983055953920,"99999,99999999999999,","联合实验室数据,空间图联合实验室数据,",道路,空间图实验室,,DATA,2026/6/5 18:31,2026/6/5 18:49,2026/5/14 11:44,0,0,,0,TRUE,FALSE,,https://dibj.cn/portal/api/common/calling/page?tableCode=LAB_DATA
64,LAB_DATA,数字资源-联合实验室数据,44,1504414982984650752,"99999,99999999999999,","联合实验室数据,空间图联合实验室数据,",雕塑,空间图实验室,,DATA,2026/6/5 18:31,2026/6/5 18:49,2026/5/14 11:44,0,0,,0,TRUE,FALSE,,https://dibj.cn/portal/api/common/calling/page?tableCode=LAB_DATA
65,LAB_DATA,数字资源-联合实验室数据,45,1504414982917541888,"99999,99999999999999,","联合实验室数据,空间图联合实验室数据,",立交桥,空间图实验室,,DATA,2026/6/5 18:31,2026/6/5 18:49,2026/5/14 11:44,0,0,,0,TRUE,FALSE,,https://dibj.cn/portal/api/common/calling/page?tableCode=LAB_DATA
66,LAB_DATA,数字资源-联合实验室数据,46,1504414982842044416,"99999,99999999999999,","联合实验室数据,空间图联合实验室数据,",社区,空间图实验室,,DATA,2026/6/5 18:31,2026/7/23 11:41,2026/5/14 11:44,0,0,,1,TRUE,FALSE,,https://dibj.cn/portal/api/common/calling/page?tableCode=LAB_DATA
67,LAB_DATA,数字资源-联合实验室数据,47,1504414982770741248,"99999,99999999999999,","联合实验室数据,空间图联合实验室数据,",独立树,空间图实验室,,DATA,2026/6/5 18:31,2026/6/5 18:49,2026/5/14 11:44,0,0,,0,TRUE,FALSE,,https://dibj.cn/portal/api/common/calling/page?tableCode=LAB_DATA
68,LAB_DATA,数字资源-联合实验室数据,48,1504414982699438080,"99999,99999999999999,","联合实验室数据,空间图联合实验室数据,",出入口及配套,空间图实验室,,DATA,2026/6/5 18:31,2026/6/5 18:49,2026/5/14 11:44,0,0,,0,TRUE,FALSE,,https://dibj.cn/portal/api/common/calling/page?tableCode=LAB_DATA
69,LAB_DATA,数字资源-联合实验室数据,49,1504414982632329216,"99999,99999999999999,","联合实验室数据,空间图联合实验室数据,",通州区边界,空间图实验室,,DATA,2026/6/5 18:31,2026/6/5 18:49,2026/5/14 11:43,0,0,,0,TRUE,FALSE,,https://dibj.cn/portal/api/common/calling/page?tableCode=LAB_DATA
70,LAB_DATA,数字资源-联合实验室数据,50,1504414982561026048,"99999,99999999999999,","联合实验室数据,空间图联合实验室数据,",高架挂箱,空间图实验室,,DATA,2026/6/5 18:31,2026/6/5 18:49,2026/5/14 11:43,0,0,,0,TRUE,FALSE,,https://dibj.cn/portal/api/common/calling/page?tableCode=LAB_DATA
71,LAB_DATA,数字资源-联合实验室数据,51,1504414982485528576,"99999,99999999999999,","联合实验室数据,空间图联合实验室数据,",一级公路,空间图实验室,,DATA,2026/6/5 18:31,2026/6/5 18:49,2026/5/14 11:43,0,0,,0,TRUE,FALSE,,https://dibj.cn/portal/api/common/calling/page?tableCode=LAB_DATA
72,LAB_DATA,数字资源-联合实验室数据,52,1504414982414225408,"99999,99999999999999,","联合实验室数据,空间图联合实验室数据,",水系面,空间图实验室,,DATA,2026/6/5 18:31,2026/6/5 18:49,2026/5/14 11:43,0,0,,0,TRUE,FALSE,,https://dibj.cn/portal/api/common/calling/page?tableCode=LAB_DATA
73,LAB_DATA,数字资源-联合实验室数据,53,1504414982342922240,"99999,99999999999999,","联合实验室数据,空间图联合实验室数据,",绿地护栏,空间图实验室,,DATA,2026/6/5 18:31,2026/6/5 18:49,2026/5/14 11:43,0,0,,0,TRUE,FALSE,,https://dibj.cn/portal/api/common/calling/page?tableCode=LAB_DATA
74,LAB_DATA,数字资源-联合实验室数据,54,1504414982271619072,"99999,99999999999999,","联合实验室数据,空间图联合实验室数据,",高速公路,空间图实验室,,DATA,2026/6/5 18:31,2026/6/5 18:49,2026/5/14 11:43,0,0,,0,TRUE,FALSE,,https://dibj.cn/portal/api/common/calling/page?tableCode=LAB_DATA
75,LAB_DATA,数字资源-联合实验室数据,55,1504414982196121600,"99999,99999999999999,","联合实验室数据,空间图联合实验室数据,",社区村边界,空间图实验室,,DATA,2026/6/5 18:31,2026/6/5 18:49,2026/5/14 11:43,0,0,,0,TRUE,FALSE,,https://dibj.cn/portal/api/common/calling/page?tableCode=LAB_DATA
76,LAB_DATA,数字资源-联合实验室数据,56,1504414982120624128,"99999,99999999999999,","联合实验室数据,空间图联合实验室数据,",花钵花架,空间图实验室,,DATA,2026/6/5 18:31,2026/6/5 18:49,2026/5/14 11:43,0,0,,0,TRUE,FALSE,,https://dibj.cn/portal/api/common/calling/page?tableCode=LAB_DATA
77,LAB_DATA,数字资源-联合实验室数据,57,1504414982049320960,"99999,99999999999999,","联合实验室数据,空间图联合实验室数据,",市级雨量监测站,空间图实验室,,DATA,2026/6/5 18:31,2026/6/5 18:49,2026/5/14 11:43,0,0,,0,TRUE,FALSE,,https://dibj.cn/portal/api/common/calling/page?tableCode=LAB_DATA
78,LAB_DATA,数字资源-联合实验室数据,58,1504414981978017792,"99999,99999999999999,","联合实验室数据,空间图联合实验室数据,",供水器,空间图实验室,,DATA,2026/6/5 18:31,2026/6/5 18:49,2026/5/14 11:42,0,0,,0,TRUE,FALSE,,https://dibj.cn/portal/api/common/calling/page?tableCode=LAB_DATA
79,LAB_DATA,数字资源-联合实验室数据,59,1504414981902520320,"99999,99999999999999,","联合实验室数据,空间图联合实验室数据,",污水管线水厂,空间图实验室,,DATA,2026/6/5 18:31,2026/6/5 18:49,2026/5/14 11:42,0,0,,0,TRUE,FALSE,,https://dibj.cn/portal/api/common/calling/page?tableCode=LAB_DATA
80,LAB_DATA,数字资源-联合实验室数据,60,1504414981831217152,"99999,99999999999999,","联合实验室数据,空间图联合实验室数据,",特殊井盖,空间图实验室,,DATA,2026/6/5 18:31,2026/6/5 18:49,2026/5/14 11:42,0,0,,0,TRUE,FALSE,,https://dibj.cn/portal/api/common/calling/page?tableCode=LAB_DATA
81,LAB_DATA,数字资源-联合实验室数据,61,1504414981755719680,"99999,99999999999999,","联合实验室数据,空间图联合实验室数据,",城市道路,空间图实验室,,DATA,2026/6/5 18:31,2026/7/22 10:19,2026/5/14 11:42,0,0,,1,TRUE,FALSE,,https://dibj.cn/portal/api/common/calling/page?tableCode=LAB_DATA
82,LAB_DATA,数字资源-联合实验室数据,62,1504414981680222208,"99999,99999999999999,","联合实验室数据,空间图联合实验室数据,",中水井盖,空间图实验室,,DATA,2026/6/5 18:31,2026/6/5 18:49,2026/5/14 11:42,0,0,,0,TRUE,FALSE,,https://dibj.cn/portal/api/common/calling/page?tableCode=LAB_DATA
83,LAB_DATA,数字资源-联合实验室数据,63,1504414981604724736,"99999,99999999999999,","联合实验室数据,空间图联合实验室数据,",热力井盖,空间图实验室,,DATA,2026/6/5 18:31,2026/6/5 18:49,2026/5/14 11:42,0,0,,0,TRUE,FALSE,,https://dibj.cn/portal/api/common/calling/page?tableCode=LAB_DATA
84,LAB_DATA,数字资源-联合实验室数据,64,1504414981529227264,"99999,99999999999999,","联合实验室数据,空间图联合实验室数据,",垃圾场站,空间图实验室,,DATA,2026/6/5 18:31,2026/6/5 18:49,2026/5/14 11:42,0,0,,0,TRUE,FALSE,,https://dibj.cn/portal/api/common/calling/page?tableCode=LAB_DATA
85,LAB_DATA,数字资源-联合实验室数据,65,1504414981453729792,"99999,99999999999999,","联合实验室数据,空间图联合实验室数据,",垃圾场,空间图实验室,,DATA,2026/6/5 18:31,2026/6/5 18:49,2026/5/14 11:41,0,0,,0,TRUE,FALSE,,https://dibj.cn/portal/api/common/calling/page?tableCode=LAB_DATA
86,LAB_DATA,数字资源-联合实验室数据,66,1504414981382426624,"99999,99999999999999,","联合实验室数据,空间图联合实验室数据,",通信井盖,空间图实验室,,DATA,2026/6/5 18:31,2026/6/5 18:49,2026/5/14 11:41,0,0,,0,TRUE,FALSE,,https://dibj.cn/portal/api/common/calling/page?tableCode=LAB_DATA
87,LAB_DATA,数字资源-联合实验室数据,67,1504414981311123456,"99999,99999999999999,","联合实验室数据,空间图联合实验室数据,",运营轨道中心线,空间图实验室,,DATA,2026/6/5 18:31,2026/6/5 18:49,2026/5/14 11:41,0,0,,0,TRUE,FALSE,,https://dibj.cn/portal/api/common/calling/page?tableCode=LAB_DATA
88,LAB_DATA,数字资源-联合实验室数据,68,1504414981235625984,"99999,99999999999999,","联合实验室数据,空间图联合实验室数据,",雨水箅子,空间图实验室,,DATA,2026/6/5 18:31,2026/6/5 18:49,2026/5/14 11:41,0,0,,0,TRUE,FALSE,,https://dibj.cn/portal/api/common/calling/page?tableCode=LAB_DATA
89,LAB_DATA,数字资源-联合实验室数据,69,1504414981164322816,"99999,99999999999999,","联合实验室数据,空间图联合实验室数据,",水域护栏,空间图实验室,,DATA,2026/6/5 18:31,2026/6/5 18:49,2026/5/14 11:41,0,0,,0,TRUE,FALSE,,https://dibj.cn/portal/api/common/calling/page?tableCode=LAB_DATA
90,LAB_DATA,数字资源-联合实验室数据,70,1504414981084631040,"99999,99999999999999,","联合实验室数据,空间图联合实验室数据,",干线公路网,空间图实验室,,DATA,2026/6/5 18:31,2026/8/12 9:13,2026/5/14 11:41,0,0,,1,TRUE,FALSE,,https://dibj.cn/portal/api/common/calling/page?tableCode=LAB_DATA
91,LAB_DATA,数字资源-联合实验室数据,71,1504414981013327872,"99999,99999999999999,","联合实验室数据,空间图联合实验室数据,",燃气井盖,空间图实验室,,DATA,2026/6/5 18:31,2026/6/5 18:49,2026/5/14 11:41,0,0,,0,TRUE,FALSE,,https://dibj.cn/portal/api/common/calling/page?tableCode=LAB_DATA
92,LAB_DATA,数字资源-联合实验室数据,72,1504414980937830400,"99999,99999999999999,","联合实验室数据,空间图联合实验室数据,",文物古迹,空间图实验室,,DATA,2026/6/5 18:31,2026/6/5 18:49,2026/5/14 11:41,0,0,,0,TRUE,FALSE,,https://dibj.cn/portal/api/common/calling/page?tableCode=LAB_DATA
93,LAB_DATA,数字资源-联合实验室数据,73,1504414980862332928,"99999,99999999999999,","联合实验室数据,空间图联合实验室数据,",环路及放射路,空间图实验室,,DATA,2026/6/5 18:31,2026/6/5 18:49,2026/5/14 11:41,0,0,,0,TRUE,FALSE,,https://dibj.cn/portal/api/common/calling/page?tableCode=LAB_DATA
94,LAB_DATA,数字资源-联合实验室数据,74,1504414980786835456,"99999,99999999999999,","联合实验室数据,空间图联合实验室数据,",电力井盖,空间图实验室,,DATA,2026/6/5 18:31,2026/6/5 18:49,2026/5/14 11:41,0,0,,0,TRUE,FALSE,,https://dibj.cn/portal/api/common/calling/page?tableCode=LAB_DATA
95,LAB_DATA,数字资源-联合实验室数据,75,1504414980702949376,"99999,99999999999999,","联合实验室数据,空间图联合实验室数据,",重大危险源,空间图实验室,,DATA,2026/6/5 18:31,2026/6/5 18:49,2026/5/14 11:40,0,0,,0,TRUE,FALSE,,https://dibj.cn/portal/api/common/calling/page?tableCode=LAB_DATA
96,LAB_DATA,数字资源-联合实验室数据,76,1504414980623257600,"99999,99999999999999,","联合实验室数据,空间图联合实验室数据,",铁路规划,空间图实验室,,DATA,2026/6/5 18:31,2026/7/22 10:20,2026/5/14 11:40,0,0,,1,TRUE,FALSE,,https://dibj.cn/portal/api/common/calling/page?tableCode=LAB_DATA
97,LAB_DATA,数字资源-联合实验室数据,77,1504414980543565824,"99999,99999999999999,","联合实验室数据,空间图联合实验室数据,",消防设施（消防栓）,空间图实验室,,DATA,2026/6/5 18:31,2026/6/5 18:49,2026/5/14 11:40,0,0,,0,TRUE,FALSE,,https://dibj.cn/portal/api/common/calling/page?tableCode=LAB_DATA
98,LAB_DATA,数字资源-联合实验室数据,78,1504414980463874048,"99999,99999999999999,","联合实验室数据,空间图联合实验室数据,",车辆加油站,空间图实验室,,DATA,2026/6/5 18:31,2026/6/5 18:49,2026/5/14 11:40,0,0,,0,TRUE,FALSE,,https://dibj.cn/portal/api/common/calling/page?tableCode=LAB_DATA
99,LAB_DATA,数字资源-联合实验室数据,79,1504414980384182272,"99999,99999999999999,","联合实验室数据,空间图联合实验室数据,",规划线网图_线路,空间图实验室,,DATA,2026/6/5 18:31,2026/7/14 16:22,2026/5/14 11:40,0,0,,1,TRUE,FALSE,,https://dibj.cn/portal/api/common/calling/page?tableCode=LAB_DATA
100,LAB_DATA,数字资源-联合实验室数据,80,1504414980308684800,"99999,99999999999999,","联合实验室数据,空间图联合实验室数据,",上水井盖,空间图实验室,,DATA,2026/6/5 18:31,2026/6/5 18:49,2026/5/14 11:40,0,0,,0,TRUE,FALSE,,https://dibj.cn/portal/api/common/calling/page?tableCode=LAB_DATA
101,LAB_DATA,数字资源-联合实验室数据,81,1504414980237381632,"99999,99999999999999,","联合实验室数据,空间图联合实验室数据,",绿地指示牌,空间图实验室,,DATA,2026/6/5 18:31,2026/6/5 18:49,2026/5/14 11:40,0,0,,0,TRUE,FALSE,,https://dibj.cn/portal/api/common/calling/page?tableCode=LAB_DATA
102,LAB_DATA,数字资源-联合实验室数据,82,1504414980166078464,"99999,99999999999999,","联合实验室数据,空间图联合实验室数据,",规划线网图_车站,空间图实验室,,DATA,2026/6/5 18:31,2026/6/5 18:49,2026/5/14 11:40,0,0,,0,TRUE,FALSE,,https://dibj.cn/portal/api/common/calling/page?tableCode=LAB_DATA
103,LAB_DATA,数字资源-联合实验室数据,83,1504414980094775296,"99999,99999999999999,","联合实验室数据,空间图联合实验室数据,",雨水井盖,空间图实验室,,DATA,2026/6/5 18:31,2026/6/5 18:49,2026/5/14 11:40,0,0,,0,TRUE,FALSE,,https://dibj.cn/portal/api/common/calling/page?tableCode=LAB_DATA
104,LAB_DATA,数字资源-联合实验室数据,84,1504414980015083520,"99999,99999999999999,","联合实验室数据,空间图联合实验室数据,",喷泉,空间图实验室,,DATA,2026/6/5 18:31,2026/6/5 18:49,2026/5/14 11:39,0,0,,0,TRUE,FALSE,,https://dibj.cn/portal/api/common/calling/page?tableCode=LAB_DATA
105,LAB_DATA,数字资源-联合实验室数据,85,1504414979931197440,"99999,99999999999999,","联合实验室数据,空间图联合实验室数据,",快速路,空间图实验室,,DATA,2026/6/5 18:31,2026/6/5 18:49,2026/5/14 11:39,0,0,,0,TRUE,FALSE,,https://dibj.cn/portal/api/common/calling/page?tableCode=LAB_DATA
106,LAB_DATA,数字资源-联合实验室数据,86,1504414979843117056,"99999,99999999999999,","联合实验室数据,空间图联合实验室数据,",电力设施标识牌,空间图实验室,,DATA,2026/6/5 18:31,2026/6/5 18:49,2026/5/14 11:39,0,0,,0,TRUE,FALSE,,https://dibj.cn/portal/api/common/calling/page?tableCode=LAB_DATA
107,LAB_DATA,数字资源-联合实验室数据,87,1504414979763425280,"99999,99999999999999,","联合实验室数据,空间图联合实验室数据,",省道,空间图实验室,,DATA,2026/6/5 18:31,2026/6/5 18:49,2026/5/14 11:39,0,0,,0,TRUE,FALSE,,https://dibj.cn/portal/api/common/calling/page?tableCode=LAB_DATA
108,LAB_DATA,数字资源-联合实验室数据,88,1504414979679539200,"99999,99999999999999,","联合实验室数据,空间图联合实验室数据,",沟槽厕所盖板,空间图实验室,,DATA,2026/6/5 18:31,2026/6/5 18:49,2026/5/14 11:39,0,0,,0,TRUE,FALSE,,https://dibj.cn/portal/api/common/calling/page?tableCode=LAB_DATA
109,LAB_DATA,数字资源-联合实验室数据,89,1504414979591458816,"99999,99999999999999,","联合实验室数据,空间图联合实验室数据,",国道,空间图实验室,,DATA,2026/6/5 18:31,2026/6/5 18:49,2026/5/14 11:39,0,0,,0,TRUE,FALSE,,https://dibj.cn/portal/api/common/calling/page?tableCode=LAB_DATA
110,LAB_DATA,数字资源-联合实验室数据,90,1504414979499184128,"99999,99999999999999,","联合实验室数据,空间图联合实验室数据,",旗杆,空间图实验室,,DATA,2026/6/5 18:31,2026/6/5 18:49,2026/5/14 11:39,0,0,,0,TRUE,FALSE,,https://dibj.cn/portal/api/common/calling/page?tableCode=LAB_DATA
111,LAB_DATA,数字资源-联合实验室数据,91,1504414979398520832,"99999,99999999999999,","联合实验室数据,空间图联合实验室数据,",企业、公共停车场信息,空间图实验室,,DATA,2026/6/5 18:31,2026/6/5 18:49,2026/5/14 11:39,0,0,,0,TRUE,FALSE,,https://dibj.cn/portal/api/common/calling/page?tableCode=LAB_DATA
112,LAB_DATA,数字资源-联合实验室数据,92,1504414979289468928,"99999,99999999999999,","联合实验室数据,空间图联合实验室数据,",通信立杆,空间图实验室,,DATA,2026/6/5 18:31,2026/6/5 18:49,2026/5/14 11:39,0,0,,0,TRUE,FALSE,,https://dibj.cn/portal/api/common/calling/page?tableCode=LAB_DATA
113,LAB_DATA,数字资源-联合实验室数据,93,1504414979197194240,"99999,99999999999999,","联合实验室数据,空间图联合实验室数据,",电力设施,空间图实验室,,DATA,2026/6/5 18:31,2026/6/5 18:49,2026/5/14 11:39,0,0,,0,TRUE,FALSE,,https://dibj.cn/portal/api/common/calling/page?tableCode=LAB_DATA
114,LAB_DATA,数字资源-联合实验室数据,94,1504414979096530944,"99999,99999999999999,","联合实验室数据,空间图联合实验室数据,",停车场基础信息,空间图实验室,,DATA,2026/6/5 18:31,2026/6/5 18:49,2026/5/14 11:38,0,0,,0,TRUE,FALSE,,https://dibj.cn/portal/api/common/calling/page?tableCode=LAB_DATA
115,LAB_DATA,数字资源-联合实验室数据,95,1504414978991673344,"99999,99999999999999,","联合实验室数据,空间图联合实验室数据,",停车场位置信息,空间图实验室,,DATA,2026/6/5 18:31,2026/6/5 18:49,2026/5/14 11:38,0,0,,0,TRUE,FALSE,,https://dibj.cn/portal/api/common/calling/page?tableCode=LAB_DATA
116,LAB_DATA,数字资源-联合实验室数据,96,1504414978895204352,"99999,99999999999999,","联合实验室数据,空间图联合实验室数据,",输油（气）井盖,空间图实验室,,DATA,2026/6/5 18:31,2026/6/5 18:49,2026/5/14 11:38,0,0,,0,TRUE,FALSE,,https://dibj.cn/portal/api/common/calling/page?tableCode=LAB_DATA
117,LAB_DATA,数字资源-联合实验室数据,97,1504414978794541056,"99999,99999999999999,","联合实验室数据,空间图联合实验室数据,",2025年新交付住宅项目,空间图实验室,,DATA,2026/6/5 18:31,2026/6/5 18:49,2026/5/14 11:38,0,0,,0,TRUE,FALSE,,https://dibj.cn/portal/api/common/calling/page?tableCode=LAB_DATA
118,LAB_DATA,数字资源-联合实验室数据,98,1504414978706460672,"99999,99999999999999,","联合实验室数据,空间图联合实验室数据,",信号灯电源井盖,空间图实验室,,DATA,2026/6/5 18:31,2026/6/5 18:49,2026/5/14 11:38,0,0,,0,TRUE,FALSE,,https://dibj.cn/portal/api/common/calling/page?tableCode=LAB_DATA
119,LAB_DATA,数字资源-联合实验室数据,99,1504414978622574592,"99999,99999999999999,","联合实验室数据,空间图联合实验室数据,",2024年新交付住宅项目,空间图实验室,,DATA,2026/6/5 18:31,2026/6/5 18:49,2026/5/14 11:38,0,0,,0,TRUE,FALSE,,https://dibj.cn/portal/api/common/calling/page?tableCode=LAB_DATA
120,LAB_DATA,数字资源-联合实验室数据,100,1504414978538688512,"99999,99999999999999,","联合实验室数据,空间图联合实验室数据,",不明井盖,空间图实验室,,DATA,2026/6/5 18:31,2026/6/5 18:49,2026/5/14 11:38,0,0,,0,TRUE,FALSE,,https://dibj.cn/portal/api/common/calling/page?tableCode=LAB_DATA
121,LAB_DATA,数字资源-联合实验室数据,101,1504414978454802432,"99999,99999999999999,","联合实验室数据,空间图联合实验室数据,",全市小区（物业项目信息）图层,空间图实验室,,DATA,2026/6/5 18:31,2026/6/5 18:49,2026/5/14 11:38,0,0,,0,TRUE,FALSE,,https://dibj.cn/portal/api/common/calling/page?tableCode=LAB_DATA
122,LAB_DATA,数字资源-联合实验室数据,102,1504414978358333440,"99999,99999999999999,","联合实验室数据,空间图联合实验室数据,",公交井盖,空间图实验室,,DATA,2026/6/5 18:31,2026/6/5 18:49,2026/5/14 11:38,0,0,,0,TRUE,FALSE,,https://dibj.cn/portal/api/common/calling/page?tableCode=LAB_DATA
123,LAB_DATA,数字资源-联合实验室数据,103,1504414978274447360,"99999,99999999999999,","联合实验室数据,空间图联合实验室数据,",房屋基础数据,空间图实验室,,DATA,2026/6/5 18:31,2026/6/5 18:49,2026/5/14 11:38,0,0,,0,TRUE,FALSE,,https://dibj.cn/portal/api/common/calling/page?tableCode=LAB_DATA
124,LAB_DATA,数字资源-联合实验室数据,104,1504414978186366976,"99999,99999999999999,","联合实验室数据,空间图联合实验室数据,",电缆井盖,空间图实验室,,DATA,2026/6/5 18:31,2026/6/5 18:49,2026/5/14 11:37,0,0,,0,TRUE,FALSE,,https://dibj.cn/portal/api/common/calling/page?tableCode=LAB_DATA
125,LAB_DATA,数字资源-联合实验室数据,105,1504414978106675200,"99999,99999999999999,","联合实验室数据,空间图联合实验室数据,",工程建设监理企业资质信息,空间图实验室,,DATA,2026/6/5 18:31,2026/6/5 18:49,2026/5/14 11:37,0,0,,0,TRUE,FALSE,,https://dibj.cn/portal/api/common/calling/page?tableCode=LAB_DATA
126,LAB_DATA,数字资源-联合实验室数据,106,1504414978026983424,"99999,99999999999999,","联合实验室数据,空间图联合实验室数据,",园林井盖,空间图实验室,,DATA,2026/6/5 18:31,2026/6/5 18:49,2026/5/14 11:37,0,0,,0,TRUE,FALSE,,https://dibj.cn/portal/api/common/calling/page?tableCode=LAB_DATA
127,LAB_DATA,数字资源-联合实验室数据,107,1504414977947291648,"99999,99999999999999,","联合实验室数据,空间图联合实验室数据,",水质监测站,空间图实验室,,DATA,2026/6/5 18:31,2026/6/5 18:49,2026/5/14 11:37,0,0,,0,TRUE,FALSE,,https://dibj.cn/portal/api/common/calling/page?tableCode=LAB_DATA
128,LAB_DATA,数字资源-联合实验室数据,108,1504414977871794176,"99999,99999999999999,","联合实验室数据,空间图联合实验室数据,",雨量监测站,空间图实验室,,DATA,2026/6/5 18:31,2026/6/5 18:49,2026/5/14 11:37,0,0,,0,TRUE,FALSE,,https://dibj.cn/portal/api/common/calling/page?tableCode=LAB_DATA
129,LAB_DATA,数字资源-联合实验室数据,109,1504414977796296704,"99999,99999999999999,","联合实验室数据,空间图联合实验室数据,",积水监测点,空间图实验室,,DATA,2026/6/5 18:31,2026/6/5 18:49,2026/5/14 11:37,0,0,,0,TRUE,FALSE,,https://dibj.cn/portal/api/common/calling/page?tableCode=LAB_DATA
130,LAB_DATA,数字资源-联合实验室数据,110,1504414977720799232,"99999,99999999999999,","联合实验室数据,空间图联合实验室数据,",雨水管渠线,空间图实验室,,DATA,2026/6/5 18:31,2026/6/5 18:49,2026/5/14 11:37,0,0,,0,TRUE,FALSE,,https://dibj.cn/portal/api/common/calling/page?tableCode=LAB_DATA
131,LAB_DATA,数字资源-联合实验室数据,111,1504414977645301760,"99999,99999999999999,","联合实验室数据,空间图联合实验室数据,",大中型水闸,空间图实验室,,DATA,2026/6/5 18:31,2026/6/5 18:49,2026/5/14 11:37,0,0,,0,TRUE,FALSE,,https://dibj.cn/portal/api/common/calling/page?tableCode=LAB_DATA
132,LAB_DATA,数字资源-联合实验室数据,112,1504414977569804288,"99999,99999999999999,","联合实验室数据,空间图联合实验室数据,",二级流域,空间图实验室,,DATA,2026/6/5 18:31,2026/6/5 18:49,2026/5/14 11:37,0,0,,0,TRUE,FALSE,,https://dibj.cn/portal/api/common/calling/page?tableCode=LAB_DATA
133,LAB_DATA,数字资源-联合实验室数据,113,1504414977469140992,"99999,99999999999999,","联合实验室数据,空间图联合实验室数据,",零级流域,空间图实验室,,DATA,2026/6/5 18:31,2026/6/5 18:49,2026/5/14 11:36,0,0,,0,TRUE,FALSE,,https://dibj.cn/portal/api/common/calling/page?tableCode=LAB_DATA
134,LAB_DATA,数字资源-联合实验室数据,114,1504414977393643520,"99999,99999999999999,","联合实验室数据,空间图联合实验室数据,",不明立杆,空间图实验室,,DATA,2026/6/5 18:31,2026/6/5 18:49,2026/5/14 11:36,0,0,,0,TRUE,FALSE,,https://dibj.cn/portal/api/common/calling/page?tableCode=LAB_DATA
135,LAB_DATA,数字资源-联合实验室数据,115,1504414977318146048,"99999,99999999999999,","联合实验室数据,空间图联合实验室数据,",河流,空间图实验室,,DATA,2026/6/5 18:31,2026/6/5 18:49,2026/5/14 11:36,0,0,,0,TRUE,FALSE,,https://dibj.cn/portal/api/common/calling/page?tableCode=LAB_DATA
136,LAB_DATA,数字资源-联合实验室数据,116,1504414977242648576,"99999,99999999999999,","联合实验室数据,空间图联合实验室数据,",电力立杆,空间图实验室,,DATA,2026/6/5 18:31,2026/6/5 18:49,2026/5/14 11:36,0,0,,0,TRUE,FALSE,,https://dibj.cn/portal/api/common/calling/page?tableCode=LAB_DATA
137,LAB_DATA,数字资源-联合实验室数据,117,1504414977167151104,"99999,99999999999999,","联合实验室数据,空间图联合实验室数据,",危险货物运输企业,空间图实验室,,DATA,2026/6/5 18:31,2026/6/5 18:49,2026/5/14 11:36,0,0,,0,TRUE,FALSE,,https://dibj.cn/portal/api/common/calling/page?tableCode=LAB_DATA
138,LAB_DATA,数字资源-联合实验室数据,118,1504414977091653632,"99999,99999999999999,","联合实验室数据,空间图联合实验室数据,",通信交接箱,空间图实验室,,DATA,2026/6/5 18:31,2026/6/5 18:49,2026/5/14 11:36,0,0,,0,TRUE,FALSE,,https://dibj.cn/portal/api/common/calling/page?tableCode=LAB_DATA
139,LAB_DATA,数字资源-联合实验室数据,3,1504414977011961856,"99999,99999999999999,","联合实验室数据,空间图联合实验室数据,",轨道交通线路,空间图实验室,,DATA,2026/6/5 18:31,2026/6/5 18:49,2026/5/14 11:36,0,0,,0,TRUE,FALSE,,https://dibj.cn/portal/api/common/calling/page?tableCode=LAB_DATA
140,LAB_DATA,数字资源-联合实验室数据,119,1504414976932270080,"99999,99999999999999,","联合实验室数据,空间图联合实验室数据,",水井,空间图实验室,,DATA,2026/6/5 18:31,2026/6/5 18:49,2026/5/14 11:34,0,0,,0,TRUE,FALSE,,https://dibj.cn/portal/api/common/calling/page?tableCode=LAB_DATA
141,LAB_DATA,数字资源-联合实验室数据,120,1504414976856772608,"99999,99999999999999,","联合实验室数据,空间图联合实验室数据,",主干路,空间图实验室,,DATA,2026/6/5 18:31,2026/6/5 18:49,2026/5/14 11:34,0,0,,0,TRUE,FALSE,,https://dibj.cn/portal/api/common/calling/page?tableCode=LAB_DATA
142,LAB_DATA,数字资源-联合实验室数据,121,1504414976768692224,"99999,99999999999999,","联合实验室数据,空间图联合实验室数据,",特殊立杆,空间图实验室,,DATA,2026/6/5 18:31,2026/6/5 18:49,2026/5/14 11:34,0,0,,0,TRUE,FALSE,,https://dibj.cn/portal/api/common/calling/page?tableCode=LAB_DATA
143,LAB_DATA,数字资源-联合实验室数据,122,1504414976684806144,"99999,99999999999999,","联合实验室数据,空间图联合实验室数据,",公园管理边界,空间图实验室,,DATA,2026/6/5 18:31,2026/6/5 18:49,2026/5/14 11:34,0,0,,0,TRUE,FALSE,,https://dibj.cn/portal/api/common/calling/page?tableCode=LAB_DATA
144,LAB_DATA,数字资源-联合实验室数据,123,1504414976596725760,"99999,99999999999999,","联合实验室数据,空间图联合实验室数据,",A级景区信息,空间图实验室,,DATA,2026/6/5 18:31,2026/8/11 13:44,2026/5/14 11:33,0,0,,1,TRUE,FALSE,,https://dibj.cn/portal/api/common/calling/page?tableCode=LAB_DATA
145,LAB_DATA,数字资源-联合实验室数据,124,1504414976504451072,"99999,99999999999999,","联合实验室数据,空间图联合实验室数据,",画廊,空间图实验室,,DATA,2026/6/5 18:31,2026/6/5 18:49,2026/5/14 11:33,0,0,,0,TRUE,FALSE,,https://dibj.cn/portal/api/common/calling/page?tableCode=LAB_DATA
146,LAB_DATA,数字资源-联合实验室数据,125,1504414976399593472,"99999,99999999999999,","联合实验室数据,空间图联合实验室数据,",艺术馆,空间图实验室,,DATA,2026/6/5 18:31,2026/6/5 18:49,2026/5/14 11:33,0,0,,0,TRUE,FALSE,,https://dibj.cn/portal/api/common/calling/page?tableCode=LAB_DATA
147,LAB_DATA,数字资源-联合实验室数据,126,1504414976319901696,"99999,99999999999999,","联合实验室数据,空间图联合实验室数据,",文化站,空间图实验室,,DATA,2026/6/5 18:31,2026/6/5 18:49,2026/5/14 11:33,0,0,,0,TRUE,FALSE,,https://dibj.cn/portal/api/common/calling/page?tableCode=LAB_DATA
148,LAB_DATA,数字资源-联合实验室数据,127,1504414985748697088,"99999,99999999999999,","联合实验室数据,空间图联合实验室数据,",企业信息,空间图实验室,,DATA,2026/6/5 18:31,2026/8/6 18:37,2026/5/14 11:33,0,0,,1,TRUE,FALSE,,https://dibj.cn/portal/api/common/calling/page?tableCode=LAB_DATA
149,LAB_DATA,数字资源-联合实验室数据,129,1504414976236015616,"99999,99999999999999,","联合实验室数据,空间图联合实验室数据,",美术馆,空间图实验室,,DATA,2026/6/5 18:31,2026/6/5 18:49,2026/5/14 11:33,0,0,,0,TRUE,FALSE,,https://dibj.cn/portal/api/common/calling/page?tableCode=LAB_DATA
150,LAB_DATA,数字资源-联合实验室数据,128,1504414985815805952,"99999,99999999999999,","联合实验室数据,空间图联合实验室数据,",人民调解组织信息,空间图实验室,,DATA,2026/6/5 18:31,2026/6/5 18:49,2026/5/14 11:33,0,0,,0,TRUE,FALSE,,https://dibj.cn/portal/api/common/calling/page?tableCode=LAB_DATA
151,LAB_DATA,数字资源-联合实验室数据,130,1504414985891303424,"99999,99999999999999,","联合实验室数据,空间图联合实验室数据,",果皮箱,空间图实验室,,DATA,2026/6/5 18:31,2026/6/5 18:49,2026/5/14 11:33,0,0,,0,TRUE,FALSE,,https://dibj.cn/portal/api/common/calling/page?tableCode=LAB_DATA
152,LAB_DATA,数字资源-联合实验室数据,131,1504414976156323840,"99999,99999999999999,","联合实验室数据,空间图联合实验室数据,",公益性文化馆,空间图实验室,,DATA,2026/6/5 18:31,2026/6/5 18:49,2026/5/14 11:33,0,0,,0,TRUE,FALSE,,https://dibj.cn/portal/api/common/calling/page?tableCode=LAB_DATA
153,LAB_DATA,数字资源-联合实验室数据,132,1504414976080826368,"99999,99999999999999,","联合实验室数据,空间图联合实验室数据,",公益性图书馆,空间图实验室,,DATA,2026/6/5 18:31,2026/7/15 16:16,2026/5/14 11:33,0,0,,1,TRUE,FALSE,,https://dibj.cn/portal/api/common/calling/page?tableCode=LAB_DATA
154,LAB_DATA,数字资源-联合实验室数据,133,1504414976009523200,"99999,99999999999999,","联合实验室数据,空间图联合实验室数据,",拍卖经营批准证书信息,空间图实验室,,DATA,2026/6/5 18:31,2026/6/5 18:49,2026/5/14 11:33,0,0,,0,TRUE,FALSE,,https://dibj.cn/portal/api/common/calling/page?tableCode=LAB_DATA
155,LAB_DATA,数字资源-联合实验室数据,134,1504414975938220032,"99999,99999999999999,","联合实验室数据,空间图联合实验室数据,",休闲垂钓园,空间图实验室,,DATA,2026/6/5 18:31,2026/6/5 18:49,2026/5/14 11:33,0,0,,0,TRUE,FALSE,,https://dibj.cn/portal/api/common/calling/page?tableCode=LAB_DATA
156,LAB_DATA,数字资源-联合实验室数据,135,1504414985966800896,"99999,99999999999999,","联合实验室数据,空间图联合实验室数据,",居民地,空间图实验室,,DATA,2026/6/5 18:31,2026/6/5 18:49,2026/5/14 11:33,0,0,,0,TRUE,FALSE,,https://dibj.cn/portal/api/common/calling/page?tableCode=LAB_DATA
157,LAB_DATA,数字资源-联合实验室数据,136,1504414975866916864,"99999,99999999999999,","联合实验室数据,空间图联合实验室数据,",北京市兽药经营企业名录,空间图实验室,,DATA,2026/6/5 18:31,2026/6/5 18:49,2026/5/14 11:33,0,0,,0,TRUE,FALSE,,https://dibj.cn/portal/api/common/calling/page?tableCode=LAB_DATA
158,LAB_DATA,数字资源-联合实验室数据,137,1504414975795613696,"99999,99999999999999,","联合实验室数据,空间图联合实验室数据,",旅游咨询服务站,空间图实验室,,DATA,2026/6/5 18:31,2026/6/5 18:49,2026/5/14 11:32,0,0,,0,TRUE,FALSE,,https://dibj.cn/portal/api/common/calling/page?tableCode=LAB_DATA
159,LAB_DATA,数字资源-联合实验室数据,138,1504414975715921920,"99999,99999999999999,","联合实验室数据,空间图联合实验室数据,",旅行社,空间图实验室,,DATA,2026/6/5 18:31,2026/6/5 18:49,2026/5/14 11:32,0,0,,0,TRUE,FALSE,,https://dibj.cn/portal/api/common/calling/page?tableCode=LAB_DATA
160,LAB_DATA,数字资源-联合实验室数据,139,1504414975644618752,"99999,99999999999999,","联合实验室数据,空间图联合实验室数据,",星级饭店,空间图实验室,,DATA,2026/6/5 18:31,2026/6/5 18:49,2026/5/14 11:32,0,0,,0,TRUE,FALSE,,https://dibj.cn/portal/api/common/calling/page?tableCode=LAB_DATA
161,LAB_DATA,数字资源-联合实验室数据,140,1504414975569121280,"99999,99999999999999,","联合实验室数据,空间图联合实验室数据,",宾馆旅店,空间图实验室,,DATA,2026/6/5 18:31,2026/6/5 18:49,2026/5/14 11:32,0,0,,0,TRUE,FALSE,,https://dibj.cn/portal/api/common/calling/page?tableCode=LAB_DATA
162,LAB_DATA,数字资源-联合实验室数据,141,1504414975497818112,"99999,99999999999999,","联合实验室数据,空间图联合实验室数据,",内部路,空间图实验室,,DATA,2026/6/5 18:31,2026/6/5 18:49,2026/5/14 11:32,0,0,,0,TRUE,FALSE,,https://dibj.cn/portal/api/common/calling/page?tableCode=LAB_DATA
163,LAB_DATA,数字资源-联合实验室数据,142,1504414975422320640,"99999,99999999999999,","联合实验室数据,空间图联合实验室数据,",机耕路,空间图实验室,,DATA,2026/6/5 18:31,2026/6/5 18:49,2026/5/14 11:32,0,0,,0,TRUE,FALSE,,https://dibj.cn/portal/api/common/calling/page?tableCode=LAB_DATA
164,LAB_DATA,数字资源-联合实验室数据,143,1504414975351017472,"99999,99999999999999,","联合实验室数据,空间图联合实验室数据,",绿地,空间图实验室,,DATA,2026/6/5 18:31,2026/6/5 18:49,2026/5/14 11:32,0,0,,0,TRUE,FALSE,,https://dibj.cn/portal/api/common/calling/page?tableCode=LAB_DATA
165,LAB_DATA,数字资源-联合实验室数据,144,1504414975279714304,"99999,99999999999999,","联合实验室数据,空间图联合实验室数据,",水系,空间图实验室,,DATA,2026/6/5 18:31,2026/6/5 18:49,2026/5/14 11:32,0,0,,0,TRUE,FALSE,,https://dibj.cn/portal/api/common/calling/page?tableCode=LAB_DATA
166,LAB_DATA,数字资源-联合实验室数据,145,1504414975200022528,"99999,99999999999999,","联合实验室数据,空间图联合实验室数据,",应急避难场所,空间图实验室,,DATA,2026/6/5 18:31,2026/6/5 18:49,2026/5/14 11:31,0,0,,0,TRUE,FALSE,,https://dibj.cn/portal/api/common/calling/page?tableCode=LAB_DATA
167,LAB_DATA,数字资源-联合实验室数据,146,1504414975120330752,"99999,99999999999999,","联合实验室数据,空间图联合实验室数据,",河流,空间图实验室,,DATA,2026/6/5 18:31,2026/6/5 18:49,2026/5/14 11:31,0,0,,0,TRUE,FALSE,,https://dibj.cn/portal/api/common/calling/page?tableCode=LAB_DATA
168,LAB_DATA,数字资源-联合实验室数据,147,1504414975040638976,"99999,99999999999999,","联合实验室数据,空间图联合实验室数据,",村内安置点,空间图实验室,,DATA,2026/6/5 18:31,2026/6/5 18:49,2026/5/14 11:31,0,0,,0,TRUE,FALSE,,https://dibj.cn/portal/api/common/calling/page?tableCode=LAB_DATA
169,LAB_DATA,数字资源-联合实验室数据,148,1504414974969335808,"99999,99999999999999,","联合实验室数据,空间图联合实验室数据,",感知设施,空间图实验室,,DATA,2026/6/5 18:31,2026/6/5 18:49,2026/5/14 11:31,0,0,,0,TRUE,FALSE,,https://dibj.cn/portal/api/common/calling/page?tableCode=LAB_DATA
170,LAB_DATA,数字资源-联合实验室数据,149,1504414974898032640,"99999,99999999999999,","联合实验室数据,空间图联合实验室数据,",村庄安置点,空间图实验室,,DATA,2026/6/5 18:31,2026/6/5 18:49,2026/5/14 11:31,0,0,,0,TRUE,FALSE,,https://dibj.cn/portal/api/common/calling/page?tableCode=LAB_DATA
171,LAB_DATA,数字资源-联合实验室数据,150,1504414974826729472,"99999,99999999999999,","联合实验室数据,空间图联合实验室数据,",防汛设施,空间图实验室,,DATA,2026/6/5 18:31,2026/6/5 18:49,2026/5/14 11:31,0,0,,0,TRUE,FALSE,,https://dibj.cn/portal/api/common/calling/page?tableCode=LAB_DATA
172,LAB_DATA,数字资源-联合实验室数据,151,1504414974755426304,"99999,99999999999999,","联合实验室数据,空间图联合实验室数据,",道路交通信号灯,空间图实验室,,DATA,2026/6/5 18:31,2026/6/5 18:49,2026/5/14 11:31,0,0,,0,TRUE,FALSE,,https://dibj.cn/portal/api/common/calling/page?tableCode=LAB_DATA
173,LAB_DATA,数字资源-联合实验室数据,152,1504414974679928832,"99999,99999999999999,","联合实验室数据,空间图联合实验室数据,",停车场,空间图实验室,,DATA,2026/6/5 18:31,2026/6/5 18:49,2026/5/14 11:31,0,0,,0,TRUE,FALSE,,https://dibj.cn/portal/api/common/calling/page?tableCode=LAB_DATA
174,LAB_DATA,数字资源-联合实验室数据,153,1504414974612819968,"99999,99999999999999,","联合实验室数据,空间图联合实验室数据,",道路绿化,空间图实验室,,DATA,2026/6/5 18:31,2026/6/5 18:49,2026/5/14 11:30,0,0,,0,TRUE,FALSE,,https://dibj.cn/portal/api/common/calling/page?tableCode=LAB_DATA
175,LAB_DATA,数字资源-联合实验室数据,154,1504414974537322496,"99999,99999999999999,","联合实验室数据,空间图联合实验室数据,",码头,空间图实验室,,DATA,2026/6/5 18:31,2026/6/5 18:49,2026/5/14 11:30,0,0,,0,TRUE,FALSE,,https://dibj.cn/portal/api/common/calling/page?tableCode=LAB_DATA
176,LAB_DATA,数字资源-联合实验室数据,155,1504414974466019328,"99999,99999999999999,","联合实验室数据,空间图联合实验室数据,",救助引导牌,空间图实验室,,DATA,2026/6/5 18:31,2026/6/5 18:49,2026/5/14 11:30,0,0,,0,TRUE,FALSE,,https://dibj.cn/portal/api/common/calling/page?tableCode=LAB_DATA
177,LAB_DATA,数字资源-联合实验室数据,156,1504414974394716160,"99999,99999999999999,","联合实验室数据,空间图联合实验室数据,",景观灯,空间图实验室,,DATA,2026/6/5 18:31,2026/6/5 18:49,2026/5/14 11:30,0,0,,0,TRUE,FALSE,,https://dibj.cn/portal/api/common/calling/page?tableCode=LAB_DATA
178,LAB_DATA,数字资源-联合实验室数据,157,1504414974319218688,"99999,99999999999999,","联合实验室数据,空间图联合实验室数据,",化粪池井盖,空间图实验室,,DATA,2026/6/5 18:31,2026/6/5 18:49,2026/5/14 11:30,0,0,,0,TRUE,FALSE,,https://dibj.cn/portal/api/common/calling/page?tableCode=LAB_DATA
179,LAB_DATA,数字资源-联合实验室数据,158,1504414974243721216,"99999,99999999999999,","联合实验室数据,空间图联合实验室数据,",公安井盖,空间图实验室,,DATA,2026/6/5 18:31,2026/6/5 18:49,2026/5/14 11:30,0,0,,0,TRUE,FALSE,,https://dibj.cn/portal/api/common/calling/page?tableCode=LAB_DATA
180,LAB_DATA,数字资源-联合实验室数据,159,1504414974168223744,"99999,99999999999999,","联合实验室数据,空间图联合实验室数据,",网络井盖,空间图实验室,,DATA,2026/6/5 18:31,2026/6/5 18:49,2026/5/14 11:30,0,0,,0,TRUE,FALSE,,https://dibj.cn/portal/api/common/calling/page?tableCode=LAB_DATA
181,LAB_DATA,数字资源-联合实验室数据,160,1504414974092726272,"99999,99999999999999,","联合实验室数据,空间图联合实验室数据,",路灯井盖,空间图实验室,,DATA,2026/6/5 18:31,2026/6/5 18:49,2026/5/14 11:30,0,0,,0,TRUE,FALSE,,https://dibj.cn/portal/api/common/calling/page?tableCode=LAB_DATA
182,LAB_DATA,数字资源-联合实验室数据,161,1504414974017228800,"99999,99999999999999,","联合实验室数据,空间图联合实验室数据,",户外健身设施,空间图实验室,,DATA,2026/6/5 18:31,2026/6/5 18:49,2026/5/14 11:29,0,0,,0,TRUE,FALSE,,https://dibj.cn/portal/api/common/calling/page?tableCode=LAB_DATA
183,LAB_DATA,数字资源-联合实验室数据,162,1504414973941731328,"99999,99999999999999,","联合实验室数据,空间图联合实验室数据,",信息亭,空间图实验室,,DATA,2026/6/5 18:31,2026/6/5 18:49,2026/5/14 11:29,0,0,,0,TRUE,FALSE,,https://dibj.cn/portal/api/common/calling/page?tableCode=LAB_DATA
184,LAB_DATA,数字资源-联合实验室数据,163,1504414973870428160,"99999,99999999999999,","联合实验室数据,空间图联合实验室数据,",标识牌,空间图实验室,,DATA,2026/6/5 18:31,2026/6/5 18:49,2026/5/14 11:29,0,0,,0,TRUE,FALSE,,https://dibj.cn/portal/api/common/calling/page?tableCode=LAB_DATA
185,LAB_DATA,数字资源-联合实验室数据,164,1504414973799124992,"99999,99999999999999,","联合实验室数据,空间图联合实验室数据,",报刊亭,空间图实验室,,DATA,2026/6/5 18:31,2026/6/5 18:49,2026/5/14 11:29,0,0,,0,TRUE,FALSE,,https://dibj.cn/portal/api/common/calling/page?tableCode=LAB_DATA
186,LAB_DATA,数字资源-联合实验室数据,165,1504414973723627520,"99999,99999999999999,","联合实验室数据,空间图联合实验室数据,",邮筒（箱）,空间图实验室,,DATA,2026/6/5 18:31,2026/6/5 18:49,2026/5/14 11:29,0,0,,0,TRUE,FALSE,,https://dibj.cn/portal/api/common/calling/page?tableCode=LAB_DATA
187,LAB_DATA,数字资源-联合实验室数据,166,1504414973639741440,"99999,99999999999999,","联合实验室数据,空间图联合实验室数据,",路灯,空间图实验室,,DATA,2026/6/5 18:31,2026/6/5 18:49,2026/5/14 11:29,0,0,,0,TRUE,FALSE,,https://dibj.cn/portal/api/common/calling/page?tableCode=LAB_DATA
188,LAB_DATA,数字资源-联合实验室数据,167,1504414973564243968,"99999,99999999999999,","联合实验室数据,空间图联合实验室数据,",工业仓储建筑,空间图实验室,,DATA,2026/6/5 18:31,2026/6/5 18:49,2026/5/14 11:29,0,0,,0,TRUE,FALSE,,https://dibj.cn/portal/api/common/calling/page?tableCode=LAB_DATA
189,LAB_DATA,数字资源-联合实验室数据,4,1504414973484552192,"99999,99999999999999,","联合实验室数据,空间图联合实验室数据,",自动售货机,空间图实验室,,DATA,2026/6/5 18:31,2026/6/5 18:49,2026/5/14 11:29,0,0,,0,TRUE,FALSE,,https://dibj.cn/portal/api/common/calling/page?tableCode=LAB_DATA
190,LAB_DATA,数字资源-联合实验室数据,168,1504414973409054720,"99999,99999999999999,","联合实验室数据,空间图联合实验室数据,",居住建筑,空间图实验室,,DATA,2026/6/5 18:31,2026/8/13 18:45,2026/5/14 11:29,0,0,,2,TRUE,FALSE,,https://dibj.cn/portal/api/common/calling/page?tableCode=LAB_DATA
191,LAB_DATA,数字资源-联合实验室数据,169,1504414973329362944,"99999,99999999999999,","联合实验室数据,空间图联合实验室数据,",邮筒,空间图实验室,,DATA,2026/6/5 18:31,2026/6/5 18:49,2026/5/14 11:28,0,0,,0,TRUE,FALSE,,https://dibj.cn/portal/api/common/calling/page?tableCode=LAB_DATA
192,LAB_DATA,数字资源-联合实验室数据,170,1504414973249671168,"99999,99999999999999,","联合实验室数据,空间图联合实验室数据,",公共建筑,空间图实验室,,DATA,2026/6/5 18:31,2026/6/5 18:49,2026/5/14 11:28,0,0,,0,TRUE,FALSE,,https://dibj.cn/portal/api/common/calling/page?tableCode=LAB_DATA
193,LAB_DATA,数字资源-联合实验室数据,171,1504414973165785088,"99999,99999999999999,","联合实验室数据,空间图联合实验室数据,",输油（气）标志,空间图实验室,,DATA,2026/6/5 18:31,2026/6/5 18:49,2026/5/14 11:28,0,0,,0,TRUE,FALSE,,https://dibj.cn/portal/api/common/calling/page?tableCode=LAB_DATA
194,LAB_DATA,数字资源-联合实验室数据,172,1504414973081899008,"99999,99999999999999,","联合实验室数据,空间图联合实验室数据,",农业温室,空间图实验室,,DATA,2026/6/5 18:31,2026/6/5 18:49,2026/5/14 11:28,0,0,,0,TRUE,FALSE,,https://dibj.cn/portal/api/common/calling/page?tableCode=LAB_DATA
195,LAB_DATA,数字资源-联合实验室数据,173,1504414973006401536,"99999,99999999999999,","联合实验室数据,空间图联合实验室数据,",售货亭,空间图实验室,,DATA,2026/6/5 18:31,2026/6/5 18:49,2026/5/14 11:28,0,0,,0,TRUE,FALSE,,https://dibj.cn/portal/api/common/calling/page?tableCode=LAB_DATA
196,LAB_DATA,数字资源-联合实验室数据,174,1504414972930904064,"99999,99999999999999,","联合实验室数据,空间图联合实验室数据,",消防队站,空间图实验室,,DATA,2026/6/5 18:31,2026/6/5 18:49,2026/5/14 11:28,0,0,,0,TRUE,FALSE,,https://dibj.cn/portal/api/common/calling/page?tableCode=LAB_DATA
197,LAB_DATA,数字资源-联合实验室数据,175,1504414972851212288,"99999,99999999999999,","联合实验室数据,空间图联合实验室数据,",电话亭,空间图实验室,,DATA,2026/6/5 18:31,2026/6/5 18:49,2026/5/14 11:28,0,0,,0,TRUE,FALSE,,https://dibj.cn/portal/api/common/calling/page?tableCode=LAB_DATA
198,LAB_DATA,数字资源-联合实验室数据,176,1504414972767326208,"99999,99999999999999,","联合实验室数据,空间图联合实验室数据,",气象监测站点,空间图实验室,,DATA,2026/6/5 18:31,2026/6/5 18:49,2026/5/14 11:28,0,0,,0,TRUE,FALSE,,https://dibj.cn/portal/api/common/calling/page?tableCode=LAB_DATA
199,LAB_DATA,数字资源-联合实验室数据,177,1504414972679245824,"99999,99999999999999,","联合实验室数据,空间图联合实验室数据,",地灯,空间图实验室,,DATA,2026/6/5 18:31,2026/6/5 18:49,2026/5/14 11:28,0,0,,0,TRUE,FALSE,,https://dibj.cn/portal/api/common/calling/page?tableCode=LAB_DATA
200,LAB_DATA,数字资源-联合实验室数据,178,1504414972599554048,"99999,99999999999999,","联合实验室数据,空间图联合实验室数据,",污泥处理处置设施,空间图实验室,,DATA,2026/6/5 18:31,2026/6/5 18:49,2026/5/14 11:27,0,0,,0,TRUE,FALSE,,https://dibj.cn/portal/api/common/calling/page?tableCode=LAB_DATA
201,LAB_DATA,数字资源-联合实验室数据,585,1502762871502884864,"99999,99999999999998,","联合实验室数据,信令联合实验室数据,",历史名园日稳定用户,信令联合实验室,,DATA,2026/6/5 18:31,2026/6/5 18:49,2026/5/11 11:12,0,0,,0,TRUE,FALSE,,https://dibj.cn/portal/api/common/calling/page?tableCode=LAB_DATA
202,LAB_DATA,数字资源-联合实验室数据,586,1502762871574188032,"99999,99999999999998,","联合实验室数据,信令联合实验室数据,",地区级商圈活跃用户,信令联合实验室,,DATA,2026/6/5 18:31,2026/6/5 18:49,2026/5/11 11:12,0,0,,0,TRUE,FALSE,,https://dibj.cn/portal/api/common/calling/page?tableCode=LAB_DATA
203,LAB_DATA,数字资源-联合实验室数据,587,1502762871431581696,"99999,99999999999998,","联合实验室数据,信令联合实验室数据,",地区级商圈区域停留时长,信令联合实验室,,DATA,2026/6/5 18:31,2026/6/5 18:49,2026/5/11 11:12,0,0,,0,TRUE,FALSE,,https://dibj.cn/portal/api/common/calling/page?tableCode=LAB_DATA
204,LAB_DATA,数字资源-联合实验室数据,588,1502762871360278528,"99999,99999999999998,","联合实验室数据,信令联合实验室数据,",历史名园日工作用户,信令联合实验室,,DATA,2026/6/5 18:31,2026/6/5 18:49,2026/5/11 11:11,0,0,,0,TRUE,FALSE,,https://dibj.cn/portal/api/common/calling/page?tableCode=LAB_DATA
205,LAB_DATA,数字资源-联合实验室数据,589,1502762870936653824,"99999,99999999999998,","联合实验室数据,信令联合实验室数据,",城市级商圈日游客归属外省,信令联合实验室,,DATA,2026/6/5 18:31,2026/6/5 18:49,2026/5/11 11:11,0,0,,0,TRUE,FALSE,,https://dibj.cn/portal/api/common/calling/page?tableCode=LAB_DATA
206,LAB_DATA,数字资源-联合实验室数据,590,1502762870869544960,"99999,99999999999998,","联合实验室数据,信令联合实验室数据,",城市级商圈区域停留时长,信令联合实验室,,DATA,2026/6/5 18:31,2026/6/5 18:49,2026/5/11 11:11,0,0,,0,TRUE,FALSE,,https://dibj.cn/portal/api/common/calling/page?tableCode=LAB_DATA
207,LAB_DATA,数字资源-联合实验室数据,591,1502762870806630400,"99999,99999999999998,","联合实验室数据,信令联合实验室数据,",城市级商圈活跃用户BI性别,信令联合实验室,,DATA,2026/6/5 18:31,2026/6/5 18:49,2026/5/11 11:11,0,0,,0,TRUE,FALSE,,https://dibj.cn/portal/api/common/calling/page?tableCode=LAB_DATA
208,LAB_DATA,数字资源-联合实验室数据,592,1502762870743715840,"99999,99999999999998,","联合实验室数据,信令联合实验室数据,",城市级商圈日游客到访半径分布,信令联合实验室,,DATA,2026/6/5 18:31,2026/6/5 18:49,2026/5/11 11:11,0,0,,0,TRUE,FALSE,,https://dibj.cn/portal/api/common/calling/page?tableCode=LAB_DATA
209,LAB_DATA,数字资源-联合实验室数据,593,1502762870672412672,"99999,99999999999998,","联合实验室数据,信令联合实验室数据,",城市级商圈日夜间游客数,信令联合实验室,,DATA,2026/6/5 18:31,2026/6/5 18:49,2026/5/11 11:11,0,0,,0,TRUE,FALSE,,https://dibj.cn/portal/api/common/calling/page?tableCode=LAB_DATA
210,LAB_DATA,数字资源-联合实验室数据,594,1502762870601109504,"99999,99999999999998,","联合实验室数据,信令联合实验室数据,",国际级商圈日游客归属境外,信令联合实验室,,DATA,2026/6/5 18:31,2026/6/5 18:49,2026/5/11 11:11,0,0,,0,TRUE,FALSE,,https://dibj.cn/portal/api/common/calling/page?tableCode=LAB_DATA
211,LAB_DATA,数字资源-联合实验室数据,595,1502762870534000640,"99999,99999999999998,","联合实验室数据,信令联合实验室数据,",国际级商圈日游客归属外省,信令联合实验室,,DATA,2026/6/5 18:31,2026/6/5 18:49,2026/5/11 11:11,0,0,,0,TRUE,FALSE,,https://dibj.cn/portal/api/common/calling/page?tableCode=LAB_DATA
212,LAB_DATA,数字资源-联合实验室数据,596,1502762870462697472,"99999,99999999999998,","联合实验室数据,信令联合实验室数据,",城市级商圈活跃用户BI年龄段,信令联合实验室,,DATA,2026/6/5 18:31,2026/7/2 10:36,2026/5/11 11:11,0,0,,1,TRUE,FALSE,,https://dibj.cn/portal/api/common/calling/page?tableCode=LAB_DATA
213,LAB_DATA,数字资源-联合实验室数据,597,1502762870294925312,"99999,99999999999998,","联合实验室数据,信令联合实验室数据,",城市级商圈活跃用户,信令联合实验室,,DATA,2026/6/5 18:31,2026/6/5 18:49,2026/5/11 11:10,0,0,,0,TRUE,FALSE,,https://dibj.cn/portal/api/common/calling/page?tableCode=LAB_DATA
214,LAB_DATA,数字资源-联合实验室数据,598,1502762871288975360,"99999,99999999999998,","联合实验室数据,信令联合实验室数据,",地区级商圈活跃用户BI性别,信令联合实验室,,DATA,2026/6/5 18:31,2026/6/5 18:49,2026/5/11 11:10,0,0,,0,TRUE,FALSE,,https://dibj.cn/portal/api/common/calling/page?tableCode=LAB_DATA
215,LAB_DATA,数字资源-联合实验室数据,599,1502762871217672192,"99999,99999999999998,","联合实验室数据,信令联合实验室数据,",城市级商圈日游客归属本地,信令联合实验室,,DATA,2026/6/5 18:31,2026/6/5 18:49,2026/5/11 11:10,0,0,,0,TRUE,FALSE,,https://dibj.cn/portal/api/common/calling/page?tableCode=LAB_DATA
216,LAB_DATA,数字资源-联合实验室数据,600,1502762871146369024,"99999,99999999999998,","联合实验室数据,信令联合实验室数据,",历史名园日活跃用户性别,信令联合实验室,,DATA,2026/6/5 18:31,2026/6/5 18:49,2026/5/11 11:10,0,0,,0,TRUE,FALSE,,https://dibj.cn/portal/api/common/calling/page?tableCode=LAB_DATA
217,LAB_DATA,数字资源-联合实验室数据,601,1502762871079260160,"99999,99999999999998,","联合实验室数据,信令联合实验室数据,",城市级商圈日游客归属境外,信令联合实验室,,DATA,2026/6/5 18:31,2026/6/5 18:49,2026/5/11 11:10,0,0,,0,TRUE,FALSE,,https://dibj.cn/portal/api/common/calling/page?tableCode=LAB_DATA
218,LAB_DATA,数字资源-联合实验室数据,602,1502762871003762688,"99999,99999999999998,","联合实验室数据,信令联合实验室数据,",历史名园日活跃用户年龄段,信令联合实验室,,DATA,2026/6/5 18:31,2026/6/5 18:49,2026/5/11 11:10,0,0,,0,TRUE,FALSE,,https://dibj.cn/portal/api/common/calling/page?tableCode=LAB_DATA
219,LAB_DATA,数字资源-联合实验室数据,603,1502762886992449536,"99999,99999999999998,","联合实验室数据,信令联合实验室数据,",重点航空枢纽瞬时在港人流量籍贯地分布,信令联合实验室,,DATA,2026/6/5 18:31,2026/6/5 18:49,2026/5/11 10:39,0,0,,0,TRUE,FALSE,,https://dibj.cn/portal/api/common/calling/page?tableCode=LAB_DATA
220,LAB_DATA,数字资源-联合实验室数据,604,1502762887055364096,"99999,99999999999998,","联合实验室数据,信令联合实验室数据,",重点航空枢纽瞬时到港用户,信令联合实验室,,DATA,2026/6/5 18:31,2026/6/5 18:49,2026/5/11 10:38,0,0,,0,TRUE,FALSE,,https://dibj.cn/portal/api/common/calling/page?tableCode=LAB_DATA
221,LAB_DATA,数字资源-联合实验室数据,605,1502762887122472960,"99999,99999999999998,","联合实验室数据,信令联合实验室数据,",生态公园日游客归属,信令联合实验室,,DATA,2026/6/5 18:31,2026/6/5 18:49,2026/5/11 10:38,0,0,,0,TRUE,FALSE,,https://dibj.cn/portal/api/common/calling/page?tableCode=LAB_DATA
222,LAB_DATA,数字资源-联合实验室数据,606,1502762887185387520,"99999,99999999999998,","联合实验室数据,信令联合实验室数据,",日夜晚用户栅格,信令联合实验室,,DATA,2026/6/5 18:31,2026/6/5 18:49,2026/5/11 10:38,0,0,,0,TRUE,FALSE,,https://dibj.cn/portal/api/common/calling/page?tableCode=LAB_DATA
223,LAB_DATA,数字资源-联合实验室数据,607,1502762887252496384,"99999,99999999999998,","联合实验室数据,信令联合实验室数据,",重点航空枢纽瞬时到港用户归属地,信令联合实验室,,DATA,2026/6/5 18:31,2026/6/5 18:49,2026/5/11 10:38,0,0,,0,TRUE,FALSE,,https://dibj.cn/portal/api/common/calling/page?tableCode=LAB_DATA
224,LAB_DATA,数字资源-联合实验室数据,608,1502762887319605248,"99999,99999999999998,","联合实验室数据,信令联合实验室数据,",综合类公园区域出现量,信令联合实验室,,DATA,2026/6/5 18:31,2026/6/5 18:49,2026/5/11 10:38,0,0,,0,TRUE,FALSE,,https://dibj.cn/portal/api/common/calling/page?tableCode=LAB_DATA
225,LAB_DATA,数字资源-联合实验室数据,609,1502762887386714112,"99999,99999999999998,","联合实验室数据,信令联合实验室数据,",日进京用户,信令联合实验室,,DATA,2026/6/5 18:31,2026/6/5 18:49,2026/5/11 10:38,0,0,,0,TRUE,FALSE,,https://dibj.cn/portal/api/common/calling/page?tableCode=LAB_DATA
226,LAB_DATA,数字资源-联合实验室数据,610,1502762887449628672,"99999,99999999999998,","联合实验室数据,信令联合实验室数据,",重点航空枢纽瞬时在港人流量年龄段,信令联合实验室,,DATA,2026/6/5 18:31,2026/6/5 18:49,2026/5/11 10:38,0,0,,0,TRUE,FALSE,,https://dibj.cn/portal/api/common/calling/page?tableCode=LAB_DATA
227,LAB_DATA,数字资源-联合实验室数据,611,1502762887508348928,"99999,99999999999998,","联合实验室数据,信令联合实验室数据,",生态公园日白天用户,信令联合实验室,,DATA,2026/6/5 18:31,2026/6/5 18:49,2026/5/11 10:38,0,0,,0,TRUE,FALSE,,https://dibj.cn/portal/api/common/calling/page?tableCode=LAB_DATA
228,LAB_DATA,数字资源-联合实验室数据,612,1502762887638372352,"99999,99999999999998,","联合实验室数据,信令联合实验室数据,",生态公园日游客数,信令联合实验室,,DATA,2026/6/5 18:31,2026/6/5 18:49,2026/5/11 10:38,0,0,,0,TRUE,FALSE,,https://dibj.cn/portal/api/common/calling/page?tableCode=LAB_DATA
229,LAB_DATA,数字资源-联合实验室数据,613,1502762887701286912,"99999,99999999999998,","联合实验室数据,信令联合实验室数据,",日白天用户栅格,信令联合实验室,,DATA,2026/6/5 18:31,2026/6/5 18:49,2026/5/11 10:37,0,0,,0,TRUE,FALSE,,https://dibj.cn/portal/api/common/calling/page?tableCode=LAB_DATA
230,LAB_DATA,数字资源-联合实验室数据,614,1502762887772590080,"99999,99999999999998,","联合实验室数据,信令联合实验室数据,",重点航空枢纽瞬时到港用户性别分布,信令联合实验室,,DATA,2026/6/5 18:31,2026/6/5 18:49,2026/5/11 10:37,0,0,,0,TRUE,FALSE,,https://dibj.cn/portal/api/common/calling/page?tableCode=LAB_DATA
231,LAB_DATA,数字资源-联合实验室数据,615,1502762887843893248,"99999,99999999999998,","联合实验室数据,信令联合实验室数据,",综合类公园区域出现量BI年龄段,信令联合实验室,,DATA,2026/6/5 18:31,2026/6/5 18:49,2026/5/11 10:37,0,0,,0,TRUE,FALSE,,https://dibj.cn/portal/api/common/calling/page?tableCode=LAB_DATA
232,LAB_DATA,数字资源-联合实验室数据,616,1502762887906807808,"99999,99999999999998,","联合实验室数据,信令联合实验室数据,",非稳定用户出京,信令联合实验室,,DATA,2026/6/5 18:31,2026/6/5 18:49,2026/5/11 10:37,0,0,,0,TRUE,FALSE,,https://dibj.cn/portal/api/common/calling/page?tableCode=LAB_DATA
233,LAB_DATA,数字资源-联合实验室数据,617,1502762887973916672,"99999,99999999999998,","联合实验室数据,信令联合实验室数据,",重点航空枢纽瞬时离港用户,信令联合实验室,,DATA,2026/6/5 18:31,2026/6/5 18:49,2026/5/11 10:37,0,0,,0,TRUE,FALSE,,https://dibj.cn/portal/api/common/calling/page?tableCode=LAB_DATA
234,LAB_DATA,数字资源-联合实验室数据,618,1502762888045219840,"99999,99999999999998,","联合实验室数据,信令联合实验室数据,",综合类公园区域出现量BI性别,信令联合实验室,,DATA,2026/6/5 18:31,2026/6/5 18:49,2026/5/11 10:37,0,0,,0,TRUE,FALSE,,https://dibj.cn/portal/api/common/calling/page?tableCode=LAB_DATA
235,LAB_DATA,数字资源-联合实验室数据,619,1502762888116523008,"99999,99999999999998,","联合实验室数据,信令联合实验室数据,",稳定用户进京,信令联合实验室,,DATA,2026/6/5 18:31,2026/6/5 18:49,2026/5/11 10:37,0,0,,0,TRUE,FALSE,,https://dibj.cn/portal/api/common/calling/page?tableCode=LAB_DATA
236,LAB_DATA,数字资源-联合实验室数据,620,1502762888187826176,"99999,99999999999998,","联合实验室数据,信令联合实验室数据,",重点航空枢纽瞬时到港用户籍贯地分布,信令联合实验室,,DATA,2026/6/5 18:31,2026/6/5 18:49,2026/5/11 10:37,0,0,,0,TRUE,FALSE,,https://dibj.cn/portal/api/common/calling/page?tableCode=LAB_DATA
237,LAB_DATA,数字资源-联合实验室数据,621,1502762888263323648,"99999,99999999999998,","联合实验室数据,信令联合实验室数据,",综合类公园区域归属地出现量,信令联合实验室,,DATA,2026/6/5 18:31,2026/6/5 18:49,2026/5/11 10:37,0,0,,0,TRUE,FALSE,,https://dibj.cn/portal/api/common/calling/page?tableCode=LAB_DATA
238,LAB_DATA,数字资源-联合实验室数据,622,1502762888330432512,"99999,99999999999998,","联合实验室数据,信令联合实验室数据,",日出京用户,信令联合实验室,,DATA,2026/6/5 18:31,2026/6/5 18:49,2026/5/11 10:37,0,0,,0,TRUE,FALSE,,https://dibj.cn/portal/api/common/calling/page?tableCode=LAB_DATA
239,LAB_DATA,数字资源-联合实验室数据,623,1502762888401735680,"99999,99999999999998,","联合实验室数据,信令联合实验室数据,",重点航空枢纽瞬时到港用户年龄分布,信令联合实验室,,DATA,2026/6/5 18:31,2026/6/5 18:49,2026/5/11 10:36,0,0,,0,TRUE,FALSE,,https://dibj.cn/portal/api/common/calling/page?tableCode=LAB_DATA
240,LAB_DATA,数字资源-联合实验室数据,624,1502762888468844544,"99999,99999999999998,","联合实验室数据,信令联合实验室数据,",综合类公园区域出现量BI籍贯归属地,信令联合实验室,,DATA,2026/6/5 18:31,2026/6/5 18:49,2026/5/11 10:36,0,0,,0,TRUE,FALSE,,https://dibj.cn/portal/api/common/calling/page?tableCode=LAB_DATA
241,LAB_DATA,数字资源-联合实验室数据,625,1502762888535953408,"99999,99999999999998,","联合实验室数据,信令联合实验室数据,",非稳定用户进京,信令联合实验室,,DATA,2026/6/5 18:31,2026/6/5 18:49,2026/5/11 10:36,0,0,,0,TRUE,FALSE,,https://dibj.cn/portal/api/common/calling/page?tableCode=LAB_DATA
242,LAB_DATA,数字资源-联合实验室数据,626,1502762888603062272,"99999,99999999999998,","联合实验室数据,信令联合实验室数据,",驻留用户归属地,信令联合实验室,,DATA,2026/6/5 18:31,2026/6/5 18:49,2026/5/11 10:36,0,0,,0,TRUE,FALSE,,https://dibj.cn/portal/api/common/calling/page?tableCode=LAB_DATA
243,LAB_DATA,数字资源-联合实验室数据,627,1502762888670171136,"99999,99999999999998,","联合实验室数据,信令联合实验室数据,",重点航空枢纽瞬时流出用户归属地,信令联合实验室,,DATA,2026/6/5 18:31,2026/6/5 18:49,2026/5/11 10:36,0,0,,0,TRUE,FALSE,,https://dibj.cn/portal/api/common/calling/page?tableCode=LAB_DATA
244,LAB_DATA,数字资源-联合实验室数据,628,1502762888745668608,"99999,99999999999998,","联合实验室数据,信令联合实验室数据,",综合类公园瞬时人流量,信令联合实验室,,DATA,2026/6/5 18:31,2026/6/5 18:49,2026/5/11 10:36,0,0,,0,TRUE,FALSE,,https://dibj.cn/portal/api/common/calling/page?tableCode=LAB_DATA
245,LAB_DATA,数字资源-联合实验室数据,629,1502762888812777472,"99999,99999999999998,","联合实验室数据,信令联合实验室数据,",稳定用户出京,信令联合实验室,,DATA,2026/6/5 18:31,2026/6/5 18:49,2026/5/11 10:36,0,0,,0,TRUE,FALSE,,https://dibj.cn/portal/api/common/calling/page?tableCode=LAB_DATA
246,LAB_DATA,数字资源-联合实验室数据,630,1502762888879886336,"99999,99999999999998,","联合实验室数据,信令联合实验室数据,",综合类公园瞬时人流量籍贯地,信令联合实验室,,DATA,2026/6/5 18:31,2026/6/5 18:49,2026/5/11 10:36,0,0,,0,TRUE,FALSE,,https://dibj.cn/portal/api/common/calling/page?tableCode=LAB_DATA
247,LAB_DATA,数字资源-联合实验室数据,631,1502762888942800896,"99999,99999999999998,","联合实验室数据,信令联合实验室数据,",用户驻留天数分布,信令联合实验室,,DATA,2026/6/5 18:31,2026/6/5 18:49,2026/5/11 10:36,0,0,,0,TRUE,FALSE,,https://dibj.cn/portal/api/common/calling/page?tableCode=LAB_DATA
248,LAB_DATA,数字资源-联合实验室数据,632,1502762889014104064,"99999,99999999999998,","联合实验室数据,信令联合实验室数据,",重点航空枢纽瞬时离港用户籍贯地分布,信令联合实验室,,DATA,2026/6/5 18:31,2026/6/5 18:49,2026/5/11 10:36,0,0,,0,TRUE,FALSE,,https://dibj.cn/portal/api/common/calling/page?tableCode=LAB_DATA
249,LAB_DATA,数字资源-联合实验室数据,633,1502762889081212928,"99999,99999999999998,","联合实验室数据,信令联合实验室数据,",重点航空枢纽瞬时离港用户年龄段,信令联合实验室,,DATA,2026/6/5 18:31,2026/6/5 18:49,2026/5/11 10:35,0,0,,0,TRUE,FALSE,,https://dibj.cn/portal/api/common/calling/page?tableCode=LAB_DATA
250,LAB_DATA,数字资源-联合实验室数据,634,1502762889148321792,"99999,99999999999998,","联合实验室数据,信令联合实验室数据,",综合类公园瞬时人流量年龄段,信令联合实验室,,DATA,2026/6/5 18:31,2026/6/5 18:49,2026/5/11 10:35,0,0,,0,TRUE,FALSE,,https://dibj.cn/portal/api/common/calling/page?tableCode=LAB_DATA
251,LAB_DATA,数字资源-联合实验室数据,635,1502762889215430656,"99999,99999999999998,","联合实验室数据,信令联合实验室数据,",重点航空枢纽假期日进京用户人流量,信令联合实验室,,DATA,2026/6/5 18:31,2026/6/5 18:49,2026/5/11 10:35,0,0,,0,TRUE,FALSE,,https://dibj.cn/portal/api/common/calling/page?tableCode=LAB_DATA
252,LAB_DATA,数字资源-联合实验室数据,636,1502762889282539520,"99999,99999999999998,","联合实验室数据,信令联合实验室数据,",综合类公园瞬时流入流出,信令联合实验室,,DATA,2026/6/5 18:31,2026/6/5 18:49,2026/5/11 10:35,0,0,,0,TRUE,FALSE,,https://dibj.cn/portal/api/common/calling/page?tableCode=LAB_DATA
253,LAB_DATA,数字资源-联合实验室数据,637,1502762889345454080,"99999,99999999999998,","联合实验室数据,信令联合实验室数据,",驻留用户性别,信令联合实验室,,DATA,2026/6/5 18:31,2026/6/5 18:49,2026/5/11 10:35,0,0,,0,TRUE,FALSE,,https://dibj.cn/portal/api/common/calling/page?tableCode=LAB_DATA
254,LAB_DATA,数字资源-联合实验室数据,638,1502762889416757248,"99999,99999999999998,","联合实验室数据,信令联合实验室数据,",重点航空枢纽假期日出京用户人流量,信令联合实验室,,DATA,2026/6/5 18:31,2026/6/5 18:49,2026/5/11 10:35,0,0,,0,TRUE,FALSE,,https://dibj.cn/portal/api/common/calling/page?tableCode=LAB_DATA
255,LAB_DATA,数字资源-联合实验室数据,639,1502762889483866112,"99999,99999999999998,","联合实验室数据,信令联合实验室数据,",综合类公园瞬时流入流出籍贯地,信令联合实验室,,DATA,2026/6/5 18:31,2026/6/5 18:49,2026/5/11 10:35,0,0,,0,TRUE,FALSE,,https://dibj.cn/portal/api/common/calling/page?tableCode=LAB_DATA
256,LAB_DATA,数字资源-联合实验室数据,640,1502762889546780672,"99999,99999999999998,","联合实验室数据,信令联合实验室数据,",月白天用户,信令联合实验室,,DATA,2026/6/5 18:31,2026/7/14 15:59,2026/5/11 10:35,0,0,,1,TRUE,FALSE,,https://dibj.cn/portal/api/common/calling/page?tableCode=LAB_DATA
257,LAB_DATA,数字资源-联合实验室数据,641,1502762889609695232,"99999,99999999999998,","联合实验室数据,信令联合实验室数据,",重点航空枢纽瞬时离港用户性别,信令联合实验室,,DATA,2026/6/5 18:31,2026/6/5 18:49,2026/5/11 10:35,0,0,,0,TRUE,FALSE,,https://dibj.cn/portal/api/common/calling/page?tableCode=LAB_DATA
258,LAB_DATA,数字资源-联合实验室数据,642,1502762889672609792,"99999,99999999999998,","联合实验室数据,信令联合实验室数据,",综合类公园瞬时人流量性别,信令联合实验室,,DATA,2026/6/5 18:31,2026/6/5 18:49,2026/5/11 10:35,0,0,,0,TRUE,FALSE,,https://dibj.cn/portal/api/common/calling/page?tableCode=LAB_DATA
259,LAB_DATA,数字资源-联合实验室数据,643,1502762889735524352,"99999,99999999999998,","联合实验室数据,信令联合实验室数据,",驻留用户籍贯地,信令联合实验室,,DATA,2026/6/5 18:31,2026/6/5 18:49,2026/5/11 10:34,0,0,,0,TRUE,FALSE,,https://dibj.cn/portal/api/common/calling/page?tableCode=LAB_DATA
260,LAB_DATA,数字资源-联合实验室数据,644,1502762889794244608,"99999,99999999999998,","联合实验室数据,信令联合实验室数据,",重点航空枢纽瞬时到港离港用户来源地,信令联合实验室,,DATA,2026/6/5 18:31,2026/6/5 18:49,2026/5/11 10:34,0,0,,0,TRUE,FALSE,,https://dibj.cn/portal/api/common/calling/page?tableCode=LAB_DATA
261,LAB_DATA,数字资源-联合实验室数据,645,1502762889861353472,"99999,99999999999998,","联合实验室数据,信令联合实验室数据,",综合类公园瞬时归属地人流量,信令联合实验室,,DATA,2026/6/5 18:31,2026/6/5 18:49,2026/5/11 10:34,0,0,,0,TRUE,FALSE,,https://dibj.cn/portal/api/common/calling/page?tableCode=LAB_DATA
262,LAB_DATA,数字资源-联合实验室数据,646,1502762889928462336,"99999,99999999999998,","联合实验室数据,信令联合实验室数据,",驻留用户年龄段,信令联合实验室,,DATA,2026/6/5 18:31,2026/6/5 18:49,2026/5/11 10:34,0,0,,0,TRUE,FALSE,,https://dibj.cn/portal/api/common/calling/page?tableCode=LAB_DATA
263,LAB_DATA,数字资源-联合实验室数据,647,1502762889995571200,"99999,99999999999998,","联合实验室数据,信令联合实验室数据,",通州区地铁站日夜晚到访客流量,信令联合实验室,,DATA,2026/6/5 18:31,2026/7/14 16:02,2026/5/11 10:34,0,0,,1,TRUE,FALSE,,https://dibj.cn/portal/api/common/calling/page?tableCode=LAB_DATA
264,LAB_DATA,数字资源-联合实验室数据,648,1502762890058485760,"99999,99999999999998,","联合实验室数据,信令联合实验室数据,",综合类公园瞬时流入流出归属,信令联合实验室,,DATA,2026/6/5 18:31,2026/6/5 18:49,2026/5/11 10:33,0,0,,0,TRUE,FALSE,,https://dibj.cn/portal/api/common/calling/page?tableCode=LAB_DATA
265,LAB_DATA,数字资源-联合实验室数据,649,1502762890117206016,"99999,99999999999998,","联合实验室数据,信令联合实验室数据,",月白天用户栅格,信令联合实验室,,DATA,2026/6/5 18:31,2026/6/5 18:49,2026/5/11 10:33,0,0,,0,TRUE,FALSE,,https://dibj.cn/portal/api/common/calling/page?tableCode=LAB_DATA
266,LAB_DATA,数字资源-联合实验室数据,650,1502762890180120576,"99999,99999999999998,","联合实验室数据,信令联合实验室数据,",通州区地铁站到访客流月白天用户归属地,信令联合实验室,,DATA,2026/6/5 18:31,2026/6/5 18:49,2026/5/11 10:33,0,0,,0,TRUE,FALSE,,https://dibj.cn/portal/api/common/calling/page?tableCode=LAB_DATA
267,LAB_DATA,数字资源-联合实验室数据,651,1502762890243035136,"99999,99999999999998,","联合实验室数据,信令联合实验室数据,",综合类公园瞬时游客数,信令联合实验室,,DATA,2026/6/5 18:31,2026/6/5 18:49,2026/5/11 10:33,0,0,,0,TRUE,FALSE,,https://dibj.cn/portal/api/common/calling/page?tableCode=LAB_DATA
268,LAB_DATA,数字资源-联合实验室数据,652,1502762890305949696,"99999,99999999999998,","联合实验室数据,信令联合实验室数据,",月夜晚用户栅格,信令联合实验室,,DATA,2026/6/5 18:31,2026/6/5 18:49,2026/5/11 10:33,0,0,,0,TRUE,FALSE,,https://dibj.cn/portal/api/common/calling/page?tableCode=LAB_DATA
269,LAB_DATA,数字资源-联合实验室数据,653,1502762890368864256,"99999,99999999999998,","联合实验室数据,信令联合实验室数据,",重点航空枢纽假期日均在港客流量,信令联合实验室,,DATA,2026/6/5 18:31,2026/6/5 18:49,2026/5/11 10:33,0,0,,0,TRUE,FALSE,,https://dibj.cn/portal/api/common/calling/page?tableCode=LAB_DATA
270,LAB_DATA,数字资源-联合实验室数据,654,1502762890431778816,"99999,99999999999998,","联合实验室数据,信令联合实验室数据,",综合类公园瞬时流入流出年龄段,信令联合实验室,,DATA,2026/6/5 18:31,2026/6/5 18:49,2026/5/11 10:33,0,0,,0,TRUE,FALSE,,https://dibj.cn/portal/api/common/calling/page?tableCode=LAB_DATA
271,LAB_DATA,数字资源-联合实验室数据,655,1502762890494693376,"99999,99999999999998,","联合实验室数据,信令联合实验室数据,",月夜晚用户,信令联合实验室,,DATA,2026/6/5 18:31,2026/6/5 18:49,2026/5/11 10:33,0,0,,0,TRUE,FALSE,,https://dibj.cn/portal/api/common/calling/page?tableCode=LAB_DATA
272,LAB_DATA,数字资源-联合实验室数据,360,1502762890557607936,"99999,99999999999998,","联合实验室数据,信令联合实验室数据,",通州区地铁站日白天到访客流量,信令联合实验室,,DATA,2026/6/5 18:31,2026/6/5 18:49,2026/5/11 10:33,0,0,,0,TRUE,FALSE,,https://dibj.cn/portal/api/common/calling/page?tableCode=LAB_DATA
273,LAB_DATA,数字资源-联合实验室数据,656,1502762890620522496,"99999,99999999999998,","联合实验室数据,信令联合实验室数据,",综合类公园瞬时流入流出性别,信令联合实验室,,DATA,2026/6/5 18:31,2026/7/2 10:12,2026/5/11 10:33,0,0,,1,TRUE,FALSE,,https://dibj.cn/portal/api/common/calling/page?tableCode=LAB_DATA
274,LAB_DATA,数字资源-联合实验室数据,657,1502762890687631360,"99999,99999999999998,","联合实验室数据,信令联合实验室数据,",月白天夜晚用户OD,信令联合实验室,,DATA,2026/6/5 18:31,2026/7/22 10:13,2026/5/11 10:32,0,0,,1,TRUE,FALSE,,https://dibj.cn/portal/api/common/calling/page?tableCode=LAB_DATA
275,LAB_DATA,数字资源-联合实验室数据,658,1502762887575457792,"99999,99999999999998,","联合实验室数据,信令联合实验室数据,",重点航空枢纽瞬时在港人流量性别,信令联合实验室,,DATA,2026/6/5 18:31,2026/6/5 18:49,2026/5/11 10:20,0,0,,0,TRUE,FALSE,,https://dibj.cn/portal/api/common/calling/page?tableCode=LAB_DATA
276,LAB_DATA,数字资源-联合实验室数据,361,1502762886921146368,"99999,99999999999998,","联合实验室数据,信令联合实验室数据,",日通勤半径,信令联合实验室,,DATA,2026/6/5 18:31,2026/6/5 18:49,2026/5/11 10:20,0,0,,0,TRUE,FALSE,,https://dibj.cn/portal/api/common/calling/page?tableCode=LAB_DATA
277,LAB_DATA,数字资源-联合实验室数据,659,1502762886858231808,"99999,99999999999998,","联合实验室数据,信令联合实验室数据,",生态公园活跃用户归属,信令联合实验室,,DATA,2026/6/5 18:31,2026/6/5 18:49,2026/5/11 10:20,0,0,,0,TRUE,FALSE,,https://dibj.cn/portal/api/common/calling/page?tableCode=LAB_DATA
278,LAB_DATA,数字资源-联合实验室数据,660,1502762886791122944,"99999,99999999999998,","联合实验室数据,信令联合实验室数据,",重点航空枢纽瞬时在港人流量号码归属地,信令联合实验室,,DATA,2026/6/5 18:31,2026/6/5 18:49,2026/5/11 10:20,0,0,,0,TRUE,FALSE,,https://dibj.cn/portal/api/common/calling/page?tableCode=LAB_DATA
279,LAB_DATA,数字资源-联合实验室数据,352,1502762880117985280,"99999,99999999999998,","联合实验室数据,信令联合实验室数据,",本市前一日出京游用户去向地分布,信令联合实验室,,DATA,2026/6/5 18:31,2026/8/28 1:07,2026/5/11 11:45,0,0,,2,TRUE,FALSE,,https://dibj.cn/portal/api/common/calling/page?tableCode=LAB_DATA
280,LAB_DATA,数字资源-联合实验室数据,353,1502762880185094144,"99999,99999999999998,","联合实验室数据,信令联合实验室数据,",历史名园用户出现量,信令联合实验室,,DATA,2026/6/5 18:31,2026/6/5 18:49,2026/5/11 11:45,0,0,,0,TRUE,FALSE,,https://dibj.cn/portal/api/common/calling/page?tableCode=LAB_DATA
281,LAB_DATA,数字资源-联合实验室数据,393,1502762880248008704,"99999,99999999999998,","联合实验室数据,信令联合实验室数据,",活跃用户BI年龄段,信令联合实验室,,DATA,2026/6/5 18:31,2026/7/22 10:10,2026/5/11 11:45,0,0,,1,TRUE,FALSE,,https://dibj.cn/portal/api/common/calling/page?tableCode=LAB_DATA
282,LAB_DATA,数字资源-联合实验室数据,354,1502762880310923264,"99999,99999999999998,","联合实验室数据,信令联合实验室数据,",市民在京分区游,信令联合实验室,,DATA,2026/6/5 18:31,2026/8/30 15:26,2026/5/11 11:45,0,0,,1,TRUE,FALSE,,https://dibj.cn/portal/api/common/calling/page?tableCode=LAB_DATA
283,LAB_DATA,数字资源-联合实验室数据,394,1502762880382226432,"99999,99999999999998,","联合实验室数据,信令联合实验室数据,",活跃用户BI性别,信令联合实验室,,DATA,2026/6/5 18:31,2026/6/5 18:49,2026/5/11 11:45,0,0,,0,TRUE,FALSE,,https://dibj.cn/portal/api/common/calling/page?tableCode=LAB_DATA
284,LAB_DATA,数字资源-联合实验室数据,355,1502762880445140992,"99999,99999999999998,","联合实验室数据,信令联合实验室数据,",外省前一日来京用户来源地,信令联合实验室,,DATA,2026/6/5 18:31,2026/6/5 18:49,2026/5/11 11:44,0,0,,0,TRUE,FALSE,,https://dibj.cn/portal/api/common/calling/page?tableCode=LAB_DATA
285,LAB_DATA,数字资源-联合实验室数据,395,1502762880516444160,"99999,99999999999998,","联合实验室数据,信令联合实验室数据,",历史名园用户出现量BI籍贯归属地,信令联合实验室,,DATA,2026/6/5 18:31,2026/6/5 18:49,2026/5/11 11:44,0,0,,0,TRUE,FALSE,,https://dibj.cn/portal/api/common/calling/page?tableCode=LAB_DATA
286,LAB_DATA,数字资源-联合实验室数据,396,1502762880587747328,"99999,99999999999998,","联合实验室数据,信令联合实验室数据,",历史名园用户出现量BI年龄段,信令联合实验室,,DATA,2026/6/5 18:31,2026/6/5 18:49,2026/5/11 11:44,0,0,,0,TRUE,FALSE,,https://dibj.cn/portal/api/common/calling/page?tableCode=LAB_DATA
287,LAB_DATA,数字资源-联合实验室数据,356,1502762880659050496,"99999,99999999999998,","联合实验室数据,信令联合实验室数据,",历史名园用户出现量归属地,信令联合实验室,,DATA,2026/6/5 18:31,2026/6/5 18:49,2026/5/11 11:44,0,0,,0,TRUE,FALSE,,https://dibj.cn/portal/api/common/calling/page?tableCode=LAB_DATA
288,LAB_DATA,数字资源-联合实验室数据,357,1502762880726159360,"99999,99999999999998,","联合实验室数据,信令联合实验室数据,",历史名园瞬时人流量籍贯地,信令联合实验室,,DATA,2026/6/5 18:31,2026/6/5 18:49,2026/5/11 11:44,0,0,,0,TRUE,FALSE,,https://dibj.cn/portal/api/common/calling/page?tableCode=LAB_DATA
289,LAB_DATA,数字资源-联合实验室数据,397,1502762880793268224,"99999,99999999999998,","联合实验室数据,信令联合实验室数据,",历史名园瞬时人流量年龄段,信令联合实验室,,DATA,2026/6/5 18:31,2026/6/5 18:49,2026/5/11 11:44,0,0,,0,TRUE,FALSE,,https://dibj.cn/portal/api/common/calling/page?tableCode=LAB_DATA
290,LAB_DATA,数字资源-联合实验室数据,398,1502762880860377088,"99999,99999999999998,","联合实验室数据,信令联合实验室数据,",历史名园区域出现量BI性别,信令联合实验室,,DATA,2026/6/5 18:31,2026/6/5 18:49,2026/5/11 11:44,0,0,,0,TRUE,FALSE,,https://dibj.cn/portal/api/common/calling/page?tableCode=LAB_DATA
291,LAB_DATA,数字资源-联合实验室数据,399,1502762880923291648,"99999,99999999999998,","联合实验室数据,信令联合实验室数据,",历史名园瞬时人流量,信令联合实验室,,DATA,2026/6/5 18:31,2026/6/5 18:49,2026/5/11 11:44,0,0,,0,TRUE,FALSE,,https://dibj.cn/portal/api/common/calling/page?tableCode=LAB_DATA
292,LAB_DATA,数字资源-联合实验室数据,400,1502762880986206208,"99999,99999999999998,","联合实验室数据,信令联合实验室数据,",历史名园瞬时流入流出用户,信令联合实验室,,DATA,2026/6/5 18:31,2026/6/5 18:49,2026/5/11 11:44,0,0,,0,TRUE,FALSE,,https://dibj.cn/portal/api/common/calling/page?tableCode=LAB_DATA
293,LAB_DATA,数字资源-联合实验室数据,401,1502762881053315072,"99999,99999999999998,","联合实验室数据,信令联合实验室数据,",历史名园瞬时人流量性别,信令联合实验室,,DATA,2026/6/5 18:31,2026/7/2 10:11,2026/5/11 11:44,0,0,,1,TRUE,FALSE,,https://dibj.cn/portal/api/common/calling/page?tableCode=LAB_DATA
294,LAB_DATA,数字资源-联合实验室数据,402,1502762881116229632,"99999,99999999999998,","联合实验室数据,信令联合实验室数据,",历史名园瞬时归属地人流量,信令联合实验室,,DATA,2026/6/5 18:31,2026/6/5 18:49,2026/5/11 11:43,0,0,,0,TRUE,FALSE,,https://dibj.cn/portal/api/common/calling/page?tableCode=LAB_DATA
295,LAB_DATA,数字资源-联合实验室数据,403,1502762881183338496,"99999,99999999999998,","联合实验室数据,信令联合实验室数据,",历史名园瞬时流入流出用户性别,信令联合实验室,,DATA,2026/6/5 18:31,2026/6/5 18:49,2026/5/11 11:43,0,0,,0,TRUE,FALSE,,https://dibj.cn/portal/api/common/calling/page?tableCode=LAB_DATA
296,LAB_DATA,数字资源-联合实验室数据,404,1502762881250447360,"99999,99999999999998,","联合实验室数据,信令联合实验室数据,",历史名园瞬时流入流出用户归属,信令联合实验室,,DATA,2026/6/5 18:31,2026/7/15 20:38,2026/5/11 11:43,0,0,,1,TRUE,FALSE,,https://dibj.cn/portal/api/common/calling/page?tableCode=LAB_DATA
297,LAB_DATA,数字资源-联合实验室数据,405,1502762881317556224,"99999,99999999999998,","联合实验室数据,信令联合实验室数据,",历史名园瞬时流入流出用户籍贯地,信令联合实验室,,DATA,2026/6/5 18:31,2026/6/5 18:49,2026/5/11 11:41,0,0,,0,TRUE,FALSE,,https://dibj.cn/portal/api/common/calling/page?tableCode=LAB_DATA
298,LAB_DATA,数字资源-联合实验室数据,406,1502762881376276480,"99999,99999999999998,","联合实验室数据,信令联合实验室数据,",历史名园瞬时流入流出用户年龄段,信令联合实验室,,DATA,2026/6/5 18:31,2026/6/5 18:49,2026/5/11 11:41,0,0,,0,TRUE,FALSE,,https://dibj.cn/portal/api/common/calling/page?tableCode=LAB_DATA
299,LAB_DATA,数字资源-联合实验室数据,407,1502762881443385344,"99999,99999999999998,","联合实验室数据,信令联合实验室数据,",历史名园游客出现量,信令联合实验室,,DATA,2026/6/5 18:31,2026/6/5 18:49,2026/5/11 11:41,0,0,,0,TRUE,FALSE,,https://dibj.cn/portal/api/common/calling/page?tableCode=LAB_DATA
300,LAB_DATA,数字资源-联合实验室数据,408,1502762881506299904,"99999,99999999999998,","联合实验室数据,信令联合实验室数据,",历史名园游客出现量归属,信令联合实验室,,DATA,2026/6/5 18:31,2026/6/5 18:49,2026/5/11 11:41,0,0,,0,TRUE,FALSE,,https://dibj.cn/portal/api/common/calling/page?tableCode=LAB_DATA
301,LAB_DATA,数字资源-联合实验室数据,409,1502762881573408768,"99999,99999999999998,","联合实验室数据,信令联合实验室数据,",历史名园瞬时游客数,信令联合实验室,,DATA,2026/6/5 18:31,2026/7/14 15:47,2026/5/11 11:41,0,0,,1,TRUE,FALSE,,https://dibj.cn/portal/api/common/calling/page?tableCode=LAB_DATA
302,LAB_DATA,数字资源-联合实验室数据,410,1502762881636323328,"99999,99999999999998,","联合实验室数据,信令联合实验室数据,",历史名园瞬时游客归属,信令联合实验室,,DATA,2026/6/5 18:31,2026/6/5 18:49,2026/5/11 11:41,0,0,,0,TRUE,FALSE,,https://dibj.cn/portal/api/common/calling/page?tableCode=LAB_DATA
303,LAB_DATA,数字资源-联合实验室数据,411,1502762881699237888,"99999,99999999999998,","联合实验室数据,信令联合实验室数据,",历史名园日活跃用户,信令联合实验室,,DATA,2026/6/5 18:31,2026/6/5 18:49,2026/5/11 11:41,0,0,,0,TRUE,FALSE,,https://dibj.cn/portal/api/common/calling/page?tableCode=LAB_DATA
304,LAB_DATA,数字资源-联合实验室数据,412,1502762881774735360,"99999,99999999999998,","联合实验室数据,信令联合实验室数据,",历史名园日活跃用户籍贯地,信令联合实验室,,DATA,2026/6/5 18:31,2026/6/5 18:49,2026/5/11 11:41,0,0,,0,TRUE,FALSE,,https://dibj.cn/portal/api/common/calling/page?tableCode=LAB_DATA
305,LAB_DATA,数字资源-联合实验室数据,413,1502762881837649920,"99999,99999999999998,","联合实验室数据,信令联合实验室数据,",融合消费型商圈日游客归属境外,信令联合实验室,,DATA,2026/6/5 18:31,2026/6/5 18:49,2026/5/11 11:41,0,0,,0,TRUE,FALSE,,https://dibj.cn/portal/api/common/calling/page?tableCode=LAB_DATA
306,LAB_DATA,数字资源-联合实验室数据,414,1502762881908953088,"99999,99999999999998,","联合实验室数据,信令联合实验室数据,",生态公园区域出现量BI籍贯归属地,信令联合实验室,,DATA,2026/6/5 18:31,2026/6/5 18:49,2026/5/11 11:41,0,0,,0,TRUE,FALSE,,https://dibj.cn/portal/api/common/calling/page?tableCode=LAB_DATA
307,LAB_DATA,数字资源-联合实验室数据,415,1502762881980256256,"99999,99999999999998,","联合实验室数据,信令联合实验室数据,",瞬时流入流出用户来源地,信令联合实验室,,DATA,2026/6/5 18:31,2026/6/5 18:49,2026/5/11 11:41,0,0,,0,TRUE,FALSE,,https://dibj.cn/portal/api/common/calling/page?tableCode=LAB_DATA
308,LAB_DATA,数字资源-联合实验室数据,358,1502762882047365120,"99999,99999999999998,","联合实验室数据,信令联合实验室数据,",重点铁路枢纽瞬时人流量,信令联合实验室,,DATA,2026/6/5 18:31,2026/7/22 10:10,2026/5/11 11:40,0,0,,2,TRUE,FALSE,,https://dibj.cn/portal/api/common/calling/page?tableCode=LAB_DATA
309,LAB_DATA,数字资源-联合实验室数据,416,1502762882114473984,"99999,99999999999998,","联合实验室数据,信令联合实验室数据,",生态公园区域出现量BI年龄段,信令联合实验室,,DATA,2026/6/5 18:31,2026/6/5 18:49,2026/5/11 11:40,0,0,,0,TRUE,FALSE,,https://dibj.cn/portal/api/common/calling/page?tableCode=LAB_DATA
310,LAB_DATA,数字资源-联合实验室数据,417,1502762882177388544,"99999,99999999999998,","联合实验室数据,信令联合实验室数据,",区域出现量用户,信令联合实验室,,DATA,2026/6/5 18:31,2026/6/5 18:49,2026/5/11 11:40,0,0,,0,TRUE,FALSE,,https://dibj.cn/portal/api/common/calling/page?tableCode=LAB_DATA
311,LAB_DATA,数字资源-联合实验室数据,418,1502762882244497408,"99999,99999999999998,","联合实验室数据,信令联合实验室数据,",融合消费型商圈日游客归属本地,信令联合实验室,,DATA,2026/6/5 18:31,2026/6/5 18:49,2026/5/11 11:40,0,0,,0,TRUE,FALSE,,https://dibj.cn/portal/api/common/calling/page?tableCode=LAB_DATA
312,LAB_DATA,数字资源-联合实验室数据,419,1502762882315800576,"99999,99999999999998,","联合实验室数据,信令联合实验室数据,",生态公园区域出现量,信令联合实验室,,DATA,2026/6/5 18:31,2026/6/5 18:49,2026/5/11 11:40,0,0,,0,TRUE,FALSE,,https://dibj.cn/portal/api/common/calling/page?tableCode=LAB_DATA
313,LAB_DATA,数字资源-联合实验室数据,420,1502762882387103744,"99999,99999999999998,","联合实验室数据,信令联合实验室数据,",瞬时流出用户年龄段,信令联合实验室,,DATA,2026/6/5 18:31,2026/6/5 18:49,2026/5/11 11:40,0,0,,0,TRUE,FALSE,,https://dibj.cn/portal/api/common/calling/page?tableCode=LAB_DATA
314,LAB_DATA,数字资源-联合实验室数据,421,1502762882454212608,"99999,99999999999998,","联合实验室数据,信令联合实验室数据,",融合消费型商圈日游客归属外省,信令联合实验室,,DATA,2026/6/5 18:31,2026/6/5 18:49,2026/5/11 11:40,0,0,,0,TRUE,FALSE,,https://dibj.cn/portal/api/common/calling/page?tableCode=LAB_DATA
315,LAB_DATA,数字资源-联合实验室数据,422,1502762882525515776,"99999,99999999999998,","联合实验室数据,信令联合实验室数据,",生态公园区域归属地出现量,信令联合实验室,,DATA,2026/6/5 18:31,2026/6/5 18:49,2026/5/11 11:40,0,0,,0,TRUE,FALSE,,https://dibj.cn/portal/api/common/calling/page?tableCode=LAB_DATA
316,LAB_DATA,数字资源-联合实验室数据,423,1502762882596818944,"99999,99999999999998,","联合实验室数据,信令联合实验室数据,",瞬时流出用户性别,信令联合实验室,,DATA,2026/6/5 18:31,2026/6/5 18:49,2026/5/11 11:40,0,0,,0,TRUE,FALSE,,https://dibj.cn/portal/api/common/calling/page?tableCode=LAB_DATA
317,LAB_DATA,数字资源-联合实验室数据,424,1502762882672316416,"99999,99999999999998,","联合实验室数据,信令联合实验室数据,",生态公园区域出现量BI性别,信令联合实验室,,DATA,2026/6/5 18:31,2026/6/5 18:49,2026/5/11 11:40,0,0,,0,TRUE,FALSE,,https://dibj.cn/portal/api/common/calling/page?tableCode=LAB_DATA
318,LAB_DATA,数字资源-联合实验室数据,425,1502762882743619584,"99999,99999999999998,","联合实验室数据,信令联合实验室数据,",区域归属地出现量,信令联合实验室,,DATA,2026/6/5 18:31,2026/6/5 18:49,2026/5/11 11:39,0,0,,0,TRUE,FALSE,,https://dibj.cn/portal/api/common/calling/page?tableCode=LAB_DATA
319,LAB_DATA,数字资源-联合实验室数据,426,1502762882819117056,"99999,99999999999998,","联合实验室数据,信令联合实验室数据,",区域出现量籍贯归属,信令联合实验室,,DATA,2026/6/5 18:31,2026/6/5 18:49,2026/5/11 11:39,0,0,,0,TRUE,FALSE,,https://dibj.cn/portal/api/common/calling/page?tableCode=LAB_DATA
320,LAB_DATA,数字资源-联合实验室数据,359,1502762882886225920,"99999,99999999999998,","联合实验室数据,信令联合实验室数据,",重点铁路枢纽瞬时人流量籍贯地分布,信令联合实验室,,DATA,2026/6/5 18:31,2026/6/5 18:49,2026/5/11 11:39,0,0,,0,TRUE,FALSE,,https://dibj.cn/portal/api/common/calling/page?tableCode=LAB_DATA
321,LAB_DATA,数字资源-联合实验室数据,427,1502762882957529088,"99999,99999999999998,","联合实验室数据,信令联合实验室数据,",生态公园瞬时人流量,信令联合实验室,,DATA,2026/6/5 18:31,2026/6/5 18:49,2026/5/11 11:39,0,0,,0,TRUE,FALSE,,https://dibj.cn/portal/api/common/calling/page?tableCode=LAB_DATA
322,LAB_DATA,数字资源-联合实验室数据,428,1502762883033026560,"99999,99999999999998,","联合实验室数据,信令联合实验室数据,",重点铁路枢纽瞬时人流量年龄段,信令联合实验室,,DATA,2026/6/5 18:31,2026/6/5 18:49,2026/5/11 11:39,0,0,,0,TRUE,FALSE,,https://dibj.cn/portal/api/common/calling/page?tableCode=LAB_DATA
323,LAB_DATA,数字资源-联合实验室数据,429,1502762883108524032,"99999,99999999999998,","联合实验室数据,信令联合实验室数据,",生态公园瞬时人流量籍贯地,信令联合实验室,,DATA,2026/6/5 18:31,2026/6/5 18:49,2026/5/11 11:39,0,0,,0,TRUE,FALSE,,https://dibj.cn/portal/api/common/calling/page?tableCode=LAB_DATA
324,LAB_DATA,数字资源-联合实验室数据,430,1502762883184021504,"99999,99999999999998,","联合实验室数据,信令联合实验室数据,",区域出现量年龄段,信令联合实验室,,DATA,2026/6/5 18:31,2026/6/5 18:49,2026/5/11 11:39,0,0,,0,TRUE,FALSE,,https://dibj.cn/portal/api/common/calling/page?tableCode=LAB_DATA
325,LAB_DATA,数字资源-联合实验室数据,431,1502762883255324672,"99999,99999999999998,","联合实验室数据,信令联合实验室数据,",重点铁路枢纽瞬时人流量号码归属地,信令联合实验室,,DATA,2026/6/5 18:31,2026/6/5 18:49,2026/5/11 11:39,0,0,,0,TRUE,FALSE,,https://dibj.cn/portal/api/common/calling/page?tableCode=LAB_DATA
326,LAB_DATA,数字资源-联合实验室数据,432,1502762883326627840,"99999,99999999999998,","联合实验室数据,信令联合实验室数据,",重点铁路枢纽瞬时流入用户归属地,信令联合实验室,,DATA,2026/6/5 18:31,2026/6/5 18:49,2026/5/11 11:39,0,0,,0,TRUE,FALSE,,https://dibj.cn/portal/api/common/calling/page?tableCode=LAB_DATA
327,LAB_DATA,数字资源-联合实验室数据,433,1502762883393736704,"99999,99999999999998,","联合实验室数据,信令联合实验室数据,",生态公园瞬时归属地人流量,信令联合实验室,,DATA,2026/6/5 18:31,2026/6/5 18:49,2026/5/11 11:39,0,0,,0,TRUE,FALSE,,https://dibj.cn/portal/api/common/calling/page?tableCode=LAB_DATA
328,LAB_DATA,数字资源-联合实验室数据,434,1502762883465039872,"99999,99999999999998,","联合实验室数据,信令联合实验室数据,",日活跃用户量,信令联合实验室,,DATA,2026/6/5 18:31,2026/6/5 18:49,2026/5/11 11:39,0,0,,0,TRUE,FALSE,,https://dibj.cn/portal/api/common/calling/page?tableCode=LAB_DATA
329,LAB_DATA,数字资源-联合实验室数据,435,1502762883532148736,"99999,99999999999998,","联合实验室数据,信令联合实验室数据,",重点铁路枢纽瞬时流入用户籍贯地分布,信令联合实验室,,DATA,2026/6/5 18:31,2026/6/5 18:49,2026/5/11 11:39,0,0,,0,TRUE,FALSE,,https://dibj.cn/portal/api/common/calling/page?tableCode=LAB_DATA
330,LAB_DATA,数字资源-联合实验室数据,436,1502762883616034816,"99999,99999999999998,","联合实验室数据,信令联合实验室数据,",生态公园瞬时流入流出,信令联合实验室,,DATA,2026/6/5 18:31,2026/6/5 18:49,2026/5/11 11:38,0,0,,0,TRUE,FALSE,,https://dibj.cn/portal/api/common/calling/page?tableCode=LAB_DATA
331,LAB_DATA,数字资源-联合实验室数据,437,1502762883691532288,"99999,99999999999998,","联合实验室数据,信令联合实验室数据,",活跃用户号码归属分布,信令联合实验室,,DATA,2026/6/5 18:31,2026/6/5 18:49,2026/5/11 11:38,0,0,,0,TRUE,FALSE,,https://dibj.cn/portal/api/common/calling/page?tableCode=LAB_DATA
332,LAB_DATA,数字资源-联合实验室数据,438,1502762883762835456,"99999,99999999999998,","联合实验室数据,信令联合实验室数据,",重点铁路枢纽瞬时人流量性别,信令联合实验室,,DATA,2026/6/5 18:31,2026/6/5 18:49,2026/5/11 11:38,0,0,,0,TRUE,FALSE,,https://dibj.cn/portal/api/common/calling/page?tableCode=LAB_DATA
333,LAB_DATA,数字资源-联合实验室数据,439,1502762883825750016,"99999,99999999999998,","联合实验室数据,信令联合实验室数据,",生态公园瞬时人流量年龄段,信令联合实验室,,DATA,2026/6/5 18:31,2026/6/5 18:49,2026/5/11 11:38,0,0,,0,TRUE,FALSE,,https://dibj.cn/portal/api/common/calling/page?tableCode=LAB_DATA
334,LAB_DATA,数字资源-联合实验室数据,440,1502762883897053184,"99999,99999999999998,","联合实验室数据,信令联合实验室数据,",区域出现量性别,信令联合实验室,,DATA,2026/6/5 18:31,2026/6/5 18:49,2026/5/11 11:38,0,0,,0,TRUE,FALSE,,https://dibj.cn/portal/api/common/calling/page?tableCode=LAB_DATA
335,LAB_DATA,数字资源-联合实验室数据,441,1502762883968356352,"99999,99999999999998,","联合实验室数据,信令联合实验室数据,",重点铁路枢纽瞬时流入用户,信令联合实验室,,DATA,2026/6/5 18:31,2026/6/5 18:49,2026/5/11 11:38,0,0,,0,TRUE,FALSE,,https://dibj.cn/portal/api/common/calling/page?tableCode=LAB_DATA
336,LAB_DATA,数字资源-联合实验室数据,442,1502762884039659520,"99999,99999999999998,","联合实验室数据,信令联合实验室数据,",生态公园瞬时人流量性别,信令联合实验室,,DATA,2026/6/5 18:31,2026/6/5 18:49,2026/5/11 11:38,0,0,,0,TRUE,FALSE,,https://dibj.cn/portal/api/common/calling/page?tableCode=LAB_DATA
337,LAB_DATA,数字资源-联合实验室数据,443,1502762884106768384,"99999,99999999999998,","联合实验室数据,信令联合实验室数据,",瞬时网格人流量（百米网格）,信令联合实验室,,DATA,2026/6/5 18:31,2026/7/2 10:18,2026/5/11 11:28,0,0,,1,TRUE,FALSE,,https://dibj.cn/portal/api/common/calling/page?tableCode=LAB_DATA
338,LAB_DATA,数字资源-联合实验室数据,444,1502762884173877248,"99999,99999999999998,","联合实验室数据,信令联合实验室数据,",重点铁路枢纽瞬时流出用户,信令联合实验室,,DATA,2026/6/5 18:31,2026/6/5 18:49,2026/5/11 11:28,0,0,,0,TRUE,FALSE,,https://dibj.cn/portal/api/common/calling/page?tableCode=LAB_DATA
339,LAB_DATA,数字资源-联合实验室数据,445,1502762884236791808,"99999,99999999999998,","联合实验室数据,信令联合实验室数据,",生态公园瞬时流入流出性别,信令联合实验室,,DATA,2026/6/5 18:31,2026/6/5 18:49,2026/5/11 11:28,0,0,,0,TRUE,FALSE,,https://dibj.cn/portal/api/common/calling/page?tableCode=LAB_DATA
340,LAB_DATA,数字资源-联合实验室数据,446,1502762884303900672,"99999,99999999999998,","联合实验室数据,信令联合实验室数据,",活跃用户性别,信令联合实验室,,DATA,2026/6/5 18:31,2026/6/5 18:49,2026/5/11 11:28,0,0,,0,TRUE,FALSE,,https://dibj.cn/portal/api/common/calling/page?tableCode=LAB_DATA
341,LAB_DATA,数字资源-联合实验室数据,447,1502762884371009536,"99999,99999999999998,","联合实验室数据,信令联合实验室数据,",生态公园瞬时流入流出归属,信令联合实验室,,DATA,2026/6/5 18:31,2026/6/5 18:49,2026/5/11 11:28,0,0,,0,TRUE,FALSE,,https://dibj.cn/portal/api/common/calling/page?tableCode=LAB_DATA
342,LAB_DATA,数字资源-联合实验室数据,448,1502762884438118400,"99999,99999999999998,","联合实验室数据,信令联合实验室数据,",区域停留时长,信令联合实验室,,DATA,2026/6/5 18:31,2026/6/5 18:49,2026/5/11 11:27,0,0,,0,TRUE,FALSE,,https://dibj.cn/portal/api/common/calling/page?tableCode=LAB_DATA
343,LAB_DATA,数字资源-联合实验室数据,449,1502762884505227264,"99999,99999999999998,","联合实验室数据,信令联合实验室数据,",重点铁路枢纽瞬时流入用户年龄段,信令联合实验室,,DATA,2026/6/5 18:31,2026/6/5 18:49,2026/5/11 11:27,0,0,,0,TRUE,FALSE,,https://dibj.cn/portal/api/common/calling/page?tableCode=LAB_DATA
344,LAB_DATA,数字资源-联合实验室数据,450,1502762884568141824,"99999,99999999999998,","联合实验室数据,信令联合实验室数据,",生态公园瞬时流入流出籍贯地,信令联合实验室,,DATA,2026/6/5 18:31,2026/6/5 18:49,2026/5/11 11:27,0,0,,0,TRUE,FALSE,,https://dibj.cn/portal/api/common/calling/page?tableCode=LAB_DATA
345,LAB_DATA,数字资源-联合实验室数据,451,1502762884631056384,"99999,99999999999998,","联合实验室数据,信令联合实验室数据,",活跃用户籍贯地分布,信令联合实验室,,DATA,2026/6/5 18:31,2026/6/5 18:49,2026/5/11 11:27,0,0,,0,TRUE,FALSE,,https://dibj.cn/portal/api/common/calling/page?tableCode=LAB_DATA
346,LAB_DATA,数字资源-联合实验室数据,452,1502762884698165248,"99999,99999999999998,","联合实验室数据,信令联合实验室数据,",重点铁路枢纽瞬时流入用户性别,信令联合实验室,,DATA,2026/6/5 18:31,2026/6/5 18:49,2026/5/11 11:27,0,0,,0,TRUE,FALSE,,https://dibj.cn/portal/api/common/calling/page?tableCode=LAB_DATA
347,LAB_DATA,数字资源-联合实验室数据,453,1502762884761079808,"99999,99999999999998,","联合实验室数据,信令联合实验室数据,",生态公园瞬时流入流出年龄段,信令联合实验室,,DATA,2026/6/5 18:31,2026/6/5 18:49,2026/5/11 11:27,0,0,,0,TRUE,FALSE,,https://dibj.cn/portal/api/common/calling/page?tableCode=LAB_DATA
348,LAB_DATA,数字资源-联合实验室数据,454,1502762884823994368,"99999,99999999999998,","联合实验室数据,信令联合实验室数据,",活跃用户年龄段,信令联合实验室,,DATA,2026/6/5 18:31,2026/6/5 18:49,2026/5/11 11:27,0,0,,0,TRUE,FALSE,,https://dibj.cn/portal/api/common/calling/page?tableCode=LAB_DATA
349,LAB_DATA,数字资源-联合实验室数据,455,1502762884895297536,"99999,99999999999998,","联合实验室数据,信令联合实验室数据,",区域停留时长归属地分布,信令联合实验室,,DATA,2026/6/5 18:31,2026/6/5 18:49,2026/5/11 11:27,0,0,,0,TRUE,FALSE,,https://dibj.cn/portal/api/common/calling/page?tableCode=LAB_DATA
350,LAB_DATA,数字资源-联合实验室数据,456,1502762884966600704,"99999,99999999999998,","联合实验室数据,信令联合实验室数据,",重点铁路枢纽瞬时流出用户年龄段,信令联合实验室,,DATA,2026/6/5 18:31,2026/6/5 18:49,2026/5/11 11:27,0,0,,0,TRUE,FALSE,,https://dibj.cn/portal/api/common/calling/page?tableCode=LAB_DATA
351,LAB_DATA,数字资源-联合实验室数据,457,1502762885029515264,"99999,99999999999998,","联合实验室数据,信令联合实验室数据,",生态公园瞬时游客归属,信令联合实验室,,DATA,2026/6/5 18:31,2026/6/5 18:49,2026/5/11 11:27,0,0,,0,TRUE,FALSE,,https://dibj.cn/portal/api/common/calling/page?tableCode=LAB_DATA
352,LAB_DATA,数字资源-联合实验室数据,458,1502762885092429824,"99999,99999999999998,","联合实验室数据,信令联合实验室数据,",区域停留时长籍贯地,信令联合实验室,,DATA,2026/6/5 18:31,2026/6/5 18:49,2026/5/11 11:27,0,0,,0,TRUE,FALSE,,https://dibj.cn/portal/api/common/calling/page?tableCode=LAB_DATA
353,LAB_DATA,数字资源-联合实验室数据,459,1502762885163732992,"99999,99999999999998,","联合实验室数据,信令联合实验室数据,",重点铁路枢纽瞬时流出用户性别,信令联合实验室,,DATA,2026/6/5 18:31,2026/6/5 18:49,2026/5/11 11:26,0,0,,0,TRUE,FALSE,,https://dibj.cn/portal/api/common/calling/page?tableCode=LAB_DATA
354,LAB_DATA,数字资源-联合实验室数据,460,1502762885230841856,"99999,99999999999998,","联合实验室数据,信令联合实验室数据,",生态公园游客出现量,信令联合实验室,,DATA,2026/6/5 18:31,2026/6/5 18:49,2026/5/11 11:26,0,0,,0,TRUE,FALSE,,https://dibj.cn/portal/api/common/calling/page?tableCode=LAB_DATA
355,LAB_DATA,数字资源-联合实验室数据,461,1502762885302145024,"99999,99999999999998,","联合实验室数据,信令联合实验室数据,",区域停留时长年龄段,信令联合实验室,,DATA,2026/6/5 18:31,2026/6/5 18:49,2026/5/11 11:26,0,0,,0,TRUE,FALSE,,https://dibj.cn/portal/api/common/calling/page?tableCode=LAB_DATA
356,LAB_DATA,数字资源-联合实验室数据,462,1502762885369253888,"99999,99999999999998,","联合实验室数据,信令联合实验室数据,",重点铁路枢纽瞬时流出用户归属地,信令联合实验室,,DATA,2026/6/5 18:31,2026/6/5 18:49,2026/5/11 11:26,0,0,,0,TRUE,FALSE,,https://dibj.cn/portal/api/common/calling/page?tableCode=LAB_DATA
357,LAB_DATA,数字资源-联合实验室数据,463,1502762885436362752,"99999,99999999999998,","联合实验室数据,信令联合实验室数据,",重点铁路枢纽瞬时流出用户籍贯地分布,信令联合实验室,,DATA,2026/6/5 18:31,2026/6/5 18:49,2026/5/11 11:26,0,0,,0,TRUE,FALSE,,https://dibj.cn/portal/api/common/calling/page?tableCode=LAB_DATA
358,LAB_DATA,数字资源-联合实验室数据,464,1502762885499277312,"99999,99999999999998,","联合实验室数据,信令联合实验室数据,",生态公园瞬时游客数,信令联合实验室,,DATA,2026/6/5 18:31,2026/6/5 18:49,2026/5/11 11:26,0,0,,0,TRUE,FALSE,,https://dibj.cn/portal/api/common/calling/page?tableCode=LAB_DATA
359,LAB_DATA,数字资源-联合实验室数据,465,1502762885570580480,"99999,99999999999998,","联合实验室数据,信令联合实验室数据,",重点铁路枢纽假期日出京用户人流量,信令联合实验室,,DATA,2026/6/5 18:31,2026/6/5 18:49,2026/5/11 11:25,0,0,,0,TRUE,FALSE,,https://dibj.cn/portal/api/common/calling/page?tableCode=LAB_DATA
360,LAB_DATA,数字资源-联合实验室数据,466,1502762885641883648,"99999,99999999999998,","联合实验室数据,信令联合实验室数据,",生态公园活跃用户籍贯地,信令联合实验室,,DATA,2026/6/5 18:31,2026/6/5 18:49,2026/5/11 11:25,0,0,,0,TRUE,FALSE,,https://dibj.cn/portal/api/common/calling/page?tableCode=LAB_DATA
361,LAB_DATA,数字资源-联合实验室数据,467,1502762885713186816,"99999,99999999999998,","联合实验室数据,信令联合实验室数据,",日夜晚用户,信令联合实验室,,DATA,2026/6/5 18:31,2026/6/5 18:49,2026/5/11 11:25,0,0,,0,TRUE,FALSE,,https://dibj.cn/portal/api/common/calling/page?tableCode=LAB_DATA
362,LAB_DATA,数字资源-联合实验室数据,468,1502762885780295680,"99999,99999999999998,","联合实验室数据,信令联合实验室数据,",重点铁路枢纽假期日均客流量,信令联合实验室,,DATA,2026/6/5 18:31,2026/6/5 18:49,2026/5/11 11:25,0,0,,0,TRUE,FALSE,,https://dibj.cn/portal/api/common/calling/page?tableCode=LAB_DATA
363,LAB_DATA,数字资源-联合实验室数据,469,1502762885851598848,"99999,99999999999998,","联合实验室数据,信令联合实验室数据,",生态公园活跃用户年龄段,信令联合实验室,,DATA,2026/6/5 18:31,2026/6/5 18:49,2026/5/11 11:25,0,0,,0,TRUE,FALSE,,https://dibj.cn/portal/api/common/calling/page?tableCode=LAB_DATA
364,LAB_DATA,数字资源-联合实验室数据,470,1502762885931290624,"99999,99999999999998,","联合实验室数据,信令联合实验室数据,",日白天夜晚用户OD,信令联合实验室,,DATA,2026/6/5 18:31,2026/7/22 10:10,2026/5/11 11:25,0,0,,1,TRUE,FALSE,,https://dibj.cn/portal/api/common/calling/page?tableCode=LAB_DATA
365,LAB_DATA,数字资源-联合实验室数据,471,1502762886006788096,"99999,99999999999998,","联合实验室数据,信令联合实验室数据,",重点铁路枢纽瞬时流入流出用户来源地,信令联合实验室,,DATA,2026/6/5 18:31,2026/6/5 18:49,2026/5/11 11:25,0,0,,0,TRUE,FALSE,,https://dibj.cn/portal/api/common/calling/page?tableCode=LAB_DATA
366,LAB_DATA,数字资源-联合实验室数据,472,1502762886078091264,"99999,99999999999998,","联合实验室数据,信令联合实验室数据,",生态公园游客出现量归属,信令联合实验室,,DATA,2026/6/5 18:31,2026/6/5 18:49,2026/5/11 11:25,0,0,,0,TRUE,FALSE,,https://dibj.cn/portal/api/common/calling/page?tableCode=LAB_DATA
367,LAB_DATA,数字资源-联合实验室数据,473,1502762886149394432,"99999,99999999999998,","联合实验室数据,信令联合实验室数据,",区域停留时长性别,信令联合实验室,,DATA,2026/6/5 18:31,2026/6/5 18:49,2026/5/11 11:25,0,0,,0,TRUE,FALSE,,https://dibj.cn/portal/api/common/calling/page?tableCode=LAB_DATA
368,LAB_DATA,数字资源-联合实验室数据,474,1502762886216503296,"99999,99999999999998,","联合实验室数据,信令联合实验室数据,",重点铁路枢纽假期日进京用户人流量,信令联合实验室,,DATA,2026/6/5 18:31,2026/6/5 18:49,2026/5/11 11:25,0,0,,0,TRUE,FALSE,,https://dibj.cn/portal/api/common/calling/page?tableCode=LAB_DATA
369,LAB_DATA,数字资源-联合实验室数据,475,1502762886279417856,"99999,99999999999998,","联合实验室数据,信令联合实验室数据,",生态公园活跃用户,信令联合实验室,,DATA,2026/6/5 18:31,2026/6/5 18:49,2026/5/11 11:24,0,0,,0,TRUE,FALSE,,https://dibj.cn/portal/api/common/calling/page?tableCode=LAB_DATA
370,LAB_DATA,数字资源-联合实验室数据,476,1502762886342332416,"99999,99999999999998,","联合实验室数据,信令联合实验室数据,",日白天用户,信令联合实验室,,DATA,2026/6/5 18:31,2026/6/5 18:49,2026/5/11 11:24,0,0,,0,TRUE,FALSE,,https://dibj.cn/portal/api/common/calling/page?tableCode=LAB_DATA
371,LAB_DATA,数字资源-联合实验室数据,477,1502762886405246976,"99999,99999999999998,","联合实验室数据,信令联合实验室数据,",生态公园区域停留时长,信令联合实验室,,DATA,2026/6/5 18:31,2026/6/5 18:49,2026/5/11 11:24,0,0,,0,TRUE,FALSE,,https://dibj.cn/portal/api/common/calling/page?tableCode=LAB_DATA
372,LAB_DATA,数字资源-联合实验室数据,478,1502762886468161536,"99999,99999999999998,","联合实验室数据,信令联合实验室数据,",日通勤时间,信令联合实验室,,DATA,2026/6/5 18:31,2026/7/16 16:09,2026/5/11 11:24,0,0,,2,TRUE,FALSE,,https://dibj.cn/portal/api/common/calling/page?tableCode=LAB_DATA
373,LAB_DATA,数字资源-联合实验室数据,479,1502762886535270400,"99999,99999999999998,","联合实验室数据,信令联合实验室数据,",日稳定用户,信令联合实验室,,DATA,2026/6/5 18:31,2026/6/5 18:49,2026/5/11 11:24,0,0,,0,TRUE,FALSE,,https://dibj.cn/portal/api/common/calling/page?tableCode=LAB_DATA
374,LAB_DATA,数字资源-联合实验室数据,480,1502762886598184960,"99999,99999999999998,","联合实验室数据,信令联合实验室数据,",重点航空枢纽瞬时在港人流量,信令联合实验室,,DATA,2026/6/5 18:31,2026/6/5 18:49,2026/5/11 11:24,0,0,,0,TRUE,FALSE,,https://dibj.cn/portal/api/common/calling/page?tableCode=LAB_DATA
375,LAB_DATA,数字资源-联合实验室数据,481,1502762886661099520,"99999,99999999999998,","联合实验室数据,信令联合实验室数据,",生态公园活跃用户性别,信令联合实验室,,DATA,2026/6/5 18:31,2026/6/5 18:49,2026/5/11 11:24,0,0,,0,TRUE,FALSE,,https://dibj.cn/portal/api/common/calling/page?tableCode=LAB_DATA
376,LAB_DATA,数字资源-联合实验室数据,482,1502762886724014080,"99999,99999999999998,","联合实验室数据,信令联合实验室数据,",日游客规模,信令联合实验室,,DATA,2026/6/5 18:31,2026/7/16 16:14,2026/5/11 11:24,0,0,,1,TRUE,FALSE,,https://dibj.cn/portal/api/common/calling/page?tableCode=LAB_DATA
377,LAB_DATA,数字资源-联合实验室数据,483,1502762878540926976,"99999,99999999999998,","联合实验室数据,信令联合实验室数据,",综合类公园日游客数,信令联合实验室,,DATA,2026/6/5 18:31,2026/6/5 18:49,2026/5/11 11:23,0,0,,0,TRUE,FALSE,,https://dibj.cn/portal/api/common/calling/page?tableCode=LAB_DATA
378,LAB_DATA,数字资源-联合实验室数据,484,1502762878469623808,"99999,99999999999998,","联合实验室数据,信令联合实验室数据,",月稳定夜晚用户流入流出归属,信令联合实验室,,DATA,2026/6/5 18:31,2026/6/5 18:49,2026/5/11 11:23,0,0,,0,TRUE,FALSE,,https://dibj.cn/portal/api/common/calling/page?tableCode=LAB_DATA
379,LAB_DATA,数字资源-联合实验室数据,485,1502762878402514944,"99999,99999999999998,","联合实验室数据,信令联合实验室数据,",综合类公园活跃用户籍贯地,信令联合实验室,,DATA,2026/6/5 18:31,2026/6/5 18:49,2026/5/11 11:23,0,0,,0,TRUE,FALSE,,https://dibj.cn/portal/api/common/calling/page?tableCode=LAB_DATA
380,LAB_DATA,数字资源-联合实验室数据,486,1502762878331211776,"99999,99999999999998,","联合实验室数据,信令联合实验室数据,",月稳定夜晚用户流入流出,信令联合实验室,,DATA,2026/6/5 18:31,2026/6/5 18:49,2026/5/11 11:23,0,0,,0,TRUE,FALSE,,https://dibj.cn/portal/api/common/calling/page?tableCode=LAB_DATA
381,LAB_DATA,数字资源-联合实验室数据,487,1502762878268297216,"99999,99999999999998,","联合实验室数据,信令联合实验室数据,",综合类公园活跃用户,信令联合实验室,,DATA,2026/6/5 18:31,2026/6/5 18:49,2026/5/11 11:23,0,0,,0,TRUE,FALSE,,https://dibj.cn/portal/api/common/calling/page?tableCode=LAB_DATA
382,LAB_DATA,数字资源-联合实验室数据,488,1502762878201188352,"99999,99999999999998,","联合实验室数据,信令联合实验室数据,",月稳定白天用户流入流出归属,信令联合实验室,,DATA,2026/6/5 18:31,2026/6/5 18:49,2026/5/11 11:23,0,0,,0,TRUE,FALSE,,https://dibj.cn/portal/api/common/calling/page?tableCode=LAB_DATA
383,LAB_DATA,数字资源-联合实验室数据,489,1502762878134079488,"99999,99999999999998,","联合实验室数据,信令联合实验室数据,",综合类公园活跃用户性别,信令联合实验室,,DATA,2026/6/5 18:31,2026/6/5 18:49,2026/5/11 11:23,0,0,,0,TRUE,FALSE,,https://dibj.cn/portal/api/common/calling/page?tableCode=LAB_DATA
384,LAB_DATA,数字资源-联合实验室数据,490,1502762878066970624,"99999,99999999999998,","联合实验室数据,信令联合实验室数据,",月稳定白天用户流入流出,信令联合实验室,,DATA,2026/6/5 18:31,2026/6/5 18:49,2026/5/11 11:23,0,0,,0,TRUE,FALSE,,https://dibj.cn/portal/api/common/calling/page?tableCode=LAB_DATA
385,LAB_DATA,数字资源-联合实验室数据,491,1502762877995667456,"99999,99999999999998,","联合实验室数据,信令联合实验室数据,",综合类公园活跃用户年龄段,信令联合实验室,,DATA,2026/6/5 18:31,2026/6/5 18:49,2026/5/11 11:23,0,0,,0,TRUE,FALSE,,https://dibj.cn/portal/api/common/calling/page?tableCode=LAB_DATA
386,LAB_DATA,数字资源-联合实验室数据,492,1502762877928558592,"99999,99999999999998,","联合实验室数据,信令联合实验室数据,",月稳定用户,信令联合实验室,,DATA,2026/6/5 18:31,2026/6/5 18:49,2026/5/11 11:23,0,0,,0,TRUE,FALSE,,https://dibj.cn/portal/api/common/calling/page?tableCode=LAB_DATA
387,LAB_DATA,数字资源-联合实验室数据,493,1502762877853061120,"99999,99999999999998,","联合实验室数据,信令联合实验室数据,",综合类公园游客出现量归属,信令联合实验室,,DATA,2026/6/5 18:31,2026/6/5 18:49,2026/5/11 11:22,0,0,,0,TRUE,FALSE,,https://dibj.cn/portal/api/common/calling/page?tableCode=LAB_DATA
388,LAB_DATA,数字资源-联合实验室数据,494,1502762877781757952,"99999,99999999999998,","联合实验室数据,信令联合实验室数据,",综合类公园游客出现量,信令联合实验室,,DATA,2026/6/5 18:31,2026/6/5 18:49,2026/5/11 11:22,0,0,,0,TRUE,FALSE,,https://dibj.cn/portal/api/common/calling/page?tableCode=LAB_DATA
389,LAB_DATA,数字资源-联合实验室数据,495,1502762877710454784,"99999,99999999999998,","联合实验室数据,信令联合实验室数据,",月通勤时间,信令联合实验室,,DATA,2026/6/5 18:31,2026/6/5 18:49,2026/5/11 11:22,0,0,,0,TRUE,FALSE,,https://dibj.cn/portal/api/common/calling/page?tableCode=LAB_DATA
390,LAB_DATA,数字资源-联合实验室数据,496,1502762877643345920,"99999,99999999999998,","联合实验室数据,信令联合实验室数据,",月通勤半径,信令联合实验室,,DATA,2026/6/5 18:31,2026/6/5 18:49,2026/5/11 11:22,0,0,,0,TRUE,FALSE,,https://dibj.cn/portal/api/common/calling/page?tableCode=LAB_DATA
391,LAB_DATA,数字资源-联合实验室数据,497,1502762877572042752,"99999,99999999999998,","联合实验室数据,信令联合实验室数据,",综合类公园瞬时游客归属,信令联合实验室,,DATA,2026/6/5 18:31,2026/6/5 18:49,2026/5/11 11:22,0,0,,0,TRUE,FALSE,,https://dibj.cn/portal/api/common/calling/page?tableCode=LAB_DATA
392,LAB_DATA,数字资源-联合实验室数据,498,1502762877496545280,"99999,99999999999998,","联合实验室数据,信令联合实验室数据,",国际级商圈日游客归属本地,信令联合实验室,,DATA,2026/6/5 18:31,2026/6/5 18:49,2026/5/11 11:22,0,0,,0,TRUE,FALSE,,https://dibj.cn/portal/api/common/calling/page?tableCode=LAB_DATA
393,LAB_DATA,数字资源-联合实验室数据,499,1502762877429436416,"99999,99999999999998,","联合实验室数据,信令联合实验室数据,",国际级商圈日游客到访半径分布,信令联合实验室,,DATA,2026/6/5 18:31,2026/6/5 18:49,2026/5/11 11:22,0,0,,0,TRUE,FALSE,,https://dibj.cn/portal/api/common/calling/page?tableCode=LAB_DATA
394,LAB_DATA,数字资源-联合实验室数据,500,1502762877362327552,"99999,99999999999998,","联合实验室数据,信令联合实验室数据,",国际级商圈日夜间游客数,信令联合实验室,,DATA,2026/6/5 18:31,2026/6/5 18:49,2026/5/11 11:22,0,0,,0,TRUE,FALSE,,https://dibj.cn/portal/api/common/calling/page?tableCode=LAB_DATA
395,LAB_DATA,数字资源-联合实验室数据,501,1502762877291024384,"99999,99999999999998,","联合实验室数据,信令联合实验室数据,",国际级商圈活跃用户BI年龄段,信令联合实验室,,DATA,2026/6/5 18:31,2026/6/5 18:49,2026/5/11 11:22,0,0,,0,TRUE,FALSE,,https://dibj.cn/portal/api/common/calling/page?tableCode=LAB_DATA
396,LAB_DATA,数字资源-联合实验室数据,502,1502762877219721216,"99999,99999999999998,","联合实验室数据,信令联合实验室数据,",国际级商圈活跃用户,信令联合实验室,,DATA,2026/6/5 18:31,2026/6/5 18:49,2026/5/11 11:22,0,0,,0,TRUE,FALSE,,https://dibj.cn/portal/api/common/calling/page?tableCode=LAB_DATA
397,LAB_DATA,数字资源-联合实验室数据,503,1502762877148418048,"99999,99999999999998,","联合实验室数据,信令联合实验室数据,",国际级商圈区域停留时长,信令联合实验室,,DATA,2026/6/5 18:31,2026/6/5 18:49,2026/5/11 11:22,0,0,,0,TRUE,FALSE,,https://dibj.cn/portal/api/common/calling/page?tableCode=LAB_DATA
398,LAB_DATA,数字资源-联合实验室数据,504,1502762877085503488,"99999,99999999999998,","联合实验室数据,信令联合实验室数据,",国际级商圈活跃用户BI性别,信令联合实验室,,DATA,2026/6/5 18:31,2026/6/5 18:49,2026/5/11 11:21,0,0,,0,TRUE,FALSE,,https://dibj.cn/portal/api/common/calling/page?tableCode=LAB_DATA
399,LAB_DATA,数字资源-联合实验室数据,505,1502762877014200320,"99999,99999999999998,","联合实验室数据,信令联合实验室数据,",日游客归属本地,信令联合实验室,,DATA,2026/6/5 18:31,2026/6/5 18:49,2026/5/11 11:21,0,0,,0,TRUE,FALSE,,https://dibj.cn/portal/api/common/calling/page?tableCode=LAB_DATA
400,LAB_DATA,数字资源-联合实验室数据,506,1502762876942897152,"99999,99999999999998,","联合实验室数据,信令联合实验室数据,",日游客到访半径分布,信令联合实验室,,DATA,2026/6/5 18:31,2026/6/5 18:49,2026/5/11 11:21,0,0,,0,TRUE,FALSE,,https://dibj.cn/portal/api/common/calling/page?tableCode=LAB_DATA
401,LAB_DATA,数字资源-联合实验室数据,507,1502762876875788288,"99999,99999999999998,","联合实验室数据,信令联合实验室数据,",日游客归属境外,信令联合实验室,,DATA,2026/6/5 18:31,2026/6/5 18:49,2026/5/11 11:21,0,0,,0,TRUE,FALSE,,https://dibj.cn/portal/api/common/calling/page?tableCode=LAB_DATA
402,LAB_DATA,数字资源-联合实验室数据,508,1502762876804485120,"99999,99999999999998,","联合实验室数据,信令联合实验室数据,",日游客归属外省,信令联合实验室,,DATA,2026/6/5 18:31,2026/6/5 18:49,2026/5/11 11:21,0,0,,0,TRUE,FALSE,,https://dibj.cn/portal/api/common/calling/page?tableCode=LAB_DATA
403,LAB_DATA,数字资源-联合实验室数据,509,1502762876733181952,"99999,99999999999998,","联合实验室数据,信令联合实验室数据,",日夜间游客数,信令联合实验室,,DATA,2026/6/5 18:31,2026/6/5 18:49,2026/5/11 11:20,0,0,,0,TRUE,FALSE,,https://dibj.cn/portal/api/common/calling/page?tableCode=LAB_DATA
404,LAB_DATA,数字资源-联合实验室数据,510,1502762876666073088,"99999,99999999999998,","联合实验室数据,信令联合实验室数据,",通州区地铁站到访客流月夜晚用户归属地,信令联合实验室,,DATA,2026/6/5 18:31,2026/6/5 18:49,2026/5/11 11:20,0,0,,0,TRUE,FALSE,,https://dibj.cn/portal/api/common/calling/page?tableCode=LAB_DATA
405,LAB_DATA,数字资源-联合实验室数据,511,1502762876594769920,"99999,99999999999998,","联合实验室数据,信令联合实验室数据,",瞬时流出用户,信令联合实验室,,DATA,2026/6/5 18:31,2026/6/5 18:49,2026/5/11 11:20,0,0,,0,TRUE,FALSE,,https://dibj.cn/portal/api/common/calling/page?tableCode=LAB_DATA
406,LAB_DATA,数字资源-联合实验室数据,512,1502762876527661056,"99999,99999999999998,","联合实验室数据,信令联合实验室数据,",社区公园区域停留时长,信令联合实验室,,DATA,2026/6/5 18:31,2026/6/5 18:49,2026/5/11 11:20,0,0,,0,TRUE,FALSE,,https://dibj.cn/portal/api/common/calling/page?tableCode=LAB_DATA
407,LAB_DATA,数字资源-联合实验室数据,513,1502762876460552192,"99999,99999999999998,","联合实验室数据,信令联合实验室数据,",融合消费型商圈区域停留时长,信令联合实验室,,DATA,2026/6/5 18:31,2026/6/5 18:49,2026/5/11 11:20,0,0,,0,TRUE,FALSE,,https://dibj.cn/portal/api/common/calling/page?tableCode=LAB_DATA
408,LAB_DATA,数字资源-联合实验室数据,514,1502762876393443328,"99999,99999999999998,","联合实验室数据,信令联合实验室数据,",瞬时流入用户性别,信令联合实验室,,DATA,2026/6/5 18:31,2026/6/5 18:49,2026/5/11 11:20,0,0,,0,TRUE,FALSE,,https://dibj.cn/portal/api/common/calling/page?tableCode=LAB_DATA
409,LAB_DATA,数字资源-联合实验室数据,515,1502762876326334464,"99999,99999999999998,","联合实验室数据,信令联合实验室数据,",社区公园活跃用户归属,信令联合实验室,,DATA,2026/6/5 18:31,2026/6/5 18:49,2026/5/11 11:20,0,0,,0,TRUE,FALSE,,https://dibj.cn/portal/api/common/calling/page?tableCode=LAB_DATA
410,LAB_DATA,数字资源-联合实验室数据,516,1502762876250836992,"99999,99999999999998,","联合实验室数据,信令联合实验室数据,",融合消费型商圈活跃用户BI性别,信令联合实验室,,DATA,2026/6/5 18:31,2026/7/2 10:37,2026/5/11 11:20,0,0,,1,TRUE,FALSE,,https://dibj.cn/portal/api/common/calling/page?tableCode=LAB_DATA
411,LAB_DATA,数字资源-联合实验室数据,517,1502762876183728128,"99999,99999999999998,","联合实验室数据,信令联合实验室数据,",瞬时流出用户籍贯地分布,信令联合实验室,,DATA,2026/6/5 18:31,2026/6/5 18:49,2026/5/11 11:20,0,0,,0,TRUE,FALSE,,https://dibj.cn/portal/api/common/calling/page?tableCode=LAB_DATA
412,LAB_DATA,数字资源-联合实验室数据,518,1502762876116619264,"99999,99999999999998,","联合实验室数据,信令联合实验室数据,",社区公园日游客归属,信令联合实验室,,DATA,2026/6/5 18:31,2026/6/5 18:49,2026/5/11 11:20,0,0,,0,TRUE,FALSE,,https://dibj.cn/portal/api/common/calling/page?tableCode=LAB_DATA
413,LAB_DATA,数字资源-联合实验室数据,519,1502762876049510400,"99999,99999999999998,","联合实验室数据,信令联合实验室数据,",融合消费型商圈日游客到访半径分布,信令联合实验室,,DATA,2026/6/5 18:31,2026/6/5 18:49,2026/5/11 11:20,0,0,,0,TRUE,FALSE,,https://dibj.cn/portal/api/common/calling/page?tableCode=LAB_DATA
414,LAB_DATA,数字资源-联合实验室数据,520,1502762875982401536,"99999,99999999999998,","联合实验室数据,信令联合实验室数据,",瞬时流出用户归属地,信令联合实验室,,DATA,2026/6/5 18:31,2026/6/5 18:49,2026/5/11 11:19,0,0,,0,TRUE,FALSE,,https://dibj.cn/portal/api/common/calling/page?tableCode=LAB_DATA
415,LAB_DATA,数字资源-联合实验室数据,521,1502762875911098368,"99999,99999999999998,","联合实验室数据,信令联合实验室数据,",社区公园日游客数,信令联合实验室,,DATA,2026/6/5 18:31,2026/6/5 18:49,2026/5/11 11:19,0,0,,0,TRUE,FALSE,,https://dibj.cn/portal/api/common/calling/page?tableCode=LAB_DATA
416,LAB_DATA,数字资源-联合实验室数据,522,1502762875843989504,"99999,99999999999998,","联合实验室数据,信令联合实验室数据,",融合消费型商圈日夜间游客数,信令联合实验室,,DATA,2026/6/5 18:31,2026/6/5 18:49,2026/5/11 11:19,0,0,,0,TRUE,FALSE,,https://dibj.cn/portal/api/common/calling/page?tableCode=LAB_DATA
417,LAB_DATA,数字资源-联合实验室数据,523,1502762875776880640,"99999,99999999999998,","联合实验室数据,信令联合实验室数据,",社区公园活跃用户性别,信令联合实验室,,DATA,2026/6/5 18:31,2026/6/5 18:49,2026/5/11 11:19,0,0,,0,TRUE,FALSE,,https://dibj.cn/portal/api/common/calling/page?tableCode=LAB_DATA
418,LAB_DATA,数字资源-联合实验室数据,524,1502762875709771776,"99999,99999999999998,","联合实验室数据,信令联合实验室数据,",融合消费型商圈活跃用户BI年龄段,信令联合实验室,,DATA,2026/6/5 18:31,2026/6/5 18:49,2026/5/11 11:18,0,0,,0,TRUE,FALSE,,https://dibj.cn/portal/api/common/calling/page?tableCode=LAB_DATA
419,LAB_DATA,数字资源-联合实验室数据,525,1502762875642662912,"99999,99999999999998,","联合实验室数据,信令联合实验室数据,",融合消费型商圈活跃用户,信令联合实验室,,DATA,2026/6/5 18:31,2026/6/5 18:49,2026/5/11 11:18,0,0,,0,TRUE,FALSE,,https://dibj.cn/portal/api/common/calling/page?tableCode=LAB_DATA
420,LAB_DATA,数字资源-联合实验室数据,526,1502762875575554048,"99999,99999999999998,","联合实验室数据,信令联合实验室数据,",瞬时流入用户籍贯地分布,信令联合实验室,,DATA,2026/6/5 18:31,2026/6/5 18:49,2026/5/11 11:18,0,0,,0,TRUE,FALSE,,https://dibj.cn/portal/api/common/calling/page?tableCode=LAB_DATA
421,LAB_DATA,数字资源-联合实验室数据,527,1502762875504250880,"99999,99999999999998,","联合实验室数据,信令联合实验室数据,",社区公园活跃用户年龄段,信令联合实验室,,DATA,2026/6/5 18:31,2026/6/5 18:49,2026/5/11 11:18,0,0,,0,TRUE,FALSE,,https://dibj.cn/portal/api/common/calling/page?tableCode=LAB_DATA
422,LAB_DATA,数字资源-联合实验室数据,528,1502762875432947712,"99999,99999999999998,","联合实验室数据,信令联合实验室数据,",瞬时流入用户归属地,信令联合实验室,,DATA,2026/6/5 18:31,2026/6/5 18:49,2026/5/11 11:18,0,0,,0,TRUE,FALSE,,https://dibj.cn/portal/api/common/calling/page?tableCode=LAB_DATA
423,LAB_DATA,数字资源-联合实验室数据,529,1502762875365838848,"99999,99999999999998,","联合实验室数据,信令联合实验室数据,",社区公园活跃用户籍贯地,信令联合实验室,,DATA,2026/6/5 18:31,2026/6/5 18:49,2026/5/11 11:18,0,0,,0,TRUE,FALSE,,https://dibj.cn/portal/api/common/calling/page?tableCode=LAB_DATA
424,LAB_DATA,数字资源-联合实验室数据,530,1502762875294535680,"99999,99999999999998,","联合实验室数据,信令联合实验室数据,",国际友好型商圈日游客归属境外,信令联合实验室,,DATA,2026/6/5 18:31,2026/6/5 18:49,2026/5/11 11:18,0,0,,0,TRUE,FALSE,,https://dibj.cn/portal/api/common/calling/page?tableCode=LAB_DATA
425,LAB_DATA,数字资源-联合实验室数据,531,1502762875227426816,"99999,99999999999998,","联合实验室数据,信令联合实验室数据,",瞬时流入用户年龄段,信令联合实验室,,DATA,2026/6/5 18:31,2026/6/5 18:49,2026/5/11 11:18,0,0,,0,TRUE,FALSE,,https://dibj.cn/portal/api/common/calling/page?tableCode=LAB_DATA
426,LAB_DATA,数字资源-联合实验室数据,532,1502762875160317952,"99999,99999999999998,","联合实验室数据,信令联合实验室数据,",瞬时人流量年龄段,信令联合实验室,,DATA,2026/6/5 18:31,2026/6/5 18:49,2026/5/11 11:18,0,0,,0,TRUE,FALSE,,https://dibj.cn/portal/api/common/calling/page?tableCode=LAB_DATA
427,LAB_DATA,数字资源-联合实验室数据,533,1502762875097403392,"99999,99999999999998,","联合实验室数据,信令联合实验室数据,",社区公园游客出现量,信令联合实验室,,DATA,2026/6/5 18:31,2026/6/5 18:49,2026/5/11 11:17,0,0,,0,TRUE,FALSE,,https://dibj.cn/portal/api/common/calling/page?tableCode=LAB_DATA
428,LAB_DATA,数字资源-联合实验室数据,534,1502762875034488832,"99999,99999999999998,","联合实验室数据,信令联合实验室数据,",国际友好型商圈日游客到访半径分布,信令联合实验室,,DATA,2026/6/5 18:31,2026/6/5 18:49,2026/5/11 11:17,0,0,,0,TRUE,FALSE,,https://dibj.cn/portal/api/common/calling/page?tableCode=LAB_DATA
429,LAB_DATA,数字资源-联合实验室数据,535,1502762874971574272,"99999,99999999999998,","联合实验室数据,信令联合实验室数据,",瞬时人流量籍贯地分布,信令联合实验室,,DATA,2026/6/5 18:31,2026/6/5 18:49,2026/5/11 11:17,0,0,,0,TRUE,FALSE,,https://dibj.cn/portal/api/common/calling/page?tableCode=LAB_DATA
430,LAB_DATA,数字资源-联合实验室数据,536,1502762874904465408,"99999,99999999999998,","联合实验室数据,信令联合实验室数据,",社区公园瞬时游客归属,信令联合实验室,,DATA,2026/6/5 18:31,2026/6/5 18:49,2026/5/11 11:17,0,0,,0,TRUE,FALSE,,https://dibj.cn/portal/api/common/calling/page?tableCode=LAB_DATA
431,LAB_DATA,数字资源-联合实验室数据,537,1502762874837356544,"99999,99999999999998,","联合实验室数据,信令联合实验室数据,",国际友好型商圈日夜间游客数,信令联合实验室,,DATA,2026/6/5 18:31,2026/6/5 18:49,2026/5/11 11:17,0,0,,0,TRUE,FALSE,,https://dibj.cn/portal/api/common/calling/page?tableCode=LAB_DATA
432,LAB_DATA,数字资源-联合实验室数据,538,1502762874770247680,"99999,99999999999998,","联合实验室数据,信令联合实验室数据,",瞬时流入用户,信令联合实验室,,DATA,2026/6/5 18:31,2026/6/5 18:49,2026/5/11 11:17,0,0,,0,TRUE,FALSE,,https://dibj.cn/portal/api/common/calling/page?tableCode=LAB_DATA
433,LAB_DATA,数字资源-联合实验室数据,539,1502762874698944512,"99999,99999999999998,","联合实验室数据,信令联合实验室数据,",社区公园活跃用户,信令联合实验室,,DATA,2026/6/5 18:31,2026/6/5 18:49,2026/5/11 11:17,0,0,,0,TRUE,FALSE,,https://dibj.cn/portal/api/common/calling/page?tableCode=LAB_DATA
434,LAB_DATA,数字资源-联合实验室数据,540,1502762874627641344,"99999,99999999999998,","联合实验室数据,信令联合实验室数据,",国际友好型商圈日游客归属外省,信令联合实验室,,DATA,2026/6/5 18:31,2026/6/5 18:49,2026/5/11 11:17,0,0,,0,TRUE,FALSE,,https://dibj.cn/portal/api/common/calling/page?tableCode=LAB_DATA
435,LAB_DATA,数字资源-联合实验室数据,541,1502762874560532480,"99999,99999999999998,","联合实验室数据,信令联合实验室数据,",瞬时人流量性别,信令联合实验室,,DATA,2026/6/5 18:31,2026/6/5 18:49,2026/5/11 11:17,0,0,,0,TRUE,FALSE,,https://dibj.cn/portal/api/common/calling/page?tableCode=LAB_DATA
436,LAB_DATA,数字资源-联合实验室数据,542,1502762874489229312,"99999,99999999999998,","联合实验室数据,信令联合实验室数据,",社区公园游客出现量归属,信令联合实验室,,DATA,2026/6/5 18:31,2026/6/5 18:49,2026/5/11 11:17,0,0,,0,TRUE,FALSE,,https://dibj.cn/portal/api/common/calling/page?tableCode=LAB_DATA
437,LAB_DATA,数字资源-联合实验室数据,543,1502762874413731840,"99999,99999999999998,","联合实验室数据,信令联合实验室数据,",国际友好型商圈日游客归属本地,信令联合实验室,,DATA,2026/6/5 18:31,2026/6/5 18:49,2026/5/11 11:17,0,0,,0,TRUE,FALSE,,https://dibj.cn/portal/api/common/calling/page?tableCode=LAB_DATA
438,LAB_DATA,数字资源-联合实验室数据,544,1502762874342428672,"99999,99999999999998,","联合实验室数据,信令联合实验室数据,",社区公园瞬时流入流出性别,信令联合实验室,,DATA,2026/6/5 18:31,2026/6/5 18:49,2026/5/11 11:17,0,0,,0,TRUE,FALSE,,https://dibj.cn/portal/api/common/calling/page?tableCode=LAB_DATA
439,LAB_DATA,数字资源-联合实验室数据,545,1502762874275319808,"99999,99999999999998,","联合实验室数据,信令联合实验室数据,",国际友好型商圈活跃用户BI年龄段,信令联合实验室,,DATA,2026/6/5 18:31,2026/6/5 18:49,2026/5/11 11:16,0,0,,0,TRUE,FALSE,,https://dibj.cn/portal/api/common/calling/page?tableCode=LAB_DATA
440,LAB_DATA,数字资源-联合实验室数据,546,1502762874208210944,"99999,99999999999998,","联合实验室数据,信令联合实验室数据,",社区公园瞬时流入流出年龄段,信令联合实验室,,DATA,2026/6/5 18:31,2026/6/5 18:49,2026/5/11 11:16,0,0,,0,TRUE,FALSE,,https://dibj.cn/portal/api/common/calling/page?tableCode=LAB_DATA
441,LAB_DATA,数字资源-联合实验室数据,547,1502762874141102080,"99999,99999999999998,","联合实验室数据,信令联合实验室数据,",国际友好型商圈活跃用户,信令联合实验室,,DATA,2026/6/5 18:31,2026/6/5 18:49,2026/5/11 11:16,0,0,,0,TRUE,FALSE,,https://dibj.cn/portal/api/common/calling/page?tableCode=LAB_DATA
442,LAB_DATA,数字资源-联合实验室数据,548,1502762874078187520,"99999,99999999999998,","联合实验室数据,信令联合实验室数据,",瞬时人流量号码归属地,信令联合实验室,,DATA,2026/6/5 18:31,2026/6/5 18:49,2026/5/11 11:16,0,0,,0,TRUE,FALSE,,https://dibj.cn/portal/api/common/calling/page?tableCode=LAB_DATA
443,LAB_DATA,数字资源-联合实验室数据,549,1502762874011078656,"99999,99999999999998,","联合实验室数据,信令联合实验室数据,",社区公园瞬时游客数,信令联合实验室,,DATA,2026/6/5 18:31,2026/6/5 18:49,2026/5/11 11:16,0,0,,0,TRUE,FALSE,,https://dibj.cn/portal/api/common/calling/page?tableCode=LAB_DATA
444,LAB_DATA,数字资源-联合实验室数据,550,1502762873943969792,"99999,99999999999998,","联合实验室数据,信令联合实验室数据,",国际友好型商圈区域停留时长,信令联合实验室,,DATA,2026/6/5 18:31,2026/6/5 18:49,2026/5/11 11:16,0,0,,0,TRUE,FALSE,,https://dibj.cn/portal/api/common/calling/page?tableCode=LAB_DATA
445,LAB_DATA,数字资源-联合实验室数据,551,1502762873872666624,"99999,99999999999998,","联合实验室数据,信令联合实验室数据,",瞬时人流量,信令联合实验室,,DATA,2026/6/5 18:31,2026/6/5 18:49,2026/5/11 11:16,0,0,,0,TRUE,FALSE,,https://dibj.cn/portal/api/common/calling/page?tableCode=LAB_DATA
446,LAB_DATA,数字资源-联合实验室数据,552,1502762873797169152,"99999,99999999999998,","联合实验室数据,信令联合实验室数据,",社区公园瞬时流入流出归属,信令联合实验室,,DATA,2026/6/5 18:31,2026/6/5 18:49,2026/5/11 11:16,0,0,,0,TRUE,FALSE,,https://dibj.cn/portal/api/common/calling/page?tableCode=LAB_DATA
447,LAB_DATA,数字资源-联合实验室数据,553,1502762873725865984,"99999,99999999999998,","联合实验室数据,信令联合实验室数据,",国际友好型商圈活跃用户BI性别,信令联合实验室,,DATA,2026/6/5 18:31,2026/6/5 18:49,2026/5/11 11:15,0,0,,0,TRUE,FALSE,,https://dibj.cn/portal/api/common/calling/page?tableCode=LAB_DATA
448,LAB_DATA,数字资源-联合实验室数据,554,1502762873662951424,"99999,99999999999998,","联合实验室数据,信令联合实验室数据,",社区级商圈日游客归属境外,信令联合实验室,,DATA,2026/6/5 18:31,2026/6/5 18:49,2026/5/11 11:15,0,0,,0,TRUE,FALSE,,https://dibj.cn/portal/api/common/calling/page?tableCode=LAB_DATA
449,LAB_DATA,数字资源-联合实验室数据,555,1502762873600036864,"99999,99999999999998,","联合实验室数据,信令联合实验室数据,",社区公园瞬时流入流出,信令联合实验室,,DATA,2026/6/5 18:31,2026/6/5 18:49,2026/5/11 11:15,0,0,,0,TRUE,FALSE,,https://dibj.cn/portal/api/common/calling/page?tableCode=LAB_DATA
450,LAB_DATA,数字资源-联合实验室数据,556,1502762873532928000,"99999,99999999999998,","联合实验室数据,信令联合实验室数据,",社区级商圈日游客归属外省,信令联合实验室,,DATA,2026/6/5 18:31,2026/6/5 18:49,2026/5/11 11:15,0,0,,0,TRUE,FALSE,,https://dibj.cn/portal/api/common/calling/page?tableCode=LAB_DATA
451,LAB_DATA,数字资源-联合实验室数据,557,1502762873465819136,"99999,99999999999998,","联合实验室数据,信令联合实验室数据,",社区公园瞬时归属地人流量,信令联合实验室,,DATA,2026/6/5 18:31,2026/6/5 18:49,2026/5/11 11:15,0,0,,0,TRUE,FALSE,,https://dibj.cn/portal/api/common/calling/page?tableCode=LAB_DATA
452,LAB_DATA,数字资源-联合实验室数据,558,1502762873398710272,"99999,99999999999998,","联合实验室数据,信令联合实验室数据,",社区级商圈日游客归属本地,信令联合实验室,,DATA,2026/6/5 18:31,2026/6/5 18:49,2026/5/11 11:15,0,0,,0,TRUE,FALSE,,https://dibj.cn/portal/api/common/calling/page?tableCode=LAB_DATA
453,LAB_DATA,数字资源-联合实验室数据,559,1502762873331601408,"99999,99999999999998,","联合实验室数据,信令联合实验室数据,",社区公园瞬时流入流出籍贯地,信令联合实验室,,DATA,2026/6/5 18:31,2026/6/5 18:49,2026/5/11 11:15,0,0,,0,TRUE,FALSE,,https://dibj.cn/portal/api/common/calling/page?tableCode=LAB_DATA
454,LAB_DATA,数字资源-联合实验室数据,560,1502762873268686848,"99999,99999999999998,","联合实验室数据,信令联合实验室数据,",社区公园瞬时人流量籍贯地,信令联合实验室,,DATA,2026/6/5 18:31,2026/6/5 18:49,2026/5/11 11:15,0,0,,0,TRUE,FALSE,,https://dibj.cn/portal/api/common/calling/page?tableCode=LAB_DATA
455,LAB_DATA,数字资源-联合实验室数据,561,1502762873205772288,"99999,99999999999998,","联合实验室数据,信令联合实验室数据,",社区级商圈区域停留时长,信令联合实验室,,DATA,2026/6/5 18:31,2026/6/5 18:49,2026/5/11 11:15,0,0,,0,TRUE,FALSE,,https://dibj.cn/portal/api/common/calling/page?tableCode=LAB_DATA
456,LAB_DATA,数字资源-联合实验室数据,562,1502762873142857728,"99999,99999999999998,","联合实验室数据,信令联合实验室数据,",社区公园瞬时人流量,信令联合实验室,,DATA,2026/6/5 18:31,2026/6/5 18:49,2026/5/11 11:15,0,0,,0,TRUE,FALSE,,https://dibj.cn/portal/api/common/calling/page?tableCode=LAB_DATA
457,LAB_DATA,数字资源-联合实验室数据,563,1502762873079943168,"99999,99999999999998,","联合实验室数据,信令联合实验室数据,",社区级商圈活跃用户BI性别,信令联合实验室,,DATA,2026/6/5 18:31,2026/6/5 18:49,2026/5/11 11:14,0,0,,0,TRUE,FALSE,,https://dibj.cn/portal/api/common/calling/page?tableCode=LAB_DATA
458,LAB_DATA,数字资源-联合实验室数据,564,1502762873017028608,"99999,99999999999998,","联合实验室数据,信令联合实验室数据,",社区公园瞬时人流量性别,信令联合实验室,,DATA,2026/6/5 18:31,2026/6/5 18:49,2026/5/11 11:14,0,0,,0,TRUE,FALSE,,https://dibj.cn/portal/api/common/calling/page?tableCode=LAB_DATA
459,LAB_DATA,数字资源-联合实验室数据,565,1502762872958308352,"99999,99999999999998,","联合实验室数据,信令联合实验室数据,",社区级商圈日游客到访半径分布,信令联合实验室,,DATA,2026/6/5 18:31,2026/6/5 18:49,2026/5/11 11:14,0,0,,0,TRUE,FALSE,,https://dibj.cn/portal/api/common/calling/page?tableCode=LAB_DATA
460,LAB_DATA,数字资源-联合实验室数据,566,1502762872895393792,"99999,99999999999998,","联合实验室数据,信令联合实验室数据,",社区公园瞬时人流量年龄段,信令联合实验室,,DATA,2026/6/5 18:31,2026/6/5 18:49,2026/5/11 11:14,0,0,,0,TRUE,FALSE,,https://dibj.cn/portal/api/common/calling/page?tableCode=LAB_DATA
461,LAB_DATA,数字资源-联合实验室数据,567,1502762872832479232,"99999,99999999999998,","联合实验室数据,信令联合实验室数据,",社区级商圈日夜间游客数,信令联合实验室,,DATA,2026/6/5 18:31,2026/6/5 18:49,2026/5/11 11:14,0,0,,0,TRUE,FALSE,,https://dibj.cn/portal/api/common/calling/page?tableCode=LAB_DATA
462,LAB_DATA,数字资源-联合实验室数据,568,1502762872769564672,"99999,99999999999998,","联合实验室数据,信令联合实验室数据,",社区公园区域出现量BI籍贯归属地,信令联合实验室,,DATA,2026/6/5 18:31,2026/6/5 18:49,2026/5/11 11:13,0,0,,0,TRUE,FALSE,,https://dibj.cn/portal/api/common/calling/page?tableCode=LAB_DATA
463,LAB_DATA,数字资源-联合实验室数据,569,1502762872706650112,"99999,99999999999998,","联合实验室数据,信令联合实验室数据,",地区级商圈日游客归属境外,信令联合实验室,,DATA,2026/6/5 18:31,2026/6/5 18:49,2026/5/11 11:13,0,0,,0,TRUE,FALSE,,https://dibj.cn/portal/api/common/calling/page?tableCode=LAB_DATA
464,LAB_DATA,数字资源-联合实验室数据,570,1502762872639541248,"99999,99999999999998,","联合实验室数据,信令联合实验室数据,",地区级商圈日游客归属外省,信令联合实验室,,DATA,2026/6/5 18:31,2026/6/5 18:49,2026/5/11 11:13,0,0,,0,TRUE,FALSE,,https://dibj.cn/portal/api/common/calling/page?tableCode=LAB_DATA
465,LAB_DATA,数字资源-联合实验室数据,571,1502762872572432384,"99999,99999999999998,","联合实验室数据,信令联合实验室数据,",社区公园区域出现量BI性别,信令联合实验室,,DATA,2026/6/5 18:31,2026/6/5 18:49,2026/5/11 11:13,0,0,,0,TRUE,FALSE,,https://dibj.cn/portal/api/common/calling/page?tableCode=LAB_DATA
466,LAB_DATA,数字资源-联合实验室数据,572,1502762872505323520,"99999,99999999999998,","联合实验室数据,信令联合实验室数据,",社区级商圈活跃用户BI年龄段,信令联合实验室,,DATA,2026/6/5 18:31,2026/6/5 18:49,2026/5/11 11:13,0,0,,0,TRUE,FALSE,,https://dibj.cn/portal/api/common/calling/page?tableCode=LAB_DATA
467,LAB_DATA,数字资源-联合实验室数据,573,1502762872438214656,"99999,99999999999998,","联合实验室数据,信令联合实验室数据,",社区公园区域出现量BI年龄段,信令联合实验室,,DATA,2026/6/5 18:31,2026/6/5 18:49,2026/5/11 11:13,0,0,,0,TRUE,FALSE,,https://dibj.cn/portal/api/common/calling/page?tableCode=LAB_DATA
468,LAB_DATA,数字资源-联合实验室数据,574,1502762872366911488,"99999,99999999999998,","联合实验室数据,信令联合实验室数据,",社区级商圈活跃用户,信令联合实验室,,DATA,2026/6/5 18:31,2026/6/5 18:49,2026/5/11 11:13,0,0,,0,TRUE,FALSE,,https://dibj.cn/portal/api/common/calling/page?tableCode=LAB_DATA
469,LAB_DATA,数字资源-联合实验室数据,575,1502762872295608320,"99999,99999999999998,","联合实验室数据,信令联合实验室数据,",历史名园日游客归属,信令联合实验室,,DATA,2026/6/5 18:31,2026/6/5 18:49,2026/5/11 11:13,0,0,,0,TRUE,FALSE,,https://dibj.cn/portal/api/common/calling/page?tableCode=LAB_DATA
470,LAB_DATA,数字资源-联合实验室数据,576,1502762872228499456,"99999,99999999999998,","联合实验室数据,信令联合实验室数据,",地区级商圈日游客到访半径分布,信令联合实验室,,DATA,2026/6/5 18:31,2026/6/5 18:49,2026/5/11 11:13,0,0,,0,TRUE,FALSE,,https://dibj.cn/portal/api/common/calling/page?tableCode=LAB_DATA
471,LAB_DATA,数字资源-联合实验室数据,577,1502762872157196288,"99999,99999999999998,","联合实验室数据,信令联合实验室数据,",历史名园日游客数,信令联合实验室,,DATA,2026/6/5 18:31,2026/6/5 18:49,2026/5/11 11:13,0,0,,0,TRUE,FALSE,,https://dibj.cn/portal/api/common/calling/page?tableCode=LAB_DATA
472,LAB_DATA,数字资源-联合实验室数据,578,1502762872085893120,"99999,99999999999998,","联合实验室数据,信令联合实验室数据,",地区级商圈日夜间游客数,信令联合实验室,,DATA,2026/6/5 18:31,2026/6/5 18:49,2026/5/11 11:13,0,0,,0,TRUE,FALSE,,https://dibj.cn/portal/api/common/calling/page?tableCode=LAB_DATA
473,LAB_DATA,数字资源-联合实验室数据,579,1502762872014589952,"99999,99999999999998,","联合实验室数据,信令联合实验室数据,",社区公园出现量归属地,信令联合实验室,,DATA,2026/6/5 18:31,2026/6/5 18:49,2026/5/11 11:12,0,0,,0,TRUE,FALSE,,https://dibj.cn/portal/api/common/calling/page?tableCode=LAB_DATA
474,LAB_DATA,数字资源-联合实验室数据,580,1502762871943286784,"99999,99999999999998,","联合实验室数据,信令联合实验室数据,",社区公园区域出现量,信令联合实验室,,DATA,2026/6/5 18:31,2026/6/5 18:49,2026/5/11 11:12,0,0,,0,TRUE,FALSE,,https://dibj.cn/portal/api/common/calling/page?tableCode=LAB_DATA
475,LAB_DATA,数字资源-联合实验室数据,581,1502762871876177920,"99999,99999999999998,","联合实验室数据,信令联合实验室数据,",地区级商圈日游客归属本地,信令联合实验室,,DATA,2026/6/5 18:31,2026/6/5 18:49,2026/5/11 11:12,0,0,,0,TRUE,FALSE,,https://dibj.cn/portal/api/common/calling/page?tableCode=LAB_DATA
476,LAB_DATA,数字资源-联合实验室数据,582,1502762871800680448,"99999,99999999999998,","联合实验室数据,信令联合实验室数据,",历史名园区域停留时长,信令联合实验室,,DATA,2026/6/5 18:31,2026/6/5 18:49,2026/5/11 11:12,0,0,,0,TRUE,FALSE,,https://dibj.cn/portal/api/common/calling/page?tableCode=LAB_DATA
477,LAB_DATA,数字资源-联合实验室数据,583,1502762871712600064,"99999,99999999999998,","联合实验室数据,信令联合实验室数据,",地区级商圈活跃用户BI年龄段,信令联合实验室,,DATA,2026/6/5 18:31,2026/6/5 18:49,2026/5/11 11:12,0,0,,0,TRUE,FALSE,,https://dibj.cn/portal/api/common/calling/page?tableCode=LAB_DATA
478,LAB_DATA,数字资源-联合实验室数据,584,1502762871641296896,"99999,99999999999998,","联合实验室数据,信令联合实验室数据,",历史名园日活跃用户归属,信令联合实验室,,DATA,2026/6/5 18:31,2026/6/5 18:49,2026/5/11 11:12,0,0,,0,TRUE,FALSE,,https://dibj.cn/portal/api/common/calling/page?tableCode=LAB_DATA
479,LAB_DATA,数字资源-联合实验室数据,179,1504414972519862272,"99999,99999999999999,","联合实验室数据,空间图联合实验室数据,",污水处理厂（再生水厂）,空间图实验室,,DATA,2026/6/5 18:31,2026/6/5 18:49,2026/5/14 11:27,0,0,,0,TRUE,FALSE,,https://dibj.cn/portal/api/common/calling/page?tableCode=LAB_DATA
480,LAB_DATA,数字资源-联合实验室数据,180,1504414972435976192,"99999,99999999999999,","联合实验室数据,空间图联合实验室数据,",其他通信设施,空间图实验室,,DATA,2026/6/5 18:31,2026/6/5 18:49,2026/5/14 11:27,0,0,,0,TRUE,FALSE,,https://dibj.cn/portal/api/common/calling/page?tableCode=LAB_DATA
481,LAB_DATA,数字资源-联合实验室数据,181,1504414972356284416,"99999,99999999999999,","联合实验室数据,空间图联合实验室数据,",污水泵站,空间图实验室,,DATA,2026/6/5 18:31,2026/6/5 18:49,2026/5/14 11:27,0,0,,0,TRUE,FALSE,,https://dibj.cn/portal/api/common/calling/page?tableCode=LAB_DATA
482,LAB_DATA,数字资源-联合实验室数据,182,1504414972276592640,"99999,99999999999999,","联合实验室数据,空间图联合实验室数据,",生活垃圾转运站,空间图实验室,,DATA,2026/6/5 18:31,2026/6/5 18:49,2026/5/14 11:27,0,0,,0,TRUE,FALSE,,https://dibj.cn/portal/api/common/calling/page?tableCode=LAB_DATA
483,LAB_DATA,数字资源-联合实验室数据,183,1504414972196900864,"99999,99999999999999,","联合实验室数据,空间图联合实验室数据,",跨河管道,空间图实验室,,DATA,2026/6/5 18:31,2026/6/5 18:49,2026/5/14 11:27,0,0,,0,TRUE,FALSE,,https://dibj.cn/portal/api/common/calling/page?tableCode=LAB_DATA
484,LAB_DATA,数字资源-联合实验室数据,184,1504414972117209088,"99999,99999999999999,","联合实验室数据,空间图联合实验室数据,",设备箱体,空间图实验室,,DATA,2026/6/5 18:31,2026/6/5 18:49,2026/5/14 11:27,0,0,,0,TRUE,FALSE,,https://dibj.cn/portal/api/common/calling/page?tableCode=LAB_DATA
485,LAB_DATA,数字资源-联合实验室数据,185,1504414972037517312,"99999,99999999999999,","联合实验室数据,空间图联合实验室数据,",充电桩,空间图实验室,,DATA,2026/6/5 18:31,2026/7/14 16:23,2026/5/14 11:27,0,0,,1,TRUE,FALSE,,https://dibj.cn/portal/api/common/calling/page?tableCode=LAB_DATA
486,LAB_DATA,数字资源-联合实验室数据,186,1504414971962019840,"99999,99999999999999,","联合实验室数据,空间图联合实验室数据,",井盖,空间图实验室,,DATA,2026/6/5 18:31,2026/6/5 18:49,2026/5/14 11:26,0,0,,0,TRUE,FALSE,,https://dibj.cn/portal/api/common/calling/page?tableCode=LAB_DATA
487,LAB_DATA,数字资源-联合实验室数据,187,1504414971890716672,"99999,99999999999999,","联合实验室数据,空间图联合实验室数据,",治安岗亭,空间图实验室,,DATA,2026/6/5 18:31,2026/6/5 18:49,2026/5/14 11:26,0,0,,0,TRUE,FALSE,,https://dibj.cn/portal/api/common/calling/page?tableCode=LAB_DATA
488,LAB_DATA,数字资源-联合实验室数据,188,1504414971815219200,"99999,99999999999999,","联合实验室数据,空间图联合实验室数据,",亭,空间图实验室,,DATA,2026/6/5 18:31,2026/6/5 18:49,2026/5/14 11:26,0,0,,0,TRUE,FALSE,,https://dibj.cn/portal/api/common/calling/page?tableCode=LAB_DATA
489,LAB_DATA,数字资源-联合实验室数据,189,1504414971748110336,"99999,99999999999999,","联合实验室数据,空间图联合实验室数据,",变压器（箱）,空间图实验室,,DATA,2026/6/5 18:31,2026/6/5 18:49,2026/5/14 11:26,0,0,,0,TRUE,FALSE,,https://dibj.cn/portal/api/common/calling/page?tableCode=LAB_DATA
490,LAB_DATA,数字资源-联合实验室数据,190,1504414971676807168,"99999,99999999999999,","联合实验室数据,空间图联合实验室数据,",自助机,空间图实验室,,DATA,2026/6/5 18:31,2026/6/5 18:49,2026/5/14 11:26,0,0,,0,TRUE,FALSE,,https://dibj.cn/portal/api/common/calling/page?tableCode=LAB_DATA
491,LAB_DATA,数字资源-联合实验室数据,191,1504414971609698304,"99999,99999999999999,","联合实验室数据,空间图联合实验室数据,",监控电子眼,空间图实验室,,DATA,2026/6/5 18:31,2026/6/5 18:49,2026/5/14 11:26,0,0,,0,TRUE,FALSE,,https://dibj.cn/portal/api/common/calling/page?tableCode=LAB_DATA
492,LAB_DATA,数字资源-联合实验室数据,5,1504414971534200832,"99999,99999999999999,","联合实验室数据,空间图联合实验室数据,",快递柜,空间图实验室,,DATA,2026/6/5 18:31,2026/6/5 18:49,2026/5/14 11:26,0,0,,0,TRUE,FALSE,,https://dibj.cn/portal/api/common/calling/page?tableCode=LAB_DATA
493,LAB_DATA,数字资源-联合实验室数据,192,1504414971454509056,"99999,99999999999999,","联合实验室数据,空间图联合实验室数据,",高压线铁塔,空间图实验室,,DATA,2026/6/5 18:31,2026/6/5 18:49,2026/5/14 11:26,0,0,,0,TRUE,FALSE,,https://dibj.cn/portal/api/common/calling/page?tableCode=LAB_DATA
494,LAB_DATA,数字资源-联合实验室数据,193,1504414971387400192,"99999,99999999999999,","联合实验室数据,空间图联合实验室数据,",公共厕所,空间图实验室,,DATA,2026/6/5 18:31,2026/6/5 18:49,2026/5/14 11:26,0,0,,0,TRUE,FALSE,,https://dibj.cn/portal/api/common/calling/page?tableCode=LAB_DATA
495,LAB_DATA,数字资源-联合实验室数据,194,1504414971320291328,"99999,99999999999999,","联合实验室数据,空间图联合实验室数据,",休息亭,空间图实验室,,DATA,2026/6/5 18:31,2026/6/5 18:49,2026/5/14 11:25,0,0,,0,TRUE,FALSE,,https://dibj.cn/portal/api/common/calling/page?tableCode=LAB_DATA
496,LAB_DATA,数字资源-联合实验室数据,195,1504414971248988160,"99999,99999999999999,","联合实验室数据,空间图联合实验室数据,",充电桩,空间图实验室,,DATA,2026/6/5 18:31,2026/6/5 18:49,2026/5/14 11:25,0,0,,0,TRUE,FALSE,,https://dibj.cn/portal/api/common/calling/page?tableCode=LAB_DATA
497,LAB_DATA,数字资源-联合实验室数据,196,1504414971177684992,"99999,99999999999999,","联合实验室数据,空间图联合实验室数据,",燃气调压站（箱）,空间图实验室,,DATA,2026/6/5 18:31,2026/6/5 18:49,2026/5/14 11:25,0,0,,0,TRUE,FALSE,,https://dibj.cn/portal/api/common/calling/page?tableCode=LAB_DATA
498,LAB_DATA,数字资源-联合实验室数据,197,1504414971102187520,"99999,99999999999999,","联合实验室数据,空间图联合实验室数据,",道路显示屏,空间图实验室,,DATA,2026/6/5 18:31,2026/6/5 18:49,2026/5/14 11:25,0,0,,0,TRUE,FALSE,,https://dibj.cn/portal/api/common/calling/page?tableCode=LAB_DATA
499,LAB_DATA,数字资源-联合实验室数据,198,1504414971035078656,"99999,99999999999999,","联合实验室数据,空间图联合实验室数据,",路灯杆,空间图实验室,,DATA,2026/6/5 18:31,2026/6/5 18:49,2026/5/14 11:25,0,0,,0,TRUE,FALSE,,https://dibj.cn/portal/api/common/calling/page?tableCode=LAB_DATA
500,LAB_DATA,数字资源-联合实验室数据,199,1504414970963775488,"99999,99999999999999,","联合实验室数据,空间图联合实验室数据,",其他医疗卫生机构,空间图实验室,,DATA,2026/6/5 18:31,2026/6/5 18:49,2026/5/14 11:25,0,0,,0,TRUE,FALSE,,https://dibj.cn/portal/api/common/calling/page?tableCode=LAB_DATA
501,LAB_DATA,数字资源-联合实验室数据,200,1504414970892472320,"99999,99999999999999,","联合实验室数据,空间图联合实验室数据,",体检医疗机构,空间图实验室,,DATA,2026/6/5 18:31,2026/6/5 18:49,2026/5/14 11:25,0,0,,0,TRUE,FALSE,,https://dibj.cn/portal/api/common/calling/page?tableCode=LAB_DATA
502,LAB_DATA,数字资源-联合实验室数据,201,1504414970825363456,"99999,99999999999999,","联合实验室数据,空间图联合实验室数据,",停车场附属设施,空间图实验室,,DATA,2026/6/5 18:31,2026/6/5 18:49,2026/5/14 11:25,0,0,,0,TRUE,FALSE,,https://dibj.cn/portal/api/common/calling/page?tableCode=LAB_DATA
503,LAB_DATA,数字资源-联合实验室数据,202,1504414970754060288,"99999,99999999999999,","联合实验室数据,空间图联合实验室数据,",医保定点医疗机构,空间图实验室,,DATA,2026/6/5 18:31,2026/6/5 18:49,2026/5/14 11:24,0,0,,0,TRUE,FALSE,,https://dibj.cn/portal/api/common/calling/page?tableCode=LAB_DATA
504,LAB_DATA,数字资源-联合实验室数据,203,1504414970686951424,"99999,99999999999999,","联合实验室数据,空间图联合实验室数据,",里程碑,空间图实验室,,DATA,2026/6/5 18:31,2026/6/5 18:49,2026/5/14 11:24,0,0,,0,TRUE,FALSE,,https://dibj.cn/portal/api/common/calling/page?tableCode=LAB_DATA
505,LAB_DATA,数字资源-联合实验室数据,204,1504414970615648256,"99999,99999999999999,","联合实验室数据,空间图联合实验室数据,",人口信令,空间图实验室,,DATA,2026/6/5 18:31,2026/6/5 18:49,2026/5/14 11:24,0,0,,0,TRUE,FALSE,,https://dibj.cn/portal/api/common/calling/page?tableCode=LAB_DATA
506,LAB_DATA,数字资源-联合实验室数据,205,1504414970548539392,"99999,99999999999999,","联合实验室数据,空间图联合实验室数据,",急救机构,空间图实验室,,DATA,2026/6/5 18:31,2026/6/5 18:49,2026/5/14 11:24,0,0,,0,TRUE,FALSE,,https://dibj.cn/portal/api/common/calling/page?tableCode=LAB_DATA
507,LAB_DATA,数字资源-联合实验室数据,206,1504414970473041920,"99999,99999999999999,","联合实验室数据,空间图联合实验室数据,",公安光缆桩,空间图实验室,,DATA,2026/6/5 18:31,2026/6/5 18:49,2026/5/14 11:24,0,0,,0,TRUE,FALSE,,https://dibj.cn/portal/api/common/calling/page?tableCode=LAB_DATA
508,LAB_DATA,数字资源-联合实验室数据,207,1504414970410127360,"99999,99999999999999,","联合实验室数据,空间图联合实验室数据,",视频监控设施,空间图实验室,,DATA,2026/6/5 18:31,2026/6/5 18:49,2026/5/14 11:24,0,0,,0,TRUE,FALSE,,https://dibj.cn/portal/api/common/calling/page?tableCode=LAB_DATA
509,LAB_DATA,数字资源-联合实验室数据,208,1504414970338824192,"99999,99999999999999,","联合实验室数据,空间图联合实验室数据,",酒店图层,空间图实验室,,DATA,2026/6/5 18:31,2026/6/5 18:49,2026/5/14 11:24,0,0,,0,TRUE,FALSE,,https://dibj.cn/portal/api/common/calling/page?tableCode=LAB_DATA
510,LAB_DATA,数字资源-联合实验室数据,209,1504414970267521024,"99999,99999999999999,","联合实验室数据,空间图联合实验室数据,",停车场,空间图实验室,,DATA,2026/6/5 18:31,2026/6/5 18:49,2026/5/14 11:24,0,0,,0,TRUE,FALSE,,https://dibj.cn/portal/api/common/calling/page?tableCode=LAB_DATA
511,LAB_DATA,数字资源-联合实验室数据,210,1504414970196217856,"99999,99999999999999,","联合实验室数据,空间图联合实验室数据,",传感监测设施,空间图实验室,,DATA,2026/6/5 18:31,2026/6/5 18:49,2026/5/14 11:24,0,0,,0,TRUE,FALSE,,https://dibj.cn/portal/api/common/calling/page?tableCode=LAB_DATA
512,LAB_DATA,数字资源-联合实验室数据,211,1504414970124914688,"99999,99999999999999,","联合实验室数据,空间图联合实验室数据,",旅游景点,空间图实验室,,DATA,2026/6/5 18:31,2026/7/25 20:05,2026/5/14 11:23,0,0,,1,TRUE,FALSE,,https://dibj.cn/portal/api/common/calling/page?tableCode=LAB_DATA
513,LAB_DATA,数字资源-联合实验室数据,212,1504414970053611520,"99999,99999999999999,","联合实验室数据,空间图联合实验室数据,",界桩,空间图实验室,,DATA,2026/6/5 18:31,2026/6/5 18:49,2026/5/14 11:23,0,0,,0,TRUE,FALSE,,https://dibj.cn/portal/api/common/calling/page?tableCode=LAB_DATA
514,LAB_DATA,数字资源-联合实验室数据,213,1504414969986502656,"99999,99999999999999,","联合实验室数据,空间图联合实验室数据,",视频解析设施,空间图实验室,,DATA,2026/6/5 18:31,2026/6/5 18:49,2026/5/14 11:23,0,0,,0,TRUE,FALSE,,https://dibj.cn/portal/api/common/calling/page?tableCode=LAB_DATA
515,LAB_DATA,数字资源-联合实验室数据,214,1504414969919393792,"99999,99999999999999,","联合实验室数据,空间图联合实验室数据,",经营性互联网文化单位,空间图实验室,,DATA,2026/6/5 18:31,2026/6/5 18:49,2026/5/14 11:23,0,0,,0,TRUE,FALSE,,https://dibj.cn/portal/api/common/calling/page?tableCode=LAB_DATA
516,LAB_DATA,数字资源-联合实验室数据,215,1504414969848090624,"99999,99999999999999,","联合实验室数据,空间图联合实验室数据,",管道附属设施,空间图实验室,,DATA,2026/6/5 18:31,2026/6/5 18:49,2026/5/14 11:23,0,0,,0,TRUE,FALSE,,https://dibj.cn/portal/api/common/calling/page?tableCode=LAB_DATA
517,LAB_DATA,数字资源-联合实验室数据,216,1504414969780981760,"99999,99999999999999,","联合实验室数据,空间图联合实验室数据,",位置定位设施,空间图实验室,,DATA,2026/6/5 18:31,2026/6/5 18:49,2026/5/14 11:23,0,0,,0,TRUE,FALSE,,https://dibj.cn/portal/api/common/calling/page?tableCode=LAB_DATA
518,LAB_DATA,数字资源-联合实验室数据,217,1504414969709678592,"99999,99999999999999,","联合实验室数据,空间图联合实验室数据,",演出经纪机构,空间图实验室,,DATA,2026/6/5 18:31,2026/6/5 18:49,2026/5/14 11:23,0,0,,0,TRUE,FALSE,,https://dibj.cn/portal/api/common/calling/page?tableCode=LAB_DATA
519,LAB_DATA,数字资源-联合实验室数据,218,1504414969642569728,"99999,99999999999999,","联合实验室数据,空间图联合实验室数据,",智能快件柜,空间图实验室,,DATA,2026/6/5 18:31,2026/6/5 18:49,2026/5/14 11:23,0,0,,0,TRUE,FALSE,,https://dibj.cn/portal/api/common/calling/page?tableCode=LAB_DATA
520,LAB_DATA,数字资源-联合实验室数据,219,1504414969571266560,"99999,99999999999999,","联合实验室数据,空间图联合实验室数据,",感知载体设施,空间图实验室,,DATA,2026/6/5 18:31,2026/6/5 18:49,2026/5/14 11:23,0,0,,0,TRUE,FALSE,,https://dibj.cn/portal/api/common/calling/page?tableCode=LAB_DATA
521,LAB_DATA,数字资源-联合实验室数据,220,1504414986038104064,"99999,99999999999999,","联合实验室数据,空间图联合实验室数据,",社会保障卡服务网点,空间图实验室,,DATA,2026/6/5 18:31,2026/6/5 18:49,2026/5/14 11:22,0,0,,0,TRUE,FALSE,,https://dibj.cn/portal/api/common/calling/page?tableCode=LAB_DATA
522,LAB_DATA,数字资源-联合实验室数据,221,1504414986105212928,"99999,99999999999999,","联合实验室数据,空间图联合实验室数据,",污水口监测站,空间图实验室,,DATA,2026/6/5 18:31,2026/6/5 18:49,2026/5/14 11:22,0,0,,0,TRUE,FALSE,,https://dibj.cn/portal/api/common/calling/page?tableCode=LAB_DATA
523,LAB_DATA,数字资源-联合实验室数据,222,1504414986180710400,"99999,99999999999999,","联合实验室数据,空间图联合实验室数据,",网格,空间图实验室,,DATA,2026/6/5 18:31,2026/6/5 18:49,2026/5/14 11:22,0,0,,0,TRUE,FALSE,,https://dibj.cn/portal/api/common/calling/page?tableCode=LAB_DATA
524,LAB_DATA,数字资源-联合实验室数据,223,1504414969504157696,"99999,99999999999999,","联合实验室数据,空间图联合实验室数据,",经营性演出场所,空间图实验室,,DATA,2026/6/5 18:31,2026/6/5 18:49,2026/5/14 11:20,0,0,,0,TRUE,FALSE,,https://dibj.cn/portal/api/common/calling/page?tableCode=LAB_DATA
525,LAB_DATA,数字资源-联合实验室数据,224,1504414969432854528,"99999,99999999999999,","联合实验室数据,空间图联合实验室数据,",露天燃气管道,空间图实验室,,DATA,2026/6/5 18:31,2026/6/5 18:49,2026/5/14 11:20,0,0,,0,TRUE,FALSE,,https://dibj.cn/portal/api/common/calling/page?tableCode=LAB_DATA
526,LAB_DATA,数字资源-联合实验室数据,225,1504414969361551360,"99999,99999999999999,","联合实验室数据,空间图联合实验室数据,",充电站,空间图实验室,,DATA,2026/6/5 18:31,2026/6/5 18:49,2026/5/14 11:20,0,0,,0,TRUE,FALSE,,https://dibj.cn/portal/api/common/calling/page?tableCode=LAB_DATA
527,LAB_DATA,数字资源-联合实验室数据,226,1504414969290248192,"99999,99999999999999,","联合实验室数据,空间图联合实验室数据,",有出境权旅行社,空间图实验室,,DATA,2026/6/5 18:31,2026/6/5 18:49,2026/5/14 11:19,0,0,,0,TRUE,FALSE,,https://dibj.cn/portal/api/common/calling/page?tableCode=LAB_DATA
528,LAB_DATA,数字资源-联合实验室数据,227,1504414969218945024,"99999,99999999999999,","联合实验室数据,空间图联合实验室数据,",电力通风口,空间图实验室,,DATA,2026/6/5 18:31,2026/6/5 18:49,2026/5/14 11:19,0,0,,0,TRUE,FALSE,,https://dibj.cn/portal/api/common/calling/page?tableCode=LAB_DATA
529,LAB_DATA,数字资源-联合实验室数据,228,1504414969147641856,"99999,99999999999999,","联合实验室数据,空间图联合实验室数据,",加油站,空间图实验室,,DATA,2026/6/5 18:31,2026/6/5 18:49,2026/5/14 11:19,0,0,,0,TRUE,FALSE,,https://dibj.cn/portal/api/common/calling/page?tableCode=LAB_DATA
530,LAB_DATA,数字资源-联合实验室数据,229,1504414969000841216,"99999,99999999999999,","联合实验室数据,空间图联合实验室数据,",建筑垃圾消纳场所,空间图实验室,,DATA,2026/6/5 18:31,2026/6/5 18:49,2026/5/14 11:19,0,0,,0,TRUE,FALSE,,https://dibj.cn/portal/api/common/calling/page?tableCode=LAB_DATA
531,LAB_DATA,数字资源-联合实验室数据,6,1504414969076338688,"99999,99999999999999,","联合实验室数据,空间图联合实验室数据,",路边停车场,空间图实验室,,DATA,2026/6/5 18:31,2026/6/5 18:49,2026/5/14 11:18,0,0,,0,TRUE,FALSE,,https://dibj.cn/portal/api/common/calling/page?tableCode=LAB_DATA
532,LAB_DATA,数字资源-联合实验室数据,230,1504414968929538048,"99999,99999999999999,","联合实验室数据,空间图联合实验室数据,",密闭式清洁站,空间图实验室,,DATA,2026/6/5 18:31,2026/6/5 18:49,2026/5/14 11:18,0,0,,0,TRUE,FALSE,,https://dibj.cn/portal/api/common/calling/page?tableCode=LAB_DATA
533,LAB_DATA,数字资源-联合实验室数据,231,1504414968854040576,"99999,99999999999999,","联合实验室数据,空间图联合实验室数据,",机关法人,空间图实验室,,DATA,2026/6/5 18:31,2026/6/5 18:49,2026/5/14 11:18,0,0,,0,TRUE,FALSE,,https://dibj.cn/portal/api/common/calling/page?tableCode=LAB_DATA
534,LAB_DATA,数字资源-联合实验室数据,232,1504414968778543104,"99999,99999999999999,","联合实验室数据,空间图联合实验室数据,",民办非企业,空间图实验室,,DATA,2026/6/5 18:31,2026/6/5 18:49,2026/5/14 11:17,0,0,,0,TRUE,FALSE,,https://dibj.cn/portal/api/common/calling/page?tableCode=LAB_DATA
535,LAB_DATA,数字资源-联合实验室数据,233,1504414968703045632,"99999,99999999999999,","联合实验室数据,空间图联合实验室数据,",公交站亭,空间图实验室,,DATA,2026/6/5 18:31,2026/6/5 18:49,2026/5/14 11:17,0,0,,0,TRUE,FALSE,,https://dibj.cn/portal/api/common/calling/page?tableCode=LAB_DATA
536,LAB_DATA,数字资源-联合实验室数据,234,1504414968627548160,"99999,99999999999999,","联合实验室数据,空间图联合实验室数据,",社会团体,空间图实验室,,DATA,2026/6/5 18:31,2026/6/5 18:49,2026/5/14 11:17,0,0,,0,TRUE,FALSE,,https://dibj.cn/portal/api/common/calling/page?tableCode=LAB_DATA
537,LAB_DATA,数字资源-联合实验室数据,235,1504414986256207872,"99999,99999999999999,","联合实验室数据,空间图联合实验室数据,",城乡居民保险单位信息,空间图实验室,,DATA,2026/6/5 18:31,2026/6/5 18:49,2026/5/14 11:17,0,0,,0,TRUE,FALSE,,https://dibj.cn/portal/api/common/calling/page?tableCode=LAB_DATA
538,LAB_DATA,数字资源-联合实验室数据,236,1504414986331705344,"99999,99999999999999,","联合实验室数据,空间图联合实验室数据,",街道,空间图实验室,,DATA,2026/6/5 18:31,2026/6/5 18:49,2026/5/14 11:17,0,0,,0,TRUE,FALSE,,https://dibj.cn/portal/api/common/calling/page?tableCode=LAB_DATA
539,LAB_DATA,数字资源-联合实验室数据,237,1504414986398814208,"99999,99999999999999,","联合实验室数据,空间图联合实验室数据,",副中心界限,空间图实验室,,DATA,2026/6/5 18:31,2026/6/5 18:49,2026/5/14 11:16,0,0,,0,TRUE,FALSE,,https://dibj.cn/portal/api/common/calling/page?tableCode=LAB_DATA
540,LAB_DATA,数字资源-联合实验室数据,238,1504414986474311680,"99999,99999999999999,","联合实验室数据,空间图联合实验室数据,",线状地名,空间图实验室,,DATA,2026/6/5 18:31,2026/6/5 18:49,2026/5/14 11:16,0,0,,0,TRUE,FALSE,,https://dibj.cn/portal/api/common/calling/page?tableCode=LAB_DATA
541,LAB_DATA,数字资源-联合实验室数据,239,1504414986545614848,"99999,99999999999999,","联合实验室数据,空间图联合实验室数据,",宣传栏,空间图实验室,,DATA,2026/6/5 18:31,2026/6/5 18:49,2026/5/14 11:16,0,0,,0,TRUE,FALSE,,https://dibj.cn/portal/api/common/calling/page?tableCode=LAB_DATA
542,LAB_DATA,数字资源-联合实验室数据,240,1504414986616918016,"99999,99999999999999,","联合实验室数据,空间图联合实验室数据,",污水监测器,空间图实验室,,DATA,2026/6/5 18:31,2026/6/5 18:49,2026/5/14 11:16,0,0,,0,TRUE,FALSE,,https://dibj.cn/portal/api/common/calling/page?tableCode=LAB_DATA
543,LAB_DATA,数字资源-联合实验室数据,241,1504414986688221184,"99999,99999999999999,","联合实验室数据,空间图联合实验室数据,",堤防险工程,空间图实验室,,DATA,2026/6/5 18:31,2026/6/5 18:49,2026/5/14 11:16,0,0,,0,TRUE,FALSE,,https://dibj.cn/portal/api/common/calling/page?tableCode=LAB_DATA
544,LAB_DATA,数字资源-联合实验室数据,242,1504414986767912960,"99999,99999999999999,","联合实验室数据,空间图联合实验室数据,",行道树,空间图实验室,,DATA,2026/6/5 18:31,2026/6/5 18:49,2026/5/14 11:16,0,0,,0,TRUE,FALSE,,https://dibj.cn/portal/api/common/calling/page?tableCode=LAB_DATA
545,LAB_DATA,数字资源-联合实验室数据,243,1504414986839216128,"99999,99999999999999,","联合实验室数据,空间图联合实验室数据,",街乡镇边界,空间图实验室,,DATA,2026/6/5 18:31,2026/6/5 18:49,2026/5/14 11:16,0,0,,0,TRUE,FALSE,,https://dibj.cn/portal/api/common/calling/page?tableCode=LAB_DATA
546,LAB_DATA,数字资源-联合实验室数据,244,1504414987065708544,"99999,99999999999999,","联合实验室数据,空间图联合实验室数据,",北京市残疾人社会组织,空间图实验室,,DATA,2026/6/5 18:31,2026/6/5 18:49,2026/5/14 11:15,0,0,,0,TRUE,FALSE,,https://dibj.cn/portal/api/common/calling/page?tableCode=LAB_DATA
547,LAB_DATA,数字资源-联合实验室数据,245,1504414987137011712,"99999,99999999999999,","联合实验室数据,空间图联合实验室数据,",栈桥,空间图实验室,,DATA,2026/6/5 18:31,2026/6/5 18:49,2026/5/14 11:15,0,0,,0,TRUE,FALSE,,https://dibj.cn/portal/api/common/calling/page?tableCode=LAB_DATA
548,LAB_DATA,数字资源-联合实验室数据,246,1504414987208314880,"99999,99999999999999,","联合实验室数据,空间图联合实验室数据,",学校,空间图实验室,,DATA,2026/6/5 18:31,2026/6/5 18:49,2026/5/14 11:15,0,0,,0,TRUE,FALSE,,https://dibj.cn/portal/api/common/calling/page?tableCode=LAB_DATA
549,LAB_DATA,数字资源-联合实验室数据,247,1504414987279618048,"99999,99999999999999,","联合实验室数据,空间图联合实验室数据,",派出所户政窗口,空间图实验室,,DATA,2026/6/5 18:31,2026/6/5 18:49,2026/5/14 11:15,0,0,,0,TRUE,FALSE,,https://dibj.cn/portal/api/common/calling/page?tableCode=LAB_DATA
550,LAB_DATA,数字资源-联合实验室数据,248,1504414987359309824,"99999,99999999999999,","联合实验室数据,空间图联合实验室数据,",减速带,空间图实验室,,DATA,2026/6/5 18:31,2026/6/5 18:49,2026/5/14 11:15,0,0,,0,TRUE,FALSE,,https://dibj.cn/portal/api/common/calling/page?tableCode=LAB_DATA
551,LAB_DATA,数字资源-联合实验室数据,249,1504414987434807296,"99999,99999999999999,","联合实验室数据,空间图联合实验室数据,",医院,空间图实验室,,DATA,2026/6/5 18:31,2026/6/5 18:49,2026/5/14 11:15,0,0,,0,TRUE,FALSE,,https://dibj.cn/portal/api/common/calling/page?tableCode=LAB_DATA
552,LAB_DATA,数字资源-联合实验室数据,250,1504414987506110464,"99999,99999999999999,","联合实验室数据,空间图联合实验室数据,",网吧图层,空间图实验室,,DATA,2026/6/5 18:31,2026/6/5 18:49,2026/5/14 11:15,0,0,,0,TRUE,FALSE,,https://dibj.cn/portal/api/common/calling/page?tableCode=LAB_DATA
553,LAB_DATA,数字资源-联合实验室数据,251,1504414987577413632,"99999,99999999999999,","联合实验室数据,空间图联合实验室数据,",噪声显示屏,空间图实验室,,DATA,2026/6/5 18:31,2026/6/5 18:49,2026/5/14 11:15,0,0,,0,TRUE,FALSE,,https://dibj.cn/portal/api/common/calling/page?tableCode=LAB_DATA
554,LAB_DATA,数字资源-联合实验室数据,252,1504414986990211072,"99999,99999999999999,","联合实验室数据,空间图联合实验室数据,",轨道交通设施,空间图实验室,,DATA,2026/6/5 18:31,2026/7/14 16:24,2026/5/14 11:14,0,0,,2,TRUE,FALSE,,https://dibj.cn/portal/api/common/calling/page?tableCode=LAB_DATA
555,LAB_DATA,数字资源-联合实验室数据,253,1504414986918907904,"99999,99999999999999,","联合实验室数据,空间图联合实验室数据,",点状地名,空间图实验室,,DATA,2026/6/5 18:31,2026/6/5 18:49,2026/5/14 11:14,0,0,,0,TRUE,FALSE,,https://dibj.cn/portal/api/common/calling/page?tableCode=LAB_DATA
556,LAB_DATA,数字资源-联合实验室数据,254,1504414987652911104,"99999,99999999999999,","联合实验室数据,空间图联合实验室数据,",街道区划,空间图实验室,,DATA,2026/6/5 18:31,2026/6/5 18:49,2026/5/14 11:14,0,0,,0,TRUE,FALSE,,https://dibj.cn/portal/api/common/calling/page?tableCode=LAB_DATA
557,LAB_DATA,数字资源-联合实验室数据,255,1504414987732602880,"99999,99999999999999,","联合实验室数据,空间图联合实验室数据,",警务工作室,空间图实验室,,DATA,2026/6/5 18:31,2026/6/5 18:49,2026/5/14 11:03,0,0,,0,TRUE,FALSE,,https://dibj.cn/portal/api/common/calling/page?tableCode=LAB_DATA
558,LAB_DATA,数字资源-联合实验室数据,256,1504414987812294656,"99999,99999999999999,","联合实验室数据,空间图联合实验室数据,",存车支架,空间图实验室,,DATA,2026/6/5 18:31,2026/6/5 18:49,2026/5/14 11:00,0,0,,0,TRUE,FALSE,,https://dibj.cn/portal/api/common/calling/page?tableCode=LAB_DATA
559,LAB_DATA,数字资源-联合实验室数据,257,1504414987887792128,"99999,99999999999999,","联合实验室数据,空间图联合实验室数据,",污水场站,空间图实验室,,DATA,2026/6/5 18:31,2026/6/5 18:49,2026/5/14 11:00,0,0,,0,TRUE,FALSE,,https://dibj.cn/portal/api/common/calling/page?tableCode=LAB_DATA
560,LAB_DATA,数字资源-联合实验室数据,258,1504414987963289600,"99999,99999999999999,","联合实验室数据,空间图联合实验室数据,",新增固定式交通技术监控设备,空间图实验室,,DATA,2026/6/5 18:31,2026/6/5 18:49,2026/5/14 11:00,0,0,,0,TRUE,FALSE,,https://dibj.cn/portal/api/common/calling/page?tableCode=LAB_DATA
561,LAB_DATA,数字资源-联合实验室数据,259,1504414988038787072,"99999,99999999999999,","联合实验室数据,空间图联合实验室数据,",垃圾中转站,空间图实验室,,DATA,2026/6/5 18:31,2026/6/5 18:49,2026/5/14 11:00,0,0,,0,TRUE,FALSE,,https://dibj.cn/portal/api/common/calling/page?tableCode=LAB_DATA
562,LAB_DATA,数字资源-联合实验室数据,260,1504414988114284544,"99999,99999999999999,","联合实验室数据,空间图联合实验室数据,",行政区和社区界限,空间图实验室,,DATA,2026/6/5 18:31,2026/6/5 18:49,2026/5/14 11:00,0,0,,0,TRUE,FALSE,,https://dibj.cn/portal/api/common/calling/page?tableCode=LAB_DATA
563,LAB_DATA,数字资源-联合实验室数据,261,1504414988189782016,"99999,99999999999999,","联合实验室数据,空间图联合实验室数据,",保安服务公司基础信息,空间图实验室,,DATA,2026/6/5 18:31,2026/8/23 23:29,2026/5/14 11:00,0,0,,2,TRUE,FALSE,,https://dibj.cn/portal/api/common/calling/page?tableCode=LAB_DATA
564,LAB_DATA,数字资源-联合实验室数据,262,1504414988265279488,"99999,99999999999999,","联合实验室数据,空间图联合实验室数据,",牌匾标识,空间图实验室,,DATA,2026/6/5 18:31,2026/6/5 18:49,2026/5/14 11:00,0,0,,0,TRUE,FALSE,,https://dibj.cn/portal/api/common/calling/page?tableCode=LAB_DATA
565,LAB_DATA,数字资源-联合实验室数据,7,1504414988344971264,"99999,99999999999999,","联合实验室数据,空间图联合实验室数据,",积水点监测,空间图实验室,,DATA,2026/6/5 18:31,2026/8/3 16:21,2026/5/14 11:00,0,0,,1,TRUE,FALSE,,https://dibj.cn/portal/api/common/calling/page?tableCode=LAB_DATA
566,LAB_DATA,数字资源-联合实验室数据,263,1504414988420468736,"99999,99999999999999,","联合实验室数据,空间图联合实验室数据,",进京检查站,空间图实验室,,DATA,2026/6/5 18:31,2026/6/5 18:49,2026/5/14 10:59,0,0,,0,TRUE,FALSE,,https://dibj.cn/portal/api/common/calling/page?tableCode=LAB_DATA
567,LAB_DATA,数字资源-联合实验室数据,264,1504414988495966208,"99999,99999999999999,","联合实验室数据,空间图联合实验室数据,",垃圾箱,空间图实验室,,DATA,2026/6/5 18:31,2026/6/5 18:49,2026/5/14 10:58,0,0,,0,TRUE,FALSE,,https://dibj.cn/portal/api/common/calling/page?tableCode=LAB_DATA
568,LAB_DATA,数字资源-联合实验室数据,265,1504414988567269376,"99999,99999999999999,","联合实验室数据,空间图联合实验室数据,",闸坝分布,空间图实验室,,DATA,2026/6/5 18:31,2026/6/5 18:49,2026/5/14 10:58,0,0,,0,TRUE,FALSE,,https://dibj.cn/portal/api/common/calling/page?tableCode=LAB_DATA
569,LAB_DATA,数字资源-联合实验室数据,266,1504414988642766848,"99999,99999999999999,","联合实验室数据,空间图联合实验室数据,",养老服务机构,空间图实验室,,DATA,2026/6/5 18:31,2026/6/5 18:49,2026/5/14 10:58,0,0,,0,TRUE,FALSE,,https://dibj.cn/portal/api/common/calling/page?tableCode=LAB_DATA
570,LAB_DATA,数字资源-联合实验室数据,267,1504414988714070016,"99999,99999999999999,","联合实验室数据,空间图联合实验室数据,",户外广告设施,空间图实验室,,DATA,2026/6/5 18:31,2026/6/5 18:49,2026/5/14 10:58,0,0,,0,TRUE,FALSE,,https://dibj.cn/portal/api/common/calling/page?tableCode=LAB_DATA
571,LAB_DATA,数字资源-联合实验室数据,268,1504414988781178880,"99999,99999999999999,","联合实验室数据,空间图联合实验室数据,",闸坝监测,空间图实验室,,DATA,2026/6/5 18:31,2026/6/5 18:49,2026/5/14 10:58,0,0,,0,TRUE,FALSE,,https://dibj.cn/portal/api/common/calling/page?tableCode=LAB_DATA
572,LAB_DATA,数字资源-联合实验室数据,269,1504414988852482048,"99999,99999999999999,","联合实验室数据,空间图联合实验室数据,",社区服务中心,空间图实验室,,DATA,2026/6/5 18:31,2026/6/5 18:49,2026/5/14 10:58,0,0,,0,TRUE,FALSE,,https://dibj.cn/portal/api/common/calling/page?tableCode=LAB_DATA
573,LAB_DATA,数字资源-联合实验室数据,270,1504414988919590912,"99999,99999999999999,","联合实验室数据,空间图联合实验室数据,",水位监测点,空间图实验室,,DATA,2026/6/5 18:31,2026/6/5 18:49,2026/5/14 10:58,0,0,,0,TRUE,FALSE,,https://dibj.cn/portal/api/common/calling/page?tableCode=LAB_DATA
574,LAB_DATA,数字资源-联合实验室数据,271,1504414989003476992,"99999,99999999999999,","联合实验室数据,空间图联合实验室数据,",殡仪服务机构,空间图实验室,,DATA,2026/6/5 18:31,2026/6/5 18:49,2026/5/14 10:58,0,0,,0,TRUE,FALSE,,https://dibj.cn/portal/api/common/calling/page?tableCode=LAB_DATA
575,LAB_DATA,数字资源-联合实验室数据,272,1504414989074780160,"99999,99999999999999,","联合实验室数据,空间图联合实验室数据,",市区政府驻地,空间图实验室,,DATA,2026/6/5 18:31,2026/6/5 18:49,2026/5/14 10:58,0,0,,0,TRUE,FALSE,,https://dibj.cn/portal/api/common/calling/page?tableCode=LAB_DATA
576,LAB_DATA,数字资源-联合实验室数据,273,1504414989146083328,"99999,99999999999999,","联合实验室数据,空间图联合实验室数据,",公交站牌,空间图实验室,,DATA,2026/6/5 18:31,2026/6/5 18:49,2026/5/14 10:58,0,0,,0,TRUE,FALSE,,https://dibj.cn/portal/api/common/calling/page?tableCode=LAB_DATA
577,LAB_DATA,数字资源-联合实验室数据,274,1504414989221580800,"99999,99999999999999,","联合实验室数据,空间图联合实验室数据,",铁道口设施,空间图实验室,,DATA,2026/6/5 18:31,2026/6/5 18:49,2026/5/14 10:58,0,0,,0,TRUE,FALSE,,https://dibj.cn/portal/api/common/calling/page?tableCode=LAB_DATA
578,LAB_DATA,数字资源-联合实验室数据,275,1504414989305466880,"99999,99999999999999,","联合实验室数据,空间图联合实验室数据,",实时降雨,空间图实验室,,DATA,2026/6/5 18:31,2026/6/5 18:49,2026/5/14 10:57,0,0,,0,TRUE,FALSE,,https://dibj.cn/portal/api/common/calling/page?tableCode=LAB_DATA
579,LAB_DATA,数字资源-联合实验室数据,276,1504414989393547264,"99999,99999999999999,","联合实验室数据,空间图联合实验室数据,",限高架标志,空间图实验室,,DATA,2026/6/5 18:31,2026/6/5 18:49,2026/5/14 10:57,0,0,,0,TRUE,FALSE,,https://dibj.cn/portal/api/common/calling/page?tableCode=LAB_DATA
580,LAB_DATA,数字资源-联合实验室数据,277,1504414989473239040,"99999,99999999999999,","联合实验室数据,空间图联合实验室数据,",交通信号灯,空间图实验室,,DATA,2026/6/5 18:31,2026/6/5 18:49,2026/5/14 10:57,0,0,,0,TRUE,FALSE,,https://dibj.cn/portal/api/common/calling/page?tableCode=LAB_DATA
581,LAB_DATA,数字资源-联合实验室数据,278,1504414989557125120,"99999,99999999999999,","联合实验室数据,空间图联合实验室数据,",注册公园,空间图实验室,,DATA,2026/6/5 18:31,2026/6/5 18:49,2026/5/14 10:57,0,0,,0,TRUE,FALSE,,https://dibj.cn/portal/api/common/calling/page?tableCode=LAB_DATA
582,LAB_DATA,数字资源-联合实验室数据,279,1504414989687148544,"99999,99999999999999,","联合实验室数据,空间图联合实验室数据,",交通护栏,空间图实验室,,DATA,2026/6/5 18:31,2026/6/5 18:49,2026/5/14 10:57,0,0,,0,TRUE,FALSE,,https://dibj.cn/portal/api/common/calling/page?tableCode=LAB_DATA
583,LAB_DATA,数字资源-联合实验室数据,280,1504414989771034624,"99999,99999999999999,","联合实验室数据,空间图联合实验室数据,",古树名木,空间图实验室,,DATA,2026/6/5 18:31,2026/6/5 18:49,2026/5/14 10:57,0,0,,0,TRUE,FALSE,,https://dibj.cn/portal/api/common/calling/page?tableCode=LAB_DATA
584,LAB_DATA,数字资源-联合实验室数据,281,1504414989846532096,"99999,99999999999999,","联合实验室数据,空间图联合实验室数据,",机动车驾驶考试场,空间图实验室,,DATA,2026/6/5 18:31,2026/7/6 10:48,2026/5/14 10:57,0,0,,1,TRUE,FALSE,,https://dibj.cn/portal/api/common/calling/page?tableCode=LAB_DATA
585,LAB_DATA,数字资源-联合实验室数据,282,1504414989922029568,"99999,99999999999999,","联合实验室数据,空间图联合实验室数据,",道路信息显示屏,空间图实验室,,DATA,2026/6/5 18:31,2026/6/5 18:49,2026/5/14 10:57,0,0,,0,TRUE,FALSE,,https://dibj.cn/portal/api/common/calling/page?tableCode=LAB_DATA
586,LAB_DATA,数字资源-联合实验室数据,283,1504414989997527040,"99999,99999999999999,","联合实验室数据,空间图联合实验室数据,",12组团街区划分图,空间图实验室,,DATA,2026/6/5 18:31,2026/6/5 18:49,2026/5/14 10:35,0,0,,0,TRUE,FALSE,,https://dibj.cn/portal/api/common/calling/page?tableCode=LAB_DATA
587,LAB_DATA,数字资源-联合实验室数据,284,1504414990077218816,"99999,99999999999999,","联合实验室数据,空间图联合实验室数据,",交通执法机构,空间图实验室,,DATA,2026/6/5 18:31,2026/6/5 18:49,2026/5/14 10:35,0,0,,0,TRUE,FALSE,,https://dibj.cn/portal/api/common/calling/page?tableCode=LAB_DATA
588,LAB_DATA,数字资源-联合实验室数据,285,1504414990161104896,"99999,99999999999999,","联合实验室数据,空间图联合实验室数据,",自行车租赁点,空间图实验室,,DATA,2026/6/5 18:31,2026/6/5 18:49,2026/5/14 10:35,0,0,,0,TRUE,FALSE,,https://dibj.cn/portal/api/common/calling/page?tableCode=LAB_DATA
589,LAB_DATA,数字资源-联合实验室数据,286,1504414990240796672,"99999,99999999999999,","联合实验室数据,空间图联合实验室数据,",副中心功能区分布点图,空间图实验室,,DATA,2026/6/5 18:31,2026/6/5 18:49,2026/5/14 10:35,0,0,,0,TRUE,FALSE,,https://dibj.cn/portal/api/common/calling/page?tableCode=LAB_DATA
590,LAB_DATA,数字资源-联合实验室数据,287,1504414990320488448,"99999,99999999999999,","联合实验室数据,空间图联合实验室数据,",交通支大队,空间图实验室,,DATA,2026/6/5 18:31,2026/6/5 18:49,2026/5/14 10:35,0,0,,0,TRUE,FALSE,,https://dibj.cn/portal/api/common/calling/page?tableCode=LAB_DATA
591,LAB_DATA,数字资源-联合实验室数据,288,1504414990400180224,"99999,99999999999999,","联合实验室数据,空间图联合实验室数据,",防撞桶,空间图实验室,,DATA,2026/6/5 18:31,2026/6/5 18:49,2026/5/14 10:34,0,0,,0,TRUE,FALSE,,https://dibj.cn/portal/api/common/calling/page?tableCode=LAB_DATA
592,LAB_DATA,数字资源-联合实验室数据,289,1504414990479872000,"99999,99999999999999,","联合实验室数据,空间图联合实验室数据,",一级网格,空间图实验室,,DATA,2026/6/5 18:31,2026/6/5 18:49,2026/5/14 10:34,0,0,,0,TRUE,FALSE,,https://dibj.cn/portal/api/common/calling/page?tableCode=LAB_DATA
593,LAB_DATA,数字资源-联合实验室数据,290,1504414990760890368,"99999,99999999999999,","联合实验室数据,空间图联合实验室数据,",社区民警及警务工作室,空间图实验室,,DATA,2026/6/5 18:31,2026/6/5 18:49,2026/5/14 10:34,0,0,,0,TRUE,FALSE,,https://dibj.cn/portal/api/common/calling/page?tableCode=LAB_DATA
594,LAB_DATA,数字资源-联合实验室数据,291,1504414990844776448,"99999,99999999999999,","联合实验室数据,空间图联合实验室数据,",便道桩,空间图实验室,,DATA,2026/6/5 18:31,2026/6/5 18:49,2026/5/14 10:34,0,0,,0,TRUE,FALSE,,https://dibj.cn/portal/api/common/calling/page?tableCode=LAB_DATA
595,LAB_DATA,数字资源-联合实验室数据,292,1504414990920273920,"99999,99999999999999,","联合实验室数据,空间图联合实验室数据,",二级网格,空间图实验室,,DATA,2026/6/5 18:31,2026/6/5 18:49,2026/5/14 10:34,0,0,,0,TRUE,FALSE,,https://dibj.cn/portal/api/common/calling/page?tableCode=LAB_DATA
596,LAB_DATA,数字资源-联合实验室数据,293,1504414991004160000,"99999,99999999999999,","联合实验室数据,空间图联合实验室数据,",车管站,空间图实验室,,DATA,2026/6/5 18:31,2026/6/5 18:49,2026/5/14 10:34,0,0,,0,TRUE,FALSE,,https://dibj.cn/portal/api/common/calling/page?tableCode=LAB_DATA
597,LAB_DATA,数字资源-联合实验室数据,294,1504414991088046080,"99999,99999999999999,","联合实验室数据,空间图联合实验室数据,",道路隔音屏,空间图实验室,,DATA,2026/6/5 18:31,2026/6/5 18:49,2026/5/14 10:34,0,0,,0,TRUE,FALSE,,https://dibj.cn/portal/api/common/calling/page?tableCode=LAB_DATA
598,LAB_DATA,数字资源-联合实验室数据,295,1504414991171932160,"99999,99999999999999,","联合实验室数据,空间图联合实验室数据,",三级网格,空间图实验室,,DATA,2026/6/5 18:31,2026/6/5 18:49,2026/5/14 10:34,0,0,,0,TRUE,FALSE,,https://dibj.cn/portal/api/common/calling/page?tableCode=LAB_DATA
599,LAB_DATA,数字资源-联合实验室数据,296,1504414991255818240,"99999,99999999999999,","联合实验室数据,空间图联合实验室数据,",派出所,空间图实验室,,DATA,2026/6/5 18:31,2026/6/5 18:49,2026/5/14 10:33,0,0,,0,TRUE,FALSE,,https://dibj.cn/portal/api/common/calling/page?tableCode=LAB_DATA
600,LAB_DATA,数字资源-联合实验室数据,297,1504414991331315712,"99999,99999999999999,","联合实验室数据,空间图联合实验室数据,",安全岛,空间图实验室,,DATA,2026/6/5 18:31,2026/6/5 18:49,2026/5/14 10:33,0,0,,0,TRUE,FALSE,,https://dibj.cn/portal/api/common/calling/page?tableCode=LAB_DATA
601,LAB_DATA,数字资源-联合实验室数据,298,1504414991411007488,"99999,99999999999999,","联合实验室数据,空间图联合实验室数据,",四级网格,空间图实验室,,DATA,2026/6/5 18:31,2026/6/5 18:49,2026/5/14 10:33,0,0,,0,TRUE,FALSE,,https://dibj.cn/portal/api/common/calling/page?tableCode=LAB_DATA
602,LAB_DATA,数字资源-联合实验室数据,299,1504414991486504960,"99999,99999999999999,","联合实验室数据,空间图联合实验室数据,",身份证自助受理网点,空间图实验室,,DATA,2026/6/5 18:31,2026/6/5 18:49,2026/5/14 10:33,0,0,,0,TRUE,FALSE,,https://dibj.cn/portal/api/common/calling/page?tableCode=LAB_DATA
603,LAB_DATA,数字资源-联合实验室数据,300,1504414991553613824,"99999,99999999999999,","联合实验室数据,空间图联合实验室数据,",柔性隔离体,空间图实验室,,DATA,2026/6/5 18:31,2026/6/5 18:49,2026/5/14 10:33,0,0,,0,TRUE,FALSE,,https://dibj.cn/portal/api/common/calling/page?tableCode=LAB_DATA
604,LAB_DATA,数字资源-联合实验室数据,301,1504414991629111296,"99999,99999999999999,","联合实验室数据,空间图联合实验室数据,",小额贷款公司监管信息,空间图实验室,,DATA,2026/6/5 18:31,2026/6/5 18:49,2026/5/14 10:33,0,0,,0,TRUE,FALSE,,https://dibj.cn/portal/api/common/calling/page?tableCode=LAB_DATA
605,LAB_DATA,数字资源-联合实验室数据,302,1504414991700414464,"99999,99999999999999,","联合实验室数据,空间图联合实验室数据,",临时及异地居民身份证受理网点,空间图实验室,,DATA,2026/6/5 18:31,2026/6/5 18:49,2026/5/14 10:33,0,0,,0,TRUE,FALSE,,https://dibj.cn/portal/api/common/calling/page?tableCode=LAB_DATA
606,LAB_DATA,数字资源-联合实验室数据,303,1504414991780106240,"99999,99999999999999,","联合实验室数据,空间图联合实验室数据,",融资性担保公司监管信息,空间图实验室,,DATA,2026/6/5 18:31,2026/6/5 18:49,2026/5/14 10:32,0,0,,0,TRUE,FALSE,,https://dibj.cn/portal/api/common/calling/page?tableCode=LAB_DATA
607,LAB_DATA,数字资源-联合实验室数据,304,1504414991859798016,"99999,99999999999999,","联合实验室数据,空间图联合实验室数据,",宗教场所,空间图实验室,,DATA,2026/6/5 18:31,2026/6/5 18:49,2026/5/14 10:32,0,0,,0,TRUE,FALSE,,https://dibj.cn/portal/api/common/calling/page?tableCode=LAB_DATA
608,LAB_DATA,数字资源-联合实验室数据,305,1504414991931101184,"99999,99999999999999,","联合实验室数据,空间图联合实验室数据,",居民身份证补换领,空间图实验室,,DATA,2026/6/5 18:31,2026/6/5 18:49,2026/5/14 10:32,0,0,,0,TRUE,FALSE,,https://dibj.cn/portal/api/common/calling/page?tableCode=LAB_DATA
609,LAB_DATA,数字资源-联合实验室数据,306,1504414992006598656,"99999,99999999999999,","联合实验室数据,空间图联合实验室数据,",非机动车停放点,空间图实验室,,DATA,2026/6/5 18:31,2026/6/5 18:49,2026/5/14 10:32,0,0,,0,TRUE,FALSE,,https://dibj.cn/portal/api/common/calling/page?tableCode=LAB_DATA
610,LAB_DATA,数字资源-联合实验室数据,307,1504414992090484736,"99999,99999999999999,","联合实验室数据,空间图联合实验室数据,",地下通道,空间图实验室,,DATA,2026/6/5 18:31,2026/6/5 18:49,2026/5/14 10:32,0,0,,0,TRUE,FALSE,,https://dibj.cn/portal/api/common/calling/page?tableCode=LAB_DATA
611,LAB_DATA,数字资源-联合实验室数据,308,1504414992170176512,"99999,99999999999999,","联合实验室数据,空间图联合实验室数据,",地质检测井,空间图实验室,,DATA,2026/6/5 18:31,2026/6/5 18:49,2026/5/14 10:32,0,0,,0,TRUE,FALSE,,https://dibj.cn/portal/api/common/calling/page?tableCode=LAB_DATA
612,LAB_DATA,数字资源-联合实验室数据,309,1504414992249868288,"99999,99999999999999,","联合实验室数据,空间图联合实验室数据,",事业法人,空间图实验室,,DATA,2026/6/5 18:31,2026/6/5 18:49,2026/5/14 10:32,0,0,,0,TRUE,FALSE,,https://dibj.cn/portal/api/common/calling/page?tableCode=LAB_DATA
613,LAB_DATA,数字资源-联合实验室数据,310,1504414992325365760,"99999,99999999999999,","联合实验室数据,空间图联合实验室数据,",出租车站牌,空间图实验室,,DATA,2026/6/5 18:31,2026/6/5 18:49,2026/5/14 10:32,0,0,,0,TRUE,FALSE,,https://dibj.cn/portal/api/common/calling/page?tableCode=LAB_DATA
614,LAB_DATA,数字资源-联合实验室数据,311,1504414992396668928,"99999,99999999999999,","联合实验室数据,空间图联合实验室数据,",个体工商户,空间图实验室,,DATA,2026/6/5 18:31,2026/6/5 18:49,2026/5/14 10:32,0,0,,0,TRUE,FALSE,,https://dibj.cn/portal/api/common/calling/page?tableCode=LAB_DATA
615,LAB_DATA,数字资源-联合实验室数据,312,1504414992476360704,"99999,99999999999999,","联合实验室数据,空间图联合实验室数据,",人行横道桩,空间图实验室,,DATA,2026/6/5 18:31,2026/6/5 18:49,2026/5/14 10:31,0,0,,0,TRUE,FALSE,,https://dibj.cn/portal/api/common/calling/page?tableCode=LAB_DATA
616,LAB_DATA,数字资源-联合实验室数据,313,1504414992556052480,"99999,99999999999999,","联合实验室数据,空间图联合实验室数据,",社团非法人,空间图实验室,,DATA,2026/6/5 18:31,2026/6/5 18:49,2026/5/14 10:29,0,0,,0,TRUE,FALSE,,https://dibj.cn/portal/api/common/calling/page?tableCode=LAB_DATA
617,LAB_DATA,数字资源-联合实验室数据,8,1504414992639938560,"99999,99999999999999,","联合实验室数据,空间图联合实验室数据,",航拍影像,空间图实验室,,DATA,2026/6/5 18:31,2026/6/5 18:49,2026/5/14 10:29,0,0,,0,TRUE,FALSE,,https://dibj.cn/portal/api/common/calling/page?tableCode=LAB_DATA
618,LAB_DATA,数字资源-联合实验室数据,314,1504414992728018944,"99999,99999999999999,","联合实验室数据,空间图联合实验室数据,",跨河桥,空间图实验室,,DATA,2026/6/5 18:31,2026/6/5 18:49,2026/5/14 10:29,0,0,,0,TRUE,FALSE,,https://dibj.cn/portal/api/common/calling/page?tableCode=LAB_DATA
619,LAB_DATA,数字资源-联合实验室数据,315,1504414992811905024,"99999,99999999999999,","联合实验室数据,空间图联合实验室数据,",其它,空间图实验室,,DATA,2026/6/5 18:31,2026/6/5 18:49,2026/5/14 10:29,0,0,,0,TRUE,FALSE,,https://dibj.cn/portal/api/common/calling/page?tableCode=LAB_DATA
620,LAB_DATA,数字资源-联合实验室数据,316,1504414992895791104,"99999,99999999999999,","联合实验室数据,空间图联合实验室数据,",政务电子地图,空间图实验室,,DATA,2026/6/5 18:31,2026/6/5 18:49,2026/5/14 10:29,0,0,,0,TRUE,FALSE,,https://dibj.cn/portal/api/common/calling/page?tableCode=LAB_DATA
621,LAB_DATA,数字资源-联合实验室数据,317,1504414992979677184,"99999,99999999999999,","联合实验室数据,空间图联合实验室数据,",路名牌,空间图实验室,,DATA,2026/6/5 18:31,2026/6/5 18:49,2026/5/14 10:29,0,0,,0,TRUE,FALSE,,https://dibj.cn/portal/api/common/calling/page?tableCode=LAB_DATA
622,LAB_DATA,数字资源-联合实验室数据,318,1504414993063563264,"99999,99999999999999,","联合实验室数据,空间图联合实验室数据,",中心城区有线电视机房管道,空间图实验室,,DATA,2026/6/5 18:31,2026/6/5 18:49,2026/5/14 10:29,0,0,,0,TRUE,FALSE,,https://dibj.cn/portal/api/common/calling/page?tableCode=LAB_DATA
623,LAB_DATA,数字资源-联合实验室数据,319,1504414993143255040,"99999,99999999999999,","联合实验室数据,空间图联合实验室数据,",倾斜三维,空间图实验室,,DATA,2026/6/5 18:31,2026/6/5 18:49,2026/5/14 10:29,0,0,,0,TRUE,FALSE,,https://dibj.cn/portal/api/common/calling/page?tableCode=LAB_DATA
624,LAB_DATA,数字资源-联合实验室数据,320,1504414993306832896,"99999,99999999999999,","联合实验室数据,空间图联合实验室数据,",拍卖企业,空间图实验室,,DATA,2026/6/5 18:31,2026/6/5 18:49,2026/5/14 10:28,0,0,,0,TRUE,FALSE,,https://dibj.cn/portal/api/common/calling/page?tableCode=LAB_DATA
625,LAB_DATA,数字资源-联合实验室数据,321,1504414993227141120,"99999,99999999999999,","联合实验室数据,空间图联合实验室数据,",交通信号设施,空间图实验室,,DATA,2026/6/5 18:31,2026/6/5 18:49,2026/5/14 10:28,0,0,,0,TRUE,FALSE,,https://dibj.cn/portal/api/common/calling/page?tableCode=LAB_DATA
626,LAB_DATA,数字资源-联合实验室数据,322,1504414993386524672,"99999,99999999999999,","联合实验室数据,空间图联合实验室数据,",卫星影像,空间图实验室,,DATA,2026/6/5 18:31,2026/6/5 18:49,2026/5/14 10:28,0,0,,0,TRUE,FALSE,,https://dibj.cn/portal/api/common/calling/page?tableCode=LAB_DATA
627,LAB_DATA,数字资源-联合实验室数据,323,1504414993466216448,"99999,99999999999999,","联合实验室数据,空间图联合实验室数据,",交通标志牌,空间图实验室,,DATA,2026/6/5 18:31,2026/6/5 18:49,2026/5/14 10:28,0,0,,0,TRUE,FALSE,,https://dibj.cn/portal/api/common/calling/page?tableCode=LAB_DATA
628,LAB_DATA,数字资源-联合实验室数据,324,1504414993541713920,"99999,99999999999999,","联合实验室数据,空间图联合实验室数据,",博物馆,空间图实验室,,DATA,2026/6/5 18:31,2026/6/5 18:49,2026/5/14 10:28,0,0,,0,TRUE,FALSE,,https://dibj.cn/portal/api/common/calling/page?tableCode=LAB_DATA
629,LAB_DATA,数字资源-联合实验室数据,325,1504414967188901888,"99999,99999999999999,","联合实验室数据,空间图联合实验室数据,",消防车,空间图实验室,,DATA,2026/6/5 18:31,2026/6/5 18:49,2026/5/14 9:56,0,0,,0,TRUE,FALSE,,https://dibj.cn/portal/api/common/calling/page?tableCode=LAB_DATA
630,LAB_DATA,数字资源-联合实验室数据,326,1504414967323119616,"99999,99999999999999,","联合实验室数据,空间图联合实验室数据,",救护车,空间图实验室,,DATA,2026/6/5 18:31,2026/6/5 18:49,2026/5/14 9:56,0,0,,0,TRUE,FALSE,,https://dibj.cn/portal/api/common/calling/page?tableCode=LAB_DATA
631,LAB_DATA,数字资源-联合实验室数据,327,1504414967402811392,"99999,99999999999999,","联合实验室数据,空间图联合实验室数据,",通信基站,空间图实验室,,DATA,2026/6/5 18:31,2026/6/5 18:49,2026/5/14 9:56,0,0,,0,TRUE,FALSE,,https://dibj.cn/portal/api/common/calling/page?tableCode=LAB_DATA
632,LAB_DATA,数字资源-联合实验室数据,328,1504414967486697472,"99999,99999999999999,","联合实验室数据,空间图联合实验室数据,",公共厕所,空间图实验室,,DATA,2026/6/5 18:31,2026/6/5 18:49,2026/5/14 9:56,0,0,,0,TRUE,FALSE,,https://dibj.cn/portal/api/common/calling/page?tableCode=LAB_DATA
633,LAB_DATA,数字资源-联合实验室数据,329,1504414967570583552,"99999,99999999999999,","联合实验室数据,空间图联合实验室数据,",街头采血点,空间图实验室,,DATA,2026/6/5 18:31,2026/6/5 18:49,2026/5/14 9:56,0,0,,0,TRUE,FALSE,,https://dibj.cn/portal/api/common/calling/page?tableCode=LAB_DATA
634,LAB_DATA,数字资源-联合实验室数据,330,1504414967650275328,"99999,99999999999999,","联合实验室数据,空间图联合实验室数据,",消防井盖,空间图实验室,,DATA,2026/6/5 18:31,2026/6/5 18:49,2026/5/14 9:56,0,0,,0,TRUE,FALSE,,https://dibj.cn/portal/api/common/calling/page?tableCode=LAB_DATA
635,LAB_DATA,数字资源-联合实验室数据,331,1504414967729967104,"99999,99999999999999,","联合实验室数据,空间图联合实验室数据,",红十字社区综合服务站,空间图实验室,,DATA,2026/6/5 18:31,2026/6/5 18:49,2026/5/14 9:56,0,0,,0,TRUE,FALSE,,https://dibj.cn/portal/api/common/calling/page?tableCode=LAB_DATA
636,LAB_DATA,数字资源-联合实验室数据,332,1504414967805464576,"99999,99999999999999,","联合实验室数据,空间图联合实验室数据,",停车咪表,空间图实验室,,DATA,2026/6/5 18:31,2026/6/5 18:49,2026/5/14 9:55,0,0,,0,TRUE,FALSE,,https://dibj.cn/portal/api/common/calling/page?tableCode=LAB_DATA
637,LAB_DATA,数字资源-联合实验室数据,333,1504414967880962048,"99999,99999999999999,","联合实验室数据,空间图联合实验室数据,",卫生监督中心,空间图实验室,,DATA,2026/6/5 18:31,2026/6/5 18:49,2026/5/14 9:55,0,0,,0,TRUE,FALSE,,https://dibj.cn/portal/api/common/calling/page?tableCode=LAB_DATA
638,LAB_DATA,数字资源-联合实验室数据,334,1504414967960653824,"99999,99999999999999,","联合实验室数据,空间图联合实验室数据,",公安警示牌,空间图实验室,,DATA,2026/6/5 18:31,2026/6/5 18:49,2026/5/14 9:55,0,0,,0,TRUE,FALSE,,https://dibj.cn/portal/api/common/calling/page?tableCode=LAB_DATA
639,LAB_DATA,数字资源-联合实验室数据,335,1504414968040345600,"99999,99999999999999,","联合实验室数据,空间图联合实验室数据,",工伤医疗机构,空间图实验室,,DATA,2026/6/5 18:31,2026/6/5 18:49,2026/5/14 9:55,0,0,,0,TRUE,FALSE,,https://dibj.cn/portal/api/common/calling/page?tableCode=LAB_DATA
640,LAB_DATA,数字资源-联合实验室数据,336,1504414968111648768,"99999,99999999999999,","联合实验室数据,空间图联合实验室数据,",公厕指示牌,空间图实验室,,DATA,2026/6/5 18:31,2026/6/5 18:49,2026/5/14 9:55,0,0,,0,TRUE,FALSE,,https://dibj.cn/portal/api/common/calling/page?tableCode=LAB_DATA
641,LAB_DATA,数字资源-联合实验室数据,337,1504414968191340544,"99999,99999999999999,","联合实验室数据,空间图联合实验室数据,",风险源,空间图实验室,,DATA,2026/6/5 18:31,2026/6/5 18:49,2026/5/14 9:55,0,0,,0,TRUE,FALSE,,https://dibj.cn/portal/api/common/calling/page?tableCode=LAB_DATA
642,LAB_DATA,数字资源-联合实验室数据,338,1504414968266838016,"99999,99999999999999,","联合实验室数据,空间图联合实验室数据,",过街天桥,空间图实验室,,DATA,2026/6/5 18:31,2026/6/5 18:49,2026/5/14 9:54,0,0,,0,TRUE,FALSE,,https://dibj.cn/portal/api/common/calling/page?tableCode=LAB_DATA
643,LAB_DATA,数字资源-联合实验室数据,339,1504414968338141184,"99999,99999999999999,","联合实验室数据,空间图联合实验室数据,",企业非法人,空间图实验室,,DATA,2026/6/5 18:31,2026/6/5 18:49,2026/5/14 9:54,0,0,,0,TRUE,FALSE,,https://dibj.cn/portal/api/common/calling/page?tableCode=LAB_DATA
644,LAB_DATA,数字资源-联合实验室数据,340,1504414968405250048,"99999,99999999999999,","联合实验室数据,空间图联合实验室数据,",停车告示牌,空间图实验室,,DATA,2026/6/5 18:31,2026/6/5 18:49,2026/5/14 9:54,0,0,,0,TRUE,FALSE,,https://dibj.cn/portal/api/common/calling/page?tableCode=LAB_DATA
645,LAB_DATA,数字资源-联合实验室数据,341,1504414968476553216,"99999,99999999999999,","联合实验室数据,空间图联合实验室数据,",企业法人,空间图实验室,,DATA,2026/6/5 18:31,2026/6/5 18:49,2026/5/14 9:54,0,0,,0,TRUE,FALSE,,https://dibj.cn/portal/api/common/calling/page?tableCode=LAB_DATA
646,LAB_DATA,数字资源-联合实验室数据,342,1504414968552050688,"99999,99999999999999,","联合实验室数据,空间图联合实验室数据,",化粪池,空间图实验室,,DATA,2026/6/5 18:31,2026/6/5 18:49,2026/5/14 9:54,0,0,,0,TRUE,FALSE,,https://dibj.cn/portal/api/common/calling/page?tableCode=LAB_DATA
647,LAB_DATA,数字资源-联合实验室数据,343,1504414993847898112,"99999,99999999999999,","联合实验室数据,空间图联合实验室数据,",建筑白模,空间图实验室,,DATA,2026/6/5 18:31,2026/6/5 18:49,2026/5/14 9:31,0,0,,0,TRUE,FALSE,,https://dibj.cn/portal/api/common/calling/page?tableCode=LAB_DATA
648,LAB_DATA,数字资源-联合实验室数据,344,1504414993923395584,"99999,99999999999999,","联合实验室数据,空间图联合实验室数据,",立交桥,空间图实验室,,DATA,2026/6/5 18:31,2026/6/5 18:49,2026/5/14 9:31,0,0,,0,TRUE,FALSE,,https://dibj.cn/portal/api/common/calling/page?tableCode=LAB_DATA
649,LAB_DATA,数字资源-联合实验室数据,345,1504414993998893056,"99999,99999999999999,","联合实验室数据,空间图联合实验室数据,",市级文物保护单位,空间图实验室,,DATA,2026/6/5 18:31,2026/6/5 18:49,2026/5/14 9:31,0,0,,0,TRUE,FALSE,,https://dibj.cn/portal/api/common/calling/page?tableCode=LAB_DATA
650,LAB_DATA,数字资源-联合实验室数据,346,1504414994074390528,"99999,99999999999999,","联合实验室数据,空间图联合实验室数据,",北京市重点实验室信息,空间图实验室,,DATA,2026/6/5 18:31,2026/8/25 16:40,2026/5/14 9:31,0,0,,1,TRUE,FALSE,,https://dibj.cn/portal/api/common/calling/page?tableCode=LAB_DATA
651,LAB_DATA,数字资源-联合实验室数据,347,1504414994149888000,"99999,99999999999999,","联合实验室数据,空间图联合实验室数据,",地下文物埋藏区,空间图实验室,,DATA,2026/6/5 18:31,2026/6/5 18:49,2026/5/14 9:31,0,0,,0,TRUE,FALSE,,https://dibj.cn/portal/api/common/calling/page?tableCode=LAB_DATA
652,LAB_DATA,数字资源-联合实验室数据,348,1504414994225385472,"99999,99999999999999,","联合实验室数据,空间图联合实验室数据,",非机动车登记站,空间图实验室,,DATA,2026/6/5 18:31,2026/6/5 18:49,2026/5/14 9:31,0,0,,0,TRUE,FALSE,,https://dibj.cn/portal/api/common/calling/page?tableCode=LAB_DATA
653,LAB_DATA,数字资源-联合实验室数据,349,1504414994300882944,"99999,99999999999999,","联合实验室数据,空间图联合实验室数据,",交通事故处理机构,空间图实验室,,DATA,2026/6/5 18:31,2026/6/5 18:49,2026/5/14 9:31,0,0,,0,TRUE,FALSE,,https://dibj.cn/portal/api/common/calling/page?tableCode=LAB_DATA
654,LAB_DATA,数字资源-联合实验室数据,350,1504414993688514560,"99999,99999999999999,","联合实验室数据,空间图联合实验室数据,",地名牌,空间图实验室,,DATA,2026/6/5 18:31,2026/6/5 18:49,2026/5/14 9:31,0,0,,0,TRUE,FALSE,,https://dibj.cn/portal/api/common/calling/page?tableCode=LAB_DATA
655,LAB_DATA,数字资源-联合实验室数据,351,1504414993764012032,"99999,99999999999999,","联合实验室数据,空间图联合实验室数据,",全国重点文物保护单位,空间图实验室,,DATA,2026/6/5 18:31,2026/6/5 18:49,2026/5/14 9:30,0,0,,0,TRUE,FALSE,,https://dibj.cn/portal/api/common/calling/page?tableCode=LAB_DATA
656,LAB_DATA,数字资源-联合实验室数据,9,1504414993613017088,"99999,99999999999999,","联合实验室数据,空间图联合实验室数据,",卫星三维地图,空间图实验室,,DATA,2026/6/5 18:31,2026/6/5 18:49,2026/5/14 9:30,0,0,,0,TRUE,FALSE,,https://dibj.cn/portal/api/common/calling/page?tableCode=LAB_DATA
657,LAB_DATA,数字资源-联合实验室数据,371,1502762878616424448,"99999,99999999999998,","联合实验室数据,信令联合实验室数据,",月白天用户归属地,信令联合实验室,,DATA,2026/6/5 18:31,2026/8/2 23:38,2026/5/11 11:47,0,0,,1,TRUE,FALSE,,https://dibj.cn/portal/api/common/calling/page?tableCode=LAB_DATA
658,LAB_DATA,数字资源-联合实验室数据,372,1502762878683533312,"99999,99999999999998,","联合实验室数据,信令联合实验室数据,",综合类公园日游客归属,信令联合实验室,,DATA,2026/6/5 18:31,2026/7/8 19:08,2026/5/11 11:47,0,0,,1,TRUE,FALSE,,https://dibj.cn/portal/api/common/calling/page?tableCode=LAB_DATA
659,LAB_DATA,数字资源-联合实验室数据,373,1502762878750642176,"99999,99999999999998,","联合实验室数据,信令联合实验室数据,",月夜晚用户归属地,信令联合实验室,,DATA,2026/6/5 18:31,2026/7/14 16:07,2026/5/11 11:47,0,0,,3,TRUE,FALSE,,https://dibj.cn/portal/api/common/calling/page?tableCode=LAB_DATA
660,LAB_DATA,数字资源-联合实验室数据,374,1502762878817751040,"99999,99999999999998,","联合实验室数据,信令联合实验室数据,",综合类公园活跃用户归属,信令联合实验室,,DATA,2026/6/5 18:31,2026/8/1 21:32,2026/5/11 11:47,0,0,,1,TRUE,FALSE,,https://dibj.cn/portal/api/common/calling/page?tableCode=LAB_DATA
661,LAB_DATA,数字资源-联合实验室数据,375,1502762878889054208,"99999,99999999999998,","联合实验室数据,信令联合实验室数据,",月白天用户年龄段,信令联合实验室,,DATA,2026/6/5 18:31,2026/6/5 18:49,2026/5/11 11:47,0,0,,0,TRUE,FALSE,,https://dibj.cn/portal/api/common/calling/page?tableCode=LAB_DATA
662,LAB_DATA,数字资源-联合实验室数据,376,1502762878960357376,"99999,99999999999998,","联合实验室数据,信令联合实验室数据,",综合类公园区域停留时长,信令联合实验室,,DATA,2026/6/5 18:31,2026/6/5 18:49,2026/5/11 11:46,0,0,,0,TRUE,FALSE,,https://dibj.cn/portal/api/common/calling/page?tableCode=LAB_DATA
663,LAB_DATA,数字资源-联合实验室数据,377,1502762879027466240,"99999,99999999999998,","联合实验室数据,信令联合实验室数据,",月白天用户性别,信令联合实验室,,DATA,2026/6/5 18:31,2026/7/14 16:47,2026/5/11 11:46,0,0,,1,TRUE,FALSE,,https://dibj.cn/portal/api/common/calling/page?tableCode=LAB_DATA
664,LAB_DATA,数字资源-联合实验室数据,378,1502762879094575104,"99999,99999999999998,","联合实验室数据,信令联合实验室数据,",月夜晚用户年龄段,信令联合实验室,,DATA,2026/6/5 18:31,2026/7/23 16:28,2026/5/11 11:46,0,0,,2,TRUE,FALSE,,https://dibj.cn/portal/api/common/calling/page?tableCode=LAB_DATA
665,LAB_DATA,数字资源-联合实验室数据,379,1502762879161683968,"99999,99999999999998,","联合实验室数据,信令联合实验室数据,",河湖水域区日游客数,信令联合实验室,,DATA,2026/6/5 18:31,2026/8/2 23:40,2026/5/11 11:46,0,0,,1,TRUE,FALSE,,https://dibj.cn/portal/api/common/calling/page?tableCode=LAB_DATA
666,LAB_DATA,数字资源-联合实验室数据,380,1502762879228792832,"99999,99999999999998,","联合实验室数据,信令联合实验室数据,",月夜晚用户性别,信令联合实验室,,DATA,2026/6/5 18:31,2026/6/5 18:49,2026/5/11 11:46,0,0,,0,TRUE,FALSE,,https://dibj.cn/portal/api/common/calling/page?tableCode=LAB_DATA
667,LAB_DATA,数字资源-联合实验室数据,381,1502762879295901696,"99999,99999999999998,","联合实验室数据,信令联合实验室数据,",河湖水域区瞬时游客归属,信令联合实验室,,DATA,2026/6/5 18:31,2026/6/5 18:49,2026/5/11 11:46,0,0,,0,TRUE,FALSE,,https://dibj.cn/portal/api/common/calling/page?tableCode=LAB_DATA
668,LAB_DATA,数字资源-联合实验室数据,382,1502762879363010560,"99999,99999999999998,","联合实验室数据,信令联合实验室数据,",全市游客接待量,信令联合实验室,,DATA,2026/6/5 18:31,2026/6/5 18:49,2026/5/11 11:46,0,0,,0,TRUE,FALSE,,https://dibj.cn/portal/api/common/calling/page?tableCode=LAB_DATA
669,LAB_DATA,数字资源-联合实验室数据,383,1502762879430119424,"99999,99999999999998,","联合实验室数据,信令联合实验室数据,",河湖水域区日游客归属,信令联合实验室,,DATA,2026/6/5 18:31,2026/6/5 18:49,2026/5/11 11:46,0,0,,0,TRUE,FALSE,,https://dibj.cn/portal/api/common/calling/page?tableCode=LAB_DATA
670,LAB_DATA,数字资源-联合实验室数据,384,1502762879501422592,"99999,99999999999998,","联合实验室数据,信令联合实验室数据,",瞬时区域归属地人流量,信令联合实验室,,DATA,2026/6/5 18:31,2026/6/5 18:49,2026/5/11 11:46,0,0,,0,TRUE,FALSE,,https://dibj.cn/portal/api/common/calling/page?tableCode=LAB_DATA
671,LAB_DATA,数字资源-联合实验室数据,385,1502762879568531456,"99999,99999999999998,","联合实验室数据,信令联合实验室数据,",外省市前一日来京游,信令联合实验室,,DATA,2026/6/5 18:31,2026/6/5 18:49,2026/5/11 11:46,0,0,,0,TRUE,FALSE,,https://dibj.cn/portal/api/common/calling/page?tableCode=LAB_DATA
672,LAB_DATA,数字资源-联合实验室数据,386,1502762879635640320,"99999,99999999999998,","联合实验室数据,信令联合实验室数据,",活跃用户,信令联合实验室,,DATA,2026/6/5 18:31,2026/6/5 18:49,2026/5/11 11:46,0,0,,0,TRUE,FALSE,,https://dibj.cn/portal/api/common/calling/page?tableCode=LAB_DATA
673,LAB_DATA,数字资源-联合实验室数据,387,1502762879706943488,"99999,99999999999998,","联合实验室数据,信令联合实验室数据,",外省在京分区游,信令联合实验室,,DATA,2026/6/5 18:31,2026/6/5 18:49,2026/5/11 11:46,0,0,,0,TRUE,FALSE,,https://dibj.cn/portal/api/common/calling/page?tableCode=LAB_DATA
674,LAB_DATA,数字资源-联合实验室数据,388,1502762879774052352,"99999,99999999999998,","联合实验室数据,信令联合实验室数据,",河湖水域区瞬时游客数,信令联合实验室,,DATA,2026/6/5 18:31,2026/6/5 18:49,2026/5/11 11:45,0,0,,0,TRUE,FALSE,,https://dibj.cn/portal/api/common/calling/page?tableCode=LAB_DATA
675,LAB_DATA,数字资源-联合实验室数据,389,1502762879849549824,"99999,99999999999998,","联合实验室数据,信令联合实验室数据,",市民在京游,信令联合实验室,,DATA,2026/6/5 18:31,2026/6/5 18:49,2026/5/11 11:45,0,0,,0,TRUE,FALSE,,https://dibj.cn/portal/api/common/calling/page?tableCode=LAB_DATA
676,LAB_DATA,数字资源-联合实验室数据,390,1502762879920852992,"99999,99999999999998,","联合实验室数据,信令联合实验室数据,",瞬时区域出现量,信令联合实验室,,DATA,2026/6/5 18:31,2026/6/5 18:49,2026/5/11 11:45,0,0,,0,TRUE,FALSE,,https://dibj.cn/portal/api/common/calling/page?tableCode=LAB_DATA
677,LAB_DATA,数字资源-联合实验室数据,391,1502762879987961856,"99999,99999999999998,","联合实验室数据,信令联合实验室数据,",市民前一日出京游,信令联合实验室,,DATA,2026/6/5 18:31,2026/6/5 18:49,2026/5/11 11:45,0,0,,0,TRUE,FALSE,,https://dibj.cn/portal/api/common/calling/page?tableCode=LAB_DATA
678,LAB_DATA,数字资源-联合实验室数据,392,1502762880055070720,"99999,99999999999998,","联合实验室数据,信令联合实验室数据,",区域停留时长,信令联合实验室,,DATA,2026/6/5 18:31,2026/6/5 18:49,2026/5/11 11:45,0,0,,0,TRUE,FALSE,,https://dibj.cn/portal/api/common/calling/page?tableCode=LAB_DATA
