序号,接口表名,数据类别,id,biz_unique_id,app_group_id,app_group_name,top_group_code,achievement_code,achievement_provider,achievement_desc,achievement_type,apply_industry,served_scene,online_time,create_time,update_time,del_status,favorited,来源接口
1,DATA_INNOVATION,创新成果-数据创新成果,536,722,32,API产品,DATA,企业严重违法核查,贵州数据宝网络科技有限公司,本产品核查企业严重违法失信记录。严重违法涉及危害公共安全、破坏市场秩序等行为，在保险核保中通常是一票否决的硬指标。,API产品,"F,J,L,M,S",,2026-08-14 16:08:27,2026-08-15 02:01:13,2026-08-15 02:01:13,0,false,https://dibj.cn/portal/api/common/calling/page?tableCode=DATA_INNOVATION
2,DATA_INNOVATION,创新成果-数据创新成果,537,721,32,API产品,DATA,企业行政许可核查,贵州数据宝网络科技有限公司,本产品核查企业持有的各类行政许可信息。特殊行业保险（如危化品、建筑、医疗等）中，相关行政许可的持有和有效性是投保的前置条件。,API产品,"F,J,L,M,S",,2026-08-14 16:06:24,2026-08-15 02:01:13,2026-08-15 02:01:13,0,false,https://dibj.cn/portal/api/common/calling/page?tableCode=DATA_INNOVATION
3,DATA_INNOVATION,创新成果-数据创新成果,538,720,32,API产品,DATA,企业行政处罚核查,贵州数据宝网络科技有限公司,本产品核查企业受到的行政处罚记录详情。在企业保险续保评估中，新增行政处罚是风险恶化的预警信号，需引起核保关注并更新风险评估。,API产品,"F,J,L,M,S",,2026-08-14 16:03:43,2026-08-15 02:01:13,2026-08-15 02:01:13,0,false,https://dibj.cn/portal/api/common/calling/page?tableCode=DATA_INNOVATION
4,DATA_INNOVATION,创新成果-数据创新成果,539,719,32,API产品,DATA,企业商标信息核查,贵州数据宝网络科技有限公司,本产品核查企业注册的商标信息，包括商标名称、注册号、类别、专用权期限和当前法律状态。在品牌价值保险和知识产权保险中，商标组合的市场价值和法律保护状况是核心的保险标的评估维度，影响保额确定和费率厘定。,API产品,"F,J,M,L,S",,2026-08-14 16:01:42,2026-08-15 02:01:13,2026-08-15 02:01:13,0,false,https://dibj.cn/portal/api/common/calling/page?tableCode=DATA_INNOVATION
5,DATA_INNOVATION,创新成果-数据创新成果,540,718,32,API产品,DATA,企业著作权软著核查,贵州数据宝网络科技有限公司,本产品核查企业持有的软件著作权信息（登记号、软件名称、著作权人等）。在科技企业保险中，软著组合是评估企业技术资产价值的重要依据，软件著作权数量和质量直接反映企业的技术创新能力和核心竞争力，为知识产权保险保额确定提供参考。,API产品,"F,L,J,M,S",,2026-08-14 15:58:23,2026-08-15 02:01:13,2026-08-15 02:01:13,0,false,https://dibj.cn/portal/api/common/calling/page?tableCode=DATA_INNOVATION
6,DATA_INNOVATION,创新成果-数据创新成果,541,717,32,API产品,DATA,企业备案网站核查,贵州数据宝网络科技有限公司,本产品核查企业备案的官方网站信息。在互联网保险平台的企业客户准入中，通过备案网站交叉验证企业的线上经营真实性。,API产品,"F,J,M,L,S",,2026-08-14 15:55:22,2026-08-15 02:01:13,2026-08-15 02:01:13,0,false,https://dibj.cn/portal/api/common/calling/page?tableCode=DATA_INNOVATION
7,DATA_INNOVATION,创新成果-数据创新成果,542,716,32,API产品,DATA,企业开庭公告核查,贵州数据宝网络科技有限公司,本产品核查企业涉及的开庭公告信息，追踪诉讼进展。在保险理赔阶段，开庭公告信息可帮助企业客户预判诉讼走向和潜在赔付。,API产品,"F,J,L,M,S",,2026-08-14 15:53:33,2026-08-15 02:01:13,2026-08-15 02:01:13,0,false,https://dibj.cn/portal/api/common/calling/page?tableCode=DATA_INNOVATION
8,DATA_INNOVATION,创新成果-数据创新成果,543,715,32,API产品,DATA,企业立案信息核查,贵州数据宝网络科技有限公司,本产品核查企业涉及的法院立案信息。在董责险和诉讼保险中，企业作为被告的立案数量和金额影响保费定价和承保决策。,API产品,"F,J,L,M,S",,2026-08-14 15:51:16,2026-08-15 02:01:13,2026-08-15 02:01:13,0,false,https://dibj.cn/portal/api/common/calling/page?tableCode=DATA_INNOVATION
9,DATA_INNOVATION,创新成果-数据创新成果,544,714,32,API产品,DATA,企业一般纳税人核查,贵州数据宝网络科技有限公司,本产品核查企业是否为增值税一般纳税人。在企业财产险和团险中，一般纳税人资格是企业正规经营规模的体现，有助于判断企业规模和合规水平。,API产品,"F,J,L,M,S",,2026-08-14 15:17:51,2026-08-15 02:01:13,2026-08-15 02:01:13,0,false,https://dibj.cn/portal/api/common/calling/page?tableCode=DATA_INNOVATION
10,DATA_INNOVATION,创新成果-数据创新成果,545,713,32,API产品,DATA,企业进出口信用核查,贵州数据宝网络科技有限公司,本产品核查企业在海关的进出口信用等级。在出口信用保险和货物运输险中，海关信用等级直接影响承保风险判断，高信用企业可享受更好的费率条件。,API产品,"F,J,L,M,S",,2026-08-14 15:14:35,2026-08-15 02:01:13,2026-08-15 02:01:13,0,false,https://dibj.cn/portal/api/common/calling/page?tableCode=DATA_INNOVATION
11,DATA_INNOVATION,创新成果-数据创新成果,546,712,32,API产品,DATA,企业专利信息核查,贵州数据宝网络科技有限公司,本产品核查企业持有的专利信息，包括专利数量、类型（发明/实用新型/外观设计）、法律状态和剩余有效期等维度。在知识产权保险和科技企业保险中，专利组合的价值和有效性是确定保险标的和保险金额的核心评估依据。,API产品,"F,J,L,M,S",,2026-08-14 14:31:47,2026-08-15 02:01:13,2026-08-15 02:01:13,0,false,https://dibj.cn/portal/api/common/calling/page?tableCode=DATA_INNOVATION
12,DATA_INNOVATION,创新成果-数据创新成果,547,711,32,API产品,DATA,企业法院公告核查,贵州数据宝网络科技有限公司,本产品核查企业涉及的法院公告信息（破产清算、债权人会议等）。破产清算公告意味着企业进入破产程序，其在保险领域的投保资格和保单效力均需重新评估。,API产品,"F,J,L,M,S",,2026-08-14 14:28:40,2026-08-15 02:01:13,2026-08-15 02:01:13,0,false,https://dibj.cn/portal/api/common/calling/page?tableCode=DATA_INNOVATION
13,DATA_INNOVATION,创新成果-数据创新成果,548,710,32,API产品,DATA,被执行企业核查,贵州数据宝网络科技有限公司,本产品核查企业是否被法院列为被执行人及执行标的金额。执行标的是判断企业现金流压力的直接信号，在执行金额较大时企业资金链风险显著增加。在企业信用保证保险核保中需重点评估。,API产品,"F,J,M,L,S",,2026-08-14 14:23:06,2026-08-15 02:01:13,2026-08-15 02:01:13,0,false,https://dibj.cn/portal/api/common/calling/page?tableCode=DATA_INNOVATION
14,DATA_INNOVATION,创新成果-数据创新成果,549,709,32,API产品,DATA,企业运力评估,贵州数据宝网络科技有限公司,本产品评估物流和运输企业的运力规模和能力。在货物运输险和物流保险中，企业运力是确定承保能力和费率的重要参数，评估结果用于物流企业保险产品的精准定价和核保决策。,API产品,"F,M,L,J,S",,2026-08-14 14:21:11,2026-08-15 02:01:13,2026-08-15 02:01:13,0,false,https://dibj.cn/portal/api/common/calling/page?tableCode=DATA_INNOVATION
15,DATA_INNOVATION,创新成果-数据创新成果,550,708,32,API产品,DATA,企业多条件查询,贵州数据宝网络科技有限公司,本产品支持按多个条件（行业、地区、注册资本、成立时间等）组合查询企业。在保险营销的名单筛选和精准获客中，多条件组合可高效筛选目标客户群体。,API产品,"F,J,L,M,S",,2026-08-14 14:19:09,2026-08-15 02:01:13,2026-08-15 02:01:13,0,false,https://dibj.cn/portal/api/common/calling/page?tableCode=DATA_INNOVATION
16,DATA_INNOVATION,创新成果-数据创新成果,551,707,32,API产品,DATA,人员关联企业核查,贵州数据宝网络科技有限公司,本产品核查个人关联的所有企业（担任法人、股东、高管等角色）。在保险核保中，个人关联多家企业的复杂度会影响其信用评估，关联企业在经营异常的需特别关注。,API产品,"F,J,M,L,S",,2026-08-14 14:16:30,2026-08-15 02:01:13,2026-08-15 02:01:13,0,false,https://dibj.cn/portal/api/common/calling/page?tableCode=DATA_INNOVATION
17,DATA_INNOVATION,创新成果-数据创新成果,552,706,32,API产品,DATA,最新注册企业查询,贵州数据宝网络科技有限公司,本产品查询最新注册企业信息。在保险市场营销中，新注册企业是团险和财产险的增量客户来源，该接口帮助保险公司及时发现和触达新企业客户。,API产品,"F,J,L,M,S",,2026-08-14 14:14:43,2026-08-15 02:01:13,2026-08-15 02:01:13,0,false,https://dibj.cn/portal/api/common/calling/page?tableCode=DATA_INNOVATION
18,DATA_INNOVATION,创新成果-数据创新成果,553,705,32,API产品,DATA,企业道路运输经营许可证核验（定制版）,贵州数据宝网络科技有限公司,本产品核验企业的道路运输经营许可证，为物流和运输企业的保险业务提供资质验证。在货物运输险和物流责任险中，无证经营运输的企业不具备合法投保资格。,API产品,"F,L,M,J,S",,2026-08-14 14:12:33,2026-08-15 02:01:13,2026-08-15 02:01:13,0,false,https://dibj.cn/portal/api/common/calling/page?tableCode=DATA_INNOVATION
19,DATA_INNOVATION,创新成果-数据创新成果,554,704,32,API产品,DATA,企业税务非正常户核查,贵州数据宝网络科技有限公司,本产品核查企业是否为税务非正常户。税务异常意味着企业存在严重的经营和合规问题，在保险领域通常作为自动拒保的硬指标。,API产品,"F,J,L,M,S",,2026-08-14 14:09:44,2026-08-15 02:01:13,2026-08-15 02:01:13,0,false,https://dibj.cn/portal/api/common/calling/page?tableCode=DATA_INNOVATION
20,DATA_INNOVATION,创新成果-数据创新成果,555,703,32,API产品,DATA,企业对公账户打款核验,贵州数据宝网络科技有限公司,本产品通过对公账户打款方式核验企业账户真实性。在小额打款验证后，可确认企业对公账户的有效性和一致性，为后续保费交易提供账户安全基础。,API产品,"F,J,L,M,S",,2026-08-14 14:05:58,2026-08-15 02:01:13,2026-08-15 02:01:13,0,false,https://dibj.cn/portal/api/common/calling/page?tableCode=DATA_INNOVATION
21,DATA_INNOVATION,创新成果-数据创新成果,556,702,32,API产品,DATA,企业经营异常信息查验,贵州数据宝网络科技有限公司,本产品查验企业被列入经营异常名录的记录及原因。异常信息意味着企业在信披、年报等方面存在问题。在企业信用保证保险中，经营异常是高风险预警信号，某保险公司据此拒保约15%的异常企业。,API产品,"F,J,L,M,S",,2026-08-14 14:02:26,2026-08-15 02:01:13,2026-08-15 02:01:13,0,false,https://dibj.cn/portal/api/common/calling/page?tableCode=DATA_INNOVATION
22,DATA_INNOVATION,创新成果-数据创新成果,557,701,32,API产品,DATA,企业主要人员核验,贵州数据宝网络科技有限公司,本产品核验企业法定代表人、董事、监事、高管等主要人员信息。在团险和董责险中，企业管理层人员的履历和信用直接影响企业风险评估。,API产品,"F,J,L,M,S",,2026-08-14 11:53:13,2026-08-15 02:01:13,2026-08-15 02:01:13,0,false,https://dibj.cn/portal/api/common/calling/page?tableCode=DATA_INNOVATION
23,DATA_INNOVATION,创新成果-数据创新成果,558,700,32,API产品,DATA,企业基础信息核验,贵州数据宝网络科技有限公司,本产品核验企业工商注册基础信息的真实性和有效性。在团险所有业务流程中，企业基础信息是进行任何后续风险评估的数据起点。,API产品,"F,J,L,M,S",,2026-08-14 11:50:14,2026-08-15 02:01:13,2026-08-15 02:01:13,0,false,https://dibj.cn/portal/api/common/calling/page?tableCode=DATA_INNOVATION
24,DATA_INNOVATION,创新成果-数据创新成果,559,699,32,API产品,DATA,企业信息综合评估,贵州数据宝网络科技有限公司,本产品综合多维度企业数据输出综合风险评分。在企业信用保证保险中，综合评分替代了主观判断，实现了标准化的承保决策流程。,API产品,"F,L,M,S,J",,2026-08-14 11:38:56,2026-08-15 02:01:13,2026-08-15 02:01:13,0,false,https://dibj.cn/portal/api/common/calling/page?tableCode=DATA_INNOVATION
25,DATA_INNOVATION,创新成果-数据创新成果,560,698,32,API产品,DATA,企业失信被执行人查验,贵州数据宝网络科技有限公司,本产品标准版企业失信查验，在团险批量核保中快速筛查失信企业。批量模式下每日可处理数千家企业的失信状态筛查，效率远超人工逐一查询。,API产品,"F,J,M,S,L",,2026-08-14 11:37:01,2026-08-15 02:01:13,2026-08-15 02:01:13,0,false,https://dibj.cn/portal/api/common/calling/page?tableCode=DATA_INNOVATION
26,DATA_INNOVATION,创新成果-数据创新成果,561,697,32,API产品,DATA,企业信息数量查验,贵州数据宝网络科技有限公司,本产品查验企业关联的各类信息数量（如分支机构数、对外投资数、裁判文书数等）。信息数量侧面反映了企业的经营活跃度和复杂度，为团险风险评估提供辅助判断。,API产品,"F,L,M,J,S",,2026-08-14 11:34:56,2026-08-15 02:01:13,2026-08-15 02:01:13,0,false,https://dibj.cn/portal/api/common/calling/page?tableCode=DATA_INNOVATION
27,DATA_INNOVATION,创新成果-数据创新成果,562,696,32,API产品,DATA,全国车辆VIN基础信息查验（车型年款品牌）,贵州数据宝网络科技有限公司,"本产品通过VIN码查询车辆品牌、车型和年款基础信息。在车险快速录入中，三项基础参数是车型识别的最小信息集，响应速度极快。
",API产品,"G,I,J,L",,2026-08-14 11:34:49,2026-08-15 02:01:13,2026-08-15 02:01:13,0,false,https://dibj.cn/portal/api/common/calling/page?tableCode=DATA_INNOVATION
28,DATA_INNOVATION,创新成果-数据创新成果,563,695,32,API产品,DATA,全国车辆VIN基础信息查验（排放标准）,贵州数据宝网络科技有限公司,"本产品通过VIN码查询车辆排放标准（国三/四/五/六等）。在城市车险差异化定价中，排放标准影响限行政策下的行驶区域风险特征，高排放车辆在限行区的事故特征有所不同。
",API产品,"G,I,J,L",,2026-08-14 11:32:32,2026-08-15 02:01:13,2026-08-15 02:01:13,0,false,https://dibj.cn/portal/api/common/calling/page?tableCode=DATA_INNOVATION
29,DATA_INNOVATION,创新成果-数据创新成果,564,694,32,API产品,DATA,全国车辆VIN基础信息查验（准牵引总质量）,贵州数据宝网络科技有限公司,"本产品查询货车VIN码对应的准牵引总质量。在货车保险和挂车保险中，准牵引质量是计算风险敞口和确定保费的基础参数，直接影响责任险限额设定。
",API产品,"G,I,J,L",,2026-08-14 11:30:29,2026-08-15 02:01:13,2026-08-15 02:01:13,0,false,https://dibj.cn/portal/api/common/calling/page?tableCode=DATA_INNOVATION
30,DATA_INNOVATION,创新成果-数据创新成果,565,693,32,API产品,DATA,全国车辆配置查验（车牌号）,贵州数据宝网络科技有限公司,"本产品通过车牌号查询车辆完整配置信息。在车险比价和续保场景中，客户仅需提供车牌号，系统即可自动还原车辆档案，投保信息录入效率大幅提升。
",API产品,"G,I,F,L,J",,2026-08-14 11:28:17,2026-08-15 02:01:13,2026-08-15 02:01:13,0,false,https://dibj.cn/portal/api/common/calling/page?tableCode=DATA_INNOVATION
31,DATA_INNOVATION,创新成果-数据创新成果,566,692,32,API产品,DATA,企业失信被执行人失信详情查验,贵州数据宝网络科技有限公司,本产品查验企业失信的详细信息和具体事由。在企业信用保证保险中，失信的严重程度（涉案金额、失信类型）直接影响核保结论，需要详版数据支持精准决策。,API产品,"F,G,I,J,L",,2026-08-14 11:26:35,2026-08-15 02:01:13,2026-08-15 02:01:13,0,false,https://dibj.cn/portal/api/common/calling/page?tableCode=DATA_INNOVATION
32,DATA_INNOVATION,创新成果-数据创新成果,567,691,32,API产品,DATA,全国车辆配置查验（VIN）,贵州数据宝网络科技有限公司,"本产品通过VIN码查询车辆完整配置信息（品牌、型号、排量、变速箱、安全配置等）。在车险投保环节，代理人仅需VIN码即可获取全部车辆参数，替代传统手动选择多级车型。
",API产品,"I,J,G,L,F",,2026-08-14 11:26:28,2026-08-15 02:01:13,2026-08-15 02:01:13,0,false,https://dibj.cn/portal/api/common/calling/page?tableCode=DATA_INNOVATION
33,DATA_INNOVATION,创新成果-数据创新成果,568,690,32,API产品,DATA,企业行政处罚信息查验,贵州数据宝网络科技有限公司,本产品查验企业受到的行政处罚记录。安全生产、环保领域的处罚记录是评估企业经营风险的重要信号。某保险公司发现近两年有安全生产处罚的企业，财产险理赔率是零处罚企业的2.4倍。,API产品,"F,G,I,J,L",,2026-08-14 11:24:20,2026-08-15 02:01:13,2026-08-15 02:01:13,0,false,https://dibj.cn/portal/api/common/calling/page?tableCode=DATA_INNOVATION
34,DATA_INNOVATION,创新成果-数据创新成果,569,689,32,API产品,DATA,企业案件基础信息核验,贵州数据宝网络科技有限公司,本产品查询企业涉及的司法案件基础信息。在董责险核保中，企业涉诉状况是评估管理层责任风险的核心依据，某保险公司D&O核保团队接入后评估覆盖度提升约40%。,API产品,"F,G,I,J,L",,2026-08-14 11:22:05,2026-08-15 02:01:13,2026-08-15 02:01:13,0,false,https://dibj.cn/portal/api/common/calling/page?tableCode=DATA_INNOVATION
35,DATA_INNOVATION,创新成果-数据创新成果,570,688,32,API产品,DATA,企业红黑名单核验,贵州数据宝网络科技有限公司,本产品查询企业是否被列入各类红黑名单。红名单企业可享受更优的团险费率和快速核保通道，黑名单企业需加强审核。某保险公司据此优化团险核保流程，优质客户核保时效缩短约60%。,API产品,"F,G,I,J,L",,2026-08-14 11:14:25,2026-08-15 02:01:13,2026-08-15 02:01:13,0,false,https://dibj.cn/portal/api/common/calling/page?tableCode=DATA_INNOVATION
36,DATA_INNOVATION,创新成果-数据创新成果,571,687,32,API产品,DATA,企业全量信息核验,贵州数据宝网络科技有限公司,本产品提供企业全维度信息的一站式核验，覆盖工商、司法、税务、经营等多个维度。在团险大客户深度核保中，全量信息为全面评估企业风险提供了最高维度的数据支撑。,API产品,"F,G,I,J,L",,2026-08-14 11:04:38,2026-08-15 02:01:13,2026-08-15 02:01:13,0,false,https://dibj.cn/portal/api/common/calling/page?tableCode=DATA_INNOVATION
37,DATA_INNOVATION,创新成果-数据创新成果,572,686,32,API产品,DATA,企业经营凭证核验,贵州数据宝网络科技有限公司,本产品核验企业经营相关资质凭证的真实性和有效性，包括各类经营许可证、特许经营资质等。在企业财产险、责任险和信用保证保险的投保审核中，经营资质凭证是确认企业合法经营范围和能力的基础文件，直接影响保险责任范围的界定。,API产品,"F,G,I,J,L",,2026-08-14 10:55:28,2026-08-15 02:01:13,2026-08-15 02:01:13,0,false,https://dibj.cn/portal/api/common/calling/page?tableCode=DATA_INNOVATION
38,DATA_INNOVATION,创新成果-数据创新成果,573,685,32,API产品,DATA,企业对公账户核验,贵州数据宝网络科技有限公司,本产品核验企业对公账户信息与企业工商信息的一致性。在团体保险保费缴纳和理赔款支付中，确保资金在企业对公账户间流转，某保险公司接入后保费错付率降低95%。,API产品,"F,G,I,J,L",,2026-08-14 10:52:41,2026-08-15 02:01:13,2026-08-15 02:01:13,0,false,https://dibj.cn/portal/api/common/calling/page?tableCode=DATA_INNOVATION
39,DATA_INNOVATION,创新成果-数据创新成果,574,684,32,API产品,DATA,企业四要素验证,贵州数据宝网络科技有限公司,本产品标准版企业四要素验证，在团险标准核保流程中提供基础的企业身份和数据质量检验。四要素验证比三要素更严格，进一步降低信息错误导致的理赔风险。,API产品,"F,G,I,J,L",,2026-08-14 10:50:04,2026-08-15 02:01:13,2026-08-15 02:01:13,0,false,https://dibj.cn/portal/api/common/calling/page?tableCode=DATA_INNOVATION
40,DATA_INNOVATION,创新成果-数据创新成果,575,683,32,API产品,DATA,企业四要素验证（详版）,贵州数据宝网络科技有限公司,本产品提供企业名称+信用代码+法人+注册资本四要素详版核验。四要素交叉验证在企业大额保单（如董责险）核保中，提供了最高精度的企业身份确认。,API产品,"F,G,I,J,L",,2026-08-14 10:40:11,2026-08-15 02:01:13,2026-08-15 02:01:13,0,false,https://dibj.cn/portal/api/common/calling/page?tableCode=DATA_INNOVATION
41,DATA_INNOVATION,创新成果-数据创新成果,576,682,32,API产品,DATA,企业详情信息核验,贵州数据宝网络科技有限公司,本产品提供企业工商登记的详情级信息核验，返回企业最全面的注册信息。在团险深度核保中，详情信息为全面评估企业经营状况提供了完整的数据基础。,API产品,"F,G,I,J,L",,2026-08-14 10:31:05,2026-08-15 02:01:13,2026-08-15 02:01:13,0,false,https://dibj.cn/portal/api/common/calling/page?tableCode=DATA_INNOVATION
42,DATA_INNOVATION,创新成果-数据创新成果,577,681,32,API产品,DATA,企业失信被执行人核验,贵州数据宝网络科技有限公司,本产品核验企业是否被列入失信被执行人名单。失信企业面临多方面的经营限制，其正常履约能力严重受损，在保险领域不具备投保履约保证保险的资质条件。,API产品,"F,G,I,J,L",,2026-08-14 10:28:48,2026-08-15 02:01:13,2026-08-15 02:01:13,0,false,https://dibj.cn/portal/api/common/calling/page?tableCode=DATA_INNOVATION
43,DATA_INNOVATION,创新成果-数据创新成果,578,680,32,API产品,DATA,企业限高被执行人核验,贵州数据宝网络科技有限公司,本产品核验企业是否被限制高消费及法定代表人是否被限高。在团险和信用保证保险中，限高是现金流压力的强烈信号，被限高的企业不具备投保保证保险的基本条件。,API产品,"F,G,I,J,L",,2026-08-14 10:26:45,2026-08-15 02:01:13,2026-08-15 02:01:13,0,false,https://dibj.cn/portal/api/common/calling/page?tableCode=DATA_INNOVATION
44,DATA_INNOVATION,创新成果-数据创新成果,579,679,32,API产品,DATA,企业三要素验证（详版）,贵州数据宝网络科技有限公司,本产品在三要素核验基础上返回企业注册资本、成立日期、经营范围等详情。在团险核保中，企业规模和经营范围是评估风险敞口的重要依据。注册资本过低的企业在履约保证保险中需加强审核。,API产品,"F,G,I,J,L",,2026-08-14 10:24:50,2026-08-15 02:01:13,2026-08-15 02:01:13,0,false,https://dibj.cn/portal/api/common/calling/page?tableCode=DATA_INNOVATION
45,DATA_INNOVATION,创新成果-数据创新成果,580,678,32,API产品,DATA,企业二要素验证,贵州数据宝网络科技有限公司,本产品提供企业名称+统一社会信用代码二要素轻量核验。在团险快速报价和简易投保中，二要素即可满足基本的企业身份确认，响应更快、成本更低。,API产品,"G,F,I,J,L",,2026-08-14 10:22:24,2026-08-15 02:01:13,2026-08-15 02:01:13,0,false,https://dibj.cn/portal/api/common/calling/page?tableCode=DATA_INNOVATION
46,DATA_INNOVATION,创新成果-数据创新成果,581,677,32,API产品,DATA,企业三要素验证,贵州数据宝网络科技有限公司,本产品提供企业名称+统一社会信用代码+法定代表人三要素核验。在团险KYC中，三要素验证是验证投保企业合法性的基础步骤，某保险公司企业客户准入环节使用该接口，不合规企业自动拦截率提升约95%。,API产品,"F,G,I,J,L",,2026-08-14 10:18:34,2026-08-15 02:01:13,2026-08-15 02:01:13,0,false,https://dibj.cn/portal/api/common/calling/page?tableCode=DATA_INNOVATION
47,DATA_INNOVATION,创新成果-数据创新成果,582,676,32,API产品,DATA,道路运输从业人员资格证核验（定制版）V3,贵州数据宝网络科技有限公司,本产品为V3升级版定制从业人员资格证核验，扩展了资格类型覆盖范围（客运/货运/危货等）。在差异化保险产品中，不同资格类型对应不同的风险等级和保费水平。,API产品,"F,J,L,M,S",,2026-08-14 10:15:36,2026-08-15 02:01:13,2026-08-15 02:01:13,0,false,https://dibj.cn/portal/api/common/calling/page?tableCode=DATA_INNOVATION
48,DATA_INNOVATION,创新成果-数据创新成果,583,675,32,API产品,DATA,二手车VIN估值,贵州数据宝网络科技有限公司,本产品基于VIN码评估二手车市场价值。在二手车保险场景中，车辆实际价值是确定保险金额的基础。某保险公司使用该接口辅助确定保额基准，保单争议率下降约25%。,API产品,"F,G,I,J,L",,2026-08-14 10:14:23,2026-08-15 02:01:13,2026-08-15 02:01:13,0,false,https://dibj.cn/portal/api/common/calling/page?tableCode=DATA_INNOVATION
49,DATA_INNOVATION,创新成果-数据创新成果,584,674,32,API产品,DATA,道路运输许可证核验（定制版）V3,贵州数据宝网络科技有限公司,本产品为V3升级版定制道路运输许可证核验，优化了数据时效和响应速度。在保险实时核保中，V3版使用最新数据，确保运输许可状态的准确性。,API产品,"F,J,L,M,S",,2026-08-14 10:13:52,2026-08-15 02:01:13,2026-08-15 02:01:13,0,false,https://dibj.cn/portal/api/common/calling/page?tableCode=DATA_INNOVATION
50,DATA_INNOVATION,创新成果-数据创新成果,585,673,32,API产品,DATA,道路运输许可证核验（定制版）,贵州数据宝网络科技有限公司,本产品为定制版道路运输许可证核验，支持按保险公司需求配置核验规则和字段。在保险业务差异化需求中，定制版提供了更灵活的运政数据接入方案。,API产品,"F,J,L,M,S",,2026-08-14 10:11:11,2026-08-15 02:01:13,2026-08-15 02:01:13,0,false,https://dibj.cn/portal/api/common/calling/page?tableCode=DATA_INNOVATION
51,DATA_INNOVATION,创新成果-数据创新成果,586,672,32,API产品,DATA,车辆投保日期核验,贵州数据宝网络科技有限公司,本产品核验车辆保险投保日期和保单状态。在车险续保营销中，精准获取投保日期有助于确定续保提醒的最佳时机，避免在客户已续保后重复打扰。,API产品,"F,G,I,J,L",,2026-08-14 10:10:38,2026-08-15 02:01:13,2026-08-15 02:01:13,0,false,https://dibj.cn/portal/api/common/calling/page?tableCode=DATA_INNOVATION
52,DATA_INNOVATION,创新成果-数据创新成果,587,671,32,API产品,DATA,道路运输从业人员资格证核验,贵州数据宝网络科技有限公司,本产品核验道路运输从业人员的资格证信息。在物流保险和承运人责任险中，驾驶员持证上岗是理赔的前提条件——事故发生时驾驶员无从业资格的，保险公司可依据条款拒赔。,API产品,"F,J,L,M,S",,2026-08-14 10:07:05,2026-08-15 02:01:13,2026-08-15 02:01:13,0,false,https://dibj.cn/portal/api/common/calling/page?tableCode=DATA_INNOVATION
53,DATA_INNOVATION,创新成果-数据创新成果,588,670,32,API产品,DATA,企业道路运输经营许可证核验,贵州数据宝网络科技有限公司,本产品核验企业的道路运输经营许可证。在物流企业保险中，企业层面的运输许可比单车许可更具基础性，无证企业经营运输属于非法经营，保险不承担相关责任。,API产品,"F,J,L,M,S",,2026-08-14 10:03:43,2026-08-15 02:01:13,2026-08-15 02:01:13,0,false,https://dibj.cn/portal/api/common/calling/page?tableCode=DATA_INNOVATION
54,DATA_INNOVATION,创新成果-数据创新成果,589,669,32,API产品,DATA,道路运输许可证核验,贵州数据宝网络科技有限公司,本产品核验营运车辆的道路运输许可证真实性和有效性。在营运车辆保险中，许可证是判断车辆合法营运资格的法定证件，无证营运车辆不具备投保资格。某保险公司通过该接口拦截了约8%的无证或证件过期的投保申请。,API产品,"F,J,L,M,S",,2026-08-14 09:54:39,2026-08-15 02:01:13,2026-08-15 02:01:13,0,false,https://dibj.cn/portal/api/common/calling/page?tableCode=DATA_INNOVATION
55,DATA_INNOVATION,创新成果-数据创新成果,590,668,32,API产品,DATA,企业运力核验,贵州数据宝网络科技有限公司,本产品核验运输企业的运力规模和资质。在物流保险和货物运输险中，企业运力是确定承保能力和厘定费率的重要因素。运力不足的企业在承接大型运输任务时超负荷运营风险更高。,API产品,"F,J,L,M,S",,2026-08-14 09:52:30,2026-08-15 02:01:13,2026-08-15 02:01:13,0,false,https://dibj.cn/portal/api/common/calling/page?tableCode=DATA_INNOVATION
56,DATA_INNOVATION,创新成果-数据创新成果,591,666,32,API产品,DATA,客车车险模型评分,贵州数据宝网络科技有限公司,本产品为客车的车险风险模型评分，输出风险等级和评分。在客车保险的精准定价中，基于高速通行数据的评分比传统定价因子具有更强的风险区分能力。,API产品,"F,J,L,M,S",,2026-08-14 09:48:14,2026-08-15 02:01:13,2026-08-15 02:01:13,0,false,https://dibj.cn/portal/api/common/calling/page?tableCode=DATA_INNOVATION
57,DATA_INNOVATION,创新成果-数据创新成果,592,665,32,API产品,DATA,高速车辆超速行为评估,贵州数据宝网络科技有限公司,本产品评估高速车辆的交通超速行为频率和严重程度。超速是事故风险的直接预测因子，高频超速驾驶员的出险率显著高于正常驾驶人群。某车险公司将该评估纳入UBI模型后赔付率进一步优化。,API产品,"F,J,L,M,S",,2026-08-14 09:44:50,2026-08-15 02:01:13,2026-08-15 02:01:13,0,false,https://dibj.cn/portal/api/common/calling/page?tableCode=DATA_INNOVATION
58,DATA_INNOVATION,创新成果-数据创新成果,593,664,32,API产品,DATA,货车车险风控评分模型,贵州数据宝网络科技有限公司,本产品为货车的综合车险风控评分模型，覆盖货车保险核保和定价的主要风险评估需求。模型整合通行、载重、路线、时段等多维度特征，输出风险评分和等级，支持差异化的货车保险定价策略。,API产品,"F,J,L,M,S",,2026-08-14 09:42:40,2026-08-15 02:01:13,2026-08-15 02:01:13,0,false,https://dibj.cn/portal/api/common/calling/page?tableCode=DATA_INNOVATION
59,DATA_INNOVATION,创新成果-数据创新成果,594,663,32,API产品,DATA,高速车辆行驶查询（按收费站）,贵州数据宝网络科技有限公司,本产品按收费站维度查询车辆的高速行驶记录。在车险理赔中，按收费站筛选可快速定位车辆在某区域的通行记录，为事故地点核实提供依据。,API产品,"F,J,L,M,S",,2026-08-14 09:40:46,2026-08-15 02:01:13,2026-08-15 02:01:13,0,false,https://dibj.cn/portal/api/common/calling/page?tableCode=DATA_INNOVATION
60,DATA_INNOVATION,创新成果-数据创新成果,595,662,32,API产品,DATA,车险反欺诈（5吨以下非营业货车）,贵州数据宝网络科技有限公司,本产品针对5吨以下非营业货车提供车险反欺诈服务。小型货车在理赔中的虚构事故、夸大损失等欺诈行为较为常见，该产品通过多维度数据分析识别异常理赔模式。,API产品,"F,J,L,M,S",,2026-08-14 09:34:38,2026-08-15 02:01:13,2026-08-15 02:01:13,0,false,https://dibj.cn/portal/api/common/calling/page?tableCode=DATA_INNOVATION
61,DATA_INNOVATION,创新成果-数据创新成果,596,661,32,API产品,DATA,客货车全量因子,贵州数据宝网络科技有限公司,本产品输出客货车风险评分模型的全部因子（包含数十个特征变量）。在车险精算建模中，全量因子为深入理解评分驱动因素和模型可解释性提供了充分的数据基础。,API产品,"F,J,L,M,S",,2026-08-14 09:32:32,2026-08-15 02:01:13,2026-08-15 02:01:13,0,false,https://dibj.cn/portal/api/common/calling/page?tableCode=DATA_INNOVATION
62,DATA_INNOVATION,创新成果-数据创新成果,597,660,32,API产品,DATA,货车车险风控评分模型-保险区看板,贵州数据宝网络科技有限公司,本产品为货车车险风控评分模型的保险区可视化看板，提供评分分布、风险热力图等。为保险公司管理层和精算团队提供货车保险业务的全局风险视图。,API产品,"F,J,L,M,S",,2026-08-14 09:30:30,2026-08-15 02:01:13,2026-08-15 02:01:13,0,false,https://dibj.cn/portal/api/common/calling/page?tableCode=DATA_INNOVATION
63,DATA_INNOVATION,创新成果-数据创新成果,598,659,32,API产品,DATA,客车车险模型H5,贵州数据宝网络科技有限公司,本产品为客车车险风险模型H5版本，支持在H5页面中快速调用评分。在车险代理前端，H5版本的轻量级评分可实现实时报价中的风险快速判断。,API产品,"F,J,L,M,S",,2026-08-14 09:27:45,2026-08-15 02:01:13,2026-08-15 02:01:13,0,false,https://dibj.cn/portal/api/common/calling/page?tableCode=DATA_INNOVATION
64,DATA_INNOVATION,创新成果-数据创新成果,599,657,32,API产品,DATA,高速车辆出入口地区频次TOP20,贵州数据宝网络科技有限公司,本产品统计车辆在高速公路出入口地区的频次排名TOP20。在货车保险中，常跑路线涉及的地域风险特征（如山区路段、拥堵路段等）影响事故概率。,API产品,"F,J,L,M,S",,2026-08-14 09:19:46,2026-08-15 02:01:13,2026-08-15 02:01:13,0,false,https://dibj.cn/portal/api/common/calling/page?tableCode=DATA_INNOVATION
65,DATA_INNOVATION,创新成果-数据创新成果,600,656,32,API产品,DATA,新能源汽车动力电池综合评分-保险定制,贵州数据宝网络科技有限公司,本产品为保险定制的新能源汽车动力电池综合评分。在V2基础上整合更多维度，为新能源车险提供全生命周期风险评估。某保险公司基于该评分实现赔付率改善。,API产品,"F,G,I,J,L",,2026-08-14 09:19:09,2026-08-15 02:01:13,2026-08-15 02:01:13,0,false,https://dibj.cn/portal/api/common/calling/page?tableCode=DATA_INNOVATION
66,DATA_INNOVATION,创新成果-数据创新成果,601,655,32,API产品,DATA,高速货车运力指数（上路时长排名）,贵州数据宝网络科技有限公司,本产品基于高速通行数据计算货车的上路时长排名运力指数。上路时长反映车辆的运营强度，运营强度越高的车辆驾驶员疲劳风险越大。,API产品,"F,J,L,M,S",,2026-08-14 09:16:40,2026-08-15 02:01:13,2026-08-15 02:01:13,0,false,https://dibj.cn/portal/api/common/calling/page?tableCode=DATA_INNOVATION
67,DATA_INNOVATION,创新成果-数据创新成果,602,654,32,API产品,DATA,新能源汽车动力电池健康评分-保险定制V2,贵州数据宝网络科技有限公司,本产品为保险场景定制的新能源汽车动力电池健康评分V2版。结合电池容量衰减、充放电效率和历史异常记录，输出综合健康评分，为新能源车险的差异化定价提供核心参考维度。,API产品,"F,G,I,J,L",,2026-08-14 09:15:20,2026-08-15 02:01:13,2026-08-15 02:01:13,0,false,https://dibj.cn/portal/api/common/calling/page?tableCode=DATA_INNOVATION
68,DATA_INNOVATION,创新成果-数据创新成果,603,653,32,API产品,DATA,零排放车辆风险预警V2,贵州数据宝网络科技有限公司,本产品为零排放车辆风险预警V2升级版，扩大数据覆盖面并优化预警算法。随着电动车保有量快速增长，V2版提升了电池热失控等重大风险的早期识别能力。,API产品,"F,G,I,J,L",,2026-08-14 09:11:57,2026-08-15 02:01:13,2026-08-15 02:01:13,0,false,https://dibj.cn/portal/api/common/calling/page?tableCode=DATA_INNOVATION
69,DATA_INNOVATION,创新成果-数据创新成果,604,652,32,API产品,DATA,零排放车辆风险预警,贵州数据宝网络科技有限公司,本产品为零排放车辆（纯电动车）提供专属风险预警服务。电动车的三电系统故障模式与传统燃油车不同，专属风险模型识别电池故障、充电安全等新能源特有风险。,API产品,"F,G,I,J,L",,2026-08-14 09:09:25,2026-08-15 02:01:13,2026-08-15 02:01:13,0,false,https://dibj.cn/portal/api/common/calling/page?tableCode=DATA_INNOVATION
70,DATA_INNOVATION,创新成果-数据创新成果,605,651,32,API产品,DATA,新能源汽车动力电池检测,贵州数据宝网络科技有限公司,本产品提供新能源车辆动力电池综合检测，包括电池容量、健康度、充放电循环等。电池老化增加自燃风险，SOH低于80%的车辆出险率显著偏高。某保险公司将电池检测纳入新能源车险评估体系。,API产品,"F,G,I,J,L",,2026-08-14 09:07:01,2026-08-15 02:01:13,2026-08-15 02:01:13,0,false,https://dibj.cn/portal/api/common/calling/page?tableCode=DATA_INNOVATION
71,DATA_INNOVATION,创新成果-数据创新成果,606,650,32,API产品,DATA,车辆轨迹核验V2,贵州数据宝网络科技有限公司,本产品为车辆轨迹核验V2版本。在车险理赔中，通过事故前后轨迹还原判断事故发生的合理性，为理赔审核提供客观佐证。,API产品,"F,J,I,L",,2026-08-14 09:05:05,2026-08-15 02:01:13,2026-08-15 02:01:13,0,false,https://dibj.cn/portal/api/common/calling/page?tableCode=DATA_INNOVATION
72,DATA_INNOVATION,创新成果-数据创新成果,432,649,32,API产品,DATA,全国车辆配置查验-HYX定制,贵州数据宝网络科技有限公司,"本产品为HYX客户定制的车辆配置查询方案，针对车险业务场景优化了返回字段和数据格式。定制化接口减少了不必要的数据传输，在车险批量核保中效率更高。
",API产品,"G,J,I,L",,2026-08-13 16:50:26,2026-08-14 02:01:13,2026-08-14 02:01:13,0,false,https://dibj.cn/portal/api/common/calling/page?tableCode=DATA_INNOVATION
73,DATA_INNOVATION,创新成果-数据创新成果,433,648,32,API产品,DATA,全国车辆配置查验（长&宽&高）,贵州数据宝网络科技有限公司,"本产品通过VIN码或车牌查询车辆的长宽高尺寸参数。在车险中，车辆尺寸影响事故严重程度和维修成本，大型车辆的人伤赔付金额和维修工时均更高。某保险公司将车辆尺寸纳入定价因子，提升了风险区分能力。
",API产品,"G,I,J,L",,2026-08-13 16:48:36,2026-08-14 02:01:13,2026-08-14 02:01:13,0,false,https://dibj.cn/portal/api/common/calling/page?tableCode=DATA_INNOVATION
74,DATA_INNOVATION,创新成果-数据创新成果,434,647,32,API产品,DATA,非税票据清单明细,贵州数据宝网络科技有限公司,"本产品提供非税票据的清单明细查询，支持按时间、医院、项目类型等多维度检索。在健康险年度理赔汇总分析中，为精算和产品定价提供详细的费用结构数据。
",API产品,"J,Q",,2026-08-13 16:46:22,2026-08-14 02:01:13,2026-08-14 02:01:13,0,false,https://dibj.cn/portal/api/common/calling/page?tableCode=DATA_INNOVATION
75,DATA_INNOVATION,创新成果-数据创新成果,435,646,32,API产品,DATA,非税票据核验,贵州数据宝网络科技有限公司,"本产品针对非税医疗票据（自费部分、体检报告等）进行核验。在商业健康险补充医保的理赔中，非税票据同样是重要的理赔凭证，核验其真实性有助于全面防范理赔欺诈。
",API产品,"J,Q",,2026-08-13 16:44:34,2026-08-14 02:01:13,2026-08-14 02:01:13,0,false,https://dibj.cn/portal/api/common/calling/page?tableCode=DATA_INNOVATION
76,DATA_INNOVATION,创新成果-数据创新成果,436,645,32,API产品,DATA,票据五要素核验,贵州数据宝网络科技有限公司,"本产品提供医疗票据五要素（医院名称、日期、金额、项目、患者姓名）综合核验。在健康险理赔中，五要素的一致性校验可发现票据篡改和信息不一致的异常案件。
",API产品,"J,Q",,2026-08-13 16:42:53,2026-08-14 02:01:13,2026-08-14 02:01:13,0,false,https://dibj.cn/portal/api/common/calling/page?tableCode=DATA_INNOVATION
77,DATA_INNOVATION,创新成果-数据创新成果,437,644,32,API产品,DATA,风险筛查,贵州数据宝网络科技有限公司,"本产品为综合医疗风险筛查接口，在健康险核保和理赔中提供多维风险评估。整合就诊频率、科室分布、用药记录等维度，输出综合风险评分。
",API产品,"J,Q",,2026-08-13 16:40:55,2026-08-14 02:01:13,2026-08-14 02:01:13,0,false,https://dibj.cn/portal/api/common/calling/page?tableCode=DATA_INNOVATION
78,DATA_INNOVATION,创新成果-数据创新成果,438,643,32,API产品,DATA,就诊推断V1,贵州数据宝网络科技有限公司,"本产品基于就诊记录推断个人健康状况和潜在疾病风险。在健康险自动核保中，就诊推断弥补了客户健康告知的信息缺口，为核保决策提供数据支撑。
",API产品,"J,Q",,2026-08-13 16:38:59,2026-08-14 02:01:13,2026-08-14 02:01:13,0,false,https://dibj.cn/portal/api/common/calling/page?tableCode=DATA_INNOVATION
79,DATA_INNOVATION,创新成果-数据创新成果,439,642,32,API产品,DATA,医疗疾病风险筛查,贵州数据宝网络科技有限公司,"本产品基于医疗就诊数据筛查个人疾病风险，在健康险核保中提供客观的既往健康状况评估。相比客户自我申报，医疗数据更加客观全面，有效减少逆选择。赔付率下降约2.9个百分点。
",API产品,"J,Q",,2026-08-13 16:36:22,2026-08-14 02:01:13,2026-08-14 02:01:13,0,false,https://dibj.cn/portal/api/common/calling/page?tableCode=DATA_INNOVATION
80,DATA_INNOVATION,创新成果-数据创新成果,440,641,32,API产品,DATA,就诊票据核验,贵州数据宝网络科技有限公司,"本产品核验医疗就诊票据的真实性，对接医保和医院票据数据源。在健康险理赔审核中，假票据是欺诈重灾区，该接口自动验证票据真伪，某健康险公司接入后假票据识别率提升至98%以上。
",API产品,"J,Q",,2026-08-13 16:34:47,2026-08-14 02:01:13,2026-08-14 02:01:13,0,false,https://dibj.cn/portal/api/common/calling/page?tableCode=DATA_INNOVATION
81,DATA_INNOVATION,创新成果-数据创新成果,441,639,32,API产品,DATA,客户价值评分G（工资+近一年平均工资）,贵州数据宝网络科技有限公司,"本产品基于工资数据和近一年平均工资水平评估客户价值。工资水平直接反映客户保费支付能力，在保险产品额度审批和分期方案设计中作为核心参考变量。
",API产品,"I,F,K",,2026-08-13 16:29:25,2026-08-14 02:01:13,2026-08-14 02:01:13,0,false,https://dibj.cn/portal/api/common/calling/page?tableCode=DATA_INNOVATION
82,DATA_INNOVATION,创新成果-数据创新成果,442,638,32,API产品,DATA,客户价值评分F（个税+近一年逾期）,贵州数据宝网络科技有限公司,"本产品综合个税数据和近一年金融逾期记录，聚焦近期信用行为变化。在保险续保评估中，近期逾期行为比历史逾期更具预警价值，帮助保险公司识别信用恶化的早期信号。
",API产品,"J,F,K",,2026-08-13 16:27:28,2026-08-14 02:01:13,2026-08-14 02:01:13,0,false,https://dibj.cn/portal/api/common/calling/page?tableCode=DATA_INNOVATION
83,DATA_INNOVATION,创新成果-数据创新成果,443,637,32,API产品,DATA,客户价值评分E（个税+金融逾期）,贵州数据宝网络科技有限公司,"本产品综合个税数据和金融逾期记录的双维度客户价值评分。个税验证收入水平、逾期反映信用行为，双维度交叉分析有助于识别“高收入低信用”的特殊客户群体。
",API产品,"J,F,K",,2026-08-13 16:25:08,2026-08-14 02:01:13,2026-08-14 02:01:13,0,false,https://dibj.cn/portal/api/common/calling/page?tableCode=DATA_INNOVATION
84,DATA_INNOVATION,创新成果-数据创新成果,444,636,32,API产品,DATA,客户价值评分D（银行流水）,贵州数据宝网络科技有限公司,"本产品基于银行流水数据评估客户价值，从实际收支角度反映经济能力。银行流水是最真实的收入和支出记录，比单一维度推断更可靠。在大额保单财务核保中提供独立验证。
",API产品,"J,F,K",,2026-08-13 16:23:00,2026-08-14 02:01:13,2026-08-14 02:01:13,0,false,https://dibj.cn/portal/api/common/calling/page?tableCode=DATA_INNOVATION
85,DATA_INNOVATION,创新成果-数据创新成果,445,635,32,API产品,DATA,客户价值评分C（社保+金融逾期）,贵州数据宝网络科技有限公司,"本产品综合社保数据和金融逾期记录评估客户价值，在收入评估基础上叠加信用维度。在保费分期和信用支付场景中，多维评分提供更全面的客户还款能力判断。
",API产品,"J,F,K",,2026-08-13 16:19:08,2026-08-14 02:01:13,2026-08-14 02:01:13,0,false,https://dibj.cn/portal/api/common/calling/page?tableCode=DATA_INNOVATION
86,DATA_INNOVATION,创新成果-数据创新成果,446,634,32,API产品,DATA,客户价值评分B（社保）,贵州数据宝网络科技有限公司,"本产品基于社保缴纳数据评估客户价值，通过缴纳基数和连续性推断收入水平和工作稳定性。社保覆盖人群远大于个税，对中低收入群体画像更精准，某保险公司普惠保险精准推荐匹配度提升约18个百分点。
",API产品,"J,K,F",,2026-08-13 16:16:40,2026-08-14 02:01:13,2026-08-14 02:01:13,0,false,https://dibj.cn/portal/api/common/calling/page?tableCode=DATA_INNOVATION
87,DATA_INNOVATION,创新成果-数据创新成果,447,633,32,API产品,DATA,客户价值评分A（个税）,贵州数据宝网络科技有限公司,"本产品基于个人所得税缴纳数据评估客户价值，个税数据是验证个人收入的权威来源。在高端保险产品客户筛选和额度审批中，该评分为确定保险金额上限提供参考依据。
",API产品,"J,F,K",,2026-08-13 16:14:33,2026-08-14 02:01:13,2026-08-14 02:01:13,0,false,https://dibj.cn/portal/api/common/calling/page?tableCode=DATA_INNOVATION
88,DATA_INNOVATION,创新成果-数据创新成果,448,632,32,API产品,DATA,高速货车运力指数（总载重排名）,贵州数据宝网络科技有限公司,本产品基于高速通行数据计算货车的总载重排名运力指数。载重越大，事故严重程度和人伤赔付金额通常越高。核载10吨以上的重型货车人均理赔金额是轻型货车的3.5倍。,API产品,"F,L,J,M,S",,2026-08-13 16:13:52,2026-08-14 02:01:13,2026-08-14 02:01:13,0,false,https://dibj.cn/portal/api/common/calling/page?tableCode=DATA_INNOVATION
89,DATA_INNOVATION,创新成果-数据创新成果,449,631,32,API产品,DATA,人车关系核验（ETC）,贵州数据宝网络科技有限公司,"本产品基于ETC通行数据核验人车关系，ETC绑定关系反映实际使用模式，比登记信息更贴近真实情况。在UBI车险中，ETC数据揭示的实际驾驶人信息比法定车主信息更有价值。
",API产品,"J,G,L",,2026-08-13 16:12:29,2026-08-14 02:01:13,2026-08-14 02:01:13,0,false,https://dibj.cn/portal/api/common/calling/page?tableCode=DATA_INNOVATION
90,DATA_INNOVATION,创新成果-数据创新成果,450,630,32,API产品,DATA,车辆运力评估,贵州数据宝网络科技有限公司,本产品评估车辆的运输能力和运营强度。在物流保险和货物运输险中，运力评估是判断承保风险敞口和确定保费水平的重要依据。,API产品,"F,J,L,M,S",,2026-08-13 16:11:57,2026-08-14 02:01:13,2026-08-14 02:01:13,0,false,https://dibj.cn/portal/api/common/calling/page?tableCode=DATA_INNOVATION
91,DATA_INNOVATION,创新成果-数据创新成果,451,629,32,API产品,DATA,人车关系核验,贵州数据宝网络科技有限公司,"本产品核验指定人员与车辆的所有权关系是否一致，对接车辆登记管理权威数据源。在车险投保人和被保险人不一致时，需确认投保人对保险标的是否具有保险利益，避免因保险利益缺失导致的理赔纠纷。
",API产品,"G,J,L",,2026-08-13 16:10:05,2026-08-14 02:01:13,2026-08-14 02:01:13,0,false,https://dibj.cn/portal/api/common/calling/page?tableCode=DATA_INNOVATION
92,DATA_INNOVATION,创新成果-数据创新成果,452,628,32,API产品,DATA,高速车辆行驶里程核验,贵州数据宝网络科技有限公司,本产品核验车辆在高速公路的累计行驶里程。高速里程是驾驶行为暴露度的直接度量，结合事故数据分析，里程越高的车辆出险概率越大。,API产品,"F,J,L,M,S",,2026-08-13 16:08:03,2026-08-14 02:01:13,2026-08-14 02:01:13,0,false,https://dibj.cn/portal/api/common/calling/page?tableCode=DATA_INNOVATION
93,DATA_INNOVATION,创新成果-数据创新成果,453,627,32,API产品,DATA,活体检测H5,贵州数据宝网络科技有限公司,"本产品为活体检测标准H5版本，支持在浏览器中完成无需SDK安装。在微信生态推广中可在内置浏览器运行，配合公众号推送实现便捷身份验证。
",API产品,"G,I,J,S",,2026-08-13 16:07:40,2026-08-14 02:01:13,2026-08-14 02:01:13,0,false,https://dibj.cn/portal/api/common/calling/page?tableCode=DATA_INNOVATION
94,DATA_INNOVATION,创新成果-数据创新成果,454,626,32,API产品,DATA,高速车辆行驶时间核验,贵州数据宝网络科技有限公司,本产品核验车辆在高速公路的具体行驶时间信息。在车险理赔中，可通过通行时间还原事故前后的车辆行驶时间线，为事故原因分析提供时间维度佐证。,API产品,"F,L,J,M,S",,2026-08-13 16:05:41,2026-08-14 02:01:13,2026-08-14 02:01:13,0,false,https://dibj.cn/portal/api/common/calling/page?tableCode=DATA_INNOVATION
95,DATA_INNOVATION,创新成果-数据创新成果,455,625,32,API产品,DATA,静默活体检测,贵州数据宝网络科技有限公司,"本产品通过分析照片微观纹理和光照一致性判断是否翻拍，无需用户动作。在保险反欺诈事后分析中，可批量筛查历史人脸图片，发现潜在翻拍攻击行为。
",API产品,"G,I,J,S",,2026-08-13 16:04:58,2026-08-14 02:01:13,2026-08-14 02:01:13,0,false,https://dibj.cn/portal/api/common/calling/page?tableCode=DATA_INNOVATION
96,DATA_INNOVATION,创新成果-数据创新成果,456,624,32,API产品,DATA,高速车辆行驶时间段评估,贵州数据宝网络科技有限公司,本产品评估高速车辆在不同时间段（早高峰/晚高峰/夜间/凌晨）的行驶分布。多项研究表明，夜间和凌晨时段的单车事故率是白天时段的2-4倍。该接口为车险定价提供了关键的时段风险维度。,API产品,"F,J,L,M,S",,2026-08-13 16:03:40,2026-08-14 02:01:13,2026-08-14 02:01:13,0,false,https://dibj.cn/portal/api/common/calling/page?tableCode=DATA_INNOVATION
97,DATA_INNOVATION,创新成果-数据创新成果,457,623,32,API产品,DATA,高速车辆微信支付行为评估,贵州数据宝网络科技有限公司,本产品评估高速车辆使用微信支付通行费的行为特征。微信支付在个人车主中更为普遍，该支付偏好有助于辅助判断车辆的个人使用属性。,API产品,"F,J,L,M,S",,2026-08-13 16:01:04,2026-08-14 02:01:13,2026-08-14 02:01:13,0,false,https://dibj.cn/portal/api/common/calling/page?tableCode=DATA_INNOVATION
98,DATA_INNOVATION,创新成果-数据创新成果,458,622,32,API产品,DATA,高速车辆支付宝支付行为评估,贵州数据宝网络科技有限公司,本产品评估高速车辆使用支付宝支付通行费的行为特征。支付宝支付用户群体与微信支付群体可能存在不同的出行特征。,API产品,"F,J,L,M,S",,2026-08-13 15:58:24,2026-08-14 02:01:13,2026-08-14 02:01:13,0,false,https://dibj.cn/portal/api/common/calling/page?tableCode=DATA_INNOVATION
99,DATA_INNOVATION,创新成果-数据创新成果,459,621,32,API产品,DATA,高速车辆ETC支付次数评估,贵州数据宝网络科技有限公司,本产品评估高速车辆使用ETC支付的次数和频率。ETC支付次数直接反映高速使用频率，高频用户的事故风险敞口大于低频用户。,API产品,"F,J,L,M,S",,2026-08-13 15:55:49,2026-08-14 02:01:13,2026-08-14 02:01:13,0,false,https://dibj.cn/portal/api/common/calling/page?tableCode=DATA_INNOVATION
100,DATA_INNOVATION,创新成果-数据创新成果,460,620,32,API产品,DATA,高速车辆现金支付行为评估,贵州数据宝网络科技有限公司,本产品评估高速车辆使用现金支付通行费的行为。现金支付比例高的车辆可能具有不同的使用模式，在保险风险评估中作为辅助判断维度。,API产品,"F,J,L,M,S",,2026-08-13 15:53:08,2026-08-14 02:01:13,2026-08-14 02:01:13,0,false,https://dibj.cn/portal/api/common/calling/page?tableCode=DATA_INNOVATION
101,DATA_INNOVATION,创新成果-数据创新成果,461,619,32,API产品,DATA,车辆银联卡支付行为评估,贵州数据宝网络科技有限公司,本产品评估高速车辆使用银联卡支付通行费的行为特征。银联卡支付在商用车和物流车辆中较为常见，该特征有助于判断车辆的实际使用性质。,API产品,"F,J,L,M,S",,2026-08-13 15:51:13,2026-08-14 02:01:13,2026-08-14 02:01:13,0,false,https://dibj.cn/portal/api/common/calling/page?tableCode=DATA_INNOVATION
102,DATA_INNOVATION,创新成果-数据创新成果,462,618,32,API产品,DATA,高速车辆三方账户支付行为评估,贵州数据宝网络科技有限公司,本产品评估高速车辆使用第三方账户（如企业账户代付）支付通行费的行为。在车险中，第三方支付暗示车辆可能用于企业商务出行，其使用性质需要核查。,API产品,"F,J,L,M,S",,2026-08-13 15:49:14,2026-08-14 02:01:13,2026-08-14 02:01:13,0,false,https://dibj.cn/portal/api/common/calling/page?tableCode=DATA_INNOVATION
103,DATA_INNOVATION,创新成果-数据创新成果,463,617,32,API产品,DATA,高速车辆电子支付行为评估,贵州数据宝网络科技有限公司,本产品评估高速车辆使用ETC等电子支付方式的行为特征。ETC用户通常通行频率更高、长途出行更多，其驾驶行为模式与非ETC用户存在差异。,API产品,"F,J,M,L,S",,2026-08-13 15:47:02,2026-08-14 02:01:13,2026-08-14 02:01:13,0,false,https://dibj.cn/portal/api/common/calling/page?tableCode=DATA_INNOVATION
104,DATA_INNOVATION,创新成果-数据创新成果,464,616,32,API产品,DATA,高速车辆支付相关行为评估-通行时间,贵州数据宝网络科技有限公司,本产品评估高速车辆支付行为中的通行时间维度。通行时间段分布（白天/夜间/凌晨）是评价驾驶风险的重要因子，凌晨高速行驶的车辆事故风险显著偏高。,API产品,"F,J,L,M,S",,2026-08-13 15:44:40,2026-08-14 02:01:13,2026-08-14 02:01:13,0,false,https://dibj.cn/portal/api/common/calling/page?tableCode=DATA_INNOVATION
105,DATA_INNOVATION,创新成果-数据创新成果,465,615,32,API产品,DATA,高速车辆支付相关行为评估-通行次数,贵州数据宝网络科技有限公司,本产品评估高速车辆支付行为中的通行次数维度。不同支付方式（ETC/现金/移动支付）的通行次数分布反映了驾驶人的支付偏好和出行规律。,API产品,"F,J,L,M,S",,2026-08-13 15:42:28,2026-08-14 02:01:13,2026-08-14 02:01:13,0,false,https://dibj.cn/portal/api/common/calling/page?tableCode=DATA_INNOVATION
106,DATA_INNOVATION,创新成果-数据创新成果,466,614,32,API产品,DATA,高速车辆通行总次数核验,贵州数据宝网络科技有限公司,本产品查询车辆在高速公路的总通行次数。在车险UBI定价中，通行次数与行驶里程高度相关，是衡量车辆使用频率的重要指标。通行次数较高的车辆出险概率随之增加。,API产品,"F,J,M,S,L",,2026-08-13 15:39:49,2026-08-14 02:01:13,2026-08-14 02:01:13,0,false,https://dibj.cn/portal/api/common/calling/page?tableCode=DATA_INNOVATION
107,DATA_INNOVATION,创新成果-数据创新成果,467,613,32,API产品,DATA,货车风险综合评估,贵州数据宝网络科技有限公司,本产品综合高速通行、载重、行驶路线等多维度数据评估货车风险。在货车保险核保和定价中，综合评估比单一维度评分更全面。某保险公司基于综合评估实现更精准的保费厘定。,API产品,"F,J,M,L,S",,2026-08-13 15:36:40,2026-08-14 02:01:13,2026-08-14 02:01:13,0,false,https://dibj.cn/portal/api/common/calling/page?tableCode=DATA_INNOVATION
108,DATA_INNOVATION,创新成果-数据创新成果,468,612,32,API产品,DATA,货车保险评分,贵州数据宝网络科技有限公司,本产品基于高速通行数据构建货车保险风险评分模型，输出风险等级和评分。在货车保险定价中，高速通行行为（频次、时段、载重、超速等）比静态车辆参数具有更强的风险预测能力，某保险公司使用后货车险赔付率得到改善。,API产品,"F,J,L,M,S",,2026-08-13 15:34:16,2026-08-14 02:01:13,2026-08-14 02:01:13,0,false,https://dibj.cn/portal/api/common/calling/page?tableCode=DATA_INNOVATION
109,DATA_INNOVATION,创新成果-数据创新成果,469,611,32,API产品,DATA,企业道路运输经营许可证核验（定制版）V3,贵州数据宝网络科技有限公司,本产品为V3升级版企业道路运输经营许可证定制核验，提升验证精度和数据时效。在物流保险中，运输许可的实时有效性验证是承保的前置条件。,API产品,"F,J,L,M,S",,2026-08-13 15:32:22,2026-08-14 02:01:13,2026-08-14 02:01:13,0,false,https://dibj.cn/portal/api/common/calling/page?tableCode=DATA_INNOVATION
110,DATA_INNOVATION,创新成果-数据创新成果,470,610,32,API产品,DATA,企业受益人&实控人任职查询,贵州数据宝网络科技有限公司,本产品查询企业受益所有人和实际控制人担任的其他企业职务。在反洗钱和集团风险评估中，一人控制多家企业的关联风险需要被全面识别。,API产品,"F,J,L,M,S",,2026-08-13 15:27:14,2026-08-14 02:01:13,2026-08-14 02:01:13,0,false,https://dibj.cn/portal/api/common/calling/page?tableCode=DATA_INNOVATION
111,DATA_INNOVATION,创新成果-数据创新成果,471,609,32,API产品,DATA,企业变更订阅,贵州数据宝网络科技有限公司,本产品提供企业信息变更的实时订阅服务。在保险保单管理、续保评估中，企业重大变更（如法人变更、注销、经营异常等）需要及时跟进。系统自动推送变更信息，替代人工定期查询。,API产品,"F,J,L,M,S",,2026-08-13 15:25:09,2026-08-14 02:01:13,2026-08-14 02:01:13,0,false,https://dibj.cn/portal/api/common/calling/page?tableCode=DATA_INNOVATION
112,DATA_INNOVATION,创新成果-数据创新成果,472,608,32,API产品,DATA,企业竞品信息,贵州数据宝网络科技有限公司,本产品查询企业的市场竞争对手和竞争态势信息，包括竞品的业务布局、市场份额和发展趋势等。在保险精准营销和风险评估中，企业的市场竞争地位直接影响其经营稳定性和抗风险能力——行业龙头企业相比尾部企业具备更稳健的经营预期。,API产品,"F,J,L,M,S",,2026-08-13 15:23:01,2026-08-14 02:01:13,2026-08-14 02:01:13,0,false,https://dibj.cn/portal/api/common/calling/page?tableCode=DATA_INNOVATION
113,DATA_INNOVATION,创新成果-数据创新成果,473,607,32,API产品,DATA,企业融资信息,贵州数据宝网络科技有限公司,本产品查询企业的融资轮次、融资额和投资方信息。在科技企业保险中，融资能力和股东背景是评估企业可持续经营的重要维度。,API产品,"F,L,J,M,S",,2026-08-13 15:20:54,2026-08-14 02:01:13,2026-08-14 02:01:13,0,false,https://dibj.cn/portal/api/common/calling/page?tableCode=DATA_INNOVATION
114,DATA_INNOVATION,创新成果-数据创新成果,474,606,32,API产品,DATA,司法拍卖,贵州数据宝网络科技有限公司,本产品查询企业资产是否进入司法拍卖程序。资产被拍卖的企业面临严重的偿债危机，在保险核保中通常是拒保的重要依据。,API产品,"F,J,L,M,S",,2026-08-13 15:18:41,2026-08-14 02:01:13,2026-08-14 02:01:13,0,false,https://dibj.cn/portal/api/common/calling/page?tableCode=DATA_INNOVATION
115,DATA_INNOVATION,创新成果-数据创新成果,475,605,32,API产品,DATA,终本案件,贵州数据宝网络科技有限公司,"本产品查询企业涉及的""终结本次执行程序""案件。终本案件意味着债权人已申请强制执行但因无可执行财产而终止，是反映企业偿债能力严重不足的极端信号。在保险核保中需特别关注。",API产品,"F,L,J,M,S",,2026-08-13 15:16:25,2026-08-14 02:01:13,2026-08-14 02:01:13,0,false,https://dibj.cn/portal/api/common/calling/page?tableCode=DATA_INNOVATION
116,DATA_INNOVATION,创新成果-数据创新成果,476,604,32,API产品,DATA,司法协助-股权冻结,贵州数据宝网络科技有限公司,本产品查询企业股权的司法冻结信息。股权冻结意味着企业所有权结构面临司法不确定性，在企业保险和信用保证保险中是重要的关注信号。,API产品,"F,J,L,M,S",,2026-08-13 15:13:39,2026-08-14 02:01:13,2026-08-14 02:01:13,0,false,https://dibj.cn/portal/api/common/calling/page?tableCode=DATA_INNOVATION
117,DATA_INNOVATION,创新成果-数据创新成果,477,602,32,API产品,DATA,企业关联疑似关系,贵州数据宝网络科技有限公司,本产品通过数据分析识别企业之间的疑似关联关系（如同一地址、同一电话、同一邮箱等）。在保险反欺诈和关联交易识别中，隐藏的关联关系是需要关注的风险信号。,API产品,"F,J,L,M,S",,2026-08-13 15:08:14,2026-08-14 02:01:13,2026-08-14 02:01:13,0,false,https://dibj.cn/portal/api/common/calling/page?tableCode=DATA_INNOVATION
118,DATA_INNOVATION,创新成果-数据创新成果,478,601,32,API产品,DATA,企业分支机构查询,贵州数据宝网络科技有限公司,本产品查询企业的分支机构（分公司、子公司、办事处等）信息。在集团保险中，分支机构的数量和地域分布影响风险敞口的广度和复杂度，是确定保费总额的关键参数。,API产品,"F,J,L,M,S",,2026-08-13 15:05:18,2026-08-14 02:01:13,2026-08-14 02:01:13,0,false,https://dibj.cn/portal/api/common/calling/page?tableCode=DATA_INNOVATION
119,DATA_INNOVATION,创新成果-数据创新成果,479,600,32,API产品,DATA,企业信息报告,贵州数据宝网络科技有限公司,本产品生成企业的综合信息报告（涵盖工商、司法、税务、经营等）。在团险大客户核保中，结构化报告为核保员提供了全面的一站式决策参考。,API产品,"F,J,L,M,S",,2026-08-13 14:55:59,2026-08-14 02:01:13,2026-08-14 02:01:13,0,false,https://dibj.cn/portal/api/common/calling/page?tableCode=DATA_INNOVATION
120,DATA_INNOVATION,创新成果-数据创新成果,480,598,32,API产品,DATA,企业注销备案公告核验,贵州数据宝网络科技有限公司,本产品核验企业是否已进入清算注销程序并备案公告，包括注销原因、清算组信息和公告日期等。在保险保单管理中，已进入注销程序的企业不再具备持续经营能力，其在保的各类团体保单需启动特别管理流程，避免因企业主体消灭产生的无效保单风险。,API产品,"F,J,L,M,S",,2026-08-13 14:48:09,2026-08-14 02:01:13,2026-08-14 02:01:13,0,false,https://dibj.cn/portal/api/common/calling/page?tableCode=DATA_INNOVATION
121,DATA_INNOVATION,创新成果-数据创新成果,481,597,32,API产品,DATA,企业双随机抽查结果核验,贵州数据宝网络科技有限公司,本产品核验企业在市场监管部门双随机一公开抽查中的结果记录，包括抽查时间、抽查事项、检查结果和处理情况。在保险核保中，抽查未发现问题是企业经营合规的正面信号，而发现问题则需关注，该信息为保险公司提供第三方监管视角的企业合规评价。,API产品,"F,J,L,M,S",,2026-08-13 14:42:34,2026-08-14 02:01:13,2026-08-14 02:01:13,0,false,https://dibj.cn/portal/api/common/calling/page?tableCode=DATA_INNOVATION
122,DATA_INNOVATION,创新成果-数据创新成果,482,596,32,API产品,DATA,企业控股信息核验,贵州数据宝网络科技有限公司,本产品核验企业的控股股东信息和控股层级关系，穿透多层股权结构识别实际控制人。在集团保险方案设计中，控股关系决定了哪些子公司应纳入统一保险安排及风险敞口的归属，是大型企业团险报价的基础参考依据。,API产品,"F,J,L,M,S",,2026-08-13 14:22:54,2026-08-14 02:01:13,2026-08-14 02:01:13,0,false,https://dibj.cn/portal/api/common/calling/page?tableCode=DATA_INNOVATION
123,DATA_INNOVATION,创新成果-数据创新成果,483,595,32,API产品,DATA,企业历史信息查询,贵州数据宝网络科技有限公司,本产品查询企业的历史变更信息（历史名称、历史法人、历史股东等）。在保险核保中，通过历史信息了解企业的演变轨迹有助于评估其经营稳定性。,API产品,"F,J,L,M,S",,2026-08-13 14:18:28,2026-08-14 02:01:13,2026-08-14 02:01:13,0,false,https://dibj.cn/portal/api/common/calling/page?tableCode=DATA_INNOVATION
124,DATA_INNOVATION,创新成果-数据创新成果,484,594,32,API产品,DATA,企业简要信息查询,贵州数据宝网络科技有限公司,本产品提供企业的简要信息查询（名称、信用代码、法人、状态）。在保险批量营销和初步筛选中，简要信息以最低成本满足基础的企业身份确认。,API产品,"F,J,M,L,S",,2026-08-13 14:12:47,2026-08-14 02:01:13,2026-08-14 02:01:13,0,false,https://dibj.cn/portal/api/common/calling/page?tableCode=DATA_INNOVATION
125,DATA_INNOVATION,创新成果-数据创新成果,485,593,32,API产品,DATA,企业同行查询,贵州数据宝网络科技有限公司,本产品查询企业在同行业中的竞争对手信息，包括竞品企业的规模、融资、市场地位等对比数据。在保险行业化营销策略制定中，了解目标行业的企业竞争格局有助于评估单一企业的经营风险——竞争激烈的行业中弱势企业面临的经营压力更大。,API产品,"F,J,L,M,S",,2026-08-13 14:06:36,2026-08-14 02:01:13,2026-08-14 02:01:13,0,false,https://dibj.cn/portal/api/common/calling/page?tableCode=DATA_INNOVATION
126,DATA_INNOVATION,创新成果-数据创新成果,486,592,32,API产品,DATA,车辆轨迹核验V3（12吨+车牌）,贵州数据宝网络科技有限公司,本产品针对12吨以上重型货车提供轨迹核验，支持车牌号查询。重型货车事故后果严重，精准轨迹数据有助于评估风险暴露，为货车保险定价提供依据。,API产品,"F,G,I,J,L",,2026-08-13 11:06:45,2026-08-14 02:01:13,2026-08-14 02:01:13,0,false,https://dibj.cn/portal/api/common/calling/page?tableCode=DATA_INNOVATION
127,DATA_INNOVATION,创新成果-数据创新成果,487,591,32,API产品,DATA,车辆最新位置核验V2,贵州数据宝网络科技有限公司,本产品核验车辆最新位置V2版。在车险反欺诈中，核对报案位置与车辆最新位置的时空合理性，某保险公司使用该功能识别虚假报案的成功率提升了约20个百分点。,API产品,"F,G,I,J,L",,2026-08-13 11:04:53,2026-08-14 02:01:13,2026-08-14 02:01:13,0,false,https://dibj.cn/portal/api/common/calling/page?tableCode=DATA_INNOVATION
128,DATA_INNOVATION,创新成果-数据创新成果,488,590,32,API产品,DATA,车辆静态信息核验（3.5吨以上）,贵州数据宝网络科技有限公司,本产品核验3.5吨以上货车的静态信息（车辆参数、登记信息等）。在货车保险核保中，货车静态参数的准确性直接影响保额计算和费率厘定。,API产品,"F,G,I,J,L",,2026-08-13 11:03:08,2026-08-14 02:01:13,2026-08-14 02:01:13,0,false,https://dibj.cn/portal/api/common/calling/page?tableCode=DATA_INNOVATION
129,DATA_INNOVATION,创新成果-数据创新成果,489,589,32,API产品,DATA,车辆行驶里程核验（3.5吨以上）,贵州数据宝网络科技有限公司,本产品核验3.5吨以上货车的行驶里程。行驶里程是预测出险概率的最强因子之一，年均3万公里以上的车辆出险率约为年均1万公里车辆的2-3倍。某保险公司将里程数据纳入定价后，损失预测准确度提升约11%。,API产品,"G,F,J,I,L",,2026-08-13 11:01:29,2026-08-14 02:01:13,2026-08-14 02:01:13,0,false,https://dibj.cn/portal/api/common/calling/page?tableCode=DATA_INNOVATION
130,DATA_INNOVATION,创新成果-数据创新成果,490,588,32,API产品,DATA,车辆末次位置核验（3.5吨以上）,贵州数据宝网络科技有限公司,本产品核验3.5吨以上货车的最末次位置，为重型货车保险提供位置追溯能力。在货物运输险和物流责任险中，确认货物运输途中关键节点的位置。,API产品,"F,G,I,J,L",,2026-08-13 10:59:13,2026-08-14 02:01:13,2026-08-14 02:01:13,0,false,https://dibj.cn/portal/api/common/calling/page?tableCode=DATA_INNOVATION
131,DATA_INNOVATION,创新成果-数据创新成果,491,587,32,API产品,DATA,车辆车七项信息核验,贵州数据宝网络科技有限公司,本产品提供车辆七项核心信息的综合核验，比五项更全面。在车险高质量核保中，更全面的车辆信息为精准定价提供了充分的因子输入。,API产品,"F,G,I,J,L",,2026-08-13 10:54:15,2026-08-14 02:01:13,2026-08-14 02:01:13,0,false,https://dibj.cn/portal/api/common/calling/page?tableCode=DATA_INNOVATION
132,DATA_INNOVATION,创新成果-数据创新成果,492,586,32,API产品,DATA,全国车辆配置查验（车五项+使用性质）,贵州数据宝网络科技有限公司,本产品在车五项基础上增加使用性质查询。营运和非营运车辆的出险概率差异巨大，使用性质的准确识别是车险定价的最关键因子之一。,API产品,"F,G,J,I,L",,2026-08-13 10:52:21,2026-08-14 02:01:13,2026-08-14 02:01:13,0,false,https://dibj.cn/portal/api/common/calling/page?tableCode=DATA_INNOVATION
133,DATA_INNOVATION,创新成果-数据创新成果,493,585,32,API产品,DATA,全国车辆配置查验（车五项）,贵州数据宝网络科技有限公司,本产品提供车辆五项基础信息查询（品牌、型号、年款、排量、变速箱）。是车险录入系统最基础的数据入口，覆盖绝大多数投保场景的车型识别需求。,API产品,"F,G,J,I,L",,2026-08-13 10:50:35,2026-08-14 02:01:13,2026-08-14 02:01:13,0,false,https://dibj.cn/portal/api/common/calling/page?tableCode=DATA_INNOVATION
134,DATA_INNOVATION,创新成果-数据创新成果,494,584,32,API产品,DATA,全国车辆配置查验（车五项+上险）,贵州数据宝网络科技有限公司,本产品提供车辆五项基础信息+上险记录的综合查询。在车险核保中同步获取车辆参数和历史承保信息，减少多次查询，某车险公司核保数据获取时间从1.2秒降至0.3秒。,API产品,"F,G,J,I,L",,2026-08-13 10:48:25,2026-08-14 02:01:13,2026-08-14 02:01:13,0,false,https://dibj.cn/portal/api/common/calling/page?tableCode=DATA_INNOVATION
135,DATA_INNOVATION,创新成果-数据创新成果,495,583,32,API产品,DATA,车辆出险记录查验（详）V2,贵州数据宝网络科技有限公司,本产品为详版车辆出险记录查询V2，返回最全面的事故详情、定损明细和维修项目。某车险公司基于V2版详版事故数据构建赔付金额预测模型，模型R方从0.32提升至0.47。,API产品,"F,G,I,J,L",,2026-08-13 10:44:45,2026-08-14 02:01:13,2026-08-14 02:01:13,0,false,https://dibj.cn/portal/api/common/calling/page?tableCode=DATA_INNOVATION
136,DATA_INNOVATION,创新成果-数据创新成果,496,582,32,API产品,DATA,车辆出险记录查验（中间）,贵州数据宝网络科技有限公司,本产品为中间版车辆出险记录查询，在简版基础上增加出险时间和理赔金额信息。在车险核保决策中，出险金额比出险次数更具信息量，一次大额事故的预测价值高于多次小额理赔。,API产品,"F,G,I,J,L",,2026-08-13 10:42:48,2026-08-14 02:01:13,2026-08-14 02:01:13,0,false,https://dibj.cn/portal/api/common/calling/page?tableCode=DATA_INNOVATION
137,DATA_INNOVATION,创新成果-数据创新成果,497,581,32,API产品,DATA,车辆出险记录查验（简）,贵州数据宝网络科技有限公司,本产品为简版车辆出险记录查询，返回最近出险次数和类型摘要。在车险快速报价中，简版接口响应快，适合前端实时展示，某车险比价平台日均调用超百万次。,API产品,"F,G,I,J,L",,2026-08-13 10:41:02,2026-08-14 02:01:13,2026-08-14 02:01:13,0,false,https://dibj.cn/portal/api/common/calling/page?tableCode=DATA_INNOVATION
138,DATA_INNOVATION,创新成果-数据创新成果,498,580,32,API产品,DATA,车辆轨迹核验V3,贵州数据宝网络科技有限公司,本产品核验车辆完整行驶轨迹，V3版本优化了轨迹补全和异常检测算法。在车险理赔审核中，轨迹异常（如事故时车辆轨迹与报案地点不符）是欺诈预警信号。,API产品,"F,G,I,J,L",,2026-08-13 10:39:14,2026-08-14 02:01:13,2026-08-14 02:01:13,0,false,https://dibj.cn/portal/api/common/calling/page?tableCode=DATA_INNOVATION
139,DATA_INNOVATION,创新成果-数据创新成果,499,579,32,API产品,DATA,车辆实时位置核验V3,贵州数据宝网络科技有限公司,本产品核验车辆当前实时位置，V3版本提升定位精度和响应速度。在车险反欺诈中，实时位置可验证驾驶人对事故地点描述的合理性，识别虚假报案。,API产品,"F,G,J,I,L",,2026-08-13 10:30:29,2026-08-14 02:01:13,2026-08-14 02:01:13,0,false,https://dibj.cn/portal/api/common/calling/page?tableCode=DATA_INNOVATION
140,DATA_INNOVATION,创新成果-数据创新成果,500,578,32,API产品,DATA,企业四要素验证（定制规则）,贵州数据宝网络科技有限公司,本产品支持按保险公司定制规则进行四要素验证（如调整匹配阈值、增加自定义字段等）。在保险精细化运营中，定制规则满足了不同险种和渠道的差异化需求。,API产品,"F,J,L,M,S",,2026-08-13 10:30:04,2026-08-14 02:01:13,2026-08-14 02:01:13,0,false,https://dibj.cn/portal/api/common/calling/page?tableCode=DATA_INNOVATION
141,DATA_INNOVATION,创新成果-数据创新成果,501,577,32,API产品,DATA,企业四要素验证（MD5）,贵州数据宝网络科技有限公司,本产品为MD5加密版企业四要素验证，在提供最高精度企业验证的同时保障数据安全。适用于银保渠道等对数据安全有最高要求的金融合作场景。,API产品,"F,J,L,M,S",,2026-08-13 10:26:38,2026-08-14 02:01:13,2026-08-14 02:01:13,0,false,https://dibj.cn/portal/api/common/calling/page?tableCode=DATA_INNOVATION
142,DATA_INNOVATION,创新成果-数据创新成果,502,576,32,API产品,DATA,企业自然人核验,贵州数据宝网络科技有限公司,本产品核验企业与其法定代表人和主要人员之间的法律关联关系。在保险反欺诈中，通过企业自然人关联分析可以发现隐藏的关联交易和风险传导路径。,API产品,"F,J,L,M,S",,2026-08-13 10:24:16,2026-08-14 02:01:13,2026-08-14 02:01:13,0,false,https://dibj.cn/portal/api/common/calling/page?tableCode=DATA_INNOVATION
143,DATA_INNOVATION,创新成果-数据创新成果,503,575,32,API产品,DATA,车辆月度通行收费站轨迹看板,贵州数据宝网络科技有限公司,本产品提供车辆月度收费站通行轨迹可视化看板。比半年度版本时间粒度更细，支持按月度分析驾驶行为的季节性变化，为车险定价模型提供时间维度特征。,API产品,"F,G,I,J,L",,2026-08-13 10:23:00,2026-08-14 02:01:13,2026-08-14 02:01:13,0,false,https://dibj.cn/portal/api/common/calling/page?tableCode=DATA_INNOVATION
144,DATA_INNOVATION,创新成果-数据创新成果,504,574,32,API产品,DATA,董监高司法综合信息核验,贵州数据宝网络科技有限公司,本产品综合核验企业董事、监事、高管人员的司法信息（涉诉、被执行、失信等）。在董责险核保中，管理层的司法风险直接影响公司治理风险评估。,API产品,"F,J,L,M,S",,2026-08-13 10:21:32,2026-08-14 02:01:13,2026-08-14 02:01:13,0,false,https://dibj.cn/portal/api/common/calling/page?tableCode=DATA_INNOVATION
145,DATA_INNOVATION,创新成果-数据创新成果,505,573,32,API产品,DATA,车辆轨迹查询接口,贵州数据宝网络科技有限公司,本产品按需查询车辆历史轨迹数据。在车险理赔查勘中，可通过历史轨迹还原事故前后的车辆行驶状态，为事故责任判定提供客观依据。,API产品,"F,G,I,J,L",,2026-08-13 10:20:35,2026-08-14 02:01:13,2026-08-14 02:01:13,0,false,https://dibj.cn/portal/api/common/calling/page?tableCode=DATA_INNOVATION
146,DATA_INNOVATION,创新成果-数据创新成果,506,572,32,API产品,DATA,企业名称模糊查询,贵州数据宝网络科技有限公司,本产品支持通过企业名称关键词模糊查询企业信息。在保险营销名单清洗和潜在客户搜索中，模糊查询可弥补客户提供信息不完整的不足。,API产品,"F,J,L,M,S",,2026-08-13 10:19:14,2026-08-14 02:01:13,2026-08-14 02:01:13,0,false,https://dibj.cn/portal/api/common/calling/page?tableCode=DATA_INNOVATION
147,DATA_INNOVATION,创新成果-数据创新成果,507,571,32,API产品,DATA,车辆轨迹订阅接口,贵州数据宝网络科技有限公司,本产品提供车辆实时轨迹订阅服务，持续推送车辆位置和行驶轨迹。在车险UBI和车队管理保险中，持续轨迹数据是构建驾驶行为模型的核心输入。,API产品,"F,G,I,J,L",,2026-08-13 10:18:38,2026-08-14 02:01:13,2026-08-14 02:01:13,0,false,https://dibj.cn/portal/api/common/calling/page?tableCode=DATA_INNOVATION
148,DATA_INNOVATION,创新成果-数据创新成果,508,570,32,API产品,DATA,企业基础信息核验V2,贵州数据宝网络科技有限公司,本产品为V2升级版企业基础信息核验，提升数据时效。企业基础信息是保险业务的数据入口，升级后的时效性优化了客户体验。,API产品,"F,J,L,M,S",,2026-08-13 10:16:59,2026-08-14 02:01:13,2026-08-14 02:01:13,0,false,https://dibj.cn/portal/api/common/calling/page?tableCode=DATA_INNOVATION
149,DATA_INNOVATION,创新成果-数据创新成果,509,569,32,API产品,DATA,车辆半年度区间通行收费站轨迹看板,贵州数据宝网络科技有限公司,本产品提供车辆半年度收费站通行轨迹看板，可视化展示车辆行驶路线和频次。在车险UBI定价中，长周期轨迹数据揭示了驾驶人的出行规律和风险暴露水平。,API产品,"G,F,I,J,L",,2026-08-13 10:16:01,2026-08-14 02:01:13,2026-08-14 02:01:13,0,false,https://dibj.cn/portal/api/common/calling/page?tableCode=DATA_INNOVATION
150,DATA_INNOVATION,创新成果-数据创新成果,510,568,32,API产品,DATA,企业经营异常信息查验V2,贵州数据宝网络科技有限公司,本产品为企业经营异常查验的V2升级版，增加异常移除记录和异常持续时间等维度。在保险续保评估中，异常持续时长比是否异常更能反映企业经营的稳定性。,API产品,"F,J,L,M,S",,2026-08-13 10:10:24,2026-08-14 02:01:13,2026-08-14 02:01:13,0,false,https://dibj.cn/portal/api/common/calling/page?tableCode=DATA_INNOVATION
151,DATA_INNOVATION,创新成果-数据创新成果,511,567,32,API产品,DATA,企业二要素验证MD5,贵州数据宝网络科技有限公司,本产品为MD5加密版企业二要素验证。在保险与第三方风控服务商合作时，MD5加密是保护企业信息安全传输的标准做法。,API产品,"F,L,J,M,S",,2026-08-13 10:08:16,2026-08-14 02:01:13,2026-08-14 02:01:13,0,false,https://dibj.cn/portal/api/common/calling/page?tableCode=DATA_INNOVATION
152,DATA_INNOVATION,创新成果-数据创新成果,512,566,32,API产品,DATA,企业三要素验证MD5,贵州数据宝网络科技有限公司,本产品为MD5加密版企业三要素验证，在数据安全传输的同时提供同等验证精度。适用于保险中介渠道的跨平台企业数据传输场景。,API产品,"F,J,L,M,S",,2026-08-13 10:05:26,2026-08-14 02:01:13,2026-08-14 02:01:13,0,false,https://dibj.cn/portal/api/common/calling/page?tableCode=DATA_INNOVATION
153,DATA_INNOVATION,创新成果-数据创新成果,513,565,32,API产品,DATA,企业详情信息核验V2,贵州数据宝网络科技有限公司,本产品为V2升级版企业详情核验，扩展了企业公示信息的覆盖范围和数据更新频率。在团险核保中，数据的及时性直接影响风险判断的准确性。,API产品,"F,J,L,M,S",,2026-08-13 10:03:12,2026-08-14 02:01:13,2026-08-14 02:01:13,0,false,https://dibj.cn/portal/api/common/calling/page?tableCode=DATA_INNOVATION
154,DATA_INNOVATION,创新成果-数据创新成果,514,564,32,API产品,DATA,企业年报信息核验,贵州数据宝网络科技有限公司,本产品核验企业年度报告中的经营数据（营收、利润、资产、负债等）。在企业保险和信用保证保险中，年报数据是评估企业经营健康度的最权威来源。,API产品,"F,J,L,M,S",,2026-08-13 10:00:56,2026-08-14 02:01:13,2026-08-14 02:01:13,0,false,https://dibj.cn/portal/api/common/calling/page?tableCode=DATA_INNOVATION
155,DATA_INNOVATION,创新成果-数据创新成果,515,563,32,API产品,DATA,企业受益所有人查询,贵州数据宝网络科技有限公司,本产品查询穿透至最终自然人的受益所有人信息。在反洗钱合规和企业大额保单核保中，受益所有人识别是监管强制要求。某保险公司据此完善了企业客户的反洗钱审查流程。,API产品,"F,J,L,M,S",,2026-08-13 09:57:41,2026-08-14 02:01:13,2026-08-14 02:01:13,0,false,https://dibj.cn/portal/api/common/calling/page?tableCode=DATA_INNOVATION
156,DATA_INNOVATION,创新成果-数据创新成果,516,562,32,API产品,DATA,企业全量信息核验V2,贵州数据宝网络科技有限公司,本产品为V2升级版企业全量信息核验，在原有基础上新增企业受益所有人、关联风险等维度。在保险大客户深度核保中，V2版提供更全面的风险评估支持。,API产品,"F,J,L,M,S",,2026-08-13 09:55:18,2026-08-14 02:01:13,2026-08-14 02:01:13,0,false,https://dibj.cn/portal/api/common/calling/page?tableCode=DATA_INNOVATION
157,DATA_INNOVATION,创新成果-数据创新成果,517,561,32,API产品,DATA,企业二要素验证V2,贵州数据宝网络科技有限公司,本产品为V2升级版企业二要素验证，提升验证准确度和覆盖范围。在团险快速投保和小微企业保险中，轻量验证配合升级版精度，适用面更广。,API产品,"J,F,L,M,S",,2026-08-13 09:53:06,2026-08-14 02:01:13,2026-08-14 02:01:13,0,false,https://dibj.cn/portal/api/common/calling/page?tableCode=DATA_INNOVATION
158,DATA_INNOVATION,创新成果-数据创新成果,518,560,32,API产品,DATA,企业人员所有角色,贵州数据宝网络科技有限公司,本产品查询企业人员担任的所有角色（法人/董事/监事/股东/高管等），支持一人多角色的关联分析。在保险核保中，人员角色的复杂度反映了企业的治理结构。,API产品,"J,F,M,L,S",,2026-08-13 09:50:22,2026-08-14 02:01:13,2026-08-14 02:01:13,0,false,https://dibj.cn/portal/api/common/calling/page?tableCode=DATA_INNOVATION
159,DATA_INNOVATION,创新成果-数据创新成果,519,559,32,API产品,DATA,企业裁判文书核查,贵州数据宝网络科技有限公司,本产品核查企业裁判文书的详细内容。在诉讼保险承保中，裁判文书中的原告诉求、被告答辩和法院判决为案件风险评估提供了完整信息。,API产品,"F,J,L,M,S",,2026-08-13 09:42:31,2026-08-14 02:01:13,2026-08-14 02:01:13,0,false,https://dibj.cn/portal/api/common/calling/page?tableCode=DATA_INNOVATION
160,DATA_INNOVATION,创新成果-数据创新成果,520,558,32,API产品,DATA,全国车辆过户信息查验,贵州数据宝网络科技有限公司,本产品查验车辆的过户记录和历史。频繁过户的二手车存在隐含质量问题，近一年过户超2次的车辆出险率比从未过户车辆高约35%，该接口帮助识别高风险二手车。,API产品,"F,G,I,J,L",,2026-08-13 09:41:02,2026-08-14 02:01:13,2026-08-14 02:01:13,0,false,https://dibj.cn/portal/api/common/calling/page?tableCode=DATA_INNOVATION
161,DATA_INNOVATION,创新成果-数据创新成果,521,557,32,API产品,DATA,企业疑似实控权核查,贵州数据宝网络科技有限公司,本产品通过多维度分析核查企业的疑似实际控制人。在企业大额保单和关联交易审核中，识别实际控制人是评估集团风险的关键。,API产品,"F,J,M,L,S",,2026-08-13 09:40:08,2026-08-14 02:01:13,2026-08-14 02:01:13,0,false,https://dibj.cn/portal/api/common/calling/page?tableCode=DATA_INNOVATION
162,DATA_INNOVATION,创新成果-数据创新成果,522,556,32,API产品,DATA,全国车辆VIN基础信息查验（厂商指导价）,贵州数据宝网络科技有限公司,本产品通过VIN码查询车辆厂商指导价。在车险全损赔付和保险金额确定中，新车购置价是重要的参考基准，独立第三方的价格数据增加了定价的公信力。,API产品,"F,G,I,J,L",,2026-08-13 09:39:10,2026-08-14 02:01:13,2026-08-14 02:01:13,0,false,https://dibj.cn/portal/api/common/calling/page?tableCode=DATA_INNOVATION
163,DATA_INNOVATION,创新成果-数据创新成果,523,555,32,API产品,DATA,企业主要人员核验V2,贵州数据宝网络科技有限公司,本产品为企业主要人员核验的V2升级版，扩展人员覆盖范围至受益所有人。在反洗钱合规中，受益所有人识别是保险机构必须履行的法律义务。,API产品,"F,J,L,M,S",,2026-08-13 09:37:40,2026-08-14 02:01:13,2026-08-14 02:01:13,0,false,https://dibj.cn/portal/api/common/calling/page?tableCode=DATA_INNOVATION
164,DATA_INNOVATION,创新成果-数据创新成果,524,554,32,API产品,DATA,全国车辆车牌号核验,贵州数据宝网络科技有限公司,本产品核验车牌号与车辆信息的匹配性，验证车牌号码的真实性和有效性。防止套牌、假牌车辆投保，是车险反欺诈的基础手段，某公司每年拦截数百起假牌投保案件。,API产品,"F,G,I,J,L",,2026-08-13 09:37:10,2026-08-14 02:01:13,2026-08-14 02:01:13,0,false,https://dibj.cn/portal/api/common/calling/page?tableCode=DATA_INNOVATION
165,DATA_INNOVATION,创新成果-数据创新成果,525,553,32,API产品,DATA,全国车辆配置查验（车辆详情）,贵州数据宝网络科技有限公司,本产品提供车辆配置的详情级查询，返回最全面的车辆技术参数。在特种车辆保险（渣土车、危化品车等）中，详细配置信息是评估特殊风险的依据。,API产品,"F,G,J,I,L",,2026-08-13 09:35:08,2026-08-14 02:01:13,2026-08-14 02:01:13,0,false,https://dibj.cn/portal/api/common/calling/page?tableCode=DATA_INNOVATION
166,DATA_INNOVATION,创新成果-数据创新成果,526,552,32,API产品,DATA,企业基础标签,贵州数据宝网络科技有限公司,本产品为企业打上基础标签（如高新技术企业、专精特新、独角兽等）。在保险精准营销中，标签化企业画像可支持差异化的产品推荐和营销策略。,API产品,"F,J,L,M,S",,2026-08-13 09:35:07,2026-08-14 02:01:13,2026-08-14 02:01:13,0,false,https://dibj.cn/portal/api/common/calling/page?tableCode=DATA_INNOVATION
167,DATA_INNOVATION,创新成果-数据创新成果,527,551,32,API产品,DATA,全国车辆VIN码核验（不分车辆类型）,贵州数据宝网络科技有限公司,本产品为通用VIN码核验接口，不区分车辆类型（乘用车/商用车/特种车等）。适用于需要统一入口处理各类车辆的保险公司核心系统，简化了系统对接的复杂度。,API产品,"F,G,I,J,L",,2026-08-13 09:33:19,2026-08-14 02:01:13,2026-08-14 02:01:13,0,false,https://dibj.cn/portal/api/common/calling/page?tableCode=DATA_INNOVATION
168,DATA_INNOVATION,创新成果-数据创新成果,528,550,32,API产品,DATA,企业股权结构全景,贵州数据宝网络科技有限公司,本产品展示企业从股东到最终受益人的全景股权结构。在企业保险的大客户风险评估中，穿透股权结构识别实际控制人有助于评估集团整体风险。,API产品,"F,J,L,M,S",,2026-08-13 09:32:40,2026-08-14 02:01:13,2026-08-14 02:01:13,0,false,https://dibj.cn/portal/api/common/calling/page?tableCode=DATA_INNOVATION
169,DATA_INNOVATION,创新成果-数据创新成果,529,549,32,API产品,DATA,全国车辆上险和城市查验,贵州数据宝网络科技有限公司,本产品查验车辆的上险历史和主要行驶城市。在车险核保中，历史承保信息和行驶城市是评估风险的重要参考。多城市行驶的车辆事故风险模式与单城市行驶车辆不同。,API产品,"F,G,I,J,L",,2026-08-13 09:29:43,2026-08-14 02:01:13,2026-08-14 02:01:13,0,false,https://dibj.cn/portal/api/common/calling/page?tableCode=DATA_INNOVATION
170,DATA_INNOVATION,创新成果-数据创新成果,530,548,32,API产品,DATA,企业关系图谱,贵州数据宝网络科技有限公司,本产品展示企业的投资关系、人员关联、供应链关系等网络图谱。在集团保险和关联交易审核中，关系图谱帮助保险公司理解企业的关联风险敞口。,API产品,"F,J,L,M,S",,2026-08-13 09:28:19,2026-08-14 02:01:13,2026-08-14 02:01:13,0,false,https://dibj.cn/portal/api/common/calling/page?tableCode=DATA_INNOVATION
171,DATA_INNOVATION,创新成果-数据创新成果,531,547,32,API产品,DATA,全国车辆配置查验（车型）,贵州数据宝网络科技有限公司,本产品通过VIN码查验车辆的精确车型配置。在车险定损中，准确的车型信息是确定配件价格和维修工时标准的前提，车型偏差可能导致定损金额偏差。,API产品,"G,I,J,L,F",,2026-08-13 09:27:11,2026-08-14 02:01:13,2026-08-14 02:01:13,0,false,https://dibj.cn/portal/api/common/calling/page?tableCode=DATA_INNOVATION
172,DATA_INNOVATION,创新成果-数据创新成果,532,546,32,API产品,DATA,VIN查询车辆信息,贵州数据宝网络科技有限公司,本产品通过VIN码一站式查询车辆全部档案信息和配置参数，是车险核保系统最通用的车辆数据入口。在保险核心业务系统中，一次调用即可获取核保所需的全部车辆基础数据，覆盖品牌、型号、年款、排量、变速箱等数十项参数，减少了多个接口串行调用的网络开销和系统耦合。,API产品,"F,G,I,J,L",,2026-08-13 09:24:46,2026-08-14 02:01:13,2026-08-14 02:01:13,0,false,https://dibj.cn/portal/api/common/calling/page?tableCode=DATA_INNOVATION
173,DATA_INNOVATION,创新成果-数据创新成果,533,545,32,API产品,DATA,企业资质证书,贵州数据宝网络科技有限公司,本产品查询企业持有的各类资质证书（建筑资质、医疗许可、ISO认证等）。在专业领域保险中，企业资质直接影响风险等级和保费水平。,API产品,"F,J,L,M,S",,2026-08-13 09:20:51,2026-08-14 02:01:13,2026-08-14 02:01:13,0,false,https://dibj.cn/portal/api/common/calling/page?tableCode=DATA_INNOVATION
174,DATA_INNOVATION,创新成果-数据创新成果,534,544,32,API产品,DATA,企业行业类别,贵州数据宝网络科技有限公司,本产品查询企业的行业分类（国标行业代码和名称）。在保险风险定价中，不同行业的企业风险特征差异巨大——建筑业的事故率是IT业的数十倍。行业分类是团险和财产险定价的基础维度。,API产品,"F,J,L,M,S",,2026-08-13 09:16:35,2026-08-14 02:01:13,2026-08-14 02:01:13,0,false,https://dibj.cn/portal/api/common/calling/page?tableCode=DATA_INNOVATION
175,DATA_INNOVATION,创新成果-数据创新成果,535,543,32,API产品,DATA,企业三要素验证（详版）V2,贵州数据宝网络科技有限公司,本产品为V2升级版企业三要素详版验证，优化了数据时效和准确性。在团险实时核保中，V2版提供了更快和更准的企业身份验证。,API产品,"F,J,L,M,S",,2026-08-13 09:13:10,2026-08-14 02:01:13,2026-08-14 02:01:13,0,false,https://dibj.cn/portal/api/common/calling/page?tableCode=DATA_INNOVATION
176,DATA_INNOVATION,创新成果-数据创新成果,389,542,32,API产品,DATA,实人一体化H5,贵州数据宝网络科技有限公司,"本产品标准版实人一体化H5方案，集成身份证OCR+活体+人像比对基础组合。是互联网保险渠道最广泛使用的远程实人认证工具，接入简单、覆盖场景广。
",API产品,"G,I,J,S",,2026-08-12 17:46:41,2026-08-13 02:01:17,2026-08-13 02:01:17,0,false,https://dibj.cn/portal/api/common/calling/page?tableCode=DATA_INNOVATION
177,DATA_INNOVATION,创新成果-数据创新成果,390,541,32,API产品,DATA,实人一体化2.0（小程序、SDK、H5）,贵州数据宝网络科技有限公司,"本产品为实人一体化2.0多端统一方案，在小程序、SDK和H5三种形态下提供一致体验。某保险公司使用后跨渠道核身流程开发工作量减少约60%。
",API产品,"G,I,J,S",,2026-08-12 17:45:08,2026-08-13 02:01:17,2026-08-13 02:01:17,0,false,https://dibj.cn/portal/api/common/calling/page?tableCode=DATA_INNOVATION
178,DATA_INNOVATION,创新成果-数据创新成果,391,540,32,API产品,DATA,数字活体检测,贵州数据宝网络科技有限公司,"本产品为纯数字化活体检测方案，通过分析视频流微小动作和光影变化判断活体，无需用户配合特定动作。在极速投保中几乎无感知，用户流失率显著低于交互式活体检测。
",API产品,"G,I,J,S",,2026-08-12 17:43:28,2026-08-13 02:01:17,2026-08-13 02:01:17,0,false,https://dibj.cn/portal/api/common/calling/page?tableCode=DATA_INNOVATION
179,DATA_INNOVATION,创新成果-数据创新成果,392,539,32,API产品,DATA,人脸活体（自传照片）,贵州数据宝网络科技有限公司,"本产品支持用户自行上传照片进行活体检测和人脸比对，适用于非实时交互场景。存量客户身份补验中可自行完成验证，某保险公司补验完成率提升约40%。
",API产品,"G,I,J,S",,2026-08-12 17:41:43,2026-08-13 02:01:17,2026-08-13 02:01:17,0,false,https://dibj.cn/portal/api/common/calling/page?tableCode=DATA_INNOVATION
180,DATA_INNOVATION,创新成果-数据创新成果,393,538,32,API产品,DATA,实人一体化H5（千分制）,贵州数据宝网络科技有限公司,"本产品实人一体化H5千分制版本，以1000分满分替代小数分值。千分制评分便于保险业务人员直觉判断，支持多级核验策略和人工复核阈值设定。
",API产品,"G,I,J,S",,2026-08-12 17:40:07,2026-08-13 02:01:17,2026-08-13 02:01:17,0,false,https://dibj.cn/portal/api/common/calling/page?tableCode=DATA_INNOVATION
181,DATA_INNOVATION,创新成果-数据创新成果,394,537,32,API产品,DATA,活体检测H5-V3,贵州数据宝网络科技有限公司,"本产品为活体检测H5的V3版本，新增AI深伪攻击检测（Deepfake）能力。随着AI换脸技术普及，V3版深伪检测引擎可识别AI生成人脸视频，某保险公司接入后成功拦截多起利用AI换脸的身份冒用攻击。
",API产品,"F,I,J,S",,2026-08-12 17:33:02,2026-08-13 02:01:17,2026-08-13 02:01:17,0,false,https://dibj.cn/portal/api/common/calling/page?tableCode=DATA_INNOVATION
182,DATA_INNOVATION,创新成果-数据创新成果,395,536,32,API产品,DATA,实人一体化H5-V3,贵州数据宝网络科技有限公司,"本产品整合身份证OCR+活体检测+人像比对+权威数据核验，实现移动端一站式远程实人认证V3版本。无需安装SDK或小程序，用户点击链接即可完成，极大降低使用门槛。
",API产品,"G,I,J,S",,2026-08-12 17:30:48,2026-08-13 02:01:17,2026-08-13 02:01:17,0,false,https://dibj.cn/portal/api/common/calling/page?tableCode=DATA_INNOVATION
183,DATA_INNOVATION,创新成果-数据创新成果,396,535,32,API产品,DATA,婚姻状态核查（双人）,贵州数据宝网络科技有限公司,"本产品核查两人之间婚姻关系，是双人婚姻核验的轻量级版本。在保险快速验证场景中，轻量版接口响应更快、成本更低。
",API产品,"G,I,J,S",,2026-08-12 17:28:56,2026-08-13 02:01:17,2026-08-13 02:01:17,0,false,https://dibj.cn/portal/api/common/calling/page?tableCode=DATA_INNOVATION
184,DATA_INNOVATION,创新成果-数据创新成果,397,534,32,API产品,DATA,婚姻状态核查（单人）,贵州数据宝网络科技有限公司,"本产品核查个人婚姻状态，侧重于单一时刻的状态确认。在简易核保和短险投保场景中，轻量级核查即可满足业务需求。
",API产品,"J,I,G,S",,2026-08-12 17:27:00,2026-08-13 02:01:17,2026-08-13 02:01:17,0,false,https://dibj.cn/portal/api/common/calling/page?tableCode=DATA_INNOVATION
185,DATA_INNOVATION,创新成果-数据创新成果,398,533,32,API产品,DATA,行驶证信息核验V2,贵州数据宝网络科技有限公司,本产品核验行驶证信息的真实性和一致性，V2版本提升了核验精度。在车险投保中，行驶证是核心凭证，该接口确保投保车辆信息与官方登记一致，防止套牌车投保。,API产品,"F,G,I,J,L",,2026-08-12 17:26:19,2026-08-13 02:01:17,2026-08-13 02:01:17,0,false,https://dibj.cn/portal/api/common/calling/page?tableCode=DATA_INNOVATION
186,DATA_INNOVATION,创新成果-数据创新成果,399,532,32,API产品,DATA,婚姻状态验证（单人）,贵州数据宝网络科技有限公司,"本产品标准版单人婚姻状态查询，返回已婚/未婚/离异/丧偶等状态。在保险客户基础信息采集和保单管理中，标准版以低成本满足通用查询需求。
",API产品,"I,J,G,S",,2026-08-12 17:25:03,2026-08-13 02:01:17,2026-08-13 02:01:17,0,false,https://dibj.cn/portal/api/common/calling/page?tableCode=DATA_INNOVATION
187,DATA_INNOVATION,创新成果-数据创新成果,400,531,32,API产品,DATA,婚姻状态验证（双人）,贵州数据宝网络科技有限公司,"本产品标准版双人婚姻状态验证，核验两人是否互为夫妻关系。在保单质押贷款业务中，需配偶知情同意，双人关系验证是业务流程合规要求。
",API产品,"G,I,J,S",,2026-08-12 17:23:14,2026-08-13 02:01:17,2026-08-13 02:01:17,0,false,https://dibj.cn/portal/api/common/calling/page?tableCode=DATA_INNOVATION
188,DATA_INNOVATION,创新成果-数据创新成果,401,530,32,API产品,DATA,婚姻状态验证（双人）V2,贵州数据宝网络科技有限公司,"本产品为V2升级版双人婚姻状态核验，同时验证两人婚姻状态及是否互为配偶。在大额保单身故受益人审核中，夫妻关系真实性直接影响保险金给付合法性。
",API产品,"G,I,J,S",,2026-08-12 17:18:10,2026-08-13 02:01:17,2026-08-13 02:01:17,0,false,https://dibj.cn/portal/api/common/calling/page?tableCode=DATA_INNOVATION
189,DATA_INNOVATION,创新成果-数据创新成果,402,529,32,API产品,DATA,婚姻状态验证（单人）V2,贵州数据宝网络科技有限公司,"本产品为V2升级版单人婚姻状态查询，提高数据时效性和覆盖面。在保险受益人指定和保单权益分配中，婚姻状态直接影响法定受益人确定，V2版提供更准确判断。
",API产品,"G,I,J,S",,2026-08-12 17:16:28,2026-08-13 02:01:17,2026-08-13 02:01:17,0,false,https://dibj.cn/portal/api/common/calling/page?tableCode=DATA_INNOVATION
190,DATA_INNOVATION,创新成果-数据创新成果,403,528,32,API产品,DATA,行驶证OCR识别V2,贵州数据宝网络科技有限公司,"本产品为行驶证OCR识别V2升级版，新增对新能源专用行驶证的识别支持。随着新能源车保有量突破2000万辆，新能源行驶证的OCR识别需求日益增长。
",API产品,"G,I,J,S",,2026-08-12 17:14:05,2026-08-13 02:01:17,2026-08-13 02:01:17,0,false,https://dibj.cn/portal/api/common/calling/page?tableCode=DATA_INNOVATION
191,DATA_INNOVATION,创新成果-数据创新成果,404,527,32,API产品,DATA,营业执照OCR识别,贵州数据宝网络科技有限公司,"本产品识别营业执照信息，自动提取企业名称、统一社会信用代码、法定代表人等。企业团险和财产险投保时拍照即可完成信息采集，某保险公司企业客户录入效率提升约70%。
",API产品,"G,I,J,S",,2026-08-12 17:12:14,2026-08-13 02:01:17,2026-08-13 02:01:17,0,false,https://dibj.cn/portal/api/common/calling/page?tableCode=DATA_INNOVATION
192,DATA_INNOVATION,创新成果-数据创新成果,405,526,32,API产品,DATA,驾驶证OCR识别V2,贵州数据宝网络科技有限公司,"本产品为驾驶证OCR识别V2升级版，提升模糊图片和军队驾驶证识别准确率。在UBI车险中，驾龄和准驾车型信息是重要风险评估维度，V2版提供更高精度。
",API产品,"G,I,J,S",,2026-08-12 17:10:26,2026-08-13 02:01:17,2026-08-13 02:01:17,0,false,https://dibj.cn/portal/api/common/calling/page?tableCode=DATA_INNOVATION
193,DATA_INNOVATION,创新成果-数据创新成果,406,525,32,API产品,DATA,港澳台居民居住证OCR识别,贵州数据宝网络科技有限公司,"本产品精准识别港澳台居民居住证的OCR信息，提取姓名、证件号、签发机关、有效期限等核心字段。该证件反映港澳台居民在内地的常住属性和稳定居留状态，对于区域化保险产品定价和客户风险评估具有重要的参考价值。
",API产品,"G,I,J,S",,2026-08-12 17:08:43,2026-08-13 02:01:17,2026-08-13 02:01:17,0,false,https://dibj.cn/portal/api/common/calling/page?tableCode=DATA_INNOVATION
194,DATA_INNOVATION,创新成果-数据创新成果,407,524,32,API产品,DATA,港澳台居民来往内地通行证OCR识别,贵州数据宝网络科技有限公司,"本产品专门优化回乡证和台胞证的OCR识别精度。在粤港澳大湾区跨境保险业务中，是服务港澳居民的身份信息采集基础工具。
",API产品,"G,I,J,S",,2026-08-12 17:05:02,2026-08-13 02:01:17,2026-08-13 02:01:17,0,false,https://dibj.cn/portal/api/common/calling/page?tableCode=DATA_INNOVATION
195,DATA_INNOVATION,创新成果-数据创新成果,408,523,32,API产品,DATA,企业税收违法核查,贵州数据宝网络科技有限公司,本产品核查企业税收违法记录。税收违法的严重程度（补税/罚款/刑事责任）影响企业信用评级，在保险核保中需根据违法严重程度差异化处理。,API产品,"F,J,L,M,S",,2026-08-12 17:04:10,2026-08-13 02:01:17,2026-08-13 02:01:17,0,false,https://dibj.cn/portal/api/common/calling/page?tableCode=DATA_INNOVATION
196,DATA_INNOVATION,创新成果-数据创新成果,409,522,32,API产品,DATA,港澳台通行证OCR识别,贵州数据宝网络科技有限公司,"本产品识别港澳台通行证信息（通行证号、姓名、签发地、有效期等），在面向港澳台居民的跨境保险业务中提升该类客户的投保体验。
",API产品,"G,I,J,S",,2026-08-12 17:03:26,2026-08-13 02:01:17,2026-08-13 02:01:17,0,false,https://dibj.cn/portal/api/common/calling/page?tableCode=DATA_INNOVATION
197,DATA_INNOVATION,创新成果-数据创新成果,410,521,32,API产品,DATA,护照（多国多地区护照）OCR识别,贵州数据宝网络科技有限公司,"本产品支持100+国家和地区护照OCR识别，自动识别不同国家护照信息布局和语言。在国际保险经纪业务中，满足跨国保险业务的全球客户KYC需求。
",API产品,"G,I,J,S",,2026-08-12 17:01:41,2026-08-13 02:01:17,2026-08-13 02:01:17,0,false,https://dibj.cn/portal/api/common/calling/page?tableCode=DATA_INNOVATION
198,DATA_INNOVATION,创新成果-数据创新成果,411,520,32,API产品,DATA,护照（中国大陆地区护照）OCR识别,贵州数据宝网络科技有限公司,"本产品专为中国大陆护照优化OCR识别，提取护照号、中英文姓名、签发机关等字段。在境外旅游险投保中，OCR识别替代手动输入显著提升体验。
",API产品,"G,I,J,S",,2026-08-12 16:59:50,2026-08-13 02:01:17,2026-08-13 02:01:17,0,false,https://dibj.cn/portal/api/common/calling/page?tableCode=DATA_INNOVATION
199,DATA_INNOVATION,创新成果-数据创新成果,412,519,32,API产品,DATA,企业欠税信息核查,贵州数据宝网络科技有限公司,本产品核查企业欠税记录及金额。持续欠税是现金流危机的强烈信号，在企业信用保证保险中，欠税企业不具备投保条件。,API产品,"F,J,L,M,S",,2026-08-12 16:58:23,2026-08-13 02:01:17,2026-08-13 02:01:17,0,false,https://dibj.cn/portal/api/common/calling/page?tableCode=DATA_INNOVATION
200,DATA_INNOVATION,创新成果-数据创新成果,413,518,32,API产品,DATA,企业裁判文书垂搜,贵州数据宝网络科技有限公司,本产品垂直搜索企业相关的裁判文书。在诉讼保险和董责险中，裁判文书是评估企业法律风险暴露程度的最全面数据源。,API产品,"F,J,L,M,S",,2026-08-12 16:52:03,2026-08-13 02:01:17,2026-08-13 02:01:17,0,false,https://dibj.cn/portal/api/common/calling/page?tableCode=DATA_INNOVATION
201,DATA_INNOVATION,创新成果-数据创新成果,168,93,31,数据集,DATA,企业税务合规监控服务场景,北京金融大数据有限公司,本项目建成面向银行、保险等金融机构的小微企业信息核查服务能力，形成统一、规范、安全、高效的数据核查接口与服务体系。通过对接北京市企业权威数据源，实现以企业名称、统一社会信用代码为查询条件的小微企业身份精准核验、资质合法性校验，为金融机构开展普惠金融、信贷审批、风险防控、保险业务等提供可靠依据。项目建成后，可有效简化金融机构业务办理流程，缩短企业核查时长，降低人工核验成本与业务风险，提升金融服务小微企业的效率与规范性，助力优化首都营商环境，支撑普惠金融政策落地。,数据集,"S,J",,2026-03-31 20:33:12,2026-06-09 14:23:27,2026-07-28 02:01:12,0,false,https://dibj.cn/portal/api/common/calling/page?tableCode=DATA_INNOVATION
202,DATA_INNOVATION,创新成果-数据创新成果,169,92,31,数据集,DATA,市场主体荣誉分析服务,北京金融大数据有限公司,创新构建以市场主体荣誉为核心的数据治理与价值应用模式，突破多源数据壁垒，实现各类荣誉信息全维度汇聚与规范化应用。创新建立荣誉信息动态归集、智能核验、信用关联机制，运用大数据技术实现荣誉资质真伪甄别与综合研判。创新拓展荣誉信息应用场景，将主体荣誉评价深度嵌入政务监管、金融授信、招投标遴选、商业合作等业务流程，形成数据赋能信用管理的创新范式，为提升社会信用体系建设与治理现代化水平提供可复制、可推广的实践经验。,数据集,"S,J",,2026-03-31 20:29:40,2026-06-09 14:23:27,2026-07-28 02:01:12,0,false,https://dibj.cn/portal/api/common/calling/page?tableCode=DATA_INNOVATION
203,DATA_INNOVATION,创新成果-数据创新成果,170,91,31,数据集,DATA,企业风险分析服务,北京金融大数据有限公司,创新构建以经营异常监管为核心的数据治理与业务联动模式，突破部门数据壁垒，实现市场主体经营异常信息全链条归集与智能化应用。创新建立经营异常动态监测、智能核验、信用关联机制，运用大数据技术实现异常状态自动识别与综合研判。创新拓展经营异常信息应用场景，将主体异常核验深度嵌入政务审批、金融风控、招投标管理、商业合作等业务流程，形成数据赋能信用监管的创新范式，为提升社会治理现代化水平提供可复制、可推广的实践经验。,数据集,"S,J",,2026-03-31 20:27:54,2026-06-09 14:23:27,2026-07-28 02:01:12,0,false,https://dibj.cn/portal/api/common/calling/page?tableCode=DATA_INNOVATION
204,DATA_INNOVATION,创新成果-数据创新成果,171,90,31,数据集,DATA,企业工商异动轨迹溯源服务,北京金融大数据有限公司,创新构建以企业变更为核心的数据治理与业务联动模式，突破部门数据壁垒，实现市场主体变更信息全链条整合与智能化应用。创新建立企业变更动态监测、智能校验、风险预警机制，运用大数据技术实现异常变更自动识别与精准研判。创新拓展变更信息应用场景，将企业变更核验深度嵌入不动产核验、公积金监管、金融风控等业务流程，形成数据赋能监管的创新范式，为提升社会治理现代化水平提供可复制、可推广的实践经验。,数据集,"S,J",,2026-03-31 20:19:22,2026-06-09 14:23:27,2026-07-28 02:01:12,0,false,https://dibj.cn/portal/api/common/calling/page?tableCode=DATA_INNOVATION
205,DATA_INNOVATION,创新成果-数据创新成果,172,88,31,数据集,DATA,企业公积金管理负面分析服务,北京金融大数据有限公司,创新构建公积金不良企业信息协同治理模式，突破部门数据孤岛壁垒，实现公积金、不动产、政务、金融等多源信用数据深度融合与智能比对。创新建立不良企业动态认定、自动预警、联合惩戒、信用修复全流程闭环管理机制，依托大数据技术实现风险精准识别与智能防控。通过创新数据共享应用场景，将公积金不良信息嵌入不动产核验、政务审批、信贷风控等业务环节，形成跨领域信用联动应用范式，全面提升住房公积金风险管控精细化水平，为政务服务数字化转型与社会信用体系建设提供可复制的创新实践。,数据集,"S,J",,2026-03-31 20:13:54,2026-06-09 14:23:27,2026-07-28 02:01:12,0,false,https://dibj.cn/portal/api/common/calling/page?tableCode=DATA_INNOVATION
206,DATA_INNOVATION,创新成果-数据创新成果,173,61,33,数据应用,DATA,跨时空场景分布的用药分析,北京蚂蚁密算科技有限公司,随着药企产品更新和剂型迭代，部分老旧药品在部分区域用量下降，而性价比更高、不良反应更少但尚未纳入医保的新药用量逐步增加。本产品通过分析医保和卫健系统诊疗记录中的用药数据及其时空分布，针对具体药品在不同场景的用量和排名生成多类型报告，为药企提供市场竞争态势分析，指导定价和市场策略，并为医保目录调整、支付政策制定及医疗机构优化用药结构提供决策依据。,数据应用,S,,2025-11-27 10:03:09,2026-06-09 14:23:27,2026-07-28 02:01:12,0,false,https://dibj.cn/portal/api/common/calling/page?tableCode=DATA_INNOVATION
207,DATA_INNOVATION,创新成果-数据创新成果,414,517,32,API产品,DATA,企业失信被执行核查,贵州数据宝网络科技有限公司,本产品核查企业失信被执行人记录。失信被执行记录直接影响企业的商业信誉和履约能力，是贸易信用保险和保证保险核保的否决项。,API产品,"F,J,L,M,S",,2026-08-12 16:47:32,2026-08-13 02:01:17,2026-08-13 02:01:17,0,false,https://dibj.cn/portal/api/common/calling/page?tableCode=DATA_INNOVATION
208,DATA_INNOVATION,创新成果-数据创新成果,415,516,32,API产品,DATA,智能结构化OCR识别,贵州数据宝网络科技有限公司,"本产品采用AI模型对任意格式文档图片进行智能结构化识别，无需预定义模板。在保险理赔多类型单证处理中可自适应识别各种版式，某健康险公司使用后单证自动化率从40%提升至85%。
",API产品,"G,I,J,S",,2026-08-12 16:41:07,2026-08-13 02:01:17,2026-08-13 02:01:17,0,false,https://dibj.cn/portal/api/common/calling/page?tableCode=DATA_INNOVATION
209,DATA_INNOVATION,创新成果-数据创新成果,416,515,32,API产品,DATA,车牌号OCR识别,贵州数据宝网络科技有限公司,"本产品识别车牌号图片，自动提取车牌号码和颜色。在车险快速投保和停车场保险场景中，拍照识别比手动输入更快捷准确，录入时间从40秒降至3秒以内。
",API产品,"G,I,J,S",,2026-08-12 16:38:46,2026-08-13 02:01:17,2026-08-13 02:01:17,0,false,https://dibj.cn/portal/api/common/calling/page?tableCode=DATA_INNOVATION
210,DATA_INNOVATION,创新成果-数据创新成果,417,514,32,API产品,DATA,行驶证OCR识别,贵州数据宝网络科技有限公司,"本产品识别机动车行驶证信息，提取车牌号、车辆类型、所有人等字段。配合VIN码解析接口可全面还原车辆档案，某车险平台接入后投保信息采集从8分钟缩短至1分钟。
",API产品,"G,I,J,S",,2026-08-12 16:13:38,2026-08-13 02:01:17,2026-08-13 02:01:17,0,false,https://dibj.cn/portal/api/common/calling/page?tableCode=DATA_INNOVATION
211,DATA_INNOVATION,创新成果-数据创新成果,418,513,32,API产品,DATA,银行卡OCR识别,贵州数据宝网络科技有限公司,"本产品识别银行卡卡面信息，自动提取卡号和发卡行。在理赔款和退保金支付中，客户拍照上传即可自动识别，某平台接入后人工审核工作量减少约60%。
",API产品,"G,I,J",,2026-08-12 16:11:44,2026-08-13 02:01:17,2026-08-13 02:01:17,0,false,https://dibj.cn/portal/api/common/calling/page?tableCode=DATA_INNOVATION
212,DATA_INNOVATION,创新成果-数据创新成果,419,512,32,API产品,DATA,全国车辆合格证核验,贵州数据宝网络科技有限公司,本产品核验车辆出厂合格证的真实性和有效性。在车辆保险承保中，合格证是确认车辆合法来源的重要文件，特别对于新车投保具有法律意义。,API产品,"G,F,I,J,L",,2026-08-12 16:09:48,2026-08-13 02:01:17,2026-08-13 02:01:17,0,false,https://dibj.cn/portal/api/common/calling/page?tableCode=DATA_INNOVATION
213,DATA_INNOVATION,创新成果-数据创新成果,420,511,32,API产品,DATA,身份证OCR识别,贵州数据宝网络科技有限公司,"本产品提供身份证正反面OCR识别，自动提取姓名、身份证号、地址、有效期等字段。某经代公司接入后投保信息录入错误率从约8%降至1%以下，客户投保体验显著改善。
",API产品,"G,I,J,S",,2026-08-12 16:09:39,2026-08-13 02:01:17,2026-08-13 02:01:17,0,false,https://dibj.cn/portal/api/common/calling/page?tableCode=DATA_INNOVATION
214,DATA_INNOVATION,创新成果-数据创新成果,421,510,32,API产品,DATA,驾驶证OCR识别,贵州数据宝网络科技有限公司,"本产品识别驾驶证信息，提取姓名、证号、准驾车型、有效期限等。在UBI车险和驾驶风险评估中，驾照信息结合驾龄和准驾车型完善风险评估模型输入。
",API产品,"G,I,J,S",,2026-08-12 16:07:32,2026-08-13 02:01:17,2026-08-13 02:01:17,0,false,https://dibj.cn/portal/api/common/calling/page?tableCode=DATA_INNOVATION
215,DATA_INNOVATION,创新成果-数据创新成果,422,509,32,API产品,DATA,车辆品牌型号查验,贵州数据宝网络科技有限公司,本产品通过品牌名称和型号关键词模糊查询车辆完整信息，帮助快速定位车型参数。在车险代理销售场景中，当客户提供的车辆信息不完整时（如仅知道品牌和大致型号），代理人可通过该接口快速补全车辆详细参数，减少信息不对称带来的报价偏差。,API产品,"J,I,G,L,F",,2026-08-12 16:05:54,2026-08-13 02:01:17,2026-08-13 02:01:17,0,false,https://dibj.cn/portal/api/common/calling/page?tableCode=DATA_INNOVATION
216,DATA_INNOVATION,创新成果-数据创新成果,423,508,32,API产品,DATA,全网手机三要素验证（SHA256简版),贵州数据宝网络科技有限公司,"本产品为SHA256加密简版的全网三要素验证接口，以最小接口体积和最快响应速度实现高安全等级的核验服务。在保险大型营销活动期间的瞬时高并发场景中，简版接口确保系统吞吐量不受限，同时SHA256加密满足数据保护要求。
",API产品,"G,I,J,S",,2026-08-12 16:05:23,2026-08-13 02:01:17,2026-08-13 02:01:17,0,false,https://dibj.cn/portal/api/common/calling/page?tableCode=DATA_INNOVATION
217,DATA_INNOVATION,创新成果-数据创新成果,424,507,32,API产品,DATA,移动手机号易诉分,贵州数据宝网络科技有限公司,"本产品为移动运营商专属涉诉风险评分，基于移动用户行为数据和关联信息评估诉讼风险。帮助保险公司识别高诉讼风险投保人，提前采取风控措施。
",API产品,"G,I,J,S",,2026-08-12 16:03:20,2026-08-13 02:01:17,2026-08-13 02:01:17,0,false,https://dibj.cn/portal/api/common/calling/page?tableCode=DATA_INNOVATION
218,DATA_INNOVATION,创新成果-数据创新成果,425,506,32,API产品,DATA,全国乘用车VIN码识别,贵州数据宝网络科技有限公司,本产品专注于乘用车VIN码识别解析，针对乘用车市场优化识别模型。乘用车占车险市场约80%以上，专用接口提供更高的识别准确率和更快的响应速度。,API产品,"F,G,I,J,L",,2026-08-12 15:57:37,2026-08-13 02:01:17,2026-08-13 02:01:17,0,false,https://dibj.cn/portal/api/common/calling/page?tableCode=DATA_INNOVATION
219,DATA_INNOVATION,创新成果-数据创新成果,426,505,32,API产品,DATA,移动手机消费区间验证,贵州数据宝网络科技有限公司,"本产品查询移动号码月消费区间，覆盖约10亿用户，是最具代表性的消费能力评价维度。为保险公司提供移动用户的消费能力参考。
",API产品,"G,I,J,S",,2026-08-12 15:53:10,2026-08-13 02:01:17,2026-08-13 02:01:17,0,false,https://dibj.cn/portal/api/common/calling/page?tableCode=DATA_INNOVATION
220,DATA_INNOVATION,创新成果-数据创新成果,427,504,32,API产品,DATA,全国车辆VIN基础信息查验,贵州数据宝网络科技有限公司,本产品通过VIN码查询车辆全部基础信息，是最通用的VIN解析接口。覆盖品牌、型号、年款、排量、变速箱、驱动形式等数十项参数，是车险核保的标准数据入口。,API产品,"J,G,I,L,F",,2026-08-12 15:52:29,2026-08-13 02:01:17,2026-08-13 02:01:17,0,false,https://dibj.cn/portal/api/common/calling/page?tableCode=DATA_INNOVATION
221,DATA_INNOVATION,创新成果-数据创新成果,428,503,32,API产品,DATA,全网手机三要素验证（SHA256详版),贵州数据宝网络科技有限公司,"本产品为SHA256加密详版的全网三要素验证接口，同时满足高安全加密标准和全面核验字段的双重需求。适用于保险公司与银行合作的最高安全等级场景，如银保渠道的保单质押贷款业务，SHA256加密满足金融行业合规框架。
",API产品,"G,I,J,S",,2026-08-12 15:51:28,2026-08-13 02:01:17,2026-08-13 02:01:17,0,false,https://dibj.cn/portal/api/common/calling/page?tableCode=DATA_INNOVATION
222,DATA_INNOVATION,创新成果-数据创新成果,429,502,32,API产品,DATA,移动手机二要素验证（证件号+手机号）,贵州数据宝网络科技有限公司,"本产品为移动运营商专用的证件号+手机号二要素验证接口，专为移动用户群体优化。移动作为国内用户基数最大的运营商，该专用接口提供更高精度的核验结果和更快的响应速度，在大规模保险业务中表现出更好的稳定性。
",API产品,"G,I,J,S",,2026-08-12 15:49:40,2026-08-13 02:01:17,2026-08-13 02:01:17,0,false,https://dibj.cn/portal/api/common/calling/page?tableCode=DATA_INNOVATION
223,DATA_INNOVATION,创新成果-数据创新成果,430,501,32,API产品,DATA,全网手机三要素验证（简版MD5）,贵州数据宝网络科技有限公司,"本产品为全网三要素验证的简版MD5加密接口，兼顾轻量级响应速度和高安全传输标准。在保险H5页面和小程序等移动端场景中，简版接口的响应时间约为主版本的60%，配合MD5加密保障，适合大促期间瞬时高并发需求。
",API产品,"G,I,J,S",,2026-08-12 15:47:55,2026-08-13 02:01:17,2026-08-13 02:01:17,0,false,https://dibj.cn/portal/api/common/calling/page?tableCode=DATA_INNOVATION
224,DATA_INNOVATION,创新成果-数据创新成果,431,500,32,API产品,DATA,企业限制高消费核查,贵州数据宝网络科技有限公司,本产品核查企业及其法定代表人是否被限制高消费。被限高的企业面临大量经营限制，在保险领域不具备投保信用保证保险的基本条件。,API产品,"J,L,M,S,F",,2026-08-12 09:18:55,2026-08-13 02:01:17,2026-08-13 02:01:17,0,false,https://dibj.cn/portal/api/common/calling/page?tableCode=DATA_INNOVATION
225,DATA_INNOVATION,创新成果-数据创新成果,367,499,32,API产品,DATA,全网手机在网时长验证,贵州数据宝网络科技有限公司,"本产品标准版全网手机在网时长验证，全运营商覆盖通用场景。在网时长是衡量用户稳定性的最常用指标之一，接入简单、覆盖面广。
",API产品,"G,I,J,S",,2026-08-11 17:14:24,2026-08-12 02:01:12,2026-08-12 02:01:12,0,false,https://dibj.cn/portal/api/common/calling/page?tableCode=DATA_INNOVATION
226,DATA_INNOVATION,创新成果-数据创新成果,368,498,32,API产品,DATA,全网手机状态验证V3,贵州数据宝网络科技有限公司,"本产品为全网手机状态验证V3版本，优化查询速度并扩展号码状态类型（新增预销号、临时停机等细分状态），支持更精细化的保险运营触达策略。
",API产品,"G,J,I,S",,2026-08-11 16:49:45,2026-08-12 02:01:12,2026-08-12 02:01:12,0,false,https://dibj.cn/portal/api/common/calling/page?tableCode=DATA_INNOVATION
227,DATA_INNOVATION,创新成果-数据创新成果,369,497,32,API产品,DATA,全网手机二要素验证（证件号+手机号）,贵州数据宝网络科技有限公司,"本产品标准版证件号+手机号二要素验证。在保险单证管理和理赔材料归档中，通过证件号和手机号的一致性校验确保档案准确性。
",API产品,"G,I,J,S",,2026-08-11 16:47:54,2026-08-12 02:01:12,2026-08-12 02:01:12,0,false,https://dibj.cn/portal/api/common/calling/page?tableCode=DATA_INNOVATION
228,DATA_INNOVATION,创新成果-数据创新成果,370,496,32,API产品,DATA,全网手机三要素验证（详版）,贵州数据宝网络科技有限公司,"本产品为全网三要素验证标准详版，一次性返回所有核验相关字段。适合作为保险核保核心决策引擎主数据源，减少多次接口调用的系统开销。
",API产品,"G,I,J,S",,2026-08-11 16:45:19,2026-08-12 02:01:12,2026-08-12 02:01:12,0,false,https://dibj.cn/portal/api/common/calling/page?tableCode=DATA_INNOVATION
229,DATA_INNOVATION,创新成果-数据创新成果,371,495,32,API产品,DATA,全网手机状态验证（MD5）,贵州数据宝网络科技有限公司,"本产品为MD5加密版的全网手机状态验证接口，在保护手机号安全的同时提供同等精度的状态查询。适用于保险公司数据中台建设场景，不同业务系统可通过安全网关共享手机状态数据且不暴露原始手机号信息。
",API产品,"G,I,J,S",,2026-08-11 16:30:09,2026-08-12 02:01:12,2026-08-12 02:01:12,0,false,https://dibj.cn/portal/api/common/calling/page?tableCode=DATA_INNOVATION
230,DATA_INNOVATION,创新成果-数据创新成果,372,494,32,API产品,DATA,全网手机在网时长验证（MD5),贵州数据宝网络科技有限公司,"本产品为MD5加密版的全网手机在网时长验证接口，支持所有运营商用户。在保险风控模型的外部数据采购场景中，数据服务商通常要求MD5加密传输以确保源头数据安全，该接口完全满足行业标准数据交换格式要求。
",API产品,"G,I,J,S",,2026-08-11 16:28:07,2026-08-12 02:01:12,2026-08-12 02:01:12,0,false,https://dibj.cn/portal/api/common/calling/page?tableCode=DATA_INNOVATION
231,DATA_INNOVATION,创新成果-数据创新成果,373,493,32,API产品,DATA,全网手机二要素验证（姓名+手机号）,贵州数据宝网络科技有限公司,"本产品标准版全网姓名+手机号二要素验证，适用面广、接入简便。在客户自助查询保单和理赔场景中，轻量验证免去每次输入身份证号的繁琐。
",API产品,"G,I,J,S",,2026-08-11 16:26:09,2026-08-12 02:01:12,2026-08-12 02:01:12,0,false,https://dibj.cn/portal/api/common/calling/page?tableCode=DATA_INNOVATION
232,DATA_INNOVATION,创新成果-数据创新成果,374,492,32,API产品,DATA,全网手机二次放号验证,贵州数据宝网络科技有限公司,"本产品标准版全网手机二次放号验证，查询手机号是否为重新分配号码。二次放号存在严重关联污染问题，某保险公司使用后营销短信退订率下降约8个百分点。
",API产品,"G,I,J,S",,2026-08-11 16:24:22,2026-08-12 02:01:12,2026-08-12 02:01:12,0,false,https://dibj.cn/portal/api/common/calling/page?tableCode=DATA_INNOVATION
233,DATA_INNOVATION,创新成果-数据创新成果,375,491,32,API产品,DATA,全网手机三要素验证（详版MD5）,贵州数据宝网络科技有限公司,"本产品为MD5加密版详版三要素验证，在提供全面核验字段的同时保障数据安全。适用于保险核心系统对接外部数据源需满足信息安全等级保护要求的场景。
",API产品,"G,I,J,S",,2026-08-11 16:22:06,2026-08-12 02:01:12,2026-08-12 02:01:12,0,false,https://dibj.cn/portal/api/common/calling/page?tableCode=DATA_INNOVATION
234,DATA_INNOVATION,创新成果-数据创新成果,376,490,32,API产品,DATA,全网手机消费区间验证（MD5）,贵州数据宝网络科技有限公司,"本产品为MD5加密版的手机消费区间验证接口，在保护用户手机号和消费数据的传输安全前提下，提供同等精度的消费能力评估。在保险与银行的联合营销场景中，MD5加密是跨机构数据交换的基础安全措施。
",API产品,"G,I,J,S",,2026-08-11 16:20:22,2026-08-12 02:01:12,2026-08-12 02:01:12,0,false,https://dibj.cn/portal/api/common/calling/page?tableCode=DATA_INNOVATION
235,DATA_INNOVATION,创新成果-数据创新成果,377,489,32,API产品,DATA,电信手机三要素验证（简版MD5）,贵州数据宝网络科技有限公司,"本产品为电信运营商专用的三要素验证简版MD5加密接口，返回结果精简且响应速度更快。在电信用户占比较高的保险业务场景中，该专用接口提供更高精度的核验结果，同时通过MD5加密保障客户敏感信息在传输链路中的安全性。
",API产品,"G,I,J,S",,2026-08-11 16:18:55,2026-08-12 02:01:12,2026-08-12 02:01:12,0,false,https://dibj.cn/portal/api/common/calling/page?tableCode=DATA_INNOVATION
236,DATA_INNOVATION,创新成果-数据创新成果,378,488,32,API产品,DATA,全网手机二要素验证（证件号+手机号）MD5,贵州数据宝网络科技有限公司,"本产品为MD5加密版的证件号+手机号二要素验证，通过证件号码与手机号的匹配验证完成身份一致性判定。在保险理赔小额快赔场景中，证件号和手机号的快速匹配可加速审核流程，同时MD5加密满足数据安全合规要求。
",API产品,"G,I,J,S",,2026-08-11 16:17:28,2026-08-12 02:01:12,2026-08-12 02:01:12,0,false,https://dibj.cn/portal/api/common/calling/page?tableCode=DATA_INNOVATION
237,DATA_INNOVATION,创新成果-数据创新成果,379,487,32,API产品,DATA,全网手机二要素验证（姓名+手机号）MD5,贵州数据宝网络科技有限公司,"本产品为MD5加密版的姓名+手机号二要素验证接口，在保障数据传输安全的同时完成轻量级身份核验。在保险快速投保和免体检投保场景中，二要素验证配合MD5加密兼顾了便捷性和安全性，满足金融级数据保护要求。
",API产品,"G,I,J,S",,2026-08-11 16:15:46,2026-08-12 02:01:12,2026-08-12 02:01:12,0,false,https://dibj.cn/portal/api/common/calling/page?tableCode=DATA_INNOVATION
238,DATA_INNOVATION,创新成果-数据创新成果,380,486,32,API产品,DATA,电信手机在网时长验证,贵州数据宝网络科技有限公司,"本产品查询电信号码的连续在网时长。分运营商查询可提供更细粒度的用户稳定性评估，不同运营商的在网时长分布和含义存在差异。
",API产品,"G,I,J,S",,2026-08-11 16:14:00,2026-08-12 02:01:12,2026-08-12 02:01:12,0,false,https://dibj.cn/portal/api/common/calling/page?tableCode=DATA_INNOVATION
239,DATA_INNOVATION,创新成果-数据创新成果,381,485,32,API产品,DATA,电信手机在网时长验证（MD5）,贵州数据宝网络科技有限公司,"本产品为MD5加密版电信号码在网时长查询。电信号码占比约25%-30%，该接口为电信号段用户提供安全加密的在网时长查询能力。
",API产品,"G,I,J,S",,2026-08-11 16:12:18,2026-08-12 02:01:12,2026-08-12 02:01:12,0,false,https://dibj.cn/portal/api/common/calling/page?tableCode=DATA_INNOVATION
240,DATA_INNOVATION,创新成果-数据创新成果,382,484,32,API产品,DATA,全网手机号归属地核验（MD5）,贵州数据宝网络科技有限公司,"本产品为MD5加密版归属地核验，在保护手机号安全的同时提供同等查询精度。适用于保险与外部数据服务商合作时的数据安全合规传输。
",API产品,"G,I,J,S",,2026-08-11 16:10:10,2026-08-12 02:01:12,2026-08-12 02:01:12,0,false,https://dibj.cn/portal/api/common/calling/page?tableCode=DATA_INNOVATION
241,DATA_INNOVATION,创新成果-数据创新成果,383,483,32,API产品,DATA,全网手机在网时长验证（定制）,贵州数据宝网络科技有限公司,"本产品提供定制化在网时长验证方案，支持按保险公司需求配置数据返回字段和阈值。不同险种对在网时长最低要求不同，定制版支持灵活配置。
",API产品,"G,I,J,S",,2026-08-11 16:08:36,2026-08-12 02:01:12,2026-08-12 02:01:12,0,false,https://dibj.cn/portal/api/common/calling/page?tableCode=DATA_INNOVATION
242,DATA_INNOVATION,创新成果-数据创新成果,384,482,32,API产品,DATA,全网手机三要素验证（携号转网）,贵州数据宝网络科技有限公司,"本产品特别增强携号转网场景支持，可准确识别用户当前所属运营商和是否发生过携号转网。避免因按转网前运营商发送信息导致触达失败，帮助保险公司准确触达客户。
",API产品,"G,I,J,S",,2026-08-11 16:06:48,2026-08-12 02:01:12,2026-08-12 02:01:12,0,false,https://dibj.cn/portal/api/common/calling/page?tableCode=DATA_INNOVATION
243,DATA_INNOVATION,创新成果-数据创新成果,385,481,32,API产品,DATA,全网手机状态验证（SHA256）,贵州数据宝网络科技有限公司,"本产品为SHA256加密版手机状态验证，在提供同等功能的同时满足更高加密标准。适用于保险与金融机构深度数据合作场景。
",API产品,"G,I,J,S",,2026-08-11 16:04:22,2026-08-12 02:01:12,2026-08-12 02:01:12,0,false,https://dibj.cn/portal/api/common/calling/page?tableCode=DATA_INNOVATION
244,DATA_INNOVATION,创新成果-数据创新成果,386,480,32,API产品,DATA,全网手机在网时长验证（SHA256）,贵州数据宝网络科技有限公司,"本产品为SHA256加密版本在网时长验证，满足更高安全等级的传输要求。在保险与银行业务合作中，部分银行要求使用SHA256加密标准，该接口配合满足银行安全合规框架。
",API产品,"I,J,G,S",,2026-08-11 16:02:07,2026-08-12 02:01:12,2026-08-12 02:01:12,0,false,https://dibj.cn/portal/api/common/calling/page?tableCode=DATA_INNOVATION
245,DATA_INNOVATION,创新成果-数据创新成果,387,479,32,API产品,DATA,全网手机二次放号验证（MD5）,贵州数据宝网络科技有限公司,"本产品验证手机号是否为运营商二次放号，采用MD5加密传输。二次放号可能接收大量前用户的营销信息和催收电话，某保险公司投保环节验证后过滤约3%的二次放号号码，引导客户更新联系方式。
",API产品,"G,I,J,S",,2026-08-11 15:53:39,2026-08-12 02:01:12,2026-08-12 02:01:12,0,false,https://dibj.cn/portal/api/common/calling/page?tableCode=DATA_INNOVATION
246,DATA_INNOVATION,创新成果-数据创新成果,388,478,32,API产品,DATA,移动近三个月停机次数核验,贵州数据宝网络科技有限公司,"本产品查询移动号码近三个月停机次数。移动用户占比超60%，其停机数据覆盖最广，可批量优化保险营销号码库质量，提升触达效率。
",API产品,"G,I,J,S",,2026-08-11 15:50:55,2026-08-12 02:01:12,2026-08-12 02:01:12,0,false,https://dibj.cn/portal/api/common/calling/page?tableCode=DATA_INNOVATION
247,DATA_INNOVATION,创新成果-数据创新成果,351,477,32,API产品,DATA,联通近三个月停机次数核验,贵州数据宝网络科技有限公司,"本产品查询联通号码近三个月停机次数。不同运营商停机模式存在差异，单独查询联通停机频次可更精准评估该运营商用户的使用稳定性。
",API产品,"G,I,J,S",,2026-08-10 11:29:55,2026-08-11 02:01:13,2026-08-11 02:01:13,0,false,https://dibj.cn/portal/api/common/calling/page?tableCode=DATA_INNOVATION
248,DATA_INNOVATION,创新成果-数据创新成果,352,476,32,API产品,DATA,电信近三个月停机次数核验,贵州数据宝网络科技有限公司,"本产品查询电信号码近三个月停机次数。频繁停机的客户失联风险较高，保险公司可据此优先触达稳定号码客户，优化续保提醒的触达策略和资源分配。
",API产品,"G,I,J,S",,2026-08-10 11:28:14,2026-08-11 02:01:13,2026-08-11 02:01:13,0,false,https://dibj.cn/portal/api/common/calling/page?tableCode=DATA_INNOVATION
249,DATA_INNOVATION,创新成果-数据创新成果,353,475,32,API产品,DATA,全网手机消费区间验证,贵州数据宝网络科技有限公司,"本产品评估手机号月消费区间（50元以下/50-100元/100-200元/200元以上等），可作为间接收入参考。某保险公司基于消费区间进行分档保费推荐，产品匹配度和满意度提升约13个百分点。
",API产品,"I,J,G,S",,2026-08-10 11:26:22,2026-08-11 02:01:13,2026-08-11 02:01:13,0,false,https://dibj.cn/portal/api/common/calling/page?tableCode=DATA_INNOVATION
250,DATA_INNOVATION,创新成果-数据创新成果,354,474,32,API产品,DATA,全网手机状态验证,贵州数据宝网络科技有限公司,"本产品验证手机号当前使用状态（正常/停机/销号/空号等），覆盖所有运营商。某保险公司在续保外呼前使用该接口过滤异常号码，外呼有效率提升约25个百分点。
",API产品,"G,I,J,S",,2026-08-10 11:24:10,2026-08-11 02:01:13,2026-08-11 02:01:13,0,false,https://dibj.cn/portal/api/common/calling/page?tableCode=DATA_INNOVATION
251,DATA_INNOVATION,创新成果-数据创新成果,355,473,32,API产品,DATA,全网手机在网时长验证V2,贵州数据宝网络科技有限公司,"本产品为全网在网时长验证的V2升级版，覆盖所有运营商并支持携号转网场景，消除用户更换运营商的评估盲区。某保险公司升级后数据可用率从约85%提升至约99%。
",API产品,"G,I,J,S",,2026-08-10 11:22:35,2026-08-11 02:01:13,2026-08-11 02:01:13,0,false,https://dibj.cn/portal/api/common/calling/page?tableCode=DATA_INNOVATION
252,DATA_INNOVATION,创新成果-数据创新成果,356,472,32,API产品,DATA,全网手机三要素验证（详版V2）,贵州数据宝网络科技有限公司,"本产品为全网三要素验证最新详版，V2版本优化响应速度和准确性，新增携号转网识别和近6个月号码变更记录字段，为保险公司提供更全面的手机号使用画像。
",API产品,"G,I,J,S",,2026-08-10 11:20:30,2026-08-11 02:01:13,2026-08-11 02:01:13,0,false,https://dibj.cn/portal/api/common/calling/page?tableCode=DATA_INNOVATION
253,DATA_INNOVATION,创新成果-数据创新成果,357,471,32,API产品,DATA,全网手机号归属地核验,贵州数据宝网络科技有限公司,"本产品核验手机号当前归属地和运营商，全网覆盖。在保险区域化产品精准推送中，可作为地理定位的轻量级补充，某保险公司基于归属地推送本地专属产品，点击率提升约20%。
",API产品,"G,I,J,S",,2026-08-10 11:18:51,2026-08-11 02:01:13,2026-08-11 02:01:13,0,false,https://dibj.cn/portal/api/common/calling/page?tableCode=DATA_INNOVATION
254,DATA_INNOVATION,创新成果-数据创新成果,358,470,32,API产品,DATA,全网手机三要素验证,贵州数据宝网络科技有限公司,"本产品整合三大运营商数据，提供全网覆盖的姓名+身份证+手机号三要素验证。不同于单运营商版本，全网覆盖所有运营商用户，避免携号转网导致的核验盲区。某平台使用后核验覆盖率从约75%提升至99%以上。
",API产品,"G,I,J,S",,2026-08-10 11:16:27,2026-08-11 02:01:13,2026-08-11 02:01:13,0,false,https://dibj.cn/portal/api/common/calling/page?tableCode=DATA_INNOVATION
255,DATA_INNOVATION,创新成果-数据创新成果,359,469,32,API产品,DATA,人脸比对,贵州数据宝网络科技有限公司,"本产品为轻量级人脸1:1比对接口，简化输入参数和响应结构，适用于前端快速集成。某保险公司小程序使用该接口实现3秒内完成人脸比对，用户体验流畅。
",API产品,"G,I,J,S",,2026-08-10 11:15:02,2026-08-11 02:01:13,2026-08-11 02:01:13,0,false,https://dibj.cn/portal/api/common/calling/page?tableCode=DATA_INNOVATION
256,DATA_INNOVATION,创新成果-数据创新成果,360,468,32,API产品,DATA,个人限高被执行人核验,贵州数据宝网络科技有限公司,"本产品核验个人是否被采取限制高消费措施。被限高的被执行人面临严重债务压力，购买大额保险产品可能被视为资产转移信号。某保险公司在大额保单承保审查中加入限高核查，加强合规风控。
",API产品,"G,I,J,S",,2026-08-10 11:12:57,2026-08-11 02:01:13,2026-08-11 02:01:13,0,false,https://dibj.cn/portal/api/common/calling/page?tableCode=DATA_INNOVATION
257,DATA_INNOVATION,创新成果-数据创新成果,361,467,32,API产品,DATA,个人失信被执行人核验,贵州数据宝网络科技有限公司,"本产品专注核验个人是否为失信被执行人。在保险信用支付和保费分期业务中，失信记录直接关系到分期还款能力。某保险分期平台接入后将失信人申请自动拦截，分期坏账率降低约1.2个百分点。
",API产品,"G,I,J,S",,2026-08-10 11:11:23,2026-08-11 02:01:13,2026-08-11 02:01:13,0,false,https://dibj.cn/portal/api/common/calling/page?tableCode=DATA_INNOVATION
258,DATA_INNOVATION,创新成果-数据创新成果,362,466,32,API产品,DATA,个人案件基础信息核验,贵州数据宝网络科技有限公司,"本产品查询个人涉及的司法案件基本信息（案由、身份、案件阶段等）。在董责险和职业责任险核保中，被保险人的涉诉情况是评估履职风险的基础，核保决策的信息充分性显著提升。
",API产品,"I,J,G,S",,2026-08-10 11:09:57,2026-08-11 02:01:13,2026-08-11 02:01:13,0,false,https://dibj.cn/portal/api/common/calling/page?tableCode=DATA_INNOVATION
259,DATA_INNOVATION,创新成果-数据创新成果,363,465,32,API产品,DATA,司法黑名单核验,贵州数据宝网络科技有限公司,"本产品核验个人是否被列入法院系统各类黑名单。在大额保单核保中，涉及司法黑名单的投保人不仅存在合规风险，还可能涉及洗钱嫌疑。某保险公司在大额年金险和投连险流程中强制接入该接口，满足反洗钱监管要求。
",API产品,"G,I,J,S",,2026-08-10 11:07:53,2026-08-11 02:01:13,2026-08-11 02:01:13,0,false,https://dibj.cn/portal/api/common/calling/page?tableCode=DATA_INNOVATION
260,DATA_INNOVATION,创新成果-数据创新成果,364,464,32,API产品,DATA,不良风险评估,贵州数据宝网络科技有限公司,"本产品评估个人在金融、司法等领域的综合不良行为风险。在互联网保险实时核保中，某公司将其嵌入毫秒级核保引擎，高风险申请自动拦截率提升至99.5%以上。
",API产品,"G,I,J,S",,2026-08-10 11:05:31,2026-08-11 02:01:13,2026-08-11 02:01:13,0,false,https://dibj.cn/portal/api/common/calling/page?tableCode=DATA_INNOVATION
261,DATA_INNOVATION,创新成果-数据创新成果,365,463,32,API产品,DATA,不良风险评估V2,贵州数据宝网络科技有限公司,"本产品为不良风险评估升级版，扩大数据覆盖范围并新增金融领域不良行为记录。在保险代理人背景审查中，升级版的全面风险评估帮助拦截多起有金融欺诈历史的应聘者，提升从业人员合规水平。
",API产品,"G,I,J,S",,2026-08-10 11:03:58,2026-08-11 02:01:13,2026-08-11 02:01:13,0,false,https://dibj.cn/portal/api/common/calling/page?tableCode=DATA_INNOVATION
262,DATA_INNOVATION,创新成果-数据创新成果,366,461,32,API产品,DATA,实名认证（详版）,贵州数据宝网络科技有限公司,"本产品在标准实名认证基础上返回性别、出生日期、籍贯等详情。在保险客户画像补全中，一次性获取多维度身份信息，减少外部数据采购成本，某保险公司平均每个新客户额外获取3个有用画像字段。
",API产品,"I,J,G,S",,2026-08-10 10:59:29,2026-08-11 02:01:13,2026-08-11 02:01:13,0,false,https://dibj.cn/portal/api/common/calling/page?tableCode=DATA_INNOVATION
263,DATA_INNOVATION,创新成果-数据创新成果,347,460,32,API产品,DATA,全国自然人风险评估,贵州数据宝网络科技有限公司,"本产品综合涉诉、被执行、失信、限高、行政处罚等多维度进行自然人司法风险评估，输出风险等级。替代分别调用多个司法查询接口，某保险公司接入后单客户风险评估时间从约2秒降至0.4秒。
",API产品,"I,J,G,S",,2026-08-08 11:45:57,2026-08-09 02:01:10,2026-08-09 02:01:10,0,false,https://dibj.cn/portal/api/common/calling/page?tableCode=DATA_INNOVATION
264,DATA_INNOVATION,创新成果-数据创新成果,348,459,32,API产品,DATA,人像比对（千分制）,贵州数据宝网络科技有限公司,"本产品返回千分制人脸相似度评分（0-1000分），便于设定阶梯式核验策略。某保险公司基于千分制分值设定了三级核验策略（900+自动通过/800-900人工复核/800-拒绝），自动核保通过率提升约15个百分点。
",API产品,"I,J,G,S",,2026-08-08 11:44:00,2026-08-09 02:01:10,2026-08-09 02:01:10,0,false,https://dibj.cn/portal/api/common/calling/page?tableCode=DATA_INNOVATION
265,DATA_INNOVATION,创新成果-数据创新成果,349,458,32,API产品,DATA,人像比对（口罩检测）,贵州数据宝网络科技有限公司,"本产品专门针对佩戴口罩场景优化的人像比对服务，可识别口罩遮挡下的人脸特征并与证件照比对。在疫情和医院场景中，实现无需摘口罩即可完成身份核验，兼顾效率与安全。
",API产品,"G,I,J,S",,2026-08-08 11:42:15,2026-08-09 02:01:10,2026-08-09 02:01:10,0,false,https://dibj.cn/portal/api/common/calling/page?tableCode=DATA_INNOVATION
266,DATA_INNOVATION,创新成果-数据创新成果,350,457,32,API产品,DATA,负面行为核验,贵州数据宝网络科技有限公司,"本产品查询个人涉诉、涉刑、涉毒、涉恐等负面行为记录。在保险反欺诈和合规审查中，某保险公司将其作为大额保单的反洗钱筛查工具，成功识别并拦截多起可疑投保行为。
",API产品,"I,J,G,S",,2026-08-08 11:40:01,2026-08-09 02:01:10,2026-08-09 02:01:10,0,false,https://dibj.cn/portal/api/common/calling/page?tableCode=DATA_INNOVATION
267,DATA_INNOVATION,创新成果-数据创新成果,340,456,32,API产品,DATA,实名认证（特殊证件）,贵州数据宝网络科技有限公司,"本产品支持港澳通行证、台湾通行证、护照、港澳台居民居住证等特殊证件的实名认证，填补了标准身份证核验无法覆盖的非居民群体。在跨境保险业务中，某互联网保险平台接入后港澳台及外籍用户投保覆盖率达100%，核验通过率超98%。
",API产品,"I,J,G,S",,2026-08-07 17:16:17,2026-08-08 02:01:12,2026-08-08 02:01:12,0,false,https://dibj.cn/portal/api/common/calling/page?tableCode=DATA_INNOVATION
268,DATA_INNOVATION,创新成果-数据创新成果,341,455,32,API产品,DATA,身份证四要素核验,贵州数据宝网络科技有限公司,"本产品提供姓名+身份证号+有效起始日期+有效截止日期四要素综合核验，精度高于二要素。在寿险和年金险等长期险种投保环节中，需验证身份证有效期以确保保单存续期间的身份有效性，防范使用过期身份证投保的合规风险。
",API产品,"J,I,G,S",,2026-08-07 17:14:13,2026-08-08 02:01:12,2026-08-08 02:01:12,0,false,https://dibj.cn/portal/api/common/calling/page?tableCode=DATA_INNOVATION
269,DATA_INNOVATION,创新成果-数据创新成果,342,454,32,API产品,DATA,认证宝（实名认证）,贵州数据宝网络科技有限公司,"本产品提供姓名+身份证号二要素实名认证，是保险行业最基础的KYC能力。返回验证一致/不一致/异常三种结果，接入极为简便。某保险公司在免费赠险活动中接入该接口，用户转化率提升了约23%。
",API产品,"I,J,G,S",,2026-08-07 17:11:33,2026-08-08 02:01:12,2026-08-08 02:01:12,0,false,https://dibj.cn/portal/api/common/calling/page?tableCode=DATA_INNOVATION
270,DATA_INNOVATION,创新成果-数据创新成果,343,453,32,API产品,DATA,人像比对（详版）,贵州数据宝网络科技有限公司,"本产品在标准人像比对基础上额外返回性别、出生年月、籍贯等字段。在保险理赔反欺诈场景中，理赔人员可同步获取多维身份信息与客户陈述交叉验证，某财险公司接入后理赔欺诈案件识别率提升了约15个百分点。
",API产品,"I,J,G,S",,2026-08-07 17:08:17,2026-08-08 02:01:12,2026-08-08 02:01:12,0,false,https://dibj.cn/portal/api/common/calling/page?tableCode=DATA_INNOVATION
271,DATA_INNOVATION,创新成果-数据创新成果,344,452,32,API产品,DATA,人像比对,贵州数据宝网络科技有限公司,"本产品提供标准版姓名+身份证号+人像三要素比对，适用于高并发场景。某头部保险中介平台日处理超10万次核验请求，误识率控制在万分之一以内，成功拦截约2.7%的身份冒用申请。
",API产品,"G,I,J,S",,2026-08-07 17:05:25,2026-08-08 02:01:12,2026-08-08 02:01:12,0,false,https://dibj.cn/portal/api/common/calling/page?tableCode=DATA_INNOVATION
272,DATA_INNOVATION,创新成果-数据创新成果,345,451,32,API产品,DATA,人像比对（四项）,贵州数据宝网络科技有限公司,"本产品基于权威人脸数据库，提供姓名+身份证号+人像照片+有效期四要素交叉比对，输出0-1相似度分值。在互联网保险远程投保场景中，可替代传统线下人工面签，某平台接入后核身时间从15分钟压缩至3秒，人工审核量减少约85%。
",API产品,"I,G,J,S",,2026-08-07 17:02:25,2026-08-08 02:01:12,2026-08-08 02:01:12,0,false,https://dibj.cn/portal/api/common/calling/page?tableCode=DATA_INNOVATION
273,DATA_INNOVATION,创新成果-数据创新成果,346,450,32,API产品,DATA,身份证状态核验,贵州数据宝网络科技有限公司,"本产品对接公安部权威数据源，实时核验居民身份证当前状态（正常/挂失/注销等），毫秒级返回结果。广泛应用于保险投保人身份真实性验证环节，有效拦截使用已挂失或注销身份证的欺诈投保行为。行业数据表明该接口可拦截约3%-5%的异常身份证件，显著降低后续核保和理赔欺诈风险。
",API产品,"J,I,G,S",,2026-08-07 16:55:44,2026-08-08 02:01:12,2026-08-08 02:01:12,0,false,https://dibj.cn/portal/api/common/calling/page?tableCode=DATA_INNOVATION
274,DATA_INNOVATION,创新成果-数据创新成果,333,449,32,API产品,DATA,住房公积金业务个人公积金三要素核验项目,华信永道（北京）科技股份有限公司,通过个人基本情况、职业信息、公积金账户信息及缴存信息，用于佐证客户收入水平和还款能力。,API产品,I,,2026-07-23 10:37:55,2026-07-24 02:01:14,2026-07-24 02:01:14,0,false,https://dibj.cn/portal/api/common/calling/page?tableCode=DATA_INNOVATION
275,DATA_INNOVATION,创新成果-数据创新成果,334,448,32,API产品,DATA,企业公积金信贷增信产品,华信永道（北京）科技股份有限公司,通过个人基本情况、职业信息、公积金账户信息及缴存信息，用于佐证客户收入水平和还款能力。,API产品,I,,2026-07-23 10:34:53,2026-07-24 02:01:14,2026-07-24 02:01:14,0,false,https://dibj.cn/portal/api/common/calling/page?tableCode=DATA_INNOVATION
276,DATA_INNOVATION,创新成果-数据创新成果,335,447,32,API产品,DATA,个人公积金风控产品,华信永道（北京）科技股份有限公司,通过个人基本情况、职业信息、公积金账户信息及缴存信息，用于佐证客户收入水平和还款能力。,API产品,I,,2026-07-23 10:31:27,2026-07-24 02:01:14,2026-07-24 02:01:14,0,false,https://dibj.cn/portal/api/common/calling/page?tableCode=DATA_INNOVATION
277,DATA_INNOVATION,创新成果-数据创新成果,336,446,32,API产品,DATA,个人公积金信息核验产品,华信永道（北京）科技股份有限公司,通过个人基本情况、职业信息、公积金账户信息及缴存信息，用于佐证客户收入水平和还款能力。,API产品,I,,2026-07-23 10:28:50,2026-07-24 02:01:14,2026-07-24 02:01:14,0,false,https://dibj.cn/portal/api/common/calling/page?tableCode=DATA_INNOVATION
278,DATA_INNOVATION,创新成果-数据创新成果,337,445,32,API产品,DATA,个人公积金信贷增信产品-全景版,华信永道（北京）科技股份有限公司,通过个人基本情况、职业信息、公积金账户信息及缴存信息，用于佐证客户收入水平和还款能力。,API产品,I,,2026-07-23 10:26:03,2026-07-24 02:01:14,2026-07-24 02:01:14,0,false,https://dibj.cn/portal/api/common/calling/page?tableCode=DATA_INNOVATION
279,DATA_INNOVATION,创新成果-数据创新成果,338,444,32,API产品,DATA,个人公积金信贷增信产品-增强版,华信永道（北京）科技股份有限公司,通过个人基本情况、职业信息、公积金账户信息及缴存信息，用于佐证客户收入水平和还款能力。,API产品,I,,2026-07-23 10:21:30,2026-07-24 02:01:14,2026-07-24 02:01:14,0,false,https://dibj.cn/portal/api/common/calling/page?tableCode=DATA_INNOVATION
280,DATA_INNOVATION,创新成果-数据创新成果,339,443,32,API产品,DATA,个人公积金信贷增信产品-基础版,华信永道（北京）科技股份有限公司,通过个人基本情况、职业信息、公积金账户信息及缴存信息，用于佐证客户收入水平和还款能力。,API产品,I,,2026-07-23 10:18:23,2026-07-24 02:01:14,2026-07-24 02:01:14,0,false,https://dibj.cn/portal/api/common/calling/page?tableCode=DATA_INNOVATION
281,DATA_INNOVATION,创新成果-数据创新成果,292,441,32,API产品,DATA,网络车驾驶员核验,北京数据集团公共数据开发有限公司,核验网约车驾驶员从业资质信息，确认驾驶员从业资格合规有效。,API产品,G,,2026-07-17 17:08:24,2026-07-18 02:01:11,2026-07-18 02:01:11,0,false,https://dibj.cn/portal/api/common/calling/page?tableCode=DATA_INNOVATION
282,DATA_INNOVATION,创新成果-数据创新成果,293,440,32,API产品,DATA,网络货运人员信息核验,北京数据集团公共数据开发有限公司,核验网络货运人员身份与从业信息，确认人员资质真实合规。,API产品,G,,2026-07-17 17:06:50,2026-07-18 02:01:11,2026-07-18 02:01:11,0,false,https://dibj.cn/portal/api/common/calling/page?tableCode=DATA_INNOVATION
283,DATA_INNOVATION,创新成果-数据创新成果,294,439,32,API产品,DATA,网络货运人员准驾车型核验,北京数据集团公共数据开发有限公司,核验网络货运人员准驾车型信息，确认驾驶资格合规有效。,API产品,G,,2026-07-17 17:05:03,2026-07-18 02:01:11,2026-07-18 02:01:11,0,false,https://dibj.cn/portal/api/common/calling/page?tableCode=DATA_INNOVATION
284,DATA_INNOVATION,创新成果-数据创新成果,295,438,32,API产品,DATA,北京企业财务报表查询,北京数据集团公共数据开发有限公司,基于市监信息，通过企业名称精准查询企业资产总额、负债总额、营业总收入、主营业务收入、利润总额、净利润、纳税总额、所有者权益合计等财务报表数据。,API产品,J,,2026-07-17 17:01:58,2026-07-18 02:01:11,2026-07-18 02:01:11,0,false,https://dibj.cn/portal/api/common/calling/page?tableCode=DATA_INNOVATION
285,DATA_INNOVATION,创新成果-数据创新成果,296,437,32,API产品,DATA,企业当期社保总缴纳金额查询,北京数据集团公共数据开发有限公司,通过企业名称、统一社会信用代码精准查询企业缴纳时间、当期社保总缴纳金额。,API产品,J,,2026-07-17 17:00:28,2026-07-18 02:01:11,2026-07-18 02:01:11,0,false,https://dibj.cn/portal/api/common/calling/page?tableCode=DATA_INNOVATION
286,DATA_INNOVATION,创新成果-数据创新成果,297,436,32,API产品,DATA,北京体育行业主体“风险+信用”综合评价结果查询,北京数据集团公共数据开发有限公司,通过统一社会信用代码查询统一社会信用代码、单位名称、“风险+信用”综合评价等级等信息。,API产品,R,,2026-07-17 16:58:28,2026-07-18 02:01:11,2026-07-18 02:01:11,0,false,https://dibj.cn/portal/api/common/calling/page?tableCode=DATA_INNOVATION
287,DATA_INNOVATION,创新成果-数据创新成果,298,435,32,API产品,DATA,人车核验-登记证,北京数据集团公共数据开发有限公司,核验机动车登记证与车主、车辆信息一致性，确认人车信息匹配真实有效。,API产品,G,,2026-07-17 16:56:43,2026-07-18 02:01:11,2026-07-18 02:01:11,0,false,https://dibj.cn/portal/api/common/calling/page?tableCode=DATA_INNOVATION
288,DATA_INNOVATION,创新成果-数据创新成果,299,434,32,API产品,DATA,车牌和品牌核验-登记证,北京数据集团公共数据开发有限公司,核验登记证上车牌、品牌信息与实际一致性，验证证件真实合规。,API产品,G,,2026-07-17 16:54:54,2026-07-18 02:01:11,2026-07-18 02:01:11,0,false,https://dibj.cn/portal/api/common/calling/page?tableCode=DATA_INNOVATION
289,DATA_INNOVATION,创新成果-数据创新成果,300,433,32,API产品,DATA,人车核验-行驶证,北京数据集团公共数据开发有限公司,核验机动车行驶证与车主、车辆信息一致性，确认行驶证真实有效。,API产品,G,,2026-07-17 16:53:06,2026-07-18 02:01:11,2026-07-18 02:01:11,0,false,https://dibj.cn/portal/api/common/calling/page?tableCode=DATA_INNOVATION
290,DATA_INNOVATION,创新成果-数据创新成果,301,432,32,API产品,DATA,车牌和品牌核验-行驶证,北京数据集团公共数据开发有限公司,核验行驶证上车牌、品牌信息与实际一致性，验证证件合规有效。,API产品,G,,2026-07-17 16:51:27,2026-07-18 02:01:11,2026-07-18 02:01:11,0,false,https://dibj.cn/portal/api/common/calling/page?tableCode=DATA_INNOVATION
291,DATA_INNOVATION,创新成果-数据创新成果,302,431,32,API产品,DATA,婚证核验,北京数据集团公共数据开发有限公司,核验结婚证真伪与信息一致性，确认婚姻证件合法合规。,API产品,J,,2026-07-17 16:48:36,2026-07-18 02:01:11,2026-07-18 02:01:11,0,false,https://dibj.cn/portal/api/common/calling/page?tableCode=DATA_INNOVATION
292,DATA_INNOVATION,创新成果-数据创新成果,303,430,32,API产品,DATA,医师执业注册信息核验,北京数据集团公共数据开发有限公司,核验医师执业注册信息真实性，确认医师执业资格合规有效。,API产品,J,,2026-07-17 16:46:43,2026-07-18 02:01:11,2026-07-18 02:01:11,0,false,https://dibj.cn/portal/api/common/calling/page?tableCode=DATA_INNOVATION
293,DATA_INNOVATION,创新成果-数据创新成果,304,429,32,API产品,DATA,医师执业机构核验,北京数据集团公共数据开发有限公司,核验医师执业机构合法性与匹配性，确认执业地点真实有效。,API产品,J,,2026-07-17 16:44:55,2026-07-18 02:01:11,2026-07-18 02:01:11,0,false,https://dibj.cn/portal/api/common/calling/page?tableCode=DATA_INNOVATION
294,DATA_INNOVATION,创新成果-数据创新成果,305,428,32,API产品,DATA,医师执业证书核验,北京数据集团公共数据开发有限公司,核验医师执业证书真伪与信息一致性，确认执业证件合规有效。,API产品,J,,2026-07-17 16:43:20,2026-07-18 02:01:11,2026-07-18 02:01:11,0,false,https://dibj.cn/portal/api/common/calling/page?tableCode=DATA_INNOVATION
295,DATA_INNOVATION,创新成果-数据创新成果,306,427,32,API产品,DATA,护士执业注册信息核验,北京数据集团公共数据开发有限公司,核验护士执业注册信息真实性，确认护士执业资格合规有效,API产品,J,,2026-07-17 16:41:43,2026-07-18 02:01:11,2026-07-18 02:01:11,0,false,https://dibj.cn/portal/api/common/calling/page?tableCode=DATA_INNOVATION
296,DATA_INNOVATION,创新成果-数据创新成果,307,426,32,API产品,DATA,护士执业证书核验,北京数据集团公共数据开发有限公司,核验护士执业证书真伪与信息一致性，确认执业证件合规有效。,API产品,J,,2026-07-17 16:40:05,2026-07-18 02:01:11,2026-07-18 02:01:11,0,false,https://dibj.cn/portal/api/common/calling/page?tableCode=DATA_INNOVATION
297,DATA_INNOVATION,创新成果-数据创新成果,308,425,32,API产品,DATA,护士执业机构核验,北京数据集团公共数据开发有限公司,核验护士执业机构合法性与匹配性，确认执业地点真实有效。,API产品,J,,2026-07-17 16:38:25,2026-07-18 02:01:11,2026-07-18 02:01:11,0,false,https://dibj.cn/portal/api/common/calling/page?tableCode=DATA_INNOVATION
298,DATA_INNOVATION,创新成果-数据创新成果,309,424,32,API产品,DATA,房屋租赁核验,北京数据集团公共数据开发有限公司,核验房屋租赁信息真实性与合法性，确认租赁关系真实有效。,API产品,J,,2026-07-17 16:36:11,2026-07-18 02:01:11,2026-07-18 02:01:11,0,false,https://dibj.cn/portal/api/common/calling/page?tableCode=DATA_INNOVATION
299,DATA_INNOVATION,创新成果-数据创新成果,310,423,32,API产品,DATA,出租人房屋租赁查询,北京数据集团公共数据开发有限公司,提供出租人房屋租赁信息查询，快速获取出租方租赁记录。,API产品,J,,2026-07-17 16:34:21,2026-07-18 02:01:11,2026-07-18 02:01:11,0,false,https://dibj.cn/portal/api/common/calling/page?tableCode=DATA_INNOVATION
300,DATA_INNOVATION,创新成果-数据创新成果,311,422,32,API产品,DATA,承租人房屋租赁查询,北京数据集团公共数据开发有限公司,提供承租人房屋租赁信息查询，快速获取承租方租赁记录。,API产品,J,,2026-07-17 16:32:26,2026-07-18 02:01:11,2026-07-18 02:01:11,0,false,https://dibj.cn/portal/api/common/calling/page?tableCode=DATA_INNOVATION
301,DATA_INNOVATION,创新成果-数据创新成果,312,421,32,API产品,DATA,中等职业学校教师核验,北京数据集团公共数据开发有限公司,核验中职学校教师资质信息，确认教师任职资格合规有效。,API产品,P,,2026-07-17 16:28:36,2026-07-18 02:01:11,2026-07-18 02:01:11,0,false,https://dibj.cn/portal/api/common/calling/page?tableCode=DATA_INNOVATION
302,DATA_INNOVATION,创新成果-数据创新成果,313,420,32,API产品,DATA,中等职业学校教师证书核验,北京数据集团公共数据开发有限公司,核验中职教师证书真伪与信息一致性，确认证件合规有效。,API产品,P,,2026-07-17 16:25:54,2026-07-18 02:01:11,2026-07-18 02:01:11,0,false,https://dibj.cn/portal/api/common/calling/page?tableCode=DATA_INNOVATION
303,DATA_INNOVATION,创新成果-数据创新成果,314,419,32,API产品,DATA,专业技术人员核验,北京数据集团公共数据开发有限公司,核验专业技术人员资质信息，确认人员专业资格真实合规。,API产品,P,,2026-07-17 16:24:00,2026-07-18 02:01:11,2026-07-18 02:01:11,0,false,https://dibj.cn/portal/api/common/calling/page?tableCode=DATA_INNOVATION
304,DATA_INNOVATION,创新成果-数据创新成果,315,415,32,API产品,DATA,律师执业证核验,北京数据集团公共数据开发有限公司,核验律师执业证真伪与信息一致性，确认律师执业证件合规有效。,API产品,J,,2026-07-17 16:16:14,2026-07-18 02:01:11,2026-07-18 02:01:11,0,false,https://dibj.cn/portal/api/common/calling/page?tableCode=DATA_INNOVATION
305,DATA_INNOVATION,创新成果-数据创新成果,316,414,31,数据集,DATA,律师执业机构核验,北京数据集团公共数据开发有限公司,核验律师执业机构合法性与匹配性，确认执业律所真实有效。,数据集,J,,2026-07-17 16:14:36,2026-07-18 02:01:11,2026-07-18 02:01:11,0,false,https://dibj.cn/portal/api/common/calling/page?tableCode=DATA_INNOVATION
306,DATA_INNOVATION,创新成果-数据创新成果,317,413,32,API产品,DATA,全国专业技术人员资格考试考生核验,北京数据集团公共数据开发有限公司,核验专技资格考试考生报名信息，确认考生资格合规有效。,API产品,S,,2026-07-17 16:12:38,2026-07-18 02:01:11,2026-07-18 02:01:11,0,false,https://dibj.cn/portal/api/common/calling/page?tableCode=DATA_INNOVATION
307,DATA_INNOVATION,创新成果-数据创新成果,318,412,32,API产品,DATA,入住酒店人员时间核验,北京数据集团公共数据开发有限公司,核验酒店入住人员入住时间信息，确认入住时间记录真实有效。,API产品,O,,2026-07-17 16:07:20,2026-07-18 02:01:11,2026-07-18 02:01:11,0,false,https://dibj.cn/portal/api/common/calling/page?tableCode=DATA_INNOVATION
308,DATA_INNOVATION,创新成果-数据创新成果,319,411,32,API产品,DATA,养老助餐点信息查询,北京数据集团公共数据开发有限公司,提供养老助餐点信息查询，快速获取助餐点运营服务内容。,API产品,J,,2026-07-17 16:04:47,2026-07-18 02:01:11,2026-07-18 02:01:11,0,false,https://dibj.cn/portal/api/common/calling/page?tableCode=DATA_INNOVATION
309,DATA_INNOVATION,创新成果-数据创新成果,320,410,32,API产品,DATA,养老助餐点信息核验,北京数据集团公共数据开发有限公司,核验养老助餐点信息真实性，确认助餐点运营资质合规有效。,API产品,J,,2026-07-17 16:02:51,2026-07-18 02:01:11,2026-07-18 02:01:11,0,false,https://dibj.cn/portal/api/common/calling/page?tableCode=DATA_INNOVATION
310,DATA_INNOVATION,创新成果-数据创新成果,321,409,32,API产品,DATA,养老人员入住机构查询,北京数据集团公共数据开发有限公司,提供养老人员入住机构信息查询，快速获取老人入住机构记录。,API产品,J,,2026-07-17 16:01:07,2026-07-18 02:01:11,2026-07-18 02:01:11,0,false,https://dibj.cn/portal/api/common/calling/page?tableCode=DATA_INNOVATION
311,DATA_INNOVATION,创新成果-数据创新成果,322,408,32,API产品,DATA,养老人员入住机构核验,北京数据集团公共数据开发有限公司,核验养老人员入住机构信息真实性，确认入住关系真实有效,API产品,J,,2026-07-17 15:59:11,2026-07-18 02:01:11,2026-07-18 02:01:11,0,false,https://dibj.cn/portal/api/common/calling/page?tableCode=DATA_INNOVATION
312,DATA_INNOVATION,创新成果-数据创新成果,323,407,32,API产品,DATA,养老机构“风险+信用”分级分类监管信息查询,北京数据集团公共数据开发有限公司,提供养老机构风险与信用分级监管信息查询，支撑机构监管工作。,API产品,J,,2026-07-17 15:57:14,2026-07-18 02:01:11,2026-07-18 02:01:11,0,false,https://dibj.cn/portal/api/common/calling/page?tableCode=DATA_INNOVATION
313,DATA_INNOVATION,创新成果-数据创新成果,324,406,32,API产品,DATA,养老服务机构星级评定信息查询,北京数据集团公共数据开发有限公司,提供养老服务机构星级评定信息查询，快速获取机构星级评级内容。,API产品,J,,2026-07-17 15:55:23,2026-07-18 02:01:11,2026-07-18 02:01:11,0,false,https://dibj.cn/portal/api/common/calling/page?tableCode=DATA_INNOVATION
314,DATA_INNOVATION,创新成果-数据创新成果,325,405,32,API产品,DATA,养老机构风险信息查询,北京数据集团公共数据开发有限公司,提供养老机构风险相关信息查询，快速获取机构风险评级与预警内容。,API产品,J,,2026-07-17 15:53:11,2026-07-18 02:01:11,2026-07-18 02:01:11,0,false,https://dibj.cn/portal/api/common/calling/page?tableCode=DATA_INNOVATION
315,DATA_INNOVATION,创新成果-数据创新成果,326,404,32,API产品,DATA,养老机构信用信息查询,北京数据集团公共数据开发有限公司,提供养老机构信用相关信息查询，快速获取机构信用评级与履约内容。,API产品,J,,2026-07-17 15:51:29,2026-07-18 02:01:11,2026-07-18 02:01:11,0,false,https://dibj.cn/portal/api/common/calling/page?tableCode=DATA_INNOVATION
316,DATA_INNOVATION,创新成果-数据创新成果,327,402,32,API产品,DATA,养老机构信息查询,北京数据集团公共数据开发有限公司,提供养老机构全量基础信息查询，快速获取机构运营资质与服务内容。,API产品,J,,2026-07-17 15:47:45,2026-07-18 02:01:11,2026-07-18 02:01:11,0,false,https://dibj.cn/portal/api/common/calling/page?tableCode=DATA_INNOVATION
317,DATA_INNOVATION,创新成果-数据创新成果,328,401,32,API产品,DATA,养老机构质量检查整改状态核验,北京数据集团公共数据开发有限公司,核验养老机构质检整改状态，确认整改完成情况真实有效。,API产品,J,,2026-07-17 15:43:44,2026-07-18 02:01:11,2026-07-18 02:01:11,0,false,https://dibj.cn/portal/api/common/calling/page?tableCode=DATA_INNOVATION
318,DATA_INNOVATION,创新成果-数据创新成果,329,400,32,API产品,DATA,养老基本信息核验,北京数据集团公共数据开发有限公司,核验养老相关基础信息真实性，确认养老信息合规有效。,API产品,J,,2026-07-17 15:29:41,2026-07-18 02:01:11,2026-07-18 02:01:11,0,false,https://dibj.cn/portal/api/common/calling/page?tableCode=DATA_INNOVATION
319,DATA_INNOVATION,创新成果-数据创新成果,330,399,32,API产品,DATA,养老服务机构信用信息核验,北京数据集团公共数据开发有限公司,核验养老服务机构信用信息真实性，确认机构信用状况合规有效。,API产品,J,,2026-07-17 15:27:40,2026-07-18 02:01:11,2026-07-18 02:01:11,0,false,https://dibj.cn/portal/api/common/calling/page?tableCode=DATA_INNOVATION
320,DATA_INNOVATION,创新成果-数据创新成果,331,398,32,API产品,DATA,养老人员与养老机构信息核验,北京数据集团公共数据开发有限公司,核验养老人员与养老机构匹配信息，确认双方服务关系真实有效。,API产品,J,,2026-07-17 15:25:17,2026-07-18 02:01:11,2026-07-18 02:01:11,0,false,https://dibj.cn/portal/api/common/calling/page?tableCode=DATA_INNOVATION
321,DATA_INNOVATION,创新成果-数据创新成果,332,397,32,API产品,DATA,北京医保药品真伪核验,北京数据集团公共数据开发有限公司,基于北京医保药品信息，通过药品批准文号核验是否真药及在医保药品范围内。,API产品,Q,,2026-07-17 15:23:09,2026-07-18 02:01:11,2026-07-18 02:01:11,0,false,https://dibj.cn/portal/api/common/calling/page?tableCode=DATA_INNOVATION
322,DATA_INNOVATION,创新成果-数据创新成果,291,396,32,API产品,DATA,医保数据要素化流通交易产品,海南数据产业服务有限公司,本产品依托医保数据资源，整合就医、用药、病历等多维度信息，在严格落实数据安全与隐私保护的前提下，运用大数据与人工智能技术进行脱敏加工建模，形成标准化的数据服务接口。产品具备多场景适配能力与广泛推广价值，具体包括：一是医保大数据反欺诈。利用医保数据，可以识别和分析潜在的欺诈行为，如虚假报销、过度医疗等，提高医保基金的监管效率和准确性；二是商保核保理赔。医保数据可以作为商业保险核保和理赔的重要依据，提高商业保险的效率和准确性。,API产品,J,,2026-07-15 16:24:41,2026-07-16 02:01:16,2026-07-16 02:01:16,0,false,https://dibj.cn/portal/api/common/calling/page?tableCode=DATA_INNOVATION
323,DATA_INNOVATION,创新成果-数据创新成果,289,395,32,API产品,DATA,信贷风控建模与智能授信审批优化模型,北京银融致信科技有限公司,建成标准化、规范化、智能化的政务数据融合风控服务模块，打破传统金融风控数据壁垒与技术瓶颈，大幅提升金融机构客户审核效率与风险识别精准度，有效压降信贷坏账率与欺诈风险。创新构建“多类政务数据交叉验证+AI智能建模”的全新风控逻辑，形成成熟、可落地、可复制、可推广的“政务数据+智能金融风控”创新应用范式，为行业政务数据合规赋能金融风控提供标杆案例。,API产品,J,,2026-07-10 16:57:46,2026-07-14 02:01:21,2026-07-14 02:01:21,0,false,https://dibj.cn/portal/api/common/calling/page?tableCode=DATA_INNOVATION
324,DATA_INNOVATION,创新成果-数据创新成果,290,394,33,数据应用,DATA,院外健康服务一体化,北京云枢智算医疗科技有限公司,"依托北京市公共数据资源打造健康数据底座，聚焦老年、慢病及院后康复人群在院外健康服务中的痛点与短板，构建居民健康画像、风险分层及服务需求标签，深度链接居民、服务机构与政府三方，实现服务精准匹配，推动院外健康服务标准化、数字化与普惠化，致力于打造具有北京标杆意义的院外健康数据服务示范项目。
",数据应用,Q,,2026-07-09 18:10:37,2026-07-14 02:01:21,2026-07-14 02:01:21,0,false,https://dibj.cn/portal/api/common/calling/page?tableCode=DATA_INNOVATION
325,DATA_INNOVATION,创新成果-数据创新成果,174,393,32,API产品,DATA,机动车行驶证查询,北京数据集团公共数据开发有限公司,接口接收车主加密身份证号及授权相关参数，校验参数合法性与授权有效性后，返回车辆证照、行驶证等信息数据，为相关政务业务审核、合规校验提供精准的数据支撑。,API产品,J,,2026-07-07 16:28:36,2026-07-09 10:19:12,2026-07-09 10:19:12,0,false,https://dibj.cn/portal/api/common/calling/page?tableCode=DATA_INNOVATION
326,DATA_INNOVATION,创新成果-数据创新成果,175,392,32,API产品,DATA,单位成员公积金画像标签信息_1.0,北京金融大数据有限公司,本产品基于权威公积金缴存数据，构建单位成员全维度公积金画像标签体系，字段少一些。,API产品,J,,2026-07-07 16:24:08,2026-07-09 10:19:12,2026-07-09 10:19:12,0,false,https://dibj.cn/portal/api/common/calling/page?tableCode=DATA_INNOVATION
327,DATA_INNOVATION,创新成果-数据创新成果,176,391,32,API产品,DATA,单位成员公积金画像标签信息_1.1,北京金融大数据有限公司,本产品基于权威公积金缴存数据，构建单位成员全维度公积金画像标签体系。,API产品,J,,2026-07-07 16:22:28,2026-07-09 10:19:12,2026-07-09 10:19:12,0,false,https://dibj.cn/portal/api/common/calling/page?tableCode=DATA_INNOVATION
328,DATA_INNOVATION,创新成果-数据创新成果,177,390,32,API产品,DATA,单位成员住房公积金缴存总账信息查询,北京金融大数据有限公司,本产品针对公积金单位总账查询线下繁琐、对账低效、监管薄弱等痛点，依托数字化技术完成全方位升级。搭建 7×24 小时线上查询服务，实现全流程无纸化智能办理，配套分级权限、全程留痕管控与多重数据安全防护，大幅压缩办事时长、降低企业成本，兼顾便民利企与精准监管，有效优化营商环境。,API产品,J,,2026-07-07 16:20:27,2026-07-09 10:19:12,2026-07-09 10:19:12,0,false,https://dibj.cn/portal/api/common/calling/page?tableCode=DATA_INNOVATION
329,DATA_INNOVATION,创新成果-数据创新成果,178,389,32,API产品,DATA,公积金单位成员缴存明细信息查询,北京金融大数据有限公司,本项目聚焦公积金单位缴存查询业务痛点难点，针对传统查询模式流程繁琐、线下跑腿多、数据对账低效、信息核验滞后、安全管控薄弱等问题，依托数字化、智能化技术手段，重构单位成员缴存明细查询服务体系与管理机制，实现公积金单位查询业务从“线下人工办理”向“线上智能秒办”、从“被动服务”向“主动赋能”、从“分散管理”向“精准管控”的全面升级，有效提升公积金政务服务效能、单位办事便捷度与资金监管规范化水平，形成多项可落地、可复制、可推广的创新成果。,API产品,J,,2026-07-07 16:17:34,2026-07-09 10:19:12,2026-07-09 10:19:12,0,false,https://dibj.cn/portal/api/common/calling/page?tableCode=DATA_INNOVATION
330,DATA_INNOVATION,创新成果-数据创新成果,179,388,32,API产品,DATA,单位成员公积金贷款信息查询,北京金融大数据有限公司,评估个人负债水平与履约能力，辅助贷款准入审批与额度核定。,API产品,J,,2026-07-07 16:15:30,2026-07-09 10:19:12,2026-07-09 10:19:12,0,false,https://dibj.cn/portal/api/common/calling/page?tableCode=DATA_INNOVATION
331,DATA_INNOVATION,创新成果-数据创新成果,180,387,32,API产品,DATA,公积金单位成员缴存提取信息查询,北京金融大数据有限公司,该产品可反应个人公积金连续缴存时长及提取行为特征，评估收入稳定性与资金使用倾向，辅助贷款审批中的还款意愿与能力判断。,API产品,J,,2026-07-07 16:13:32,2026-07-09 10:19:12,2026-07-09 10:19:12,0,false,https://dibj.cn/portal/api/common/calling/page?tableCode=DATA_INNOVATION
332,DATA_INNOVATION,创新成果-数据创新成果,181,386,32,API产品,DATA,公积金单位成员缴存信息查询,北京金融大数据有限公司,公积金缴存自然人的个人基本信息和账户的当前余额和提取金额。,API产品,J,,2026-07-07 16:11:32,2026-07-09 10:19:12,2026-07-09 10:19:12,0,false,https://dibj.cn/portal/api/common/calling/page?tableCode=DATA_INNOVATION
333,DATA_INNOVATION,创新成果-数据创新成果,182,385,32,API产品,DATA,公积金单位成员总账信息查询,北京金融大数据有限公司,公积金的缴存基数、缴存金额和缴存状态。,API产品,J,,2026-07-07 16:09:35,2026-07-09 10:19:12,2026-07-09 10:19:12,0,false,https://dibj.cn/portal/api/common/calling/page?tableCode=DATA_INNOVATION
334,DATA_INNOVATION,创新成果-数据创新成果,183,384,32,API产品,DATA,综合指标信息,北京金融大数据有限公司,面向银行等金融机构，整合企业社保、医保、公积金缴存数据与增值税、所得税纳税数据。可统计企业员工规模、薪酬水平、人力成本变化，结合纳税金额、税收增长趋势判断企业营收稳定性与经营实力，量化企业真实经营状况，有效识别营收虚高、经营萎缩等风险，广泛应用于对公信贷贷前资质评审与经营能力风控评估。,API产品,J,,2026-07-07 16:07:17,2026-07-09 10:19:12,2026-07-09 10:19:12,0,false,https://dibj.cn/portal/api/common/calling/page?tableCode=DATA_INNOVATION
335,DATA_INNOVATION,创新成果-数据创新成果,184,383,32,API产品,DATA,企业不动产信息,北京金融大数据有限公司,精准核验企业固定资产偿债实力，识别重复抵押、资产冻结等隐性风险；替代线下实地调档，提速贷前尽调，支撑抵押贷审批，动态监控资产异动，满足授信尽调监管要求。,API产品,J,,2026-07-07 16:05:07,2026-07-09 10:19:12,2026-07-09 10:19:12,0,false,https://dibj.cn/portal/api/common/calling/page?tableCode=DATA_INNOVATION
336,DATA_INNOVATION,创新成果-数据创新成果,185,382,32,API产品,DATA,企业公积金行政处罚信息,北京金融大数据有限公司,面向银行风控的前中后台，基于企业公积金缴纳相关信号，帮助贷前、贷中及定价环节更准确地识别高风险企业，提升风控效率与坏账防控能力。,API产品,J,,2026-07-07 16:03:11,2026-07-09 10:19:12,2026-07-09 10:19:12,0,false,https://dibj.cn/portal/api/common/calling/page?tableCode=DATA_INNOVATION
337,DATA_INNOVATION,创新成果-数据创新成果,186,381,32,API产品,DATA,公积金不良企业信息,北京金融大数据有限公司,面向银行风控的前中后台，基于企业公积金缴纳相关信号，帮助贷前、贷中及定价环节更准确地识别高风险企业，提升风控效率与坏账防控能力。,API产品,J,,2026-07-07 16:01:22,2026-07-09 10:19:12,2026-07-09 10:19:12,0,false,https://dibj.cn/portal/api/common/calling/page?tableCode=DATA_INNOVATION
338,DATA_INNOVATION,创新成果-数据创新成果,187,380,32,API产品,DATA,企业公积金缴存明细信息,北京金融大数据有限公司,面向银行等金融机构，可查询企业公积金缴存状态、缴存人数等信息，协助金融机构依托权威数据研判企业经营稳定性，人员变动情况，助力对公授信审批提速的同时精准把控信贷风险。,API产品,J,,2026-07-07 15:57:50,2026-07-09 10:19:12,2026-07-09 10:19:12,0,false,https://dibj.cn/portal/api/common/calling/page?tableCode=DATA_INNOVATION
339,DATA_INNOVATION,创新成果-数据创新成果,188,379,32,API产品,DATA,企业公积金缴存信息,北京金融大数据有限公司,面向银行等金融机构，可查询企业整体公积金缴存状态、缴存规模、缴存连续性，协助金融机构评估企业经营稳定性，高效完成授信审批，精准防控对公信贷风险。,API产品,J,,2026-07-07 15:56:08,2026-07-09 10:19:12,2026-07-09 10:19:12,0,false,https://dibj.cn/portal/api/common/calling/page?tableCode=DATA_INNOVATION
340,DATA_INNOVATION,创新成果-数据创新成果,189,378,32,API产品,DATA,单位成员_公积金-单位信息查询,北京金融大数据有限公司,面向金融机构，可核验借款人公积金缴存单位信息，确认就业单位真实有效，判断工作稳定性，杜绝虚构工作信息，提升贷前风控水平。,API产品,J,,2026-07-07 15:52:51,2026-07-09 10:19:12,2026-07-09 10:19:12,0,false,https://dibj.cn/portal/api/common/calling/page?tableCode=DATA_INNOVATION
341,DATA_INNOVATION,创新成果-数据创新成果,190,377,32,API产品,DATA,企业医保缴费信息查询,北京金融大数据有限公司,精准核验用工规模，排查企业虚报用工规模的问题，保障授信审查数据真实可靠。,API产品,J,,2026-07-07 15:51:18,2026-07-09 10:19:12,2026-07-09 10:19:12,0,false,https://dibj.cn/portal/api/common/calling/page?tableCode=DATA_INNOVATION
342,DATA_INNOVATION,创新成果-数据创新成果,191,376,32,API产品,DATA,企业社保缴存明细信息查询,北京金融大数据有限公司,调取企业社保缴纳记录，预判企业现金流紧张风险。,API产品,J,,2026-07-07 15:49:36,2026-07-09 10:19:12,2026-07-09 10:19:12,0,false,https://dibj.cn/portal/api/common/calling/page?tableCode=DATA_INNOVATION
343,DATA_INNOVATION,创新成果-数据创新成果,192,375,32,API产品,DATA,企业社保缴存信息查询,北京金融大数据有限公司,判断企业用工规模与经营稳定性，核验企业真实经营体量。,API产品,J,,2026-07-07 15:47:49,2026-07-09 10:19:12,2026-07-09 10:19:12,0,false,https://dibj.cn/portal/api/common/calling/page?tableCode=DATA_INNOVATION
344,DATA_INNOVATION,创新成果-数据创新成果,193,374,32,API产品,DATA,北京库-税收违法查询,北京金融大数据有限公司,核查北京地区企业本地税务违法记录，识别涉税违规隐患，防范资金链断裂风险。,API产品,J,,2026-07-07 15:45:31,2026-07-09 10:19:12,2026-07-09 10:19:12,0,false,https://dibj.cn/portal/api/common/calling/page?tableCode=DATA_INNOVATION
345,DATA_INNOVATION,创新成果-数据创新成果,194,373,32,API产品,DATA,开庭公告查询,北京金融大数据有限公司,提前捕捉债务、合同纠纷苗头，预判企业潜在诉讼风险及贷前风险。,API产品,J,,2026-07-07 15:41:37,2026-07-09 10:19:12,2026-07-09 10:19:12,0,false,https://dibj.cn/portal/api/common/calling/page?tableCode=DATA_INNOVATION
346,DATA_INNOVATION,创新成果-数据创新成果,195,372,32,API产品,DATA,法院公告查询,北京金融大数据有限公司,提前预判企业诉讼进展与资产被查封风险，为贷前审查和贷后风险预警提供司法依据。,API产品,J,,2026-07-07 15:40:05,2026-07-09 10:19:12,2026-07-09 10:19:12,0,false,https://dibj.cn/portal/api/common/calling/page?tableCode=DATA_INNOVATION
347,DATA_INNOVATION,创新成果-数据创新成果,196,371,32,API产品,DATA,企业涉诉信息查询,北京金融大数据有限公司,排查债务纠纷、合同诉讼，研判企业或有负债与经营隐患，把控授信坏账风险。,API产品,J,,2026-07-07 15:38:21,2026-07-09 10:19:12,2026-07-09 10:19:12,0,false,https://dibj.cn/portal/api/common/calling/page?tableCode=DATA_INNOVATION
348,DATA_INNOVATION,创新成果-数据创新成果,197,370,32,API产品,DATA,企业行政许可查询,北京金融大数据有限公司,核验企业行业资质、经营许可是否真实有效，排查无证经营、证照过期问题，确认业务合法合规性，核实主营业务真实性。,API产品,J,,2026-07-07 15:35:43,2026-07-09 10:19:12,2026-07-09 10:19:12,0,false,https://dibj.cn/portal/api/common/calling/page?tableCode=DATA_INNOVATION
349,DATA_INNOVATION,创新成果-数据创新成果,198,369,32,API产品,DATA,严重违法信息查询,北京金融大数据有限公司,核查企业是否列入严重违法失信名单，甄别重大失信行为，对高风险主体实施准入拦截，防范大额授信坏账风险。,API产品,J,,2026-07-07 15:33:47,2026-07-09 10:19:12,2026-07-09 10:19:12,0,false,https://dibj.cn/portal/api/common/calling/page?tableCode=DATA_INNOVATION
350,DATA_INNOVATION,创新成果-数据创新成果,199,368,32,API产品,DATA,行政处罚信息查询,北京金融大数据有限公司,检索企业各类监管处罚记录与违规事由，排查合规瑕疵，识别经营失信隐患,API产品,J,,2026-07-07 15:30:42,2026-07-09 10:19:12,2026-07-09 10:19:12,0,false,https://dibj.cn/portal/api/common/calling/page?tableCode=DATA_INNOVATION
351,DATA_INNOVATION,创新成果-数据创新成果,200,367,32,API产品,DATA,市级采购更正公告信息查询,北京金融大数据有限公司,排查中标项目中途变更、撤销风险，核验订单真实性与回款稳定性，规避信贷业务虚假订单风险。,API产品,J,,2026-07-07 15:27:38,2026-07-09 10:19:12,2026-07-09 10:19:12,0,false,https://dibj.cn/portal/api/common/calling/page?tableCode=DATA_INNOVATION
352,DATA_INNOVATION,创新成果-数据创新成果,201,366,32,API产品,DATA,棱镜A卡分B版,北京金融大数据有限公司,该产品是一款衡量个人工作性质及收入参考水平的产品。,API产品,J,,2026-07-07 10:18:17,2026-07-09 10:19:12,2026-07-09 10:19:12,0,false,https://dibj.cn/portal/api/common/calling/page?tableCode=DATA_INNOVATION
353,DATA_INNOVATION,创新成果-数据创新成果,202,365,32,API产品,DATA,棱镜A卡分A版,北京金融大数据有限公司,该产品是一款衡量个人近期社保缴费稳定性及收入参考水平的产品。,API产品,J,,2026-07-07 10:15:17,2026-07-09 10:19:12,2026-07-09 10:19:12,0,false,https://dibj.cn/portal/api/common/calling/page?tableCode=DATA_INNOVATION
354,DATA_INNOVATION,创新成果-数据创新成果,203,364,32,API产品,DATA,棱镜A卡分,北京金融大数据有限公司,该产品是一款衡量个人近期社保缴费情况及收入参考水平的产品，可用于贷款准入、额度审批、利率定价，也可用于职场用人背景核验，判断候选人薪酬真实性。,API产品,J,,2026-07-07 10:11:37,2026-07-09 10:19:12,2026-07-09 10:19:12,0,false,https://dibj.cn/portal/api/common/calling/page?tableCode=DATA_INNOVATION
355,DATA_INNOVATION,创新成果-数据创新成果,204,363,32,API产品,DATA,单位成员缴费工资评分,北京金融大数据有限公司,收入能力分，将传统的、基于固定基数和静态工资的缴费模式，转变为一种动态、量化、并与个人及组织绩效深度绑定的价值评估体系。,API产品,J,,2026-07-07 10:09:01,2026-07-09 10:19:12,2026-07-09 10:19:12,0,false,https://dibj.cn/portal/api/common/calling/page?tableCode=DATA_INNOVATION
356,DATA_INNOVATION,创新成果-数据创新成果,205,362,32,API产品,DATA,单位成员社保评分模型,北京金融大数据有限公司,统计社保的最近一次缴纳单位，缴纳金额和基数等信息。,API产品,J,,2026-07-07 10:06:17,2026-07-09 10:19:12,2026-07-09 10:19:12,0,false,https://dibj.cn/portal/api/common/calling/page?tableCode=DATA_INNOVATION
357,DATA_INNOVATION,创新成果-数据创新成果,206,361,32,API产品,DATA,单位成员社保画像标签信息,北京金融大数据有限公司,主要记录个人社保缴纳画像标签信息，通过标签化生成高质量数据，便于大模型和各个场景的直接应用。,API产品,J,,2026-07-07 10:03:17,2026-07-09 10:19:12,2026-07-09 10:19:12,0,false,https://dibj.cn/portal/api/common/calling/page?tableCode=DATA_INNOVATION
358,DATA_INNOVATION,创新成果-数据创新成果,207,360,32,API产品,DATA,社保单位成员缴存明细信息查询,北京金融大数据有限公司,社保单位成员缴存明细信息查询，用于金融机构大额信贷审批的审核点核实及收入能力的评估。,API产品,J,,2026-07-07 10:00:43,2026-07-09 10:19:12,2026-07-09 10:19:12,0,false,https://dibj.cn/portal/api/common/calling/page?tableCode=DATA_INNOVATION
359,DATA_INNOVATION,创新成果-数据创新成果,208,359,32,API产品,DATA,限制招投标被执行人信息,北京金融大数据有限公司,被限制招投标的自然人的基本信息和涉及案件信息。帮助机构在进行商业合作、采购或法律事务时，精准识别并规避与失信主体合作的风险。,API产品,J,,2026-07-07 09:55:11,2026-07-09 10:19:12,2026-07-09 10:19:12,0,false,https://dibj.cn/portal/api/common/calling/page?tableCode=DATA_INNOVATION
360,DATA_INNOVATION,创新成果-数据创新成果,209,358,32,API产品,DATA,限制高消费被执行人信息查询,北京金融大数据有限公司,被限制高消费的自然人的基本信息和涉及案件信息。帮助机构在进行商业合作、采购或法律事务时，精准识别并规避与失信主体合作的风险。,API产品,J,,2026-07-07 09:52:06,2026-07-09 10:19:12,2026-07-09 10:19:12,0,false,https://dibj.cn/portal/api/common/calling/page?tableCode=DATA_INNOVATION
361,DATA_INNOVATION,创新成果-数据创新成果,210,357,32,API产品,DATA,个人失信被执行人查询,北京金融大数据有限公司,失信被执行企业法人的失信案件信息。帮助机构在进行商业合作、采购或法律事务时，精准识别并规避与失信主体合作的风险。,API产品,J,,2026-07-07 09:49:28,2026-07-09 10:19:12,2026-07-09 10:19:12,0,false,https://dibj.cn/portal/api/common/calling/page?tableCode=DATA_INNOVATION
362,DATA_INNOVATION,创新成果-数据创新成果,211,356,32,API产品,DATA,个人限高查询,北京金融大数据有限公司,被限制高消费的自然人的基本信息和涉及案件信息。帮助机构在进行商业合作、采购或法律事务时，精准识别并规避与失信主体合作的风险。,API产品,J,,2026-07-07 09:46:40,2026-07-09 10:19:12,2026-07-09 10:19:12,0,false,https://dibj.cn/portal/api/common/calling/page?tableCode=DATA_INNOVATION
363,DATA_INNOVATION,创新成果-数据创新成果,212,355,32,API产品,DATA,市级采购废标公告信息查询,北京金融大数据有限公司,"调取市级政府采购项目废标记录及作废原因，分析企业投标失败频次，研判市场竞争力与项目履约隐患，排查经营订单不及预期的信贷风险。
",API产品,J,,2026-07-03 15:19:39,2026-07-09 10:19:12,2026-07-09 10:19:12,0,false,https://dibj.cn/portal/api/common/calling/page?tableCode=DATA_INNOVATION
364,DATA_INNOVATION,创新成果-数据创新成果,213,354,32,API产品,DATA,区级政府采购合同附件信息查询,北京金融大数据有限公司,"精准研判应收账款质量，夯实信贷审查依据。
",API产品,J,,2026-07-03 15:17:53,2026-07-09 10:19:12,2026-07-09 10:19:12,0,false,https://dibj.cn/portal/api/common/calling/page?tableCode=DATA_INNOVATION
365,DATA_INNOVATION,创新成果-数据创新成果,214,353,32,API产品,DATA,市级政府采购合同附件信息查询,北京金融大数据有限公司,"深挖项目细节，核验回款周期与履约约束，防范业务造假风险。
",API产品,J,,2026-07-03 15:16:10,2026-07-09 10:19:12,2026-07-09 10:19:12,0,false,https://dibj.cn/portal/api/common/calling/page?tableCode=DATA_INNOVATION
366,DATA_INNOVATION,创新成果-数据创新成果,215,352,32,API产品,DATA,区级政府采购合同签订信息查询,北京金融大数据有限公司,"获取采购合同信息，锁定真实业务收入，为授信评审提供真实业务佐证。
",API产品,J,,2026-07-03 15:14:31,2026-07-09 10:19:12,2026-07-09 10:19:12,0,false,https://dibj.cn/portal/api/common/calling/page?tableCode=DATA_INNOVATION
367,DATA_INNOVATION,创新成果-数据创新成果,216,351,32,API产品,DATA,区级政府采购中标信息查询,北京金融大数据有限公司,"根据企业中标项目与合同金额，佐证经营收入稳定性，为授信评估提供业务凭证。
",API产品,J,,2026-07-03 15:12:18,2026-07-09 10:19:12,2026-07-09 10:19:12,0,false,https://dibj.cn/portal/api/common/calling/page?tableCode=DATA_INNOVATION
368,DATA_INNOVATION,创新成果-数据创新成果,217,350,32,API产品,DATA,市级政府采购合同信息查询,北京金融大数据有限公司,"获取采购合同信息，锁定真实业务收入，为授信评审提供真实业务佐证。
",API产品,J,,2026-07-03 15:10:02,2026-07-09 10:19:12,2026-07-09 10:19:12,0,false,https://dibj.cn/portal/api/common/calling/page?tableCode=DATA_INNOVATION
369,DATA_INNOVATION,创新成果-数据创新成果,218,349,32,API产品,DATA,市级政府采购中标信息查询,北京金融大数据有限公司,"根据企业中标项目与合同金额，佐证经营收入稳定性，为授信评估提供业务凭证。
",API产品,J,,2026-07-03 15:07:22,2026-07-09 10:19:12,2026-07-09 10:19:12,0,false,https://dibj.cn/portal/api/common/calling/page?tableCode=DATA_INNOVATION
370,DATA_INNOVATION,创新成果-数据创新成果,219,348,32,API产品,DATA,企业主要人员信息核验,北京金融大数据有限公司,企业主要人员的证件号码和统一社会信用代码的信息的一致性。,API产品,J,,2026-07-03 15:05:46,2026-07-09 10:19:12,2026-07-09 10:19:12,0,false,https://dibj.cn/portal/api/common/calling/page?tableCode=DATA_INNOVATION
371,DATA_INNOVATION,创新成果-数据创新成果,220,347,32,API产品,DATA,北京库-纳税A级企业核查,北京金融大数据有限公司,"检查企业名称和统一社会信用代码的信息的一致性，然后对在京企业进行纳税A级核查助力金融机构对公贷前尽调，以 A 级纳税信用衡量企业履约能力与合规资质，严防税务信用造假骗贷，强化银税贷款风控效果。
",API产品,J,,2026-07-03 15:03:51,2026-07-09 10:19:12,2026-07-09 10:19:12,0,false,https://dibj.cn/portal/api/common/calling/page?tableCode=DATA_INNOVATION
372,DATA_INNOVATION,创新成果-数据创新成果,221,346,32,API产品,DATA,北京市人民政府质量管理奖信息查询,北京金融大数据有限公司,"核验企业获奖及提名资质，查证获奖记录，佐证企业质量管理水平与综合实力，为授信评审提供荣誉资质依据。
",API产品,J,,2026-07-03 15:01:53,2026-07-09 10:19:12,2026-07-09 10:19:12,0,false,https://dibj.cn/portal/api/common/calling/page?tableCode=DATA_INNOVATION
373,DATA_INNOVATION,创新成果-数据创新成果,222,345,32,API产品,DATA,高新企业信息查询,北京金融大数据有限公司,"核验高新技术企业资质、认定年限与证书有效期，核实科技企业资质真伪，辅助评估企业技术实力与经营潜力。
",API产品,J,,2026-07-03 14:54:20,2026-07-09 10:19:12,2026-07-09 10:19:12,0,false,https://dibj.cn/portal/api/common/calling/page?tableCode=DATA_INNOVATION
374,DATA_INNOVATION,创新成果-数据创新成果,223,344,32,API产品,DATA,市级单一来源公告信息查询,北京金融大数据有限公司,"检索市级政府采购单一来源公示，掌握企业中标项目与订单规模，核验政企合作实力，辅助评估企业营收稳定性。
",API产品,J,,2026-07-03 14:52:07,2026-07-09 10:19:12,2026-07-09 10:19:12,0,false,https://dibj.cn/portal/api/common/calling/page?tableCode=DATA_INNOVATION
375,DATA_INNOVATION,创新成果-数据创新成果,224,343,32,API产品,DATA,股权出质信息查询,北京金融大数据有限公司,"一键调取股权质押登记记录，识别企业过度融资隐患，为对公授信评估资金压力。
",API产品,J,,2026-07-03 14:50:36,2026-07-09 10:19:12,2026-07-09 10:19:12,0,false,https://dibj.cn/portal/api/common/calling/page?tableCode=DATA_INNOVATION
376,DATA_INNOVATION,创新成果-数据创新成果,225,342,32,API产品,DATA,北京库-经营异常信息查询,北京金融大数据有限公司,"快速检索企业在北京地区是否列入经营异常名录，查明失联、未年报等异常事由，精准筛除高风险主体，严把对公授信准入关口。
",API产品,J,,2026-07-03 14:48:56,2026-07-09 10:19:12,2026-07-09 10:19:12,0,false,https://dibj.cn/portal/api/common/calling/page?tableCode=DATA_INNOVATION
377,DATA_INNOVATION,创新成果-数据创新成果,226,341,32,API产品,DATA,分支机构查询,北京金融大数据有限公司,"全面掌握企业经营布局，防范经营主体信息遗漏。
",API产品,J,,2026-07-03 14:47:12,2026-07-09 10:19:12,2026-07-09 10:19:12,0,false,https://dibj.cn/portal/api/common/calling/page?tableCode=DATA_INNOVATION
378,DATA_INNOVATION,创新成果-数据创新成果,227,340,32,API产品,DATA,企业变更记录查询,北京金融大数据有限公司,"排查企业借助频繁变更主体转移债务、逃避偿债责任的行为，为对公授信尽职调查提供完整的历史溯源数据支撑。
",API产品,J,,2026-07-03 14:11:47,2026-07-09 10:19:12,2026-07-09 10:19:12,0,false,https://dibj.cn/portal/api/common/calling/page?tableCode=DATA_INNOVATION
379,DATA_INNOVATION,创新成果-数据创新成果,228,339,32,API产品,DATA,企业对外投资信息查询,北京金融大数据有限公司,"查询企业全部对外股权投资，梳理关联企业图谱，识别隐性关联主体，防范资产转移与关联授信风险。
",API产品,J,,2026-07-03 14:10:02,2026-07-09 10:19:12,2026-07-09 10:19:12,0,false,https://dibj.cn/portal/api/common/calling/page?tableCode=DATA_INNOVATION
380,DATA_INNOVATION,创新成果-数据创新成果,229,338,32,API产品,DATA,小微企业信息核查,北京金融大数据有限公司,"辨别主体真伪，保障小微贷款精准投放至真正符合条件的中小经营主体。
",API产品,J,,2026-07-03 14:08:18,2026-07-09 10:19:12,2026-07-09 10:19:12,0,false,https://dibj.cn/portal/api/common/calling/page?tableCode=DATA_INNOVATION
381,DATA_INNOVATION,创新成果-数据创新成果,230,337,32,API产品,DATA,投资人分期缴付信息查询,北京金融大数据有限公司,支撑贷前资本实力核验，拦截资本不实企业，排查出资瑕疵，识破虚高注册资本用户。,API产品,J,,2026-07-03 14:06:45,2026-07-09 10:19:12,2026-07-09 10:19:12,0,false,https://dibj.cn/portal/api/common/calling/page?tableCode=DATA_INNOVATION
382,DATA_INNOVATION,创新成果-数据创新成果,231,336,32,API产品,DATA,企业人员关联关系查询,北京金融大数据有限公司,"根据公民身份证号码查询企业人员关联关系。
",API产品,J,,2026-07-03 14:04:55,2026-07-09 10:19:12,2026-07-09 10:19:12,0,false,https://dibj.cn/portal/api/common/calling/page?tableCode=DATA_INNOVATION
383,DATA_INNOVATION,创新成果-数据创新成果,232,335,32,API产品,DATA,企业投资人信息查询,北京金融大数据有限公司,"核验投资人真实性，挖掘跨企业关联关系，支撑对公贷前尽职调查与反欺诈审核。
",API产品,J,,2026-07-03 14:03:19,2026-07-09 10:19:12,2026-07-09 10:19:12,0,false,https://dibj.cn/portal/api/common/calling/page?tableCode=DATA_INNOVATION
384,DATA_INNOVATION,创新成果-数据创新成果,233,334,32,API产品,DATA,企业高管信息查询,北京金融大数据有限公司,"核验人员任职真伪，挖掘跨企业关联关系，支撑对公贷前尽职调查与反欺诈审核。
",API产品,J,,2026-07-03 14:01:42,2026-07-09 10:19:12,2026-07-09 10:19:12,0,false,https://dibj.cn/portal/api/common/calling/page?tableCode=DATA_INNOVATION
385,DATA_INNOVATION,创新成果-数据创新成果,234,333,32,API产品,DATA,月度工资收入金额评估,北京金融大数据有限公司,是一款工资性收入评估产品，通过多维度底层，预测个人的月度工资性收入区间。,API产品,J,,2026-07-03 09:28:31,2026-07-09 10:19:12,2026-07-09 10:19:12,0,false,https://dibj.cn/portal/api/common/calling/page?tableCode=DATA_INNOVATION
386,DATA_INNOVATION,创新成果-数据创新成果,235,332,32,API产品,DATA,月度工资收入金额评估接口,北京金融大数据有限公司,评估一个人的工资性收入，评估个人的现金流情况，有效识别其还款能力。,API产品,J,,2026-07-03 09:24:20,2026-07-09 10:19:12,2026-07-09 10:19:12,0,false,https://dibj.cn/portal/api/common/calling/page?tableCode=DATA_INNOVATION
387,DATA_INNOVATION,创新成果-数据创新成果,236,331,32,API产品,DATA,综合收入能力评分B版接口,北京金融大数据有限公司,评估一个人的综收入能力和工作稳定性，助力金融机构的精准授信和降低个人息费。,API产品,J,,2026-07-03 09:20:58,2026-07-09 10:19:12,2026-07-09 10:19:12,0,false,https://dibj.cn/portal/api/common/calling/page?tableCode=DATA_INNOVATION
388,DATA_INNOVATION,创新成果-数据创新成果,237,330,32,API产品,DATA,综合收入能力评分A版接口,北京金融大数据有限公司,评估一个人的综收入能力和工作稳定性，助力金融机构的精准授信和降低个人息费。,API产品,J,,2026-07-03 09:06:46,2026-07-09 10:19:12,2026-07-09 10:19:12,0,false,https://dibj.cn/portal/api/common/calling/page?tableCode=DATA_INNOVATION
389,DATA_INNOVATION,创新成果-数据创新成果,238,329,32,API产品,DATA,企业基本信息查询,北京金融大数据有限公司,"核验企业主体真伪，助力金融机构与政务部门核查其经营资质，快速完成对公贷前初审，拦截空壳企业，杜绝信贷欺诈。
",API产品,J,,2026-07-02 17:42:18,2026-07-09 10:19:12,2026-07-09 10:19:12,0,false,https://dibj.cn/portal/api/common/calling/page?tableCode=DATA_INNOVATION
390,DATA_INNOVATION,创新成果-数据创新成果,239,328,32,API产品,DATA,还款能力预警查询,北京金融大数据有限公司,该产品主要统计个人的工作性收入波动情况，用于金融风控场景的贷中和贷后风控监控。,API产品,J,,2026-07-02 17:16:13,2026-07-09 10:19:12,2026-07-09 10:19:12,0,false,https://dibj.cn/portal/api/common/calling/page?tableCode=DATA_INNOVATION
391,DATA_INNOVATION,创新成果-数据创新成果,240,327,32,API产品,DATA,单位成员2年缴费工资评分,北京金融大数据有限公司,近2的测算社保缴纳基数的工资性收入，主要应用场景为金融风控，高效便捷的数据使用和客户增信。,API产品,J,,2026-07-02 17:09:45,2026-07-09 10:19:12,2026-07-09 10:19:12,0,false,https://dibj.cn/portal/api/common/calling/page?tableCode=DATA_INNOVATION
392,DATA_INNOVATION,创新成果-数据创新成果,241,326,32,API产品,DATA,社保单位成员缴存明细详情查询,北京金融大数据有限公司,个人社会缴纳的记录明细，助力金融风控风险压降、招聘诚信体系建设等。,API产品,J,,2026-07-02 16:44:48,2026-07-09 10:19:12,2026-07-09 10:19:12,0,false,https://dibj.cn/portal/api/common/calling/page?tableCode=DATA_INNOVATION
393,DATA_INNOVATION,创新成果-数据创新成果,242,325,32,API产品,DATA,社保数据查询,北京金融大数据有限公司,该产品主要统计近1/2/3个月是否缴纳社保，助力金融风控风险压降、招聘诚信体系建设等。,API产品,J,,2026-07-02 16:42:28,2026-07-09 10:19:12,2026-07-09 10:19:12,0,false,https://dibj.cn/portal/api/common/calling/page?tableCode=DATA_INNOVATION
394,DATA_INNOVATION,创新成果-数据创新成果,243,324,32,API产品,DATA,企业信息核查,北京金融大数据有限公司,"检查企业名称和统一社会信用代码的信息的一致性。
",API产品,J,,2026-07-02 16:42:26,2026-07-09 10:19:12,2026-07-09 10:19:12,0,false,https://dibj.cn/portal/api/common/calling/page?tableCode=DATA_INNOVATION
395,DATA_INNOVATION,创新成果-数据创新成果,244,323,32,API产品,DATA,社保参保情况查询,北京金融大数据有限公司,该产品主要是统计个人社保近3、6、12等月的连续、累计缴纳月数。,API产品,J,,2026-07-02 16:40:14,2026-07-09 10:19:12,2026-07-09 10:19:12,0,false,https://dibj.cn/portal/api/common/calling/page?tableCode=DATA_INNOVATION
396,DATA_INNOVATION,创新成果-数据创新成果,245,322,32,API产品,DATA,印花税征收信息查询,北京金融大数据有限公司,"根据纳税人识别号，年度，月份，查询印花税征收信息。
",API产品,J,,2026-07-02 16:39:02,2026-07-09 10:19:12,2026-07-09 10:19:12,0,false,https://dibj.cn/portal/api/common/calling/page?tableCode=DATA_INNOVATION
397,DATA_INNOVATION,创新成果-数据创新成果,246,321,32,API产品,DATA,社保单位成员缴存信息查询,北京金融大数据有限公司,依托社保标准化参保缴存数据库，构建多字段智能检索比对引擎，支持按单位统一社会信用代码、职工身份证号、参保时段、缴费基数等多条件精准筛选、批量导出合规化缴存汇总数据，实现海量参保记录毫秒级查询核验，满足企业批量人员核查需求。,API产品,J,,2026-07-02 16:37:16,2026-07-09 10:19:12,2026-07-09 10:19:12,0,false,https://dibj.cn/portal/api/common/calling/page?tableCode=DATA_INNOVATION
398,DATA_INNOVATION,创新成果-数据创新成果,247,320,32,API产品,DATA,消费税征收信息查询,北京金融大数据有限公司,"根据纳税人识别号，年度，月份，查询消费税征收信息。
",API产品,J,,2026-07-02 16:36:54,2026-07-09 10:19:12,2026-07-09 10:19:12,0,false,https://dibj.cn/portal/api/common/calling/page?tableCode=DATA_INNOVATION
399,DATA_INNOVATION,创新成果-数据创新成果,248,319,32,API产品,DATA,北京市双人婚姻关系核验,北京金融大数据有限公司,北京双人配对婚姻状态核验，在严守个人隐私前提下，实现购房资格审核、公积金贷款、公证办理、不动产登记、小客车指标申报等高频场景零纸质材料、线上实时核验、全城通办。,API产品,J,,2026-07-02 16:34:31,2026-07-09 10:19:12,2026-07-09 10:19:12,0,false,https://dibj.cn/portal/api/common/calling/page?tableCode=DATA_INNOVATION
400,DATA_INNOVATION,创新成果-数据创新成果,249,318,32,API产品,DATA,北京市单人婚姻信息核验,北京金融大数据有限公司,北京单人婚姻状态核验，封装全市统一安全标准化调用接口，面向北京政务、金融、司法、住建、人社等多领域机构开放授权接入，统一全市婚姻状况判定规则，改变以往各部门核验标准不一、材料重复提交的乱象。,API产品,J,,2026-07-02 16:32:04,2026-07-09 10:19:12,2026-07-09 10:19:12,0,false,https://dibj.cn/portal/api/common/calling/page?tableCode=DATA_INNOVATION
401,DATA_INNOVATION,创新成果-数据创新成果,250,317,32,API产品,DATA,户籍关系核验,北京金融大数据有限公司,该产品能够查询核验人与被核验人是否同户，标准化接口开放，实现多领域跨场景复用。,API产品,J,,2026-07-02 16:28:59,2026-07-09 10:19:12,2026-07-09 10:19:12,0,false,https://dibj.cn/portal/api/common/calling/page?tableCode=DATA_INNOVATION
402,DATA_INNOVATION,创新成果-数据创新成果,251,316,32,API产品,DATA,监护关系核验,北京金融大数据有限公司,本产品聚焦传统监护关系核验材料多、跑腿多、跨部门核验慢、隐私泄露风险高、人户分离核验难等痛点，依托政务数据共享、多模态身份认证、区块链安全存证技术，实现从 “群众纸质举证” 向 “数据自动核验、无感免证办理” 模式革新。,API产品,J,,2026-07-02 16:25:59,2026-07-09 10:19:12,2026-07-09 10:19:12,0,false,https://dibj.cn/portal/api/common/calling/page?tableCode=DATA_INNOVATION
403,DATA_INNOVATION,创新成果-数据创新成果,252,315,32,API产品,DATA,单位成员公积金画像基础信息,北京金融大数据有限公司,主要记录个人公积金缴纳金额和月份等画像基础信息,API产品,J,,2026-07-02 16:19:33,2026-07-09 10:19:12,2026-07-09 10:19:12,0,false,https://dibj.cn/portal/api/common/calling/page?tableCode=DATA_INNOVATION
404,DATA_INNOVATION,创新成果-数据创新成果,253,314,32,API产品,DATA,棱镜B卡分A版,北京金融大数据有限公司,本产品提供反应最近与历史两个维度公积金缴存情况的核心数据。,API产品,J,,2026-07-02 16:16:31,2026-07-09 10:19:12,2026-07-09 10:19:12,0,false,https://dibj.cn/portal/api/common/calling/page?tableCode=DATA_INNOVATION
405,DATA_INNOVATION,创新成果-数据创新成果,254,313,32,API产品,DATA,棱镜B卡分,北京金融大数据有限公司,本产品提供反应最近公积金缴存情况的核心数据，通过安全合规的方式助力金融机构风险控制。,API产品,J,,2026-07-02 16:13:39,2026-07-09 10:19:12,2026-07-09 10:19:12,0,false,https://dibj.cn/portal/api/common/calling/page?tableCode=DATA_INNOVATION
406,DATA_INNOVATION,创新成果-数据创新成果,255,312,32,API产品,DATA,单位成员公积金评分模型,北京金融大数据有限公司,本产品主要从公积金角度评估个人的收入以及公积金缴纳行为。,API产品,J,,2026-07-02 16:10:28,2026-07-09 10:19:12,2026-07-09 10:19:12,0,false,https://dibj.cn/portal/api/common/calling/page?tableCode=DATA_INNOVATION
407,DATA_INNOVATION,创新成果-数据创新成果,256,311,32,API产品,DATA,城市维护建设税征收信息查询,北京金融大数据有限公司,"根据纳税人识别号，年度，月份，查询城市维护建设税征收信息。
",API产品,J,,2026-07-02 13:18:50,2026-07-09 10:19:12,2026-07-09 10:19:12,0,false,https://dibj.cn/portal/api/common/calling/page?tableCode=DATA_INNOVATION
408,DATA_INNOVATION,创新成果-数据创新成果,257,310,32,API产品,DATA,车辆购置税征收信息查询,北京金融大数据有限公司,根据纳税人识别号，年度，月份，查询车辆购置税征收信息。,API产品,J,,2026-07-02 13:11:09,2026-07-09 10:19:12,2026-07-09 10:19:12,0,false,https://dibj.cn/portal/api/common/calling/page?tableCode=DATA_INNOVATION
409,DATA_INNOVATION,创新成果-数据创新成果,258,309,32,API产品,DATA,车船税征收信息查询,北京金融大数据有限公司,"根据纳税人识别号，年度，月份，查询车船税征收信息。
",API产品,J,,2026-07-02 13:04:03,2026-07-09 10:19:12,2026-07-09 10:19:12,0,false,https://dibj.cn/portal/api/common/calling/page?tableCode=DATA_INNOVATION
410,DATA_INNOVATION,创新成果-数据创新成果,259,308,32,API产品,DATA,城镇土地使用税征收信息查询,北京金融大数据有限公司,根据纳税人识别号，年度，月份，查询土地使用税征收信息。,API产品,J,,2026-07-02 13:00:35,2026-07-09 10:19:12,2026-07-09 10:19:12,0,false,https://dibj.cn/portal/api/common/calling/page?tableCode=DATA_INNOVATION
411,DATA_INNOVATION,创新成果-数据创新成果,260,307,32,API产品,DATA,耕地占用税征收信息查询,北京金融大数据有限公司,"根据纳税人识别号，年度，月份，查询耕地占用税征收信息。
",API产品,J,,2026-07-02 12:53:11,2026-07-09 10:19:12,2026-07-09 10:19:12,0,false,https://dibj.cn/portal/api/common/calling/page?tableCode=DATA_INNOVATION
412,DATA_INNOVATION,创新成果-数据创新成果,261,306,32,API产品,DATA,税收行政处罚信息查询,北京金融大数据有限公司,调取企业税务处罚记录与违法事由，排查涉税违规行为，核验企业税务合规性。,API产品,J,,2026-07-02 12:51:10,2026-07-09 10:19:12,2026-07-09 10:19:12,0,false,https://dibj.cn/portal/api/common/calling/page?tableCode=DATA_INNOVATION
413,DATA_INNOVATION,创新成果-数据创新成果,262,305,32,API产品,DATA,欠税公告信息查询,北京金融大数据有限公司,"核查企业欠税记录，识别企业税务失信问题。
",API产品,J,,2026-07-02 12:48:44,2026-07-09 10:19:12,2026-07-09 10:19:12,0,false,https://dibj.cn/portal/api/common/calling/page?tableCode=DATA_INNOVATION
414,DATA_INNOVATION,创新成果-数据创新成果,263,304,32,API产品,DATA,房产税征收信息查询,北京金融大数据有限公司,"根据纳税人识别号，年度，月份，查询企业房产税征收信息。
",API产品,J,,2026-07-02 12:47:10,2026-07-09 10:19:12,2026-07-09 10:19:12,0,false,https://dibj.cn/portal/api/common/calling/page?tableCode=DATA_INNOVATION
415,DATA_INNOVATION,创新成果-数据创新成果,264,303,32,API产品,DATA,环境保护税征收信息查询,北京金融大数据有限公司,"根据纳税人识别号，年度，月份，查询企业环境保护税征收信息。
",API产品,J,,2026-07-02 12:45:16,2026-07-09 10:19:12,2026-07-09 10:19:12,0,false,https://dibj.cn/portal/api/common/calling/page?tableCode=DATA_INNOVATION
416,DATA_INNOVATION,创新成果-数据创新成果,265,302,32,API产品,DATA,契税征收信息查询,北京金融大数据有限公司,根据纳税人识别号，年度，月份，查询企业契税征收信息。,API产品,J,,2026-07-02 12:41:03,2026-07-09 10:19:12,2026-07-09 10:19:12,0,false,https://dibj.cn/portal/api/common/calling/page?tableCode=DATA_INNOVATION
417,DATA_INNOVATION,创新成果-数据创新成果,266,301,32,API产品,DATA,资源税征收信息查询       ,北京金融大数据有限公司,根据纳税人识别号，年度，月份，查询企业资源税征收信息。,API产品,J,,2026-07-02 11:38:48,2026-07-09 10:19:12,2026-07-09 10:19:12,0,false,https://dibj.cn/portal/api/common/calling/page?tableCode=DATA_INNOVATION
418,DATA_INNOVATION,创新成果-数据创新成果,267,300,32,API产品,DATA,土地增值税征收信息查询,北京金融大数据有限公司,根据纳税人识别号，年度，月份，查询企业土地增值税征收信息。,API产品,J,,2026-07-02 11:36:56,2026-07-09 10:19:12,2026-07-09 10:19:12,0,false,https://dibj.cn/portal/api/common/calling/page?tableCode=DATA_INNOVATION
419,DATA_INNOVATION,创新成果-数据创新成果,268,299,32,API产品,DATA,企业所得税征收信息查询,北京金融大数据有限公司,根据纳税人识别号，年度，月份，查询企业所得税征收信息。,API产品,J,,2026-07-02 11:35:06,2026-07-09 10:19:12,2026-07-09 10:19:12,0,false,https://dibj.cn/portal/api/common/calling/page?tableCode=DATA_INNOVATION
420,DATA_INNOVATION,创新成果-数据创新成果,269,298,32,API产品,DATA,企业增值税征收信息查询,北京金融大数据有限公司,根据纳税人识别号，年度，月份，查询企业增值税征收信息。,API产品,J,,2026-07-02 11:32:51,2026-07-09 10:19:12,2026-07-09 10:19:12,0,false,https://dibj.cn/portal/api/common/calling/page?tableCode=DATA_INNOVATION
421,DATA_INNOVATION,创新成果-数据创新成果,270,297,35,其他,DATA,企业财务分析,北京金融大数据有限公司,"线下批量调取企业标准化财务数据，开展营收、负债、利润多维度财务分析.快速识别亏损、高负债等财务隐患，批量完成对公客户资质筛查。
",其他,J,,2026-07-02 11:31:03,2026-07-09 10:19:12,2026-07-09 10:19:12,0,false,https://dibj.cn/portal/api/common/calling/page?tableCode=DATA_INNOVATION
422,DATA_INNOVATION,创新成果-数据创新成果,271,296,35,其他,DATA,风控解决方案服务,北京金融大数据有限公司,"提供基于公共数据和多源数据融合的风控模型、风控策略、贷后预警等风控全流程咨询服务。
",其他,J,,2026-07-02 09:28:14,2026-07-09 10:19:12,2026-07-09 10:19:12,0,false,https://dibj.cn/portal/api/common/calling/page?tableCode=DATA_INNOVATION
423,DATA_INNOVATION,创新成果-数据创新成果,272,295,35,其他,DATA,营销白名单服务,北京金融大数据有限公司,"按照定制要求，在数据操作间实现数据挖掘，输出企业营销名单、画像标签等定制化服务内容。
",其他,J,,2026-07-02 09:26:16,2026-07-09 10:19:12,2026-07-09 10:19:12,0,false,https://dibj.cn/portal/api/common/calling/page?tableCode=DATA_INNOVATION
424,DATA_INNOVATION,创新成果-数据创新成果,273,294,32,API产品,DATA,贷中贷后风险预警,北京金融大数据有限公司,"企业工商、司法、经营异常等异动发生后即时同步预警，根据用户选择的标签向客户推送风险信号信息。
",API产品,J,,2026-07-02 09:24:07,2026-07-09 10:19:12,2026-07-09 10:19:12,0,false,https://dibj.cn/portal/api/common/calling/page?tableCode=DATA_INNOVATION
425,DATA_INNOVATION,创新成果-数据创新成果,274,293,35,其他,DATA,新企速递,北京金融大数据有限公司,"提供前两日新设立企业线索，精准锁定有对公账户开立刚需的初创企业，支撑金融机构对公开户批量获客与线下拓客，大幅提高营销转化效率。
",其他,J,,2026-07-02 09:21:58,2026-07-09 10:19:12,2026-07-09 10:19:12,0,false,https://dibj.cn/portal/api/common/calling/page?tableCode=DATA_INNOVATION
426,DATA_INNOVATION,创新成果-数据创新成果,275,292,35,其他,DATA,展业魔方小程序,北京金融大数据有限公司,"基于用户的客户标签筛选需求提供可营销企业名单线索。通过高精度、高可靠的数据，银行工作人员可高效筛选符合业务需求的目标客群，过滤无关企业，提升客户转化率，提升营销触达率。
",其他,J,,2026-07-02 09:19:45,2026-07-09 10:19:12,2026-07-09 10:19:12,0,false,https://dibj.cn/portal/api/common/calling/page?tableCode=DATA_INNOVATION
427,DATA_INNOVATION,创新成果-数据创新成果,276,290,32,API产品,DATA,机动车登记证书查询,北京数据集团公共数据开发有限公司,接口接收车主加密身份证号及授权相关参数，校验参数合法性与授权有效性后，返回车辆证照、车辆品牌等信息数据，为相关政务业务审核、合规校验提供精准的数据支撑。,API产品,"J,S,O",,2026-07-01 17:31:30,2026-07-09 10:19:12,2026-07-09 10:19:12,0,false,https://dibj.cn/portal/api/common/calling/page?tableCode=DATA_INNOVATION
428,DATA_INNOVATION,创新成果-数据创新成果,277,289,32,API产品,DATA,婚姻核验(双人),北京数据集团公共数据开发有限公司,通过输入男方、女方加密身份证号、姓名及合规授权参数，校验参数格式、授权有效性后，返回婚姻状态及登记日期等数据，为各类政务审核、资质核验业务提供合规、精准的数据支撑。,API产品,"J,S",,2026-07-01 17:06:29,2026-07-09 10:19:12,2026-07-09 10:19:12,0,false,https://dibj.cn/portal/api/common/calling/page?tableCode=DATA_INNOVATION
429,DATA_INNOVATION,创新成果-数据创新成果,278,288,32,API产品,DATA,婚姻核验（单人）,北京数据集团公共数据开发有限公司,通过输入一方加密身份证号、姓名及合规授权参数，校验参数格式、授权有效性后，返回婚姻状态等数据，为各类政务审核、资质核验业务提供合规、精准的数据支撑,API产品,"J,S",,2026-07-01 17:02:18,2026-07-09 10:19:12,2026-07-09 10:19:12,0,false,https://dibj.cn/portal/api/common/calling/page?tableCode=DATA_INNOVATION
430,DATA_INNOVATION,创新成果-数据创新成果,279,287,32,API产品,DATA,教师资格信息核验,北京数据集团公共数据开发有限公司,接口接收加密身份证号作为输入参数，校验参数格式后，查询教师资格备案数据库，返回教师基础信息、证书信息等核心字段数据，为业务场景提供资质审核、业务合规校验提供精准的数据支撑。,API产品,J,,2026-07-01 16:56:57,2026-07-09 10:19:12,2026-07-09 10:19:12,0,false,https://dibj.cn/portal/api/common/calling/page?tableCode=DATA_INNOVATION
431,DATA_INNOVATION,创新成果-数据创新成果,280,286,2,数据成果,DATA,文旅门票服务智能身份认证,北京三快在线科技有限公司,通过人脸自动拉取信息和特殊身份在线核验，大幅减少用户购票时的信息填写环节，提升购票效率，预计用户购票时间平均缩短60%以上，显著提升用户满意度。,数据成果,R,,2026-07-01 16:53:22,2026-07-09 10:19:12,2026-07-09 10:19:12,0,false,https://dibj.cn/portal/api/common/calling/page?tableCode=DATA_INNOVATION
432,DATA_INNOVATION,创新成果-数据创新成果,281,285,2,数据成果,DATA,天气场景识别保障外卖履约,北京三快在线科技有限公司,平台从安全、宽容、补贴三方面完善恶劣场景配送保障。安全层面，系统识别隐形冰面、深水坑等危险路段，实时向骑手语音预警，导航优先推送最优避险路线，地图标注高风险区域，从通行路径上规避安全隐患。宽容层面，骑手途经恶劣路段时同步推送状态至用户端，透明展示行程进度，引导用户建立合理时效预期，减少催单带来的骑行风险；极端路况下限制区域接单、收缩配送范围，平衡供需。补贴层面，依托路面实时画面识别恶劣区域，自动为该片区订单发放天气补贴，匹配骑手恶劣环境下的风险与劳动付出。,数据成果,"O,G",,2026-07-01 16:52:57,2026-07-09 10:19:12,2026-07-09 10:19:12,0,false,https://dibj.cn/portal/api/common/calling/page?tableCode=DATA_INNOVATION
433,DATA_INNOVATION,创新成果-数据创新成果,282,284,2,数据成果,DATA,普惠式智慧金融服务提升产品,北京三快在线科技有限公司,应用于微贷产品的学生客群识别与家庭用户需求洞察、保险业务的精准推荐（如针对不同家庭结构的健康险）、支付业务的场景化营销（如亲子消费优惠）。同时，赋能小微商户洞察周边客群结构，实现精准引流与经营提升。,数据成果,"J,F",,2026-07-01 16:52:30,2026-07-09 10:19:12,2026-07-09 10:19:12,0,false,https://dibj.cn/portal/api/common/calling/page?tableCode=DATA_INNOVATION
434,DATA_INNOVATION,创新成果-数据创新成果,283,283,2,数据成果,DATA,大型演出赛事期间共享单车智能调度提升服务,北京三快在线科技有限公司,基于权威信息实时获取，精准感知大型社会文化活动及城市管理要求等非常规事件引发的骑行需求波动，动态优化需求预测模型，实现对突发性需求的提前预判。面向重大活动场景，主动触发智能调度指令，提前部署车辆运力补充，并实时动态清淤，确保车辆供需平衡与路面秩序稳定。,数据成果,"O,S",,2026-07-01 16:52:00,2026-07-09 10:19:12,2026-07-09 10:19:12,0,false,https://dibj.cn/portal/api/common/calling/page?tableCode=DATA_INNOVATION
435,DATA_INNOVATION,创新成果-数据创新成果,284,282,2,数据成果,DATA,用户精准画像提升本地生活服务品质产品,北京三快在线科技有限公司,完成大学生、亲子、婚育、职业、资产等5类社会属性标签与美团用户体系的安全融合；构建大学生用户群体专属画像，识别精准大学生人群，为校园营销活动提供人群底座；形成面向闪购品牌通的标准化人群包产品，支持按亲子家庭、高收入、白领等多维度进行人群组合圈选，赋能品牌差异化投放。,数据成果,"O,F,R",,2026-07-01 16:51:30,2026-07-09 10:19:12,2026-07-09 10:19:12,0,false,https://dibj.cn/portal/api/common/calling/page?tableCode=DATA_INNOVATION
436,DATA_INNOVATION,创新成果-数据创新成果,285,281,2,数据成果,DATA,个人公积金数据信贷风控模型,中电数产天恒（北京）数据产业有限公司,在个人客户明确授权的前提下，将经过脱敏加工的数据元件输出给合作银行，帮助银行客观评估客户收入水平、收入稳定性和还款能力，提升授信决策准确性和贷后风控及时性。,数据成果,J,,2026-07-01 16:50:16,2026-07-09 10:19:12,2026-07-09 10:19:12,0,false,https://dibj.cn/portal/api/common/calling/page?tableCode=DATA_INNOVATION
437,DATA_INNOVATION,创新成果-数据创新成果,286,280,32,API产品,DATA,医护人员执业信息查询,北京数据集团公共数据开发有限公司,通过加密身份证号作为输入参数，校验参数格式后，查询医师护士执业注册备案信息，返回指定医生、护士执业核心信息，为平台医护人员购票审核、资质合规校验、信息核验提供数据支撑。,API产品,J,,2026-07-01 16:49:28,2026-07-09 10:19:12,2026-07-09 10:19:12,0,false,https://dibj.cn/portal/api/common/calling/page?tableCode=DATA_INNOVATION
438,DATA_INNOVATION,创新成果-数据创新成果,287,279,32,API产品,DATA,普通高等教育学生学籍信息核验-A版,北京数据集团公共数据开发有限公司,通过输入加密身份证号等，核验后查询并返回学生指定学籍登记信息，涵盖学历层次、学习形式、院校名称、学籍状态等核心字段。为学籍核验业务提供标准化、精准的数据支撑。,API产品,J,,2026-07-01 16:39:07,2026-07-09 10:19:12,2026-07-09 10:19:12,0,false,https://dibj.cn/portal/api/common/calling/page?tableCode=DATA_INNOVATION
439,DATA_INNOVATION,创新成果-数据创新成果,288,278,32,API产品,DATA,北京市普通高等教育学生学籍信息核验-B版,北京数据集团公共数据开发有限公司,通过输入加密身份证号、授权凭证等，核验后查询并返回学生指定学籍登记信息，涵盖学历层次、院校名称、入学日期、预计毕业日期、学制核心学籍字段，为学籍核验业务提供标准化、精准的数据支撑。,API产品,J,,2026-07-01 16:35:43,2026-07-09 10:19:12,2026-07-09 10:19:12,0,false,https://dibj.cn/portal/api/common/calling/page?tableCode=DATA_INNOVATION
440,DATA_INNOVATION,创新成果-数据创新成果,1,277,33,数据应用,DATA,城市客源圈层结构解析,中国移动通信集团北京有限公司,依托信令号码归属、籍贯地双维度标签体系，全域分层拆解城市及重点场景本地圈层、省内周边圈层、外省异地圈层、境外访客圈层四大客源结构，精准量化各圈层人口规模占比、到访频次、出行行为偏好及时空分布特征，赋能城市文旅对外品牌推广、区域客源协同引流、城市客源结构优化与产业消费升级决策。,数据应用,"S,G,R",,2026-05-27 14:30:02,2026-06-09 14:23:27,2026-07-28 02:01:12,0,false,https://dibj.cn/portal/api/common/calling/page?tableCode=DATA_INNOVATION
441,DATA_INNOVATION,创新成果-数据创新成果,2,276,33,数据应用,DATA,片区人口动态预警,中国移动通信集团北京有限公司,依托网格级信令实时采集能力，搭建重点功能片区人口集聚、人流激增、空间密度超标、短时异动等多维度动态监测指标体系，实现网格级人口态势实时感知、异动识别与趋势前瞻预判，为城市大型活动人流管控、重点片区安全治理、应急事件保障调度提供底层大数据预警底座。,数据应用,"S,G,R",,2026-05-27 14:28:24,2026-06-09 14:23:27,2026-07-28 02:01:12,0,false,https://dibj.cn/portal/api/common/calling/page?tableCode=DATA_INNOVATION
442,DATA_INNOVATION,创新成果-数据创新成果,3,275,33,数据应用,DATA,河湖滨水文旅活力评测,中国移动通信集团北京有限公司,聚焦城市河湖水域、滨水廊道、临水休闲带等生态文旅空间，基于信令大数据统计瞬时游客规模、日度月度到访总量、客源属地结构、到访时段偏好、平均停留时长及人群年龄性别画像，全方位量化滨水区域文旅人气活力、游客行为偏好及空间承载能力，支撑滨水景观运营管护、文旅主题活动策划、生态休闲空间整体规划升级。,数据应用,"S,G,R",,2026-05-27 14:26:40,2026-06-09 14:23:27,2026-07-28 02:01:12,0,false,https://dibj.cn/portal/api/common/calling/page?tableCode=DATA_INNOVATION
443,DATA_INNOVATION,创新成果-数据创新成果,4,274,33,数据应用,DATA,月度人口时空演变态势分析,中国移动通信集团北京有限公司,以自然月度为核心统计周期，依托信令全域数据持续监测城市全域及各行政区人口规模、空间分布格局、昼夜结构配比、跨区进出流动的月度动态演变趋势，精准识别人口季节性波动、功能片区人口增减变迁规律，服务城市月度经济形势研判、人口调控政策落地效果评估、公共资源动态均衡调配。,数据应用,"S,G,R",,2026-05-27 14:24:46,2026-06-09 14:23:27,2026-07-28 02:01:12,0,false,https://dibj.cn/portal/api/common/calling/page?tableCode=DATA_INNOVATION
444,DATA_INNOVATION,创新成果-数据创新成果,5,273,33,数据应用,DATA,城居人群稳态分层研判,中国移动通信集团北京有限公司,基于信令长期位置行为特征大数据建模，智能甄别城市稳定常住人群、临时流动人群、短期来访人群三大层级，分层统计各类人群规模占比、空间集聚分布、日常出行规律及年龄性别籍贯属性结构，助力城市人口底数精准摸排、流动人口精细化治理、公共服务资源精准匹配供给。,数据应用,"S,G,R",,2026-05-27 14:18:35,2026-06-09 14:23:27,2026-07-28 02:01:12,0,false,https://dibj.cn/portal/api/common/calling/page?tableCode=DATA_INNOVATION
445,DATA_INNOVATION,创新成果-数据创新成果,6,272,33,数据应用,DATA,城市休闲漫游路线智能分析,中国移动通信集团北京有限公司,依托信令连续位置识别技术，精准识别市民及外来访客跨片区休闲漫游、文旅打卡、慢行绕行等非通勤出行行为，统计跨区漫游热门路径、高频偏好区域、到访频次及人群画像特征，为城市文旅精品线路规划、慢行交通系统建设、片区文旅资源联动协同发展提供数据支撑。,数据应用,"S,G,R",,2026-05-27 14:10:34,2026-06-09 14:23:27,2026-07-28 02:01:12,0,false,https://dibj.cn/portal/api/common/calling/page?tableCode=DATA_INNOVATION
446,DATA_INNOVATION,创新成果-数据创新成果,7,271,33,数据应用,DATA,交通枢纽节假日潮汐客流精测,中国移动通信集团北京有限公司,基于信令长期时序历史数据，构建铁路、航空枢纽节假日专属潮汐客流分析模型，量化假期逐日进出京客流峰值、日均承载容量、时段潮汐波动节奏、客源属地来源分布等核心指标，提前预判节假日客流高峰压力与承载负荷，为枢纽运力统筹调度、假期便民服务保障、多部门交通联动管控提供决策依据。,数据应用,"S,G,R",,2026-05-27 14:08:53,2026-06-09 14:23:27,2026-07-28 02:01:12,0,false,https://dibj.cn/portal/api/common/calling/page?tableCode=DATA_INNOVATION
447,DATA_INNOVATION,创新成果-数据创新成果,8,270,33,数据应用,DATA,交通枢纽客流集散智览,中国移动通信集团北京有限公司,面向铁路枢纽、航空空港等重大交通枢纽节点，依托信令人流感知能力，实时监测在港、到港、离港人群规模、集散流转速度、客源属地圈层及人口属性结构，精准研判高峰时段人流拥堵节点、疏散瓶颈与流动规律，支撑枢纽日常运维调度、节假日大客流应急保障、安防疏导方案科学制定。,数据应用,"S,G,R",,2026-05-27 14:07:11,2026-06-09 14:23:27,2026-07-28 02:01:12,0,false,https://dibj.cn/portal/api/common/calling/page?tableCode=DATA_INNOVATION
448,DATA_INNOVATION,创新成果-数据创新成果,9,269,33,数据应用,DATA,园林绿空分时人流智控,中国移动通信集团北京有限公司,整合历史名园、社区公园、生态公园、综合公园、河湖水域等全域绿色休闲空间，按小时、日、月多时间维度统计分时入园人流规模、峰谷时段分布、人群结构属性及园区进出流动规律，形成园林绿空常态化人流研判与调度能力，支撑日常游园秩序管控、节假日客流分流预案、绿地公共服务效能综合评估。,数据应用,"S,G,R",,2026-05-27 14:00:15,2026-06-09 14:23:27,2026-07-28 02:01:12,0,false,https://dibj.cn/portal/api/common/calling/page?tableCode=DATA_INNOVATION
449,DATA_INNOVATION,创新成果-数据创新成果,10,268,33,数据应用,DATA,商圈客群行为动态分析,中国移动通信集团北京有限公司,基于信令位置驻留行为建模，精细化划分商圈客群短时闲逛、中度体验、长时间消费驻留层级，结合年龄、性别、属地多维属性拆解停留行为与消费偏好关联规律，精准评估商圈吸引力、客流承载水平及客群行为特征，赋能商圈智慧运营、业态结构调整、节假日人流疏导管控。,数据应用,"S,G,R",,2026-05-27 13:58:38,2026-06-09 14:23:27,2026-07-28 02:01:12,0,false,https://dibj.cn/portal/api/common/calling/page?tableCode=DATA_INNOVATION
450,DATA_INNOVATION,创新成果-数据创新成果,11,267,33,数据应用,DATA,商圈圈层客源辐射洞察,中国移动通信集团北京有限公司,覆盖国际级、城市级、地区级、社区级多维度商圈体系，依托信令数据精准测算商圈客群实际到访辐射半径、多圈层客源占比、到访频次、驻留时长及时段消费偏好，分层拆解本地、外省、境外客源结构，为商圈业态升级、品牌招商定位、精准营销运营、商业经济活力评估提供数据决策支撑。,数据应用,"S,G,R",,2026-05-27 13:47:12,2026-06-09 14:23:27,2026-07-28 02:01:12,0,false,https://dibj.cn/portal/api/common/calling/page?tableCode=DATA_INNOVATION
451,DATA_INNOVATION,创新成果-数据创新成果,12,266,33,数据应用,DATA,轨道枢纽人群全景画像,中国移动通信集团北京有限公司,聚焦全市地铁轨道交通站点，依托信令大数据全方位统计站点昼夜到访客流、月度客源属地、峰谷时段波动、人群停留时长及年龄性别结构，精准研判轨道站点客流承载负荷、客源辐射圈层及日常出行行为特征，支撑轨道交通运力动态调配、站点周边市政与商业配套规划建设。,数据应用,"S,G,R",,2026-05-27 13:45:28,2026-06-09 14:23:27,2026-07-28 02:01:12,0,false,https://dibj.cn/portal/api/common/calling/page?tableCode=DATA_INNOVATION
452,DATA_INNOVATION,创新成果-数据创新成果,13,265,33,数据应用,DATA,昼夜人居热力全景感知,中国移动通信集团北京有限公司,依托信令高精度位置快照数据，分别构建日间生产生活、夜间休闲居住全域人口热力网格图谱，量化昼夜人口空间集聚热点、功能片区活力差异、职住空间迁移流向，清晰呈现城市昼夜功能布局与人流变迁特征，赋能夜间经济规划、公共安全布防、民生配套均衡布局。,数据应用,"S,G,R",,2026-05-27 13:43:35,2026-06-09 14:23:27,2026-07-28 02:01:12,0,false,https://dibj.cn/portal/api/common/calling/page?tableCode=DATA_INNOVATION
453,DATA_INNOVATION,创新成果-数据创新成果,14,264,33,数据应用,DATA,人群驻留周期智能研判,中国移动通信集团北京有限公司,依托信令长期连续驻留识别算法，智能划分短期到访、中期停留、长期驻留、常住扎根四类人群层级，精细化统计驻留天数梯度、驻留时段偏好、空间分布特征及人群属性结构，精准摸清城市流动人口底数与驻留规律，服务流动人口精细化管理、住宿配套规划、区域人口承载力评估。,数据应用,"S,G,R",,2026-05-27 13:41:51,2026-06-09 14:23:27,2026-07-28 02:01:12,0,false,https://dibj.cn/portal/api/common/calling/page?tableCode=DATA_INNOVATION
454,DATA_INNOVATION,创新成果-数据创新成果,15,263,33,数据应用,DATA,全域出行OD流向洞察,中国移动通信集团北京有限公司,基于信令连续位置建模能力，搭建全域分区出行起讫 OD 矩阵、全链路人群流动模型及出发地、途经节点、目的地流向分布，区分通勤、休闲、跨区漫游等出行类型，量化跨区域出行规模、流向热力及出行偏好特征，助力城市路网规划、公交线网优化、城乡分区协同治理。,数据应用,"S,G,R",,2026-05-27 13:38:41,2026-06-09 14:23:27,2026-07-28 02:01:12,0,false,https://dibj.cn/portal/api/common/calling/page?tableCode=DATA_INNOVATION
455,DATA_INNOVATION,创新成果-数据创新成果,16,262,33,数据应用,DATA,分时人群画像分析,中国移动通信集团北京有限公司,深度整合信令全量时序位置数据，按凌晨、早高峰、午间、晚高峰、夜间多时段进行分层拆解，精准刻画不同时段人群年龄结构、性别分布、籍贯属地、来源圈层等多维标签特征，量化时序化人群行为规律，支撑交通时序调控、公共服务错峰配置、商业业态分时运营等场景落地。,数据应用,"S,G,R",,2026-05-27 13:36:55,2026-06-09 14:23:27,2026-07-28 02:01:12,0,false,https://dibj.cn/portal/api/common/calling/page?tableCode=DATA_INNOVATION
456,DATA_INNOVATION,创新成果-数据创新成果,17,261,33,数据应用,DATA,全域网格时空态势研判,中国移动通信集团北京有限公司,依托运营商全域信令精细网格数据，汇聚小时、日、月多时序维度人流动态，精准洞察区域人口集聚、扩散迁徙、疏密变迁等微观时空特征，构建全域网格人口热力感知体系，为城市精细化治理、重点区域风险预判、国土空间布局优化、公共资源科学配置提供权威大数据支撑。,数据应用,"S,G,R",,2026-05-27 13:34:40,2026-06-09 14:23:27,2026-07-28 02:01:12,0,false,https://dibj.cn/portal/api/common/calling/page?tableCode=DATA_INNOVATION
457,DATA_INNOVATION,创新成果-数据创新成果,18,260,33,数据应用,DATA,重点商圈热度分析,中国移动通信集团北京有限公司,通过分析不同商圈游客量规模分布以及趋势监测，对标不同商圈客流排行情况，用于量化北京市重点景区接待游客排行情况，评估不同商圈游客热度偏好，赋能重点商圈游客保障、重点商圈营销工作开展等场景应用。,数据应用,"S,G,R",,2026-05-27 13:30:25,2026-06-09 14:23:27,2026-07-28 02:01:12,0,false,https://dibj.cn/portal/api/common/calling/page?tableCode=DATA_INNOVATION
458,DATA_INNOVATION,创新成果-数据创新成果,19,259,33,数据应用,DATA,重点商圈客流洞察,中国移动通信集团北京有限公司,通过分析不同商圈间月度客流量规模趋势，用于量化重点商圈客流月度趋势分布规律，为掌握城市商圈经济活力，赋能城市重点商圈经济发展、重点商圈规划等场景赋能。,数据应用,"S,G,R",,2026-05-27 13:28:14,2026-06-09 14:23:27,2026-07-28 02:01:12,0,false,https://dibj.cn/portal/api/common/calling/page?tableCode=DATA_INNOVATION
459,DATA_INNOVATION,创新成果-数据创新成果,20,258,33,数据应用,DATA,节假日进出京人流洞察,中国移动通信集团北京有限公司,通过监测节假日进京人口、出京人口规模趋势变化，用于量化节假日进京、离京用户趋势分布规律，为提升进京、出京峰值客流保障工作开展、进出京场站资源调配等工作提供数据赋能。,数据应用,"S,G,R",,2026-05-27 11:23:50,2026-06-09 14:23:27,2026-07-28 02:01:12,0,false,https://dibj.cn/portal/api/common/calling/page?tableCode=DATA_INNOVATION
460,DATA_INNOVATION,创新成果-数据创新成果,21,257,32,API产品,DATA,普通高等教育学生学籍信息核验,北京数据集团公共数据开发有限公司,依托政务权威数据与智能算法，解决 “学籍造假、身份冒用、资格不符” 三大痛点，为招聘背调、资格审查、授信风控、政务办理等场景提供可信数据支撑。,API产品,"S,J",,2026-05-21 11:55:27,2026-06-09 14:23:27,2026-07-28 02:01:12,0,false,https://dibj.cn/portal/api/common/calling/page?tableCode=DATA_INNOVATION
461,DATA_INNOVATION,创新成果-数据创新成果,22,256,32,API产品,DATA,学生用户票务服务智能验证产品,北京三快在线科技有限公司,依托政务权威数据与智能算法，解决 “学籍造假、身份冒用、资格不符” 三大痛点，为招聘背调、资格审查、授信风控、政务办理等场景提供可信数据支撑。,API产品,"S,J",,2026-05-21 10:41:59,2026-06-09 14:23:27,2026-07-28 02:01:12,0,false,https://dibj.cn/portal/api/common/calling/page?tableCode=DATA_INNOVATION
462,DATA_INNOVATION,创新成果-数据创新成果,23,248,2,数据成果,DATA,号码智能识别核心能力建设与价值挖掘项目,北京羽乐创新科技有限公司,"本产品专为手机厂商提供系统级陌生号码智能识别能力，通过海量权威号码库与ai算法，实现来电实时识别，风险预警，可信号码展示及骚扰电话智能拦截。可精精准标注，欺诈，广告，快递，外卖，政务，企业客服等多类号码，有效防范电信诈骗，提升用户通过安全感体验。

",数据成果,"A,B,C,D,E,F,G,H,I,J,K,L,M,N,O,P,Q,R,S",,2026-05-13 15:36:50,2026-06-09 14:23:27,2026-07-28 02:01:12,0,false,https://dibj.cn/portal/api/common/calling/page?tableCode=DATA_INNOVATION
463,DATA_INNOVATION,创新成果-数据创新成果,24,246,2,数据成果,DATA,小微企业公积金高潜力客群营销产品,华信永道（北京）科技股份有限公司,通过个人基本情况、职业信息、公积金账户信息及缴存信息，用于佐证客户收入水平和还款能力。 ,数据成果,I,,2026-05-12 16:56:02,2026-06-09 14:23:27,2026-06-09 20:55:32,0,false,https://dibj.cn/portal/api/common/calling/page?tableCode=DATA_INNOVATION
464,DATA_INNOVATION,创新成果-数据创新成果,25,245,32,API产品,DATA,公共服务机构号码智能核验,北京数据集团公共数据开发有限公司,依托政务权威数据与智能算法，面向公共服务机构实现号码合规性、真实性及归属关系自动核验。校验号码有效性，替代人工核查，提升政务号码管理效率，筑牢通信服务安全防线,API产品,"S,J",,2026-05-09 16:00:56,2026-06-09 14:23:27,2026-07-28 02:01:12,0,false,https://dibj.cn/portal/api/common/calling/page?tableCode=DATA_INNOVATION
465,DATA_INNOVATION,创新成果-数据创新成果,26,244,32,API产品,DATA,亲子关系及年龄区间查询,北京数据集团公共数据开发有限公司,本产品支持快速核验亲子关系，自动关联家庭成员信息，同步查询对应年龄区间，数据合规、结果精准。适用于适配教育、政务、民生服务、权益申领等场景。操作简便，支持批量查询与结果导出，保障信息安全不外泄，高效完成亲子身份与年龄核验，提升各类业务办理效率。,API产品,"S,J",,2026-05-09 15:57:48,2026-06-09 14:23:27,2026-07-28 02:01:12,0,false,https://dibj.cn/portal/api/common/calling/page?tableCode=DATA_INNOVATION
466,DATA_INNOVATION,创新成果-数据创新成果,27,243,32,API产品,DATA,单位成员缴费工资评分,北京数据集团公共数据开发有限公司,本产品面向个人信贷申请、社保服务、身份核验场景，为个人用户及相关服务机构智能计算分析收入能力评分，实现数据建模分析与风险评估。应用于个人信贷申请、社保服务、身份核验等领域，能有效提升模型效率，简化业务流程，保障数据规范透明，降低管理差错与合规风险。,API产品,"S,J",,2026-04-22 09:27:00,2026-06-09 14:23:27,2026-07-28 02:01:12,0,false,https://dibj.cn/portal/api/common/calling/page?tableCode=DATA_INNOVATION
467,DATA_INNOVATION,创新成果-数据创新成果,28,242,32,API产品,DATA,根据证件号码查询企业信息,北京数据集团公共数据开发有限公司,本产品面向个人信贷申请、社保服务、身份核验场景，为个人用户及相关服务机构便捷查询总记录数、法定代表人标志、企业(机构)ID，实现数据快速获取与核验。应用于个人信贷申请、社保服务、身份核验等领域，能有效提升查询效率，简化业务流程，保障数据规范透明，降低管理差错与合规风险,API产品,"S,J",,2026-04-22 09:18:29,2026-06-09 14:23:27,2026-07-28 02:01:12,0,false,https://dibj.cn/portal/api/common/calling/page?tableCode=DATA_INNOVATION
468,DATA_INNOVATION,创新成果-数据创新成果,29,241,32,API产品,DATA,分支机构查询简版,北京数据集团公共数据开发有限公司,本产品面向企业经营管理、合规风控、信贷审核场景，为企业客户便捷查询企业名称、法定代表人、注册时间，实现数据快速获取与核验。应用于企业经营管理、合规风控、信贷审核等领域，能有效提升查询效率，简化业务流程，保障数据规范透明，降低管理差错与合规风险。,API产品,"S,J",,2026-04-21 18:44:30,2026-06-09 14:23:27,2026-07-28 02:01:12,0,false,https://dibj.cn/portal/api/common/calling/page?tableCode=DATA_INNOVATION
469,DATA_INNOVATION,创新成果-数据创新成果,30,240,32,API产品,DATA,股东信息查询服务,北京数据集团公共数据开发有限公司,本产品面向企业经营管理、合规风控、信贷审核场景，为企业客户便捷查询出资比例、认缴出资，实现数据快速获取与核验。应用于企业经营管理、合规风控、信贷审核等领域，能有效提升查询效率，简化业务流程，保障数据规范透明，降低管理差错与合规风险。,API产品,"S,J",,2026-04-21 18:36:05,2026-06-09 14:23:27,2026-07-28 02:01:12,0,false,https://dibj.cn/portal/api/common/calling/page?tableCode=DATA_INNOVATION
470,DATA_INNOVATION,创新成果-数据创新成果,31,239,32,API产品,DATA,企业最终受益人查询,北京数据集团公共数据开发有限公司,本产品面向企业经营管理、合规风控、信贷审核场景，为企业客户便捷查询最终受益人总数、最终受益人n拥有公司数量、最终受益等，实现数据快速获取与核验。应用于企业经营管理、合规风控、信贷审核领域，提升查询效率，简化流程，保障数据规范，降低合规风险。,API产品,"S,J",,2026-04-21 18:33:57,2026-06-09 14:23:27,2026-07-28 02:01:12,0,false,https://dibj.cn/portal/api/common/calling/page?tableCode=DATA_INNOVATION
471,DATA_INNOVATION,创新成果-数据创新成果,32,238,32,API产品,DATA,获取企业基本信息查询,北京数据集团公共数据开发有限公司,本产品面向企业经营管理、合规风控、信贷审核场景，为企业客户便捷查询公司全称、法人代表、注册资本等，实现数据快速获取与核验。应用于企业经营管理、合规风控、信贷审核等领域，能有效提升查询效率，简化业务流程，保障数据规范透明，降低管理差错与合规风险。,API产品,"S,J",,2026-04-21 18:31:47,2026-06-09 14:23:27,2026-07-28 02:01:12,0,false,https://dibj.cn/portal/api/common/calling/page?tableCode=DATA_INNOVATION
472,DATA_INNOVATION,创新成果-数据创新成果,33,237,32,API产品,DATA,企业缴纳情况指标查询,北京数据集团公共数据开发有限公司,本产品面向企业经营管理、合规风控、信贷审核场景，为企业客户智能生成标签近6个月社保缴纳金额、近6个月社保缴纳缴费基数、企业最近社保缴纳人数等，实现用户画像构建与精准分类。应用于企业经营管理、合规风控、信贷审核等领域，能有效提升标签效率，简化业务流程，保障数据规范透明，降低管理差错与合规风险。,API产品,"S,J",,2026-04-21 18:29:44,2026-06-09 14:23:27,2026-07-28 02:01:12,0,false,https://dibj.cn/portal/api/common/calling/page?tableCode=DATA_INNOVATION
473,DATA_INNOVATION,创新成果-数据创新成果,34,236,32,API产品,DATA,企业画像标签查询,北京数据集团公共数据开发有限公司,本产品面向企业经营管理、合规风控、信贷审核场景，为企业客户智能生成标签企业属性画像，企业名称、是否小微企业、企业在业状态等，实现用户画像构建与精准分类。应用于企业经营管理、合规风控、信贷审核等领域，能有效提升标签效率，简化业务流程，保障数据规范透明，降低管理差错与合规风险。,API产品,"S,J",,2026-04-21 18:22:14,2026-06-09 14:23:27,2026-07-28 02:01:12,0,false,https://dibj.cn/portal/api/common/calling/page?tableCode=DATA_INNOVATION
474,DATA_INNOVATION,创新成果-数据创新成果,35,235,32,API产品,DATA,企业不动产信息查询,北京数据集团公共数据开发有限公司,本产品面向企业经营管理、合规风控、信贷审核场景，为企业客户便捷查询总记录数、权证号、规划用途等，实现数据快速获取与核验。应用于企业经营管理、合规风控、信贷审核等领域，能有效提升查询效率，简化业务流程，保障数据规范透明，降低管理差错与合规风险。,API产品,"S,J",,2026-04-21 18:19:37,2026-06-09 14:23:27,2026-07-28 02:01:12,0,false,https://dibj.cn/portal/api/common/calling/page?tableCode=DATA_INNOVATION
475,DATA_INNOVATION,创新成果-数据创新成果,36,234,32,API产品,DATA,企业不动产核验,北京数据集团公共数据开发有限公司,本产品面向企业经营管理、合规风控、信贷审核场景，为企业客户精准核验核验结果，1-有房、2-无房、3-不存在，实现数据真实性验证与风险识别。应用于企业经营管理、合规风控、信贷审核等领域，能有效提升核验效率，简化业务流程，保障数据规范透明，降低管理差错与合规风险。,API产品,"S,J",,2026-04-21 18:14:28,2026-06-09 14:23:27,2026-07-28 02:01:12,0,false,https://dibj.cn/portal/api/common/calling/page?tableCode=DATA_INNOVATION
476,DATA_INNOVATION,创新成果-数据创新成果,37,233,32,API产品,DATA,自然人不动产信息查询,北京数据集团公共数据开发有限公司,本产品面向个人信贷申请、社保服务、身份核验场景，为个人用户及相关服务机构便捷查询总记录数、是否一般抵押、房屋性质等，实现数据快速获取与核验。应用于个人信贷申请、社保服务、身份核验等领域，能有效提升查询效率，简化业务流程，保障数据规范透明，降低管理差错与合规风险。,API产品,"S,J",,2026-04-21 18:08:08,2026-06-09 14:23:27,2026-07-28 02:01:12,0,false,https://dibj.cn/portal/api/common/calling/page?tableCode=DATA_INNOVATION
477,DATA_INNOVATION,创新成果-数据创新成果,38,232,32,API产品,DATA,自然人不动产核验,北京数据集团公共数据开发有限公司,本产品面向个人信贷申请、社保服务、身份核验场景，为个人用户及相关服务机构精准核验核验结果，1-有房、2-无房、3-不存在，实现数据真实性验证与风险识别。应用于个人信贷申请、社保服务、身份核验等领域，能有效提升核验效率，简化业务流程，保障数据规范透明，降低管理差错与合规风险。,API产品,"S,J",,2026-04-21 18:05:52,2026-06-09 14:23:27,2026-07-28 02:01:12,0,false,https://dibj.cn/portal/api/common/calling/page?tableCode=DATA_INNOVATION
478,DATA_INNOVATION,创新成果-数据创新成果,39,231,32,API产品,DATA,企业社保缴纳核验,北京数据集团公共数据开发有限公司,本产品面向企业经营管理、合规风控、信贷审核场景，为企业客户便捷查询是否符合核查规则、未缴纳社保月份，实现数据快速获取与核验。应用于企业经营管理、合规风控、信贷审核等领域，能有效提升查询效率，简化业务流程，保障数据规范透明，降低管理差错与合规风险。,API产品,"S,J",,2026-04-21 18:03:26,2026-06-09 14:23:27,2026-07-28 02:01:12,0,false,https://dibj.cn/portal/api/common/calling/page?tableCode=DATA_INNOVATION
479,DATA_INNOVATION,创新成果-数据创新成果,40,230,32,API产品,DATA,企业缴纳税额核验,北京数据集团公共数据开发有限公司,本产品面向企业经营管理、合规风控、信贷审核场景，为企业客户便捷查询是否符合核查规则、缴纳总额、税种名称等，实现数据快速获取与核验。应用于企业经营管理、合规风控、信贷审核等领域，能有效提升查询效率，简化业务流程，保障数据规范透明，降低管理差错与合规风险。,API产品,"S,J",,2026-04-21 18:01:21,2026-06-09 14:23:27,2026-07-28 02:01:12,0,false,https://dibj.cn/portal/api/common/calling/page?tableCode=DATA_INNOVATION
480,DATA_INNOVATION,创新成果-数据创新成果,41,229,32,API产品,DATA,中关村高新技术企业核验,北京数据集团公共数据开发有限公司,本产品面向企业经营管理、合规风控、信贷审核场景，为企业客户便捷查询是否符合核查规则、园区名称，实现数据快速获取与核验。应用于企业经营管理、合规风控、信贷审核等领域，能有效提升查询效率，简化业务流程，保障数据规范透明，降低管理差错与合规风险。,API产品,"S,J",,2026-04-21 17:59:14,2026-06-09 14:23:27,2026-07-28 02:01:12,0,false,https://dibj.cn/portal/api/common/calling/page?tableCode=DATA_INNOVATION
481,DATA_INNOVATION,创新成果-数据创新成果,42,228,32,API产品,DATA,企业税务征收信息查询,北京数据集团公共数据开发有限公司,本产品面向企业经营管理、合规风控、信贷审核场景，为企业客户便捷查询是否符合核查规则、所属年度、所属年度缴纳总额等，实现数据快速获取与核验。应用于企业经营管理、合规风控、信贷审核等领域，能有效提升查询效率，简化业务流程，保障数据规范透明，降低管理差错与合规风险。,API产品,"S,J",,2026-04-21 17:56:58,2026-06-09 14:23:27,2026-07-28 02:01:12,0,false,https://dibj.cn/portal/api/common/calling/page?tableCode=DATA_INNOVATION
482,DATA_INNOVATION,创新成果-数据创新成果,43,227,32,API产品,DATA,企业严重不良行为信息查询,北京数据集团公共数据开发有限公司,本产品面向企业经营管理、合规风控、信贷审核场景，为企业客户便捷查询近三年有无不良记录、记录数、类型标记（A，经营异常等，实现数据快速获取与核验。应用于企业经营管理、合规风控、信贷审核等领域，能有效提升查询效率，简化业务流程，保障数据规范透明，降低管理差错与合规风险。,API产品,"S,J",,2026-04-21 17:54:50,2026-06-09 14:23:27,2026-07-28 02:01:12,0,false,https://dibj.cn/portal/api/common/calling/page?tableCode=DATA_INNOVATION
483,DATA_INNOVATION,创新成果-数据创新成果,44,226,32,API产品,DATA,企业注册纳税地核查,北京数据集团公共数据开发有限公司,本产品面向企业经营管理、合规风控、信贷审核场景，为企业客户便捷查询企业状态、是否符合核查规则、注册地址、纳税主管税务局，实现数据快速获取与核验。应用于企业经营管理、合规风控、信贷审核等领域，能有效提升查询效率，简化业务流程，保障数据规范透明，降低管理差错与合规风险。,API产品,"S,J",,2026-04-21 17:52:47,2026-06-09 14:23:27,2026-07-28 02:01:12,0,false,https://dibj.cn/portal/api/common/calling/page?tableCode=DATA_INNOVATION
484,DATA_INNOVATION,创新成果-数据创新成果,45,225,32,API产品,DATA,企业注册登记信息查询,北京数据集团公共数据开发有限公司,本产品面向企业经营管理、合规风控、信贷审核场景，为企业客户便捷查询惩戒状态、奖励状态、企业名称等，实现数据快速获取与核验。应用于企业经营管理、合规风控、信贷审核等领域，能有效提升查询效率，简化业务流程，保障数据规范透明，降低管理差错与合规风险。,API产品,"S,J",,2026-04-21 17:50:33,2026-06-09 14:23:27,2026-07-28 02:01:12,0,false,https://dibj.cn/portal/api/common/calling/page?tableCode=DATA_INNOVATION
485,DATA_INNOVATION,创新成果-数据创新成果,46,224,32,API产品,DATA,社保单位成员缴存明细详情查询,北京数据集团公共数据开发有限公司,本产品面向个人信贷申请、社保服务、身份核验场景，为个人用户及相关服务机构便捷查询list，总记录数、开户日期、单位名称等，实现数据快速获取与核验。应用于个人信贷申请、社保服务、身份核验等领域，能有效提升查询效率，简化业务流程，保障数据规范透明，降低管理差错与合规风险。,API产品,"S,J",,2026-04-21 17:48:27,2026-06-09 14:23:27,2026-07-28 02:01:12,0,false,https://dibj.cn/portal/api/common/calling/page?tableCode=DATA_INNOVATION
486,DATA_INNOVATION,创新成果-数据创新成果,47,223,32,API产品,DATA,单位成员最近社保缴费情况查询,北京数据集团公共数据开发有限公司,本产品面向个人信贷申请、社保服务、身份核验场景，为个人用户及相关服务机构便捷查询缴费人员类别、近一个月是否有缴费、近两个月是否有缴费等，实现数据快速获取与核验。应用于个人信贷申请、社保服务、身份核验等领域，能有效提升查询效率，简化业务流程，保障数据规范透明，降低管理差错与合规风险。,API产品,"S,J",,2026-04-21 17:45:57,2026-06-09 14:23:27,2026-07-28 02:01:12,0,false,https://dibj.cn/portal/api/common/calling/page?tableCode=DATA_INNOVATION
487,DATA_INNOVATION,创新成果-数据创新成果,48,222,32,API产品,DATA,客户社保信息查询,北京数据集团公共数据开发有限公司,本产品面向个人信贷申请、社保服务、身份核验场景，为个人用户及相关服务机构便捷查询总记录数、单位名称、参保险种等，实现数据快速获取与核验。应用于个人信贷申请、社保服务、身份核验等领域，能有效提升查询效率，简化业务流程，保障数据规范透明，降低管理差错与合规风险。,API产品,"S,J",,2026-04-21 17:43:34,2026-06-09 14:23:27,2026-07-28 02:01:12,0,false,https://dibj.cn/portal/api/common/calling/page?tableCode=DATA_INNOVATION
488,DATA_INNOVATION,创新成果-数据创新成果,49,221,32,API产品,DATA,单位成员社保缴存明细查询,北京数据集团公共数据开发有限公司,本产品面向个人信贷申请、社保服务、身份核验场景，为个人用户及相关服务机构便捷查询总记录数、最近缴纳社保企业缴纳人数是否大于50人（1-是、0-否）等，实现数据快速获取与核验。应用于个人信贷申请、社保服务、身份核验等领域，能有效提升查询效率，简化业务流程，保障数据规范透明，降低管理差错与合规风险。,API产品,"S,J",,2026-04-21 17:41:18,2026-06-09 14:23:27,2026-07-28 02:01:12,0,false,https://dibj.cn/portal/api/common/calling/page?tableCode=DATA_INNOVATION
489,DATA_INNOVATION,创新成果-数据创新成果,50,220,32,API产品,DATA,企业基本评价信息查询,北京数据集团公共数据开发有限公司,本产品面向企业经营管理、合规风控、信贷审核场景，为企业客户便捷查询记录数、纳税人名称、纳税人识别号等，实现数据快速获取与核验。应用于企业经营管理、合规风控、信贷审核等领域，能有效提升查询效率，简化业务流程，保障数据规范透明，降低管理差错与合规风险。,API产品,"S,J",,2026-04-21 17:38:40,2026-06-09 14:23:27,2026-07-28 02:01:12,0,false,https://dibj.cn/portal/api/common/calling/page?tableCode=DATA_INNOVATION
490,DATA_INNOVATION,创新成果-数据创新成果,51,219,32,API产品,DATA,税收行政处罚信息核验,北京数据集团公共数据开发有限公司,本产品面向企业经营管理、合规风控、信贷审核场景，为企业客户精准核验匹配结果，实现数据真实性验证与风险识别。应用于企业经营管理、合规风控、信贷审核等领域，能有效提升核验效率，简化业务流程，保障数据规范透明，降低管理差错与合规风险。,API产品,"S,J",,2026-04-21 17:35:49,2026-06-09 14:23:27,2026-07-28 02:01:12,0,false,https://dibj.cn/portal/api/common/calling/page?tableCode=DATA_INNOVATION
491,DATA_INNOVATION,创新成果-数据创新成果,52,218,32,API产品,DATA,企业主要人员信息详情查询,北京数据集团公共数据开发有限公司,本产品面向企业经营管理、合规风控、信贷审核场景，为企业客户便捷查询总记录数、法定代表人标志、证件类型等，实现数据快速获取与核验。应用于企业经营管理、合规风控、信贷审核等领域，能有效提升查询效率，简化业务流程，保障数据规范透明，降低管理差错与合规风险。,API产品,"S,J",,2026-04-21 17:33:06,2026-06-09 14:23:27,2026-07-28 02:01:12,0,false,https://dibj.cn/portal/api/common/calling/page?tableCode=DATA_INNOVATION
492,DATA_INNOVATION,创新成果-数据创新成果,53,217,32,API产品,DATA,根据企业名称查询企业信息,北京数据集团公共数据开发有限公司,本产品面向企业经营管理、合规风控、信贷审核场景，为企业客户便捷查询企业注册号、企业类型、企业状态等，实现数据快速获取与核验。应用于企业经营管理、合规风控、信贷审核等领域，能有效提升查询效率，简化业务流程，保障数据规范透明，降低管理差错与合规风险。,API产品,"S,J",,2026-04-21 17:29:08,2026-06-09 14:23:27,2026-07-28 02:01:12,0,false,https://dibj.cn/portal/api/common/calling/page?tableCode=DATA_INNOVATION
493,DATA_INNOVATION,创新成果-数据创新成果,54,216,32,API产品,DATA,企业主要人员信息查询简版,北京数据集团公共数据开发有限公司,本产品面向企业经营管理、合规风控、信贷审核场景，为企业客户便捷查询总记录数、法定代表人标志，实现数据快速获取与核验。应用于企业经营管理、合规风控、信贷审核等领域，能有效提升查询效率，简化业务流程，保障数据规范透明，降低管理差错与合规风险。,API产品,"S,J",,2026-04-21 16:01:43,2026-06-09 14:23:27,2026-07-28 02:01:12,0,false,https://dibj.cn/portal/api/common/calling/page?tableCode=DATA_INNOVATION
494,DATA_INNOVATION,创新成果-数据创新成果,55,215,32,API产品,DATA,客户公积金信息查询,北京数据集团公共数据开发有限公司,本产品面向个人信贷申请、社保服务、身份核验场景，为个人用户及相关服务机构便捷查询单位成员账户状态、单位成员缴至年月、单位成员账户余额等，实现数据快速获取与核验。应用于个人信贷申请、社保服务、身份核验等领域，能有效提升查询效率，简化业务流程，保障数据规范透明，降低管理差错与合规风险。,API产品,"S,J",,2026-04-21 15:59:15,2026-06-09 14:23:27,2026-07-28 02:01:12,0,false,https://dibj.cn/portal/api/common/calling/page?tableCode=DATA_INNOVATION
495,DATA_INNOVATION,创新成果-数据创新成果,56,214,32,API产品,DATA,企业连续缴存公积金查询,北京数据集团公共数据开发有限公司,本产品面向企业经营管理、合规风控、信贷审核场景，为企业客户便捷查询统一社会信用代码、单位名称、最近公积金连续缴纳月份数，实现数据快速获取与核验。应用于企业经营管理、合规风控、信贷审核等领域，能有效提升查询效率，简化业务流程，保障数据规范透明，降低管理差错与合规风险。,API产品,"S,J",,2026-04-21 15:56:59,2026-06-09 14:23:27,2026-07-28 02:01:12,0,false,https://dibj.cn/portal/api/common/calling/page?tableCode=DATA_INNOVATION
496,DATA_INNOVATION,创新成果-数据创新成果,57,213,32,API产品,DATA,企业公积金缴存比例查询,北京数据集团公共数据开发有限公司,本产品面向企业经营管理、合规风控、信贷审核场景，为企业客户便捷查询统一社会信用代码、单位名称、单位缴存比例、缴至年月，实现数据快速获取与核验。应用于企业经营管理、合规风控、信贷审核等领域，能有效提升查询效率，简化业务流程，保障数据规范透明，降低管理差错与合规风险。,API产品,"S,J",,2026-04-21 15:54:43,2026-06-09 14:23:27,2026-07-28 02:01:12,0,false,https://dibj.cn/portal/api/common/calling/page?tableCode=DATA_INNOVATION
497,DATA_INNOVATION,创新成果-数据创新成果,58,212,32,API产品,DATA,企业公积金缴存规模查询,北京数据集团公共数据开发有限公司,本产品面向企业经营管理、合规风控、信贷审核场景，为企业客户便捷查询统一社会信用代码、单位名称、公积金标准月等，实现数据快速获取与核验。应用于企业经营管理、合规风控、信贷审核等领域，能有效提升查询效率，简化业务流程，保障数据规范透明，降低管理差错与合规风险。,API产品,"S,J",,2026-04-21 15:51:54,2026-06-09 14:23:27,2026-07-28 02:01:12,0,false,https://dibj.cn/portal/api/common/calling/page?tableCode=DATA_INNOVATION
498,DATA_INNOVATION,创新成果-数据创新成果,59,211,32,API产品,DATA,企业公积金单位基本信息,北京数据集团公共数据开发有限公司,本产品面向企业经营管理、合规风控、信贷审核场景，为企业客户便捷查询统一社会信用代码、单位名称、缴存状态等，实现数据快速获取与核验。应用于企业经营管理、合规风控、信贷审核等领域，能有效提升查询效率，简化业务流程，保障数据规范透明，降低管理差错与合规风险。,API产品,"S,J",,2026-04-21 15:49:42,2026-06-09 14:23:27,2026-07-28 02:01:12,0,false,https://dibj.cn/portal/api/common/calling/page?tableCode=DATA_INNOVATION
499,DATA_INNOVATION,创新成果-数据创新成果,60,210,32,API产品,DATA,企业医保缴费信息查询,北京数据集团公共数据开发有限公司,本产品面向企业经营管理、合规风控、信贷审核场景，为企业客户便捷查询总记录数、生成月份、单位统一信用代码等，实现数据快速获取与核验。应用于企业经营管理、合规风控、信贷审核等领域，能有效提升查询效率，简化业务流程，保障数据规范透明，降低管理差错与合规风险。,API产品,"S,J",,2026-04-21 15:47:39,2026-06-09 14:23:27,2026-07-28 02:01:12,0,false,https://dibj.cn/portal/api/common/calling/page?tableCode=DATA_INNOVATION
500,DATA_INNOVATION,创新成果-数据创新成果,61,208,32,API产品,DATA,单位成员社保评分模型,北京数据集团公共数据开发有限公司,本产品面向个人信贷申请、社保服务、身份核验场景，为个人用户及相关服务机构智能计算分析最近缴存单位名称、最近缴存单位社会信用代码、基准月等，实现数据建模分析与风险评估。应用于个人信贷申请、社保服务、身份核验等领域，能有效提升模型效率，简化业务流程，保障数据规范透明，降低管理差错与合规风险。,API产品,"S,J",,2026-04-21 15:40:02,2026-06-09 14:23:27,2026-07-28 02:01:12,0,false,https://dibj.cn/portal/api/common/calling/page?tableCode=DATA_INNOVATION
501,DATA_INNOVATION,创新成果-数据创新成果,62,207,32,API产品,DATA,单位成员社保画像基础信息查询,北京数据集团公共数据开发有限公司,本产品面向个人信贷申请、社保服务、身份核验场景，为个人用户及相关服务机构智能生成标签最近有社保缴费记录所在单位名称、最近有社保缴费记录等，实现用户画像构建与精准分类。应用于个人信贷申请、社保服务、身份核验领域，提升标签效率，简化流程，保障数据规范，降低合规风险。,API产品,"S,J",,2026-04-21 15:36:55,2026-06-09 14:23:27,2026-07-28 02:01:12,0,false,https://dibj.cn/portal/api/common/calling/page?tableCode=DATA_INNOVATION
502,DATA_INNOVATION,创新成果-数据创新成果,63,206,32,API产品,DATA,单位成员社保画像标签信息查询,北京数据集团公共数据开发有限公司,本产品面向个人信贷申请、社保服务、身份核验场景，为个人用户及相关服务机构智能生成标签最近有社保缴费记录所在单位名称、最近有社保缴费记录等，实现用户画像构建与精准分类。应用于个人信贷申请、社保服务、身份核验领域，提升标签效率，简化流程，保障数据规范，降低合规风险。,API产品,"S,J",,2026-04-21 15:34:39,2026-06-09 14:23:27,2026-07-28 02:01:12,0,false,https://dibj.cn/portal/api/common/calling/page?tableCode=DATA_INNOVATION
503,DATA_INNOVATION,创新成果-数据创新成果,64,205,32,API产品,DATA,社保单位成员缴存明细信息查询,北京数据集团公共数据开发有限公司,本产品面向个人信贷申请、社保服务、身份核验场景，为个人用户及相关服务机构便捷查询总记录数、单位名称、参保险种等，实现数据快速获取与核验。应用于个人信贷申请、社保服务、身份核验等领域，能有效提升查询效率，简化业务流程，保障数据规范透明，降低管理差错与合规风险。,API产品,"S,J",,2026-04-21 15:30:41,2026-06-09 14:23:27,2026-07-28 02:01:12,0,false,https://dibj.cn/portal/api/common/calling/page?tableCode=DATA_INNOVATION
504,DATA_INNOVATION,创新成果-数据创新成果,65,204,32,API产品,DATA,企业社保缴存明细信息查询,北京数据集团公共数据开发有限公司,本产品面向企业经营管理、合规风控、信贷审核场景，为企业客户便捷查询总记录数、单位统一社会信用代码、单位名称等，实现数据快速获取与核验。应用于企业经营管理、合规风控、信贷审核等领域，能有效提升查询效率，简化业务流程，保障数据规范透明，降低管理差错与合规风险。,API产品,"S,J",,2026-04-21 15:28:12,2026-06-09 14:23:27,2026-07-28 02:01:12,0,false,https://dibj.cn/portal/api/common/calling/page?tableCode=DATA_INNOVATION
505,DATA_INNOVATION,创新成果-数据创新成果,66,203,32,API产品,DATA,企业社保缴存信息查询,北京数据集团公共数据开发有限公司,本产品面向企业经营管理、合规风控、信贷审核场景，为企业客户便捷查询单位统一社会信用代码、单位名称、单位状态等，实现数据快速获取与核验。应用于企业经营管理、合规风控、信贷审核等领域，能有效提升查询效率，简化业务流程，保障数据规范透明，降低管理差错与合规风险。,API产品,"S,J",,2026-04-21 15:25:55,2026-06-09 14:23:27,2026-07-28 02:01:12,0,false,https://dibj.cn/portal/api/common/calling/page?tableCode=DATA_INNOVATION
506,DATA_INNOVATION,创新成果-数据创新成果,67,202,32,API产品,DATA,北京库-税收违法查询,北京数据集团公共数据开发有限公司,本产品面向企业经营管理、合规风控、信贷审核场景，为企业客户便捷查询总记录数、纳税人识别号、纳税人名称等，实现数据快速获取与核验。应用于企业经营管理、合规风控、信贷审核等领域，能有效提升查询效率，简化业务流程，保障数据规范透明，降低管理差错与合规风险。,API产品,"S,J",,2026-04-21 15:23:13,2026-06-09 14:23:27,2026-07-28 02:01:12,0,false,https://dibj.cn/portal/api/common/calling/page?tableCode=DATA_INNOVATION
507,DATA_INNOVATION,创新成果-数据创新成果,68,201,32,API产品,DATA,开庭公告查询,北京数据集团公共数据开发有限公司,本产品面向企业经营管理、合规风控、信贷审核场景，为企业客户便捷查询总记录数、案件编号、开庭时间等，实现数据快速获取与核验。应用于企业经营管理、合规风控、信贷审核等领域，能有效提升查询效率，简化业务流程，保障数据规范透明，降低管理差错与合规风险。,API产品,"S,J",,2026-04-21 15:20:55,2026-06-09 14:23:27,2026-07-28 02:01:12,0,false,https://dibj.cn/portal/api/common/calling/page?tableCode=DATA_INNOVATION
508,DATA_INNOVATION,创新成果-数据创新成果,69,200,32,API产品,DATA,法院公告查询,北京数据集团公共数据开发有限公司,本产品面向企业经营管理、合规风控、信贷审核场景，为企业客户便捷查询总记录数、案件编号、发布时间等，实现数据快速获取与核验。应用于企业经营管理、合规风控、信贷审核等领域，能有效提升查询效率，简化业务流程，保障数据规范透明，降低管理差错与合规风险。,API产品,"S,J",,2026-04-21 15:18:05,2026-06-09 14:23:27,2026-07-28 02:01:12,0,false,https://dibj.cn/portal/api/common/calling/page?tableCode=DATA_INNOVATION
509,DATA_INNOVATION,创新成果-数据创新成果,70,199,32,API产品,DATA,企业涉诉信息查询,北京数据集团公共数据开发有限公司,本产品面向企业经营管理、合规风控、信贷审核场景，为企业客户便捷查询总记录数、承办人、执行法院等，实现数据快速获取与核验。应用于企业经营管理、合规风控、信贷审核等领域，能有效提升查询效率，简化业务流程，保障数据规范透明，降低管理差错与合规风险。,API产品,"S,J",,2026-04-21 15:15:42,2026-06-09 14:23:27,2026-07-28 02:01:12,0,false,https://dibj.cn/portal/api/common/calling/page?tableCode=DATA_INNOVATION
510,DATA_INNOVATION,创新成果-数据创新成果,71,198,32,API产品,DATA,企业行政许可查询,北京数据集团公共数据开发有限公司,本产品面向企业经营管理、合规风控、信贷审核场景，为企业客户便捷查询总记录数、行政相对人名称、行政相对人代码_1等，实现数据快速获取与核验。应用于企业经营管理、合规风控、信贷审核等领域，能有效提升查询效率，简化业务流程，保障数据规范透明，降低管理差错与合规风险。,API产品,"S,J",,2026-04-21 15:12:42,2026-06-09 14:23:27,2026-07-28 02:01:12,0,false,https://dibj.cn/portal/api/common/calling/page?tableCode=DATA_INNOVATION
511,DATA_INNOVATION,创新成果-数据创新成果,72,197,32,API产品,DATA,严重违法信息查询,北京数据集团公共数据开发有限公司,本产品面向企业经营管理、合规风控、信贷审核场景，为企业客户便捷查询总记录数、行政相对人名称、行政相对人代码_1等，实现数据快速获取与核验。应用于企业经营管理、合规风控、信贷审核等领域，能有效提升查询效率，简化业务流程，保障数据规范透明，降低管理差错与合规风险。,API产品,"S,J",,2026-04-21 15:09:29,2026-06-09 14:23:27,2026-07-28 02:01:12,0,false,https://dibj.cn/portal/api/common/calling/page?tableCode=DATA_INNOVATION
512,DATA_INNOVATION,创新成果-数据创新成果,73,196,32,API产品,DATA,行政处罚信息查询,北京数据集团公共数据开发有限公司,本产品面向企业经营管理、合规风控、信贷审核场景，为企业客户便捷查询总记录数、行政处罚决定书文号、当事人姓名等，实现数据快速获取与核验。应用于企业经营管理、合规风控、信贷审核等领域，能有效提升查询效率，简化业务流程，保障数据规范透明，降低管理差错与合规风险。,API产品,"S,J",,2026-04-21 15:07:07,2026-06-09 14:23:27,2026-07-28 02:01:12,0,false,https://dibj.cn/portal/api/common/calling/page?tableCode=DATA_INNOVATION
513,DATA_INNOVATION,创新成果-数据创新成果,74,195,32,API产品,DATA,市级采购更正公告信息查询,91110112MAKAC81G75,本产品面向企业经营管理、合规风控、信贷审核场景，为企业客户便捷查询总记录数、公告编号、公告标题等，实现数据快速获取与核验。应用于企业经营管理、合规风控、信贷审核等领域，能有效提升查询效率，简化业务流程，保障数据规范透明，降低管理差错与合规风险。,API产品,"S,J",,2026-04-21 15:04:08,2026-06-09 14:23:27,2026-07-28 02:01:12,0,false,https://dibj.cn/portal/api/common/calling/page?tableCode=DATA_INNOVATION
514,DATA_INNOVATION,创新成果-数据创新成果,75,194,32,API产品,DATA,市级采购废标公告信息查询,北京数据集团公共数据开发有限公司,本产品面向企业经营管理、合规风控、信贷审核场景，为企业客户便捷查询总记录数、公告编号、公告标题等，实现数据快速获取与核验。应用于企业经营管理、合规风控、信贷审核等领域，能有效提升查询效率，简化业务流程，保障数据规范透明，降低管理差错与合规风险。,API产品,"S,J",,2026-04-21 15:01:18,2026-06-09 14:23:27,2026-07-28 02:01:12,0,false,https://dibj.cn/portal/api/common/calling/page?tableCode=DATA_INNOVATION
515,DATA_INNOVATION,创新成果-数据创新成果,76,193,32,API产品,DATA,区级政府采购合同附件信息查询,北京数据集团公共数据开发有限公司,本产品面向企业经营管理、合规风控、信贷审核场景，为企业客户便捷查询总记录数、企业名称、合同编号等，实现数据快速获取与核验。应用于企业经营管理、合规风控、信贷审核等领域，能有效提升查询效率，简化业务流程，保障数据规范透明，降低管理差错与合规风险。,API产品,"S,J",,2026-04-21 14:56:06,2026-06-09 14:23:27,2026-07-28 02:01:12,0,false,https://dibj.cn/portal/api/common/calling/page?tableCode=DATA_INNOVATION
516,DATA_INNOVATION,创新成果-数据创新成果,77,192,32,API产品,DATA,市级政府采购合同附件信息查询,北京数据集团公共数据开发有限公司,本产品面向企业经营管理、合规风控、信贷审核场景，为企业客户便捷查询总记录数、企业名称、合同编号等，实现数据快速获取与核验。应用于企业经营管理、合规风控、信贷审核等领域，能有效提升查询效率，简化业务流程，保障数据规范透明，降低管理差错与合规风险。,API产品,"S,J",,2026-04-21 14:41:50,2026-06-09 14:23:27,2026-07-28 02:01:12,0,false,https://dibj.cn/portal/api/common/calling/page?tableCode=DATA_INNOVATION
517,DATA_INNOVATION,创新成果-数据创新成果,78,191,32,API产品,DATA,区级政府采购合同签订信息查询,北京数据集团公共数据开发有限公司,本产品面向企业经营管理、合规风控、信贷审核场景，为企业客户便捷查询总记录数、合同备案日期、合同签订日期等，实现数据快速获取与核验。应用于企业经营管理、合规风控、信贷审核等领域，能有效提升查询效率，简化业务流程，保障数据规范透明，降低管理差错与合规风险。,API产品,"S,J",,2026-04-21 14:39:02,2026-06-09 14:23:27,2026-07-28 02:01:12,0,false,https://dibj.cn/portal/api/common/calling/page?tableCode=DATA_INNOVATION
518,DATA_INNOVATION,创新成果-数据创新成果,79,190,32,API产品,DATA,市级政府采购合同信息查询,北京数据集团公共数据开发有限公司,本产品面向企业经营管理、合规风控、信贷审核场景，为企业客户便捷查询总记录数、合同备案日期、合同签订日期等，实现数据快速获取与核验。应用于企业经营管理、合规风控、信贷审核等领域，能有效提升查询效率，简化业务流程，保障数据规范透明，降低管理差错与合规风险。,API产品,"S,J",,2026-04-21 14:35:59,2026-06-09 14:23:27,2026-07-28 02:01:12,0,false,https://dibj.cn/portal/api/common/calling/page?tableCode=DATA_INNOVATION
519,DATA_INNOVATION,创新成果-数据创新成果,80,189,32,API产品,DATA,市级政府采购中标信息查询,北京数据集团公共数据开发有限公司,本产品面向企业经营管理、合规风控、信贷审核场景，为企业客户便捷查询总记录数、中标公告编号、中标公告日期等，实现数据快速获取与核验。应用于企业经营管理、合规风控、信贷审核等领域，能有效提升查询效率，简化业务流程，保障数据规范透明，降低管理差错与合规风险。,API产品,"S,J",,2026-04-21 14:32:51,2026-06-09 14:23:27,2026-07-28 02:01:12,0,false,https://dibj.cn/portal/api/common/calling/page?tableCode=DATA_INNOVATION
520,DATA_INNOVATION,创新成果-数据创新成果,81,188,32,API产品,DATA,区级政府采购中标信息查询,北京数据集团公共数据开发有限公司,本产品面向企业经营管理、合规风控、信贷审核场景，为企业客户便捷查询总记录数、中标公告编号、中标公告日期等信息，实现数据快速获取与核验。应用于企业经营管理、合规风控、信贷审核等领域，能有效提升查询效率，简化业务流程，保障数据规范透明，降低管理差错与合规风险。,API产品,"S,J",,2026-04-21 10:10:50,2026-06-09 14:23:27,2026-07-28 02:01:12,0,false,https://dibj.cn/portal/api/common/calling/page?tableCode=DATA_INNOVATION
521,DATA_INNOVATION,创新成果-数据创新成果,82,185,32,API产品,DATA,印花税征收信息查询,北京数据集团公共数据开发有限公司,本产品面向企业经营管理、合规风控、信贷审核场景，为企业客户便捷查询总记录数、纳税人识别号、企业名称等，实现数据快速获取与核验。应用于企业经营管理、合规风控、信贷审核等领域，能有效提升查询效率，简化业务流程，保障数据规范透明，降低管理差错与合规风险。,API产品,"S,J",,2026-04-21 09:59:15,2026-06-09 14:23:27,2026-07-28 02:01:12,0,false,https://dibj.cn/portal/api/common/calling/page?tableCode=DATA_INNOVATION
522,DATA_INNOVATION,创新成果-数据创新成果,83,184,32,API产品,DATA,消费税征收信息查询,北京数据集团公共数据开发有限公司,本产品面向企业经营管理、合规风控、信贷审核场景，为企业客户便捷查询总记录数、纳税人识别号、企业名称等，实现数据快速获取与核验。应用于企业经营管理、合规风控、信贷审核等领域，能有效提升查询效率，简化业务流程，保障数据规范透明，降低管理差错与合规风险。,API产品,"S,J",,2026-04-21 09:56:02,2026-06-09 14:23:27,2026-07-28 02:01:12,0,false,https://dibj.cn/portal/api/common/calling/page?tableCode=DATA_INNOVATION
523,DATA_INNOVATION,创新成果-数据创新成果,84,183,32,API产品,DATA,城市维护建设税征收信息查询,北京数据集团公共数据开发有限公司,本产品面向企业经营管理、合规风控、信贷审核场景，为企业客户便捷查询总记录数、纳税人识别号、企业名称等，实现数据快速获取与核验。应用于企业经营管理、合规风控、信贷审核等领域，能有效提升查询效率，简化业务流程，保障数据规范透明，降低管理差错与合规风险。,API产品,"S,J",,2026-04-21 09:52:18,2026-06-09 14:23:27,2026-07-28 02:01:12,0,false,https://dibj.cn/portal/api/common/calling/page?tableCode=DATA_INNOVATION
524,DATA_INNOVATION,创新成果-数据创新成果,85,182,32,API产品,DATA,车辆购置税征收信息查询,北京数据集团公共数据开发有限公司,本产品面向企业经营管理、合规风控、信贷审核场景，为企业客户便捷查询总记录数、纳税人识别号、企业名称等，实现数据快速获取与核验。应用于企业经营管理、合规风控、信贷审核等领域，能有效提升查询效率，简化业务流程，保障数据规范透明，降低管理差错与合规风险。,API产品,"S,J",,2026-04-21 09:49:29,2026-06-09 14:23:27,2026-07-28 02:01:12,0,false,https://dibj.cn/portal/api/common/calling/page?tableCode=DATA_INNOVATION
525,DATA_INNOVATION,创新成果-数据创新成果,86,181,32,API产品,DATA,车船税征收信息查询,北京数据集团公共数据开发有限公司,本产品面向企业经营管理、合规风控、信贷审核场景，为企业客户便捷查询总记录数、纳税人识别号、企业名称等，实现数据快速获取与核验。应用于企业经营管理、合规风控、信贷审核等领域，能有效提升查询效率，简化业务流程，保障数据规范透明，降低管理差错与合规风险。,API产品,"S,J",,2026-04-21 09:47:08,2026-06-09 14:23:27,2026-07-28 02:01:12,0,false,https://dibj.cn/portal/api/common/calling/page?tableCode=DATA_INNOVATION
526,DATA_INNOVATION,创新成果-数据创新成果,87,180,32,API产品,DATA,城镇土地使用税征收信息查询,北京数据集团公共数据开发有限公司,本产品面向企业经营管理、合规风控、信贷审核场景，为企业客户便捷查询总记录数、纳税人识别号、企业名称等，实现数据快速获取与核验。应用于企业经营管理、合规风控、信贷审核等领域，能有效提升查询效率，简化业务流程，保障数据规范透明，降低管理差错与合规风险。,API产品,"S,J",,2026-04-21 09:44:11,2026-06-09 14:23:27,2026-07-28 02:01:12,0,false,https://dibj.cn/portal/api/common/calling/page?tableCode=DATA_INNOVATION
527,DATA_INNOVATION,创新成果-数据创新成果,88,179,32,API产品,DATA,耕地占用税征收信息查询,北京数据集团公共数据开发有限公司,本产品面向企业经营管理、合规风控、信贷审核场景，为企业客户便捷查询总记录数、纳税人识别号、企业名称等，实现数据快速获取与核验。应用于企业经营管理、合规风控、信贷审核等领域，能有效提升查询效率，简化业务流程，保障数据规范透明，降低管理差错与合规风险。,API产品,"S,J",,2026-04-21 09:40:08,2026-06-09 14:23:27,2026-07-28 02:01:12,0,false,https://dibj.cn/portal/api/common/calling/page?tableCode=DATA_INNOVATION
528,DATA_INNOVATION,创新成果-数据创新成果,89,178,32,API产品,DATA,税收行政处罚信息查询,北京数据集团公共数据开发有限公司,本产品面向企业经营管理、合规风控、信贷审核场景，为企业客户便捷查询总记录数、处罚结果、决定书编号等，实现数据快速获取与核验。应用于企业经营管理、合规风控、信贷审核等领域，能有效提升查询效率，简化业务流程，保障数据规范透明，降低管理差错与合规风险。,API产品,"S,J",,2026-04-21 09:37:23,2026-06-09 14:23:27,2026-07-28 02:01:12,0,false,https://dibj.cn/portal/api/common/calling/page?tableCode=DATA_INNOVATION
529,DATA_INNOVATION,创新成果-数据创新成果,90,177,32,API产品,DATA,欠税公告信息查询,北京数据集团公共数据开发有限公司,本产品面向企业经营管理、合规风控、信贷审核场景，为企业客户便捷查询总记录数、纳税人名称、纳税人识别号等，实现数据快速获取与核验。应用于企业经营管理、合规风控、信贷审核等领域，能有效提升查询效率，简化业务流程，保障数据规范透明，降低管理差错与合规风险。,API产品,"S,J",,2026-04-21 09:33:49,2026-06-09 14:23:27,2026-07-28 02:01:12,0,false,https://dibj.cn/portal/api/common/calling/page?tableCode=DATA_INNOVATION
530,DATA_INNOVATION,创新成果-数据创新成果,91,176,32,API产品,DATA,房产税征收信息查询,北京数据集团公共数据开发有限公司,本产品面向企业经营管理、合规风控、信贷审核场景，为企业客户便捷查询总记录数纳税人识别号、企业名称、入库金额（区间）、税种名称，实现数据快速获取与核验。应用于企业经营管理、合规风控、信贷审核等领域，能有效提升查询效率，简化业务流程，保障数据规范透明，降低管理差错与合规风险。,API产品,"S,J",,2026-04-21 09:31:30,2026-06-09 14:23:27,2026-07-28 02:01:12,0,false,https://dibj.cn/portal/api/common/calling/page?tableCode=DATA_INNOVATION
531,DATA_INNOVATION,创新成果-数据创新成果,92,175,32,API产品,DATA,环境保护税征收信息查询,北京数据集团公共数据开发有限公司,本产品面向企业经营管理、合规风控、信贷审核场景，为企业客户便捷查询总记录数纳税人识别号、企业名称、入库金额（区间）、税种名称，实现数据快速获取与核验。应用于企业经营管理、合规风控、信贷审核等领域，能有效提升查询效率，简化业务流程，保障数据规范透明，降低管理差错与合规风险。,API产品,"S,J",,2026-04-21 09:28:39,2026-06-09 14:23:27,2026-07-28 02:01:12,0,false,https://dibj.cn/portal/api/common/calling/page?tableCode=DATA_INNOVATION
532,DATA_INNOVATION,创新成果-数据创新成果,93,174,32,API产品,DATA,契税征收信息查询,北京数据集团公共数据开发有限公司,本产品面向企业经营管理、合规风控、信贷审核场景，为企业客户便捷查询总记录数、纳税人识别号、企业名称等，实现数据快速获取与核验。应用于企业经营管理、合规风控、信贷审核等领域，能有效提升查询效率，简化业务流程，保障数据规范透明，降低管理差错与合规风险。,API产品,"S,J",,2026-04-21 09:20:38,2026-06-09 14:23:27,2026-07-28 02:01:12,0,false,https://dibj.cn/portal/api/common/calling/page?tableCode=DATA_INNOVATION
533,DATA_INNOVATION,创新成果-数据创新成果,94,173,32,API产品,DATA,资源税征收信息查询 ,北京数据集团公共数据开发有限公司,本产品面向企业经营管理、合规风控、信贷审核场景，为企业客户便捷查询总记录数、纳税人识别号、企业名称等，实现数据快速获取与核验。应用于企业经营管理、合规风控、信贷审核等领域，能有效提升查询效率，简化业务流程，保障数据规范透明，降低管理差错与合规风险。,API产品,"S,J",,2026-04-21 09:18:01,2026-06-09 14:23:27,2026-07-28 02:01:12,0,false,https://dibj.cn/portal/api/common/calling/page?tableCode=DATA_INNOVATION
534,DATA_INNOVATION,创新成果-数据创新成果,95,172,32,API产品,DATA,土地增值税征收信息查询,北京数据集团公共数据开发有限公司,本产品面向企业经营管理、合规风控、信贷审核场景，为企业客户便捷查询总记录数、纳税人识别号、企业名称等，实现数据快速获取与核验。应用于企业经营管理、合规风控、信贷审核等领域，能有效提升查询效率，简化业务流程，保障数据规范透明，降低管理差错与合规风险。,API产品,S,,2026-04-21 09:15:16,2026-06-09 14:23:27,2026-07-28 02:01:12,0,false,https://dibj.cn/portal/api/common/calling/page?tableCode=DATA_INNOVATION
535,DATA_INNOVATION,创新成果-数据创新成果,96,171,32,API产品,DATA,企业增值税征收信息查询,北京数据集团公共数据开发有限公司,本产品面向企业经营管理、合规风控、信贷审核场景，为企业客户便捷查询总记录数、纳税人识别号、企业名称等，实现数据快速获取与核验。应用于企业经营管理、合规风控、信贷审核等领域，能有效提升查询效率，简化业务流程，保障数据规范透明，降低管理差错与合规风险。,API产品,"S,J",,2026-04-21 09:12:25,2026-06-09 14:23:27,2026-07-28 02:01:12,0,false,https://dibj.cn/portal/api/common/calling/page?tableCode=DATA_INNOVATION
536,DATA_INNOVATION,创新成果-数据创新成果,97,170,32,API产品,DATA,企业所得税征收信息查询,北京数据集团公共数据开发有限公司,本产品面向企业经营管理、合规风控、信贷审核场景，为企业客户便捷查询总记录数、纳税人识别号、企业名称等，实现数据快速获取与核验。应用于企业经营管理、合规风控、信贷审核等领域，能有效提升查询效率，简化业务流程，保障数据规范透明，降低管理差错与合规风险。,API产品,"S,J",,2026-04-20 17:33:59,2026-06-09 14:23:27,2026-07-28 02:01:12,0,false,https://dibj.cn/portal/api/common/calling/page?tableCode=DATA_INNOVATION
537,DATA_INNOVATION,创新成果-数据创新成果,98,168,32,API产品,DATA,企业主要人员信息核验,北京数据集团公共数据开发有限公司,本产品面向企业经营管理、合规风控、信贷审核场景，为企业客户精准核验匹配结果、1-匹配、0-不匹配，实现数据真实性验证与风险识别。应用于企业经营管理、合规风控、信贷审核等领域，能有效提升核验效率，简化业务流程，保障数据规范透明，降低管理差错与合规风险。,API产品,"S,J",,2026-04-20 17:26:56,2026-06-09 14:23:27,2026-07-28 02:01:12,0,false,https://dibj.cn/portal/api/common/calling/page?tableCode=DATA_INNOVATION
538,DATA_INNOVATION,创新成果-数据创新成果,99,167,32,API产品,DATA,北京库-纳税A级企业核查,北京数据集团公共数据开发有限公司,本产品面向企业经营管理、合规风控、信贷审核场景，为企业客户精准核验匹配结果、1-匹配、0-不匹配，实现数据真实性验证与风险识别。应用于企业经营管理、合规风控、信贷审核等领域，能有效提升核验效率，简化业务流程，保障数据规范透明，降低管理差错与合规风险。,API产品,"S,J",,2026-04-20 17:23:43,2026-06-09 14:23:27,2026-07-28 02:01:12,0,false,https://dibj.cn/portal/api/common/calling/page?tableCode=DATA_INNOVATION
539,DATA_INNOVATION,创新成果-数据创新成果,100,166,32,API产品,DATA,北京市人民政府质量管理奖信息查询,北京数据集团公共数据开发有限公司,本产品面向企业经营管理、合规风控、信贷审核场景，为企业客户便捷查询企业名称、所在区/园区、证书编号，实现数据快速获取与核验。应用于企业经营管理、合规风控、信贷审核等领域，能有效提升查询效率，简化业务流程，保障数据规范透明，降低管理差错与合规风险。,API产品,"S,J",,2026-04-20 17:20:28,2026-06-09 14:23:27,2026-07-28 02:01:12,0,false,https://dibj.cn/portal/api/common/calling/page?tableCode=DATA_INNOVATION
540,DATA_INNOVATION,创新成果-数据创新成果,101,165,32,API产品,DATA,高新企业信息查询,北京数据集团公共数据开发有限公司,本产品面向企业经营管理、合规风控、信贷审核场景，为企业客户便捷查询企业名称、所在区/园区、证书编号，实现数据快速获取与核验。应用于企业经营管理、合规风控、信贷审核等领域，能有效提升查询效率，简化业务流程，保障数据规范透明，降低管理差错与合规风险。,API产品,"S,J",,2026-04-20 17:17:35,2026-06-09 14:23:27,2026-07-28 02:01:12,0,false,https://dibj.cn/portal/api/common/calling/page?tableCode=DATA_INNOVATION
541,DATA_INNOVATION,创新成果-数据创新成果,102,164,32,API产品,DATA,监护关系核验,北京数据集团公共数据开发有限公司,本产品面向个人信贷申请、社保服务、身份核验场景，为个人用户及相关服务机构便捷查询办理人与户主的关系、未成年人与户主的关系、办理人与未成年人是否同户等，实现数据快速获取与核验。应用于个人信贷申请、社保服务、身份核验等领域，能有效提升查询效率，简化业务流程，保障数据规范透明，降低管理差错与合规风险。,API产品,"S,J",,2026-04-20 16:59:53,2026-06-09 14:23:27,2026-07-28 02:01:12,0,false,https://dibj.cn/portal/api/common/calling/page?tableCode=DATA_INNOVATION
542,DATA_INNOVATION,创新成果-数据创新成果,103,163,32,API产品,DATA,市级单一来源公告信息查询,北京数据集团公共数据开发有限公司,本产品面向企业经营管理、合规风控、信贷审核场景，为企业客户便捷查询总记录数、公告编号、单一来源公告标题等，实现数据快速获取与核验。应用于企业经营管理、合规风控、信贷审核等领域，能有效提升查询效率，简化业务流程，保障数据规范透明，降低管理差错与合规风险。,API产品,"S,J",,2026-04-20 16:57:56,2026-06-09 14:23:27,2026-07-28 02:01:12,0,false,https://dibj.cn/portal/api/common/calling/page?tableCode=DATA_INNOVATION
543,DATA_INNOVATION,创新成果-数据创新成果,104,162,32,API产品,DATA,股权出质信息查询,北京数据集团公共数据开发有限公司,本产品面向企业经营管理、合规风控、信贷审核场景，为企业客户便捷查询总记录数、质权登记编号、股权类型等，实现数据快速获取与核验。应用于企业经营管理、合规风控、信贷审核等领域，能有效提升查询效率，简化业务流程，保障数据规范透明，降低管理差错与合规风险。,API产品,"S,J",,2026-04-20 16:55:46,2026-06-09 14:23:27,2026-07-28 02:01:12,0,false,https://dibj.cn/portal/api/common/calling/page?tableCode=DATA_INNOVATION
544,DATA_INNOVATION,创新成果-数据创新成果,105,161,32,API产品,DATA,北京库经营异常信息查询,北京数据集团公共数据开发有限公司,本产品面向企业经营管理、合规风控、信贷审核场景，为企业客户便捷查询企业注册代码、列入文书号、列入原因等，实现数据快速获取与核验。应用于企业经营管理、合规风控、信贷审核等领域，能有效提升查询效率，简化业务流程，保障数据规范透明，降低管理差错与合规风险。,API产品,"S,J",,2026-04-20 16:54:13,2026-06-09 14:23:27,2026-07-28 02:01:12,0,false,https://dibj.cn/portal/api/common/calling/page?tableCode=DATA_INNOVATION
545,DATA_INNOVATION,创新成果-数据创新成果,106,160,32,API产品,DATA,分支机构查询详版,北京数据集团公共数据开发有限公司,本产品面向企业经营管理、合规风控、信贷审核场景，为企业客户便捷查询总记录数、分支机构名称、分支机构统一社会信用代码等，实现数据快速获取与核验。应用于企业经营管理、合规风控、信贷审核等领域，能有效提升查询效率，简化业务流程，保障数据规范透明，降低管理差错与合规风险。,API产品,"S,J",,2026-04-20 16:51:37,2026-06-09 14:23:27,2026-07-28 02:01:12,0,false,https://dibj.cn/portal/api/common/calling/page?tableCode=DATA_INNOVATION
546,DATA_INNOVATION,创新成果-数据创新成果,107,159,32,API产品,DATA,企业变更记录查询,北京数据集团公共数据开发有限公司,本产品面向企业经营管理、合规风控、信贷审核场景，为企业客户便捷查询总记录数、变更日期、变更事项等，实现数据快速获取与核验。应用于企业经营管理、合规风控、信贷审核等领域，能有效提升查询效率，简化业务流程，保障数据规范透明，降低管理差错与合规风险。,API产品,"S,J",,2026-04-20 16:49:55,2026-06-09 14:23:27,2026-07-28 02:01:12,0,false,https://dibj.cn/portal/api/common/calling/page?tableCode=DATA_INNOVATION
547,DATA_INNOVATION,创新成果-数据创新成果,108,158,32,API产品,DATA,企业对外投资信息查询,北京数据集团公共数据开发有限公司,本产品面向企业经营管理、合规风控、信贷审核场景，为企业客户便捷查询总记录数、被投资企业名称、法定代表人等，实现数据快速获取与核验。应用于企业经营管理、合规风控、信贷审核等领域，能有效提升查询效率，简化业务流程，保障数据规范透明，降低管理差错与合规风险。,API产品,"S,J",,2026-04-20 16:48:24,2026-06-09 14:23:27,2026-07-28 02:01:12,0,false,https://dibj.cn/portal/api/common/calling/page?tableCode=DATA_INNOVATION
548,DATA_INNOVATION,创新成果-数据创新成果,109,157,32,API产品,DATA,小微企业信息核查,北京数据集团公共数据开发有限公司,本产品面向企业经营管理、合规风控、信贷审核场景，为企业客户精准核验匹配结果、1-是、0-不是，实现数据真实性验证与风险识别。应用于企业经营管理、合规风控、信贷审核等领域，能有效提升核验效率，简化业务流程，保障数据规范透明，降低管理差错与合规风险。,API产品,"S,J",,2026-04-20 16:46:58,2026-06-09 14:23:27,2026-07-28 02:01:12,0,false,https://dibj.cn/portal/api/common/calling/page?tableCode=DATA_INNOVATION
549,DATA_INNOVATION,创新成果-数据创新成果,110,156,32,API产品,DATA,投资人分期缴付信息查询,北京数据集团公共数据开发有限公司,本产品面向企业经营管理、合规风控、信贷审核场景，为企业客户便捷查询总记录数、投资人名称、出资额等，实现数据快速获取与核验。应用于企业经营管理、合规风控、信贷审核等领域，能有效提升查询效率，简化业务流程，保障数据规范透明，降低管理差错与合规风险。,API产品,"S,J",,2026-04-20 16:45:40,2026-06-09 14:23:27,2026-07-28 02:01:12,0,false,https://dibj.cn/portal/api/common/calling/page?tableCode=DATA_INNOVATION
550,DATA_INNOVATION,创新成果-数据创新成果,111,155,32,API产品,DATA,企业投资人信息查询,北京数据集团公共数据开发有限公司,本产品面向企业经营管理、合规风控、信贷审核场景，为企业客户便捷查询总记录数、投资人名称、法人股东证照编号等，实现数据快速获取与核验。应用于企业经营管理、合规风控、信贷审核等领域，能有效提升查询效率，简化业务流程，保障数据规范透明，降低管理差错与合规风险。,API产品,"S,J",,2026-04-20 16:44:00,2026-06-09 14:23:27,2026-07-28 02:01:12,0,false,https://dibj.cn/portal/api/common/calling/page?tableCode=DATA_INNOVATION
551,DATA_INNOVATION,创新成果-数据创新成果,112,154,32,API产品,DATA,企业高管信息查询,北京数据集团公共数据开发有限公司,本产品面向企业经营管理、合规风控、信贷审核场景，为企业客户便捷查询总记录数，实现数据快速获取与核验。应用于企业经营管理、合规风控、信贷审核等领域，能有效提升查询效率，简化业务流程，保障数据规范透明，降低管理差错与合规风险。,API产品,"S,J",,2026-04-20 16:42:18,2026-06-09 14:23:27,2026-07-28 02:01:12,0,false,https://dibj.cn/portal/api/common/calling/page?tableCode=DATA_INNOVATION
552,DATA_INNOVATION,创新成果-数据创新成果,113,153,32,API产品,DATA,企业基本信息查询,北京数据集团公共数据开发有限公司,本产品面向企业经营管理、合规风控、信贷审核场景，为企业客户便捷查询企业注册号、企业类型、企业状态等，实现数据快速获取与核验。应用于企业经营管理、合规风控、信贷审核等领域，能有效提升查询效率，简化业务流程，保障数据规范透明，降低管理差错与合规风险。,API产品,"S,J",,2026-04-20 16:40:46,2026-06-09 14:23:27,2026-07-28 02:01:12,0,false,https://dibj.cn/portal/api/common/calling/page?tableCode=DATA_INNOVATION
553,DATA_INNOVATION,创新成果-数据创新成果,114,152,32,API产品,DATA,企业二要素核验,北京数据集团公共数据开发有限公司,本产品面向企业经营管理、合规风控、信贷审核场景，为企业客户智能计算分析匹配结果、1-匹配、0-不匹配，实现数据建模分析与风险评估。应用于企业经营管理、合规风控、信贷审核等领域，能有效提升模型效率，简化业务流程，保障数据规范透明，降低管理差错与合规风险。,API产品,"S,J",,2026-04-20 16:36:38,2026-06-09 14:23:27,2026-07-28 02:01:12,0,false,https://dibj.cn/portal/api/common/calling/page?tableCode=DATA_INNOVATION
554,DATA_INNOVATION,创新成果-数据创新成果,115,151,32,API产品,DATA,单位成员最近一次公积金缴费情况详版,北京数据集团公共数据开发有限公司,本产品面向个人信贷申请、社保服务、身份核验场景，为个人用户及相关服务机构智能计算分析最近一次公积金缴费基数、最近有公积金缴纳记录日期等，实现数据建模分析与风险评估。应用于个人信贷申请、社保服务、身份核验领域，提升模型效率，简化流程，保障数据规范，降低合规风险。,API产品,J,,2026-04-20 16:34:57,2026-06-09 14:23:27,2026-07-28 02:01:12,0,false,https://dibj.cn/portal/api/common/calling/page?tableCode=DATA_INNOVATION
555,DATA_INNOVATION,创新成果-数据创新成果,116,150,32,API产品,DATA,单位成员最近一次公积金缴费情况简版,北京数据集团公共数据开发有限公司,本产品面向个人信贷申请、社保服务、身份核验场景，为个人用户及相关服务机构智能计算分析最近一次公积金缴费基数、最近有公积金缴纳记录日期，实现数据建模分析与风险评估。应用于个人信贷申请、社保服务、身份核验等领域，能有效提升模型效率，简化业务流程，保障数据规范透明，降低管理差错与合规风险。,API产品,J,,2026-04-20 16:33:27,2026-06-09 14:23:27,2026-07-28 02:01:12,0,false,https://dibj.cn/portal/api/common/calling/page?tableCode=DATA_INNOVATION
556,DATA_INNOVATION,创新成果-数据创新成果,117,149,32,API产品,DATA,单位成员公积金评分模型,北京数据集团公共数据开发有限公司,本产品面向个人信贷申请、社保服务、身份核验场景，为个人用户及相关服务机构智能计算分析最近缴存单位名称、最近缴存单位社会信用代码、基准月等，实现数据建模分析与风险评估。应用于个人信贷申请、社保服务、身份核验等领域，能有效提升模型效率，简化业务流程，保障数据规范透明，降低管理差错与合规风险。,API产品,J,,2026-04-20 16:31:22,2026-06-09 14:23:27,2026-07-28 02:01:12,0,false,https://dibj.cn/portal/api/common/calling/page?tableCode=DATA_INNOVATION
557,DATA_INNOVATION,创新成果-数据创新成果,118,148,32,API产品,DATA,单位成员公积金单位信息查询,北京数据集团公共数据开发有限公司,本产品面向企业经营管理、合规风控、信贷审核场景，为企业客户便捷查询公积金单位登记号、统一社会信用代码、单位性质等，实现数据快速获取与核验。应用于企业经营管理、合规风控、信贷审核等领域，能有效提升查询效率，简化业务流程，保障数据规范透明，降低管理差错与合规风险。,API产品,J,,2026-04-20 16:22:41,2026-06-09 14:23:27,2026-07-28 02:01:12,0,false,https://dibj.cn/portal/api/common/calling/page?tableCode=DATA_INNOVATION
558,DATA_INNOVATION,创新成果-数据创新成果,119,147,32,API产品,DATA,单位成员住房公积金缴存总账信息查询,北京数据集团公共数据开发有限公司,本产品面向个人信贷申请、社保服务、身份核验场景，为个人用户及相关服务机构便捷查询单位缴存额、缴存人账户当前余额、缴存人缴存基数等，实现数据快速获取与核验。应用于个人信贷申请、社保服务、身份核验等领域，能有效提升查询效率，简化业务流程，保障数据规范透明，降低管理差错与合规风险。,API产品,J,,2026-04-20 16:18:45,2026-06-09 14:23:27,2026-07-28 02:01:12,0,false,https://dibj.cn/portal/api/common/calling/page?tableCode=DATA_INNOVATION
559,DATA_INNOVATION,创新成果-数据创新成果,120,146,32,API产品,DATA,企业公积金行政处罚信息查询,北京数据集团公共数据开发有限公司,本产品面向企业经营管理、合规风控、信贷审核场景，为企业客户便捷查询总记录数、行政相对人名称、行政相对人代码等，实现数据快速获取与核验。应用于企业经营管理、合规风控、信贷审核等领域，能有效提升查询效率，简化业务流程，保障数据规范透明，降低管理差错与合规风险。,API产品,J,,2026-04-20 16:16:47,2026-06-09 14:23:27,2026-07-28 02:01:12,0,false,https://dibj.cn/portal/api/common/calling/page?tableCode=DATA_INNOVATION
560,DATA_INNOVATION,创新成果-数据创新成果,121,145,32,API产品,DATA,公积金不良企业信息查询,北京数据集团公共数据开发有限公司,本产品面向企业经营管理、合规风控、信贷审核场景，为企业客户便捷查询总记录数、违规单位名称、统一社会信用代码、违规情况，实现数据快速获取与核验。应用于企业经营管理、合规风控、信贷审核等领域，能有效提升查询效率，简化业务流程，保障数据规范透明，降低管理差错与合规风险。,API产品,J,,2026-04-20 16:14:46,2026-06-09 14:23:27,2026-07-28 02:01:12,0,false,https://dibj.cn/portal/api/common/calling/page?tableCode=DATA_INNOVATION
561,DATA_INNOVATION,创新成果-数据创新成果,122,144,32,API产品,DATA,企业公积金缴存明细信息查询,北京数据集团公共数据开发有限公司,本产品面向企业经营管理、合规风控、信贷审核场景，为企业客户便捷查询总记录数、单位统一社会信用代码、住房公积金缴存单位名称等，实现数据快速获取与核验。应用于企业经营管理、合规风控、信贷审核等领域，能有效提升查询效率，简化业务流程，保障数据规范透明，降低管理差错与合规风险。,API产品,J,,2026-04-20 16:12:55,2026-06-09 14:23:27,2026-07-28 02:01:12,0,false,https://dibj.cn/portal/api/common/calling/page?tableCode=DATA_INNOVATION
562,DATA_INNOVATION,创新成果-数据创新成果,123,143,32,API产品,DATA,企业公积金缴存信息查询,北京数据集团公共数据开发有限公司,本产品面向企业经营管理、合规风控、信贷审核场景，为企业客户便捷查询单位统一社会信用代码、住房公积金缴存单位名称、单位缴存人数等，实现数据快速获取与核验。应用于企业经营管理、合规风控、信贷审核等领域，能有效提升查询效率，简化业务流程，保障数据规范透明，降低管理差错与合规风险。,API产品,J,,2026-04-20 16:10:53,2026-06-09 14:23:27,2026-07-28 02:01:12,0,false,https://dibj.cn/portal/api/common/calling/page?tableCode=DATA_INNOVATION
563,DATA_INNOVATION,创新成果-数据创新成果,124,142,32,API产品,DATA,公积金单位成员缴存明细信息查询,北京数据集团公共数据开发有限公司,本产品面向个人信贷申请、社保服务、身份核验场景，为个人用户及相关服务机构便捷查询总记录数、单位缴存账户状态、当前缴存单位名称等，实现数据快速获取与核验。应用于个人信贷申请、社保服务、身份核验等领域，能有效提升查询效率，简化业务流程，保障数据规范透明，降低管理差错与合规风险。,API产品,J,,2026-04-20 16:08:13,2026-06-09 14:23:27,2026-07-28 02:01:12,0,false,https://dibj.cn/portal/api/common/calling/page?tableCode=DATA_INNOVATION
564,DATA_INNOVATION,创新成果-数据创新成果,125,141,32,API产品,DATA,公积金单位成员贷款信息查询,北京数据集团公共数据开发有限公司,本产品面向个人信贷申请、社保服务、身份核验场景，为个人用户及相关服务机构便捷查询贷款申请编号、借款人类型（A-主借款人、E-共同借款人等，实现数据快速获取与核验。应用于个人信贷申请、社保服务、身份核验等领域，能有效提升查询效率，简化业务流程，保障数据规范透明，降低管理差错与合规风险。,API产品,J,,2026-04-20 15:27:38,2026-06-09 14:23:27,2026-07-28 02:01:12,0,false,https://dibj.cn/portal/api/common/calling/page?tableCode=DATA_INNOVATION
565,DATA_INNOVATION,创新成果-数据创新成果,126,140,32,API产品,DATA,公积金单位成员缴存提取信息查询,北京数据集团公共数据开发有限公司,本产品面向公积金管理及企事业单位人事财务场景，可便捷查询单位成员公积金缴存基数、缴存明细与提取信息，实现人员公积金数据实时核验。应用于政务公积金管理、企业薪酬核算、员工合规办理等领域，能有效提升信息查询效率，简化对账与审核流程，保障公积金数据规范透明，降低管理差错与合规风险。,API产品,J,,2026-04-20 15:23:51,2026-06-09 14:23:27,2026-07-28 02:01:12,0,false,https://dibj.cn/portal/api/common/calling/page?tableCode=DATA_INNOVATION
566,DATA_INNOVATION,创新成果-数据创新成果,127,139,32,API产品,DATA,亲子婚育核验服务,北京数据集团公共数据开发有限公司,通过婚育状态标签化应用，可有效丰富用户画像维度，提升母婴、家庭、亲子等行业精准营销与精细化运营能力。实现品牌方对已婚、已育、新生儿家庭等群体的精准识别与定向触达，提升投放效率与转化效果，减少资源浪费。同时，严格落实数据安全与个人信息保护要求，建立脱敏、授权、审计、溯源全流程管控，确保数据应用合法合规。既释放政务数据价值，又保障公民隐私安全，助力数字经济与民生服务高质量发展。,API产品,S,,2026-04-17 17:26:45,2026-06-09 14:23:27,2026-07-28 02:01:12,0,false,https://dibj.cn/portal/api/common/calling/page?tableCode=DATA_INNOVATION
567,DATA_INNOVATION,创新成果-数据创新成果,128,138,33,数据应用,DATA,科技成果转化服务,北京数据集团公共数据开发有限公司,"项目建成后，将实现三项具体改进：一是建立统一的技术成果元数据标准，支持跨高校、院所、企业平台的数据互通，避免重复录入；二是引入基于历史交易和用户行为的推荐算法，提升供需匹配准确率，降低人工筛选成本；三是打通技术交易、知识产权、投融资等服务环节，形成“展示—对接—评估—融资—落地”的线上服务闭环。平台直接服务于技术经理人、企业研发部门和早期投资机构，推动成果转化从“随机对接”向“系统运营”转变。
",数据应用,"S,M",,2026-04-16 16:34:14,2026-06-09 14:23:27,2026-07-28 02:01:12,0,false,https://dibj.cn/portal/api/common/calling/page?tableCode=DATA_INNOVATION
568,DATA_INNOVATION,创新成果-数据创新成果,129,136,33,数据应用,DATA,科技人才服务与管理,北京数据集团公共数据开发有限公司,项目建成后，将实现三项务实改进：一是打通科研项目、职称评审、社保就业等系统数据，构建以个人为单元的全周期人才档案，避免多头填报；二是基于真实科研产出与流动记录，建立客观的人才评价辅助模型，减少主观偏差；三是实现人才政策与个体条件的智能匹配，主动推送适用条款，提升政策触达率和兑现效率。平台直接服务于人才招聘、团队组建、项目申报等高频场景，推动人才工作从“被动响应”向“主动服务”转变。,数据应用,"S,M",,2026-04-16 16:23:34,2026-06-09 14:23:27,2026-07-28 02:01:12,0,false,https://dibj.cn/portal/api/common/calling/page?tableCode=DATA_INNOVATION
569,DATA_INNOVATION,创新成果-数据创新成果,130,135,33,数据应用,DATA,网络安全事件监测预警,北京数据集团公共数据开发有限公司,基于网络安全日志数据、威胁情报数据、漏洞信息等，构建网络安全事件监测预警系统，及时发现和处置网络安全威胁。,数据应用,S,,2026-04-16 16:13:34,2026-06-09 14:23:27,2026-07-28 02:01:12,0,false,https://dibj.cn/portal/api/common/calling/page?tableCode=DATA_INNOVATION
570,DATA_INNOVATION,创新成果-数据创新成果,131,134,33,数据应用,DATA,工业园区环境监管服务,北京数据集团公共数据开发有限公司,将企业实时排污数据与气象扩散条件、周边环境质量变化进行联动分析，不仅能识别超标排放，还能区分“企业偷排”与“气象不利导致累积”的不同成因，显著降低误报率，提升执法精准度；构建基于多源数据融合的污染溯源算法，快速锁定嫌疑污染源，将传统“拉网式排查”转变为“靶向式执法”；提取违规类型关键信息，与企业排放趋势关联分析，识别“屡查屡犯”企业及易违规环节，为分级监管与差异化巡查提供量化依据；实现环境监管从“单点报警”向“区域联防”的升级，通过气象数据与园区多点位环境质量数据的融合，可预判污染团迁移路径并联动下游区域提前采取防护措施，提升跨企业、跨园区的协同防控能力；推动监管模式由“被动响应”向“主动预防”转变，基于历史数据训练出的企业排放行为画像，对异常波动进行提前预警，在超标发生前推送提醒，助力企业合规生产，从源头减少环境损害。,数据应用,"A,N,S",,2026-04-16 16:08:41,2026-06-09 14:23:27,2026-07-28 02:01:12,0,false,https://dibj.cn/portal/api/common/calling/page?tableCode=DATA_INNOVATION
571,DATA_INNOVATION,创新成果-数据创新成果,132,133,33,数据应用,DATA,农产品质量安全追溯,北京数据集团公共数据开发有限公司,突破传统追溯系统仅记录流通节点的局限，将种植养殖、投入品、加工、检测、流通五个环节的数据精准关联，实现生产行为与质量结果的可溯归因；首创“投入品-检测-流通”联动分析，通过比对投入品使用记录与检验检测数据，可识别违规用药、超量使用等潜在风险；结合流通销售数据，可评估问题农产品的扩散范围与影响程度，为召回与处置提供量化依据；推动追溯服务从“政府监管工具”向“消费决策参考”延伸，引导消费者优先选择高透明度、高质量安全等级的农产品，形成市场倒逼机制，促进优质优价与产业升级。,数据应用,"A,S",,2026-04-16 16:00:27,2026-06-09 14:23:27,2026-07-28 02:01:12,0,false,https://dibj.cn/portal/api/common/calling/page?tableCode=DATA_INNOVATION
572,DATA_INNOVATION,创新成果-数据创新成果,133,132,33,数据应用,DATA,土壤污染状况调查与修复,北京数据集团公共数据开发有限公司,"建成后，将取得显著的土壤环境治理效能提升与生态安全保障成效。一是实现土壤污染调查、重点污染源、土地利用等全要素土壤环境数据统一汇聚、互联互通，打破监管数据壁垒，提升土壤环境信息共享与协同管控效率；二是支撑土壤污染状况动态监测、风险等级智能评估、修复效果全程跟踪与可视化管控，助力相关部门精准掌握土壤环境质量状况，高效开展污染防治与修复监管工作；三是为土壤污染风险防控、修复治理规划、安全利用管控提供量化依据，提升土壤环境管理决策的科学性与精准性；四是有效提升政务部门在污染调查、风险管控、修复监管、安全保障等领域的联动治理能力，推动土壤环境质量持续改善，助力筑牢区域生态安全屏障，切实保障土壤环境安全与公众健康。
",数据应用,"M,S",,2026-04-16 15:53:31,2026-06-09 14:23:27,2026-07-28 02:01:12,0,false,https://dibj.cn/portal/api/common/calling/page?tableCode=DATA_INNOVATION
573,DATA_INNOVATION,创新成果-数据创新成果,134,131,33,数据应用,DATA,企业环境信用评价服务,北京数据集团公共数据开发有限公司,建成后，将取得显著的生态环境监管效能提升与绿色发展保障成效。一是实现企业环境监测、排污许可执行、环境执法记录等全要素环境信用数据统一汇聚、互联互通，打破监管数据壁垒，提升企业环保信息共享与协同监管效率；二是支撑企业排污行为实时监管、信用状况智能评定、风险等级自动识别与全流程可视化管理，助力相关部门精准掌握企业环保履约情况，高效开展差异化监管与失信惩戒工作；三是为环境信用评价体系建设、分类监管实施、环保政策优化落地提供量化依据，提升生态环境管理决策的科学性与针对性；四是有效提升政务部门在排污监管、信用评价、联合惩戒、风险防控等领域的联动治理能力，推动企业落实生态环保主体责任，助力营造守法有序、绿色低碳的营商环境与高质量发展格局。,数据应用,"S,N",,2026-04-16 15:51:08,2026-06-09 14:23:27,2026-07-28 02:01:12,0,false,https://dibj.cn/portal/api/common/calling/page?tableCode=DATA_INNOVATION
574,DATA_INNOVATION,创新成果-数据创新成果,135,130,33,数据应用,DATA,城市基础设施运行监测,北京数据集团公共数据开发有限公司,建成后，将取得显著的城市治理效能提升与民生保障价值成效。一是实现道路、桥梁、供水、排水、燃气、热力等全要素市政设施数据统一汇聚、互联互通，打破行业数据壁垒，提升城市基础设施数据共享与协同管理效率；二是支撑设施运行状态实时监测、隐患智能识别、故障提前预警与可视化监管，助力相关部门精准掌握设施运行情况，高效开展隐患排查与问题处置工作；三是为市政运维规划、安全风险防控、应急抢修部署提供量化依据，提升市政管理决策的科学性与前瞻性；四是有效提升政务部门在设施管护、风险防范、应急处置、城市运行保障等领域的协同联动能力，推动市政设施安全稳定运行，助力提升城市精细化治理水平与宜居安全环境建设。,数据应用,N,,2026-04-16 15:49:04,2026-06-09 14:23:27,2026-07-28 02:01:12,0,false,https://dibj.cn/portal/api/common/calling/page?tableCode=DATA_INNOVATION
575,DATA_INNOVATION,创新成果-数据创新成果,136,129,33,数据应用,DATA,安全生产事故应急救援指挥,北京数据集团公共数据开发有限公司,建成后，将取得显著的应急处置效能提升与公共安全价值成效。一是实现事故现场、救援资源、地理信息等全要素数据统一汇聚、互联互通，打破信息壁垒，提升应急数据共享与联动效率；二是支撑救援态势实时感知、资源调度、路径优化与可视化指挥，助力相关部门精准掌握现场情况，高效开展应急处置工作；三是为突发事件应对、救援方案制定、应急力量部署提供数据依据，提升应急决策的科学性与时效性；四是有效提升政务部门在风险防控、应急救援、协同处置、民生保障等领域的联动响应能力，推动应急救援精准高效落地，助力提升城市公共安全水平与应急管理现代化建设。,数据应用,"S,G",,2026-04-16 15:45:37,2026-06-09 14:23:27,2026-07-28 02:01:12,0,false,https://dibj.cn/portal/api/common/calling/page?tableCode=DATA_INNOVATION
576,DATA_INNOVATION,创新成果-数据创新成果,137,128,33,数据应用,DATA,节假日游客来源分布产品,中国移动通信集团北京有限公司,用于量化等级景区游客来源省份分布分析,数据应用,S,,2026-04-16 12:01:39,2026-06-09 14:23:27,2026-07-28 02:01:12,0,false,https://dibj.cn/portal/api/common/calling/page?tableCode=DATA_INNOVATION
577,DATA_INNOVATION,创新成果-数据创新成果,138,127,33,数据应用,DATA,节假日游客出行方式分析,中国移动通信集团北京有限公司,用于量化北京市八站两场游客接待量分布情况分析,数据应用,S,,2026-04-16 12:00:04,2026-06-09 14:23:27,2026-07-28 02:01:12,0,false,https://dibj.cn/portal/api/common/calling/page?tableCode=DATA_INNOVATION
578,DATA_INNOVATION,创新成果-数据创新成果,139,126,33,数据应用,DATA,重点景区热度分析产品,中国移动通信集团北京有限公司,用于量化北京市等级景区接待游客排行情况，评估不同景区游客热度偏好,数据应用,S,,2026-04-16 11:57:58,2026-06-09 14:23:27,2026-07-28 02:01:12,0,false,https://dibj.cn/portal/api/common/calling/page?tableCode=DATA_INNOVATION
579,DATA_INNOVATION,创新成果-数据创新成果,140,125,33,数据应用,DATA,节假日游客结构分布分析产品,中国移动通信集团北京有限公司,用于量化北京市等级景区接待游客本地、外省、境外结构特征分布,数据应用,S,,2026-04-16 11:56:09,2026-06-09 14:23:27,2026-07-28 02:01:12,0,false,https://dibj.cn/portal/api/common/calling/page?tableCode=DATA_INNOVATION
580,DATA_INNOVATION,创新成果-数据创新成果,141,124,33,数据应用,DATA,节假日游客驻留特征分析产品,中国移动通信集团北京有限公司,用于量化北京市等级景区接待游客驻留天数特征分布,数据应用,S,,2026-04-16 11:51:49,2026-06-09 14:23:27,2026-07-28 02:01:12,0,false,https://dibj.cn/portal/api/common/calling/page?tableCode=DATA_INNOVATION
581,DATA_INNOVATION,创新成果-数据创新成果,142,123,33,数据应用,DATA,节假日游客接待分析产品,中国移动通信集团北京有限公司,用于量化北京市等级景区游客接待量规模趋势分布,数据应用,S,,2026-04-16 11:49:43,2026-06-09 14:23:27,2026-07-28 02:01:12,0,false,https://dibj.cn/portal/api/common/calling/page?tableCode=DATA_INNOVATION
582,DATA_INNOVATION,创新成果-数据创新成果,143,122,33,数据应用,DATA,人流流动分析产品,中国移动通信集团北京有限公司,用于量化北京市流入流出人口规模趋势变化、流入来源、流出去向目的等特征分布,数据应用,S,,2026-04-16 11:48:03,2026-06-09 14:23:27,2026-07-28 02:01:12,0,false,https://dibj.cn/portal/api/common/calling/page?tableCode=DATA_INNOVATION
583,DATA_INNOVATION,创新成果-数据创新成果,144,121,33,数据应用,DATA,外来人口洞察产品,中国移动通信集团北京有限公司,用于量化北京市外来游客日常时段、节假日期间到访规律统计,数据应用,S,,2026-04-16 11:45:43,2026-06-09 14:23:27,2026-07-28 02:01:12,0,false,https://dibj.cn/portal/api/common/calling/page?tableCode=DATA_INNOVATION
584,DATA_INNOVATION,创新成果-数据创新成果,145,120,33,数据应用,DATA,就业人口分布产品,中国移动通信集团北京有限公司,用于量化北京市、16区工作人口规模分布统计,数据应用,S,,2026-04-16 11:43:31,2026-06-09 14:23:27,2026-07-28 02:01:12,0,false,https://dibj.cn/portal/api/common/calling/page?tableCode=DATA_INNOVATION
585,DATA_INNOVATION,创新成果-数据创新成果,146,119,33,数据应用,DATA,城市常驻人口分布产品,中国移动通信集团北京有限公司,用于量化北京市、16区常驻人口规模分布特征统计,数据应用,S,,2026-04-16 11:40:06,2026-06-09 14:23:27,2026-07-28 02:01:12,0,false,https://dibj.cn/portal/api/common/calling/page?tableCode=DATA_INNOVATION
586,DATA_INNOVATION,创新成果-数据创新成果,147,118,33,数据应用,DATA,用户画像洞察产品,中国移动通信集团北京有限公司,用于量化北京市人口性别、年龄、籍贯等基础画像结构分布,数据应用,S,,2026-04-16 11:36:04,2026-06-09 14:23:27,2026-07-28 02:01:12,0,false,https://dibj.cn/portal/api/common/calling/page?tableCode=DATA_INNOVATION
587,DATA_INNOVATION,创新成果-数据创新成果,148,117,33,数据应用,DATA,区域职住矩阵,中国移动通信集团北京有限公司,可用于量化分析区域居民的居住地与就业地之间的空间关系。,数据应用,"S,G",,2026-04-15 21:18:36,2026-06-09 14:23:27,2026-07-28 02:01:12,0,false,https://dibj.cn/portal/api/common/calling/page?tableCode=DATA_INNOVATION
588,DATA_INNOVATION,创新成果-数据创新成果,149,116,33,数据应用,DATA,数据治理服务,首信云技术有限公司 ,数据治理服务是面向企业核心业务、办公及生产系统，对结构化与非结构化数据开展汇聚、治理、加工、共享与安全管控等全流程工作。通过构建离线与实时分析数据仓库，形成贴源层、明细层、主题层、应用层的分层架构，打造“按时采集、按时加工、按时推送”的稳定数据底座，为智能问数、驾驶舱展示、报表分析、数据超市等数智化应用提供坚实数据支撑，助力企业实现数据的高效利用与便捷应用。,数据应用,S,,2026-04-14 17:06:02,2026-06-09 14:23:27,2026-07-28 02:01:12,0,false,https://dibj.cn/portal/api/common/calling/page?tableCode=DATA_INNOVATION
589,DATA_INNOVATION,创新成果-数据创新成果,150,115,33,数据应用,DATA,穿透式监管平台,首信云技术有限公司,穿透式监管平台是面向各级国资监管部门与国有大中型企业打造的穿透式监管专属平台，全面适配全栈信创要求，以穿透治理为核心、刚性管控为抓手，依托数据共享、指标管理、模型管理、节点管控、监管业务五大核心模块，构建全链路数字化监管能力。平台实现多源数据穿透采集、监管指标标准化治理、智能风险自动侦测与业务全流程闭环整改，打破信息壁垒、沉淀合规数据资产，破解监管滞后与管控脱节难题，落地全级次、全链条穿透式监管，为国资监管数字化转型与企业高质量风控治理提供坚实支撑。,数据应用,S,,2026-04-14 15:22:34,2026-06-09 14:23:27,2026-07-28 02:01:12,0,false,https://dibj.cn/portal/api/common/calling/page?tableCode=DATA_INNOVATION
590,DATA_INNOVATION,创新成果-数据创新成果,151,114,33,数据应用,DATA,知识中枢AI管理平台,首信云技术有限公司 ,知识中枢是一款面向政务及企业场景的知识管理与智能服务支撑平台，围绕多源异构知识的接入、解析、治理、检索和应用，构建统一的知识基础设施能力。产品支持对文档、表格、图片等多种类型内容进行集中管理与结构化处理，形成可检索、可追溯、可运营的知识底座，并为智能问答、政策查询、边聊边办、合同起草、报告生成等智能体应用提供知识支撑，帮助组织提升知识治理水平和智能化服务能力。,数据应用,S,,2026-04-14 15:04:28,2026-06-09 14:23:27,2026-07-28 02:01:12,0,false,https://dibj.cn/portal/api/common/calling/page?tableCode=DATA_INNOVATION
591,DATA_INNOVATION,创新成果-数据创新成果,152,111,31,数据集,DATA,企业团队组成分析服务,北京金融大数据有限公司,本项目创新成果聚焦实用性和简洁性，核心有两点。一是创新融合金融行业需求与大数据技术，摒弃传统人工核查模式，构建专属金融企业信息核查数据库，打破人工核查效率低、误差大、范围有限的局限，实现核查工作的智能化转型，无需人工逐一对接数据，大幅节省人力成本。二是创新采用多源权威数据交叉验证机制，不仅能高效实现企业名称与统一社会信用代码的精准比对、模糊匹配，破解谐音、形近、简称等特殊场景的信息不一致问题，还新增企业主要人员信息核验功能，简化入参和出参，操作便捷、结果清晰。整体创新点贴合金融行业实际需求，无需复杂操作，可直接适配各类金融机构业务，有效提升核查效率和准确性，推动行业核查模式优化。,数据集,J,,2026-03-31 21:02:28,2026-06-09 14:23:27,2026-07-28 02:01:12,0,false,https://dibj.cn/portal/api/common/calling/page?tableCode=DATA_INNOVATION
592,DATA_INNOVATION,创新成果-数据创新成果,153,110,31,数据集,DATA,企业属性认证服务,北京金融大数据有限公司,本项目形成面向银行、保险等金融机构的小微企业信息核查标准化接口成果，构建起安全、稳定、高效的涉企信息核验服务能力。该接口支持通过企业名称、统一社会信用代码等唯一标识，对北京市注册小微企业开展主体身份、企业资质的实时在线核验与信息确认，实现金融机构在业务办理环节对小微企业信息的自动化、规范化核查。成果严格遵循北京市数据共享、安全管理及隐私保护相关要求，具备完善的权限管理、访问控制、日志审计等保障机制，可有效支撑金融机构开展信贷审批、普惠金融、风险管控等相关业务，提升工作效率、降低运营风险，为优化首都营商环境、助力金融服务实体经济提供持续、可靠的数据支撑。,数据集,J,,2026-03-31 21:02:05,2026-06-09 14:23:27,2026-07-28 02:01:12,0,false,https://dibj.cn/portal/api/common/calling/page?tableCode=DATA_INNOVATION
593,DATA_INNOVATION,创新成果-数据创新成果,154,109,31,数据集,DATA,企业信用评估服务,北京金融大数据有限公司,本产品一是数据融合维度的创新，纳税评级作为反映企业经营健康度与合规意愿的重要指标，能有效弥补传统征信在经营活跃度、纳税真实性等方面的信息盲区，为金融机构提供更具前瞻性的风险判断依据；二是画像机制的动态化与时效性创新，产品不仅展示企业当前的信用状态，还通过数据有效时间的明确标注，帮助机构识别信息的有效期，避免因数据滞后导致的决策偏差；三是应用场景的深度嵌入创新，产品面向金融机构与保险公司的实际业务流程，强调与现有风控系统、信贷审批系统的无缝对接，通过标准化API服务实现信用信息的自动化查询与核验，减少人工干预，提升效率，同时支持按需定制画像维度，满足不同机构在普惠金融、供应链金融、企业保险等多元场景下的差异化需求。,数据集,J,,2026-03-31 21:00:46,2026-06-09 14:23:27,2026-07-28 02:01:12,0,false,https://dibj.cn/portal/api/common/calling/page?tableCode=DATA_INNOVATION
594,DATA_INNOVATION,创新成果-数据创新成果,155,108,31,数据集,DATA,企业负面信息分析服务,北京金融大数据有限公司,本创新成果核心是突破传统企业不良行为查询碎片化、数据分散、标准不一、适配性不足的局限，构建适配政务服务、金融两大行业，聚焦处罚数据维度的标准化、智能化查询创新体系。机制上，创新整合各监管部门处罚相关数据资源，建立高效共享调用机制，解决传统查询数据不同步、覆盖不全、查询繁琐的痛点，确保数据源于权威监管渠道。技术上，融合大数据、人工智能技术，创新智能查询与校验模式，适配统一社会信用代码等指定入参，实现精准查询与标准化出参，同步实现查询全流程留痕追溯与数据安全管控。创新闭环管理与行业适配型服务模式，优化查询流程，精准匹配两大行业需求，助力行业治理模式迭代，推动政务服务、金融领域合规化、现代化发展。,数据集,"S,J",,2026-03-31 21:00:26,2026-06-09 14:23:27,2026-07-28 02:01:12,0,false,https://dibj.cn/portal/api/common/calling/page?tableCode=DATA_INNOVATION
595,DATA_INNOVATION,创新成果-数据创新成果,156,107,31,数据集,DATA,企业基础信息综合服务场景,北京金融大数据有限公司,基于统一社会信用代码，构建标准化、全覆盖、高时效的企业基础信息查询能力。一是实现数据要素整合，汇聚工商核心字段、状态时效、行业编码、币种及唯一机构 ID，形成统一企业主体数据底座；二是实现智能精准匹配，一键秒级穿透查询、自动归一比对，解决多源信息分散、不一致难题；三是实现场景化赋能应用，适配风控准入、合规审查等业务，支持批量调用与自动化流转；四是创新合规效率模式，实现风险自动识别、资料一键建档、流程全程留痕，降本增效、风控前置，助力主体身份数字化核验与业务智能化决策，形成可落地、可复用、可对接的企业主体信息服务创新成果。,数据集,"S,J,I",,2026-03-31 20:57:45,2026-06-09 14:23:27,2026-07-28 02:01:12,0,false,https://dibj.cn/portal/api/common/calling/page?tableCode=DATA_INNOVATION
596,DATA_INNOVATION,创新成果-数据创新成果,157,106,31,数据集,DATA,婚恋资信识别服务,北京金融大数据有限公司,本服务的核心创新在于将婚姻状态等高敏感个人身份信息纳入北京市公共数据整体授权运营体系，突破敏感数据“不敢共享”的瓶颈。技术上深度融合隐私计算技术，构建安全流通机制，实现数据“可用不可见、可控可计量”。有效平衡个人信息保护与数据要素价值释放之间的矛盾，在严格遵循《个人信息保护法》《数据安全法》前提下，有效平衡个人信息保护与数据要素价值释放，为金融、不动产、法律服务等刚需场景提供合法、高效、安全的身份核验支撑。,数据集,"S,J",,2026-03-31 20:55:51,2026-06-09 14:23:27,2026-07-28 02:01:12,0,false,https://dibj.cn/portal/api/common/calling/page?tableCode=DATA_INNOVATION
597,DATA_INNOVATION,创新成果-数据创新成果,158,105,31,数据集,DATA,房屋权属认证业务服务,北京金融大数据有限公司,本创新成果的核心在于，突破传统不动产核验工作的碎片化局限，构建标准化、一体化的不动产核验创新服务体系。通过创新整合多部门不动产相关数据资源，实现跨层级、跨部门数据共享互通的机制创新；融合大数据、人工智能等先进技术，创新智能核验校验模式，达成不动产核心信息的精准核验与全程可追溯。同时，创新构建全流程闭环管理与多元服务模式，优化核验流程、提升协同办理效能，为各类应用场景提供权威、便捷、安全的核验服务，助力不动产领域治理模式迭代升级，推动不动产治理能力现代化建设。,数据集,"S,J",,2026-03-31 20:54:31,2026-06-09 14:23:27,2026-07-28 02:01:12,0,false,https://dibj.cn/portal/api/common/calling/page?tableCode=DATA_INNOVATION
598,DATA_INNOVATION,创新成果-数据创新成果,159,104,31,数据集,DATA,企业竞争力分析服务,北京金融大数据有限公司,聚焦保险、金融、公证三大核心场景，针对性打造企业纳税评级查询数据服务，实现数据服务与三大场景业务流程的深度融合，有效解决场景内纳税评级核验繁琐、效率低下、成本偏高的核心痛点，提升数据服务的场景适配性和实用价值。创新整合企业纳税识别号、统一社会信用代码、纳税缴费信用级别、评价指标详情及信用修复记录等核心数据资源，构建符合税务部门规范、兼顾隐私保护的安全合规数据整合体系，采用数据安全可用不可见技术，在严格保障企业纳税数据隐私和使用安全的前提下，实现数据的高效利用，打破纳税评级数据分散、调取不便的壁垒。运用大数据分析技术，对整合后的企业纳税评级相关数据进行深度挖掘与规范处理，封装形成标准化的纳税评级查询数据服务接口，适配保险、金融、公证等多主体的差异化查询需求，实现接口可复用、可扩展，满足不同场景下的业务拓展需求。构建“授权前提下的快速查询”模式，支持保险、金融、公证等相关单位通过企业身份信息，在获得企业授权后，便捷、准确查询企业纳税缴费信用级别及相关评价记录，打破传统纳税评级查询流程繁琐、耗时久、准确率低的困境，实现查询流程的简化与优化，进一步赋能三大场景业务数字化转型。,数据集,"S,J",,2026-03-31 20:54:02,2026-06-09 14:23:27,2026-07-28 02:01:12,0,false,https://dibj.cn/portal/api/common/calling/page?tableCode=DATA_INNOVATION
599,DATA_INNOVATION,创新成果-数据创新成果,160,103,31,数据集,DATA,机动车权属业务服务,北京金融大数据有限公司,聚焦保险、金融、公证三大核心场景，针对性打造车辆所属权查询数据服务，实现数据服务与业务场景的深度融合，有效解决场景内核心痛点，提升数据服务的场景适配性和实用价值。创新整合车牌号码、车辆识别代号、所有人身份证明等核心数据资源，构建安全合规的数据整合体系，采用数据安全可用不可见技术，在保障数据隐私和安全的前提下，实现数据的高效利用，打破数据分散壁垒。运用大数据分析技术，对整合后的车辆相关数据进行深度挖掘与处理，封装形成标准化的车辆查询数据服务接口，适配金融保险机构、公证处等多主体的查询需求，实现接口可复用、可扩展。构建“授权前提下的快速查询”模式，支持相关单位通过用户身份信息，在获得用户授权后，便捷、准确查询车辆所有者名下车辆信息，打破传统查询流程繁琐、效率低下的困境，实现查询流程的简化与优化。,数据集,J,,2026-03-31 20:53:20,2026-06-09 14:23:27,2026-07-28 02:01:12,0,false,https://dibj.cn/portal/api/common/calling/page?tableCode=DATA_INNOVATION
600,DATA_INNOVATION,创新成果-数据创新成果,161,102,31,数据集,DATA,房屋抵押业务服务,北京金融大数据有限公司,创新整合11类相关数据，打破不同类型数据的孤立状态，实现不动产权信息与安全数据、存量资源数据、高危信息等的深度融合，形成覆盖不动产抵押核验全流程的数据支撑体系，丰富数据应用场景，提升数据应用的深度与广度。构建不动产管理部门数据脱敏加工标准流程，实现对多类不动产相关数据的安全脱敏处理，成功封装标准化数据服务接口，保障数据安全的同时，实现数据高效复用，满足银行、征信机构等多主体的调用需求，打破数据壁垒。形成二手房按揭贷款智能审批方案，依托不动产权信息、不动产登记数据（自然人）等核心数据，实现抵押查封状态、共有产权人变更记录的自动识别，构建虚假房源识别模型，提升核验的智能化水平。打造互联网金融线上房产抵押贷反欺诈模型，精准识别黑产伪造房产证PS件等欺诈行为；结合老旧小区安全数据、高危场所信息等多维度负面关联数据，构建不动产价值综合评估体系，实现风险的全方位、多维度防控。,数据集,"S,J",,2026-03-31 20:47:17,2026-06-09 14:23:27,2026-07-28 02:01:12,0,false,https://dibj.cn/portal/api/common/calling/page?tableCode=DATA_INNOVATION
601,DATA_INNOVATION,创新成果-数据创新成果,162,101,31,数据集,DATA,企业投资业务分析服务,北京金融大数据有限公司,创新构建多部门联动的企业投资人信息共享核验机制，打破部门数据壁垒，实现企业登记信息与政务服务场景深度融合应用。依托大数据接口对接技术，创新实现投资人信息实时查询、智能校验与自动反馈，提升信息核验准确性与时效性。创新拓展信息应用场景，将投资人信息嵌入不动产交易、公积金监管、信贷审批等环节，形成数据赋能业务的创新应用模式，为提升政务服务效能、强化市场风险防控提供可复制推广的实践经验。,数据集,"S,J",,2026-03-31 20:42:13,2026-06-09 14:23:27,2026-07-28 02:01:12,0,false,https://dibj.cn/portal/api/common/calling/page?tableCode=DATA_INNOVATION
602,DATA_INNOVATION,创新成果-数据创新成果,163,100,31,数据集,DATA,企业税务负面分析服务,北京金融大数据有限公司,创新整合税务部门依法公开的行政处罚信息，构建北京市覆盖全量、标准统一、实时更新的企业税务处罚信息库，实现非结构化处罚信息向结构化、可视化数据的高效转化，实现金融与企业服务领域对税务处罚信息精准化、自动化查询的应用；支持用户在贷前调查、贷中审批、贷后管理、保险核保、供应商准入等场景快速定位风险、量化影响；实现处罚信息自动化调用，大幅提升业务办理效率与风险识别精度；通过权威数据源整合、标准化字段治理，产品有效降低信息获取成本与合规风险，助力金融机构与企业服务机构精准识别高优先级风险事项。,数据集,"S,J",,2026-03-31 20:40:18,2026-06-09 14:23:27,2026-07-28 02:01:12,0,false,https://dibj.cn/portal/api/common/calling/page?tableCode=DATA_INNOVATION
603,DATA_INNOVATION,创新成果-数据创新成果,164,99,31,数据集,DATA,居民婚姻识别服务,北京金融大数据有限公司,基于北京市民政系统婚姻登记信息，提供双人婚姻关系核验服务，为政务、金融信贷、不动产交易、法律服务等重点领域提供合法、准确的身份关系验证支撑，有效防范因婚姻信息不实引发的虚假申报、信贷欺诈、产权纠纷等风险，助力提升跨部门业务协同效能与风险防控水平。,数据集,"S,J",,2026-03-31 20:39:29,2026-06-09 14:23:27,2026-07-28 02:01:12,0,false,https://dibj.cn/portal/api/common/calling/page?tableCode=DATA_INNOVATION
604,DATA_INNOVATION,创新成果-数据创新成果,165,98,31,数据集,DATA,企业社保资信智能核查服务,北京金融大数据有限公司,针对金融信贷风控场景中企业传统财务报表易被修饰的短板，依托北京市企业社保缴存信息（含参保状态、参保人数、缴费基数、连续缴存月数等），通过核验借款企业的参保状态、缴费连续性及员工规模等关键指标，科学评估其经营稳定性、用工合规性与持续经营能力。,数据集,"S,J",,2026-03-31 20:37:55,2026-06-09 14:23:27,2026-07-28 02:01:12,0,false,https://dibj.cn/portal/api/common/calling/page?tableCode=DATA_INNOVATION
605,DATA_INNOVATION,创新成果-数据创新成果,166,97,31,数据集,DATA,企业行政负面分析服务,北京金融大数据有限公司,创新采用企业 ID、注册号、登记机关等主体信息与处罚信息双向关联模式，实现 “一码关联、一键查询”，提升数据可用性与业务适配性，有效解决数据孤岛、查询繁琐、口径不统一等痛点，提升信息利用效率与服务精准度。成果具备标准化、可复用、可扩展特性，为政务监管、信用服务、金融风控、法律服务、企业合规等领域信用核查、风险预警、合规审核、联合惩戒等场景需求，提供权威数据支撑，推动信用数据服务模式升级与社会治理数字化创新。,数据集,"J,I,S",,2026-03-31 20:36:50,2026-06-09 14:23:27,2026-07-28 02:01:12,0,false,https://dibj.cn/portal/api/common/calling/page?tableCode=DATA_INNOVATION
606,DATA_INNOVATION,创新成果-数据创新成果,167,96,31,数据集,DATA,企业司法负面分析服务,北京金融大数据有限公司,创新构建以统一社会信用代码为核心索引的企业司法诉讼信息服务体系，实现司法数据深度结构化治理，精准输出案号、案由、原被告、法庭、承办人、判决结果、立案日期等全要素标准化信息。突破传统司法信息碎片化、非结构化难题，形成多源数据融合、实时更新、智能关联的风险数据服务能力。产品可灵活支撑接口调用、批量检索、动态监测等多样化应用，在政府监管、金融风控、投资尽调、供应链管理、招投标核查、法务合规等场景实现高效赋能。,数据集,"J,I,S",,2026-03-31 20:35:24,2026-06-09 14:23:27,2026-07-28 02:01:12,0,false,https://dibj.cn/portal/api/common/calling/page?tableCode=DATA_INNOVATION
