序号,接口表名,数据类别,id,biz_unique_id,ability_org_id,ability_org_name,project_name,project_target,expected_result,create_time,update_time,data_time,del_status,favorited,来源接口
1,SETTLED_PROJECT,创新服务-入驻项目,167,452,176,蚂蚁密算公司,公共数据要素促进精准就业项目,1）精准就业项目 通过密态计算技术，连接「公共数据、企业数据、互联网流量」，实现“数据不动，价值流动”。通过多方数据融合分析与数据模型建立，实现待业者技能、求职意愿与岗位需求的高效匹配。结合“京通”、支付宝等平台的信息触达能力，提升就业信息精准推送效果，确保待业者及时获取符合求职意愿的岗位信息，降低“能力错位”“信息错位”“触达错位”现象的发生频率，促进高质量充分就业。目前，该项目已有成熟的 C 端互联网应用运行，未来只需对接公共数据服务，即可通过“数据 + 流量”的形式，发挥数据要素价值。,当前就业服务仍面临现实痛点。求职招聘虽已大量线上化，但数字化水平仍有待提升，且存在求职者与用人单位之间信任不足的问题，导致整个流程中出现以下问题：一是求职者与岗位信息不对称，资质核验难、岗位筛选成本高、效率低；二是劳动力供需存在结构性错配，求职者的技能、资质信息分散在多个部门，缺乏统一、可信的核验与匹配渠道；三是高校毕业生、残疾人等重点群体就业帮扶需要更加精准的数字化手段；四是用工单位面临信息核验难、用工风险防控难等现实问题。 通过对公共数据和招聘企业数据进行融合计算，并依托互联网就业服务平台的流量和 AI 应用能力，可以实现就业服务水平升级：基于多维融合计算结果，对求职者和招聘岗位进行智能匹配，构建覆盖求职、核验、匹配、入职、规划、提升全流程的数字化就业服务产品。这是破解上述痛点、提升公共就业服务质量、促进就业公平的有效路径。 通过数据精准匹配降低招聘与求职双端成本，提升劳动力市场效率，间接带动消费与税收增长.打通数据壁垒，促进人岗精准匹配，帮助待业者更快就业，助力实现高质量充分就业。,2026-09-01 15:41:15,2026-09-02 02:01:00,2026-09-01 15:51:12,0,false,https://dibj.cn/portal/api/common/calling/page?tableCode=SETTLED_PROJECT
2,SETTLED_PROJECT,创新服务-入驻项目,168,451,668,上海水滴征信服务有限公司,零售和普惠金融信贷模型及证券期货业个人和企业风控模型项目,应用领域：零售信贷与普惠金融、证券期货业风险防控。服务对象：商业银行零售及普惠金融条线、证券期货经营机构（证券公司、期货公司及其分支机构）。 服务内容：（1）基于公共数据构建零售和普惠金融信贷模型，涵盖申请评分卡、行为评分、额度与定价策略，将社保、公积金、纳税等替代数据转化为信贷可得性评估依据；（2）构建证券期货业个人和企业风控模型，覆盖开户失信校验、身份核验、适当性评估、关联方及受益所有人识别、反欺诈等环节；（3）以API实时接口与批量评分方式向机构输出模型结果。,形成信贷模型、风控模型两大类共10余个模型产品及配套API服务，支撑机构信贷审批、额度核定与开户准入全流程风控。1.零售和普惠金融信贷模型产品：以个人社保缴费、公积金缴存、纳税信息等公共数据为核心特征源，结合机构自有行为数据，设计申请评分模型、行为评分模型及贷中预警策略集，输出信用分（0-1000分）及风险等级。 2.证券期货业个人风控模型产品：面向开户及适当性管理环节，设计开户失信校验服务（失信被执行人名单、限制消费名单实时核验）、个人身份核验服务（实名二要素/三要素/四要素）、个人司法涉诉风险评估模型。 3.企业风控模型产品：基于企业工商登记、纳税、社保缴纳、行政处罚等数据，设计企业信用评分模型、企业风险画像（经营异常、欠税欠费、涉诉失信）及关联方图谱识别服务。 产品形态：以标准化API接口（Restful规范，支持HTTPS加密及专线接入）提供实时查询与核验服务，并支持批量文件方式开展存量客户重检与模型回溯。,2026-09-01 14:52:45,2026-09-02 02:01:00,2026-09-01 15:50:11,0,false,https://dibj.cn/portal/api/common/calling/page?tableCode=SETTLED_PROJECT
3,SETTLED_PROJECT,创新服务-入驻项目,165,449,676,智融数科（北京）科技有限公司,智融风险联运识别用户还款能力项目,本项目聚焦银行消费金融下沉业务的风控痛点，针对年轻群体、灵活就业者等长尾客群无抵押资产、传统信贷数据缺失、风险评估难度大的核心问题，搭建基于社保、公积金高价值替代数据的智能化风控评估体系。项目旨在深度挖掘社保、公积金数据蕴含的就业稳定性、收入持续性核心信息，补齐长尾客群风险画像的数据短板，破解传统风控模型对无资产、无信贷记录客群的评估盲区。通过优化风险评估逻辑、完善差异化授信研判标准，精准甄别客户真实还款能力与履约意愿，在严控信贷风险、降低不良率的基础上，提升长尾客群授信审批的精准度与效率。同时拓宽消费金融客群服务边界，打破传统资产、信贷资质的服务壁垒，实现普惠金融落地，助力银行消费金融业务规模化、高质量下沉发展。,本项目落地后，将形成一套适配消费金融下沉场景的替代数据风控应用体系，有效解决无资产、无传统信贷记录长尾客群风险识别难的问题。通过深度整合社保、公积金数据，完成就业稳定性、收入可持续性等核心风险因子的标准化应用，补齐传统风控体系的数据短板，完善长尾客群专属风险画像与评估规则。项目将实现风控模型精准度显著提升，有效降低下沉客群信贷误判率与整体不良风险，优化授信审批流程，提升普惠客群审批效率与服务体验。同时，打破传统资产抵押、信贷记录的资质限制，拓宽银行消费金融可服务客群范围，构建差异化普惠风控能力。最终实现风险可控前提下的业务增量，助力银行消费金融业务稳健下沉，形成可复用、可推广的下沉客群风控解决方案。,2026-08-28 17:09:31,2026-09-01 02:01:00,2026-08-31 09:40:37,0,false,https://dibj.cn/portal/api/common/calling/page?tableCode=SETTLED_PROJECT
4,SETTLED_PROJECT,创新服务-入驻项目,166,447,556,数融智链（北京）信息科技有限公司,基于企业公共数据的产业经营大脑数据赋能服务,项目核心建设内容为基于北京公共数据资源，合规开展数据汇聚、脱敏治理、融合分析、智能建模，搭建一站式、智能化的产业经营大脑服务平台。项目围绕北京产业经济监测、企业经营画像、行业风险预警、政策精准推送、产业资源匹配、园区经济研判六大核心方向开展建设，通过数据赋能实现产业运行状态实时监测、企业经营风险动态识别、产业发展趋势精准预判。项目预期产出智能化平台系统、月度/季度产业分析报告、行业风险预警清单、企业精准服务台账，全面提升北京产业治理数字化、精细化、智能化水平。,本项目核心产品为产业经营大脑智能化服务平台，产品形态为服务平台+定制化数据分析报告+智能预警服务，适配政务端、企业端双端口使用。产品整体分为三层架构：一是数据治理层，实现工商、产业分类、园区归属等多类公共数据的合规汇聚、清洗、脱敏、标准化、结构化处理，建立统一的北京产业数据资源底座；二是智能算法层，自研产业景气度研判模型、企业用工经营模型、行业风险预警模型、政策匹配智能模型，实现数据智能化分析运算；三是场景应用层，搭建产业态势洞察、企业画像查询、风险智能预警、政策精准匹配、数据统计分析、定制报表导出六大功能模块。产品完全贴合北京产业发展特色，适配政务监管决策、园区运营管理、企业经营赋能等多元应用场景，支持持续迭代优化。,2026-08-28 15:14:19,2026-09-01 02:01:00,2026-08-31 09:39:53,0,false,https://dibj.cn/portal/api/common/calling/page?tableCode=SETTLED_PROJECT
5,SETTLED_PROJECT,创新服务-入驻项目,164,446,657,北京笑出信息科技有限公司,远航智搜（voyageG）企业AI搜索数据产品,本项目计划用3年时间，在实现应收过亿的基础上，推动技术发展，拉升就业。 预期成果 项目投入后，预计申请专利3-4项，企业申请高新技术企业认证、ISO认证等，推动建立行业性标准。 预期经济效益 项目首年应收300万；次年达到3000万；第三年冲亿。 预期社会效益 计划三年新增就业200个，并开启助残行动，支持环保事业 风险及应对 目前正在进行天使投资的提案中；已与百度、腾讯等大型互联网企业达成合作意向；同时与业内头部企业进行授权合作；并与通智研究院、北大、浙大等院校展开技术合作。从投资、业务、技术、行业扶持等几个维度做到应对风险。,voyageG项目成果总结 本项目计划经过三年实施，达成以下成果 一、技术成果 将voyageG项目全套GEO系统进行知识产权申请；并联合推动行业标准的设立；打造一套结合AI并可落地的帮助企业和个人进行推广的智能工具。 二、经济成果 力争3年达成营收过亿，净利润过千万的经营目标；增加税务收入。 三、社会成果 三年逐步达成新增就业岗位200个。 四、管理成果 公司通过ISO体系认证，利用数值化管理平台实现AI体系下的管理模式，提升人效。 五、成果亮点 在小红书、微信生态的GEO中独树一帜，为行业首家，正在申请相关奖项。,2026-08-22 14:17:03,2026-08-25 02:01:00,2026-08-24 15:42:18,0,false,https://dibj.cn/portal/api/common/calling/page?tableCode=SETTLED_PROJECT
6,SETTLED_PROJECT,创新服务-入驻项目,163,445,633,施恩乐（北京）科技有限公司,北京市美容美发化妆品行业数据与分析报告服务,本项目创新应用场景聚焦北京市美容美发化妆品行业常态化数据监测。当前北京美业业态繁杂、市场主体众多，但行业经营、监管投诉、人流消费等各类信息分散割裂，缺少店家级月度连续监测手段；传统调研模式周期长、样本覆盖面有限，行业风险预警、政府辅助决策、企业经营研判均缺少完整量化的数据底座。本项目计划构建按月迭代的行业监测体系，依托多源数据整合与建模分析的创新模式，以解决行业数据碎片化、缺少高频动态监测、细分业态无法独立评估、风险预警缺少量化依据、传统调研成本高且效果有限等现实痛点。,项目建成后，将形成北京市美容美发化妆品行业按月度更新的完整监测体系，可为行业主管部门提供量化的数据支撑，助力监管模式由事后处置向事前风险预警转变，辅助行业政策、产业规划的科学制定，推动美业市场规范化建设。能够及时识别预付卡纠纷、门店集中关停、区域恶性价格竞争等潜在风险，提前开展风险提示，减少消费维权事件，切实保护广大消费者合法权益。实现生活美容、医疗美容、化妆品零售细分业态独立监测研判，补齐行业细分维度的数据空白。,2026-08-21 13:55:35,2026-08-22 02:01:00,2026-08-21 15:00:14,0,false,https://dibj.cn/portal/api/common/calling/page?tableCode=SETTLED_PROJECT
7,SETTLED_PROJECT,创新服务-入驻项目,160,443,667,天孚（北京）科技有限公司,AI数字分身应用中心,总体目标：构建一套可复用的多智能体协作与认知计算底层框架，让企业能够把专业任务（检索、分析、审查、内容生产等）自动化地分派给专项智能体并行执行，并整合成高质量成果。 拆解为几个子目标： 框架能力建设 — 实现多智能体并行协作、技能编排、任务调度、结果整合等底层能力。 接入与集成 — 打通工具调用、知识库对接和权威外部数据源（法律、企业、金融等），为认知推理提供可靠依据。 专业化与稳定性 — 让专项智能体覆盖合同审查、尽调、法律检索、金融数据、报告生成等场景，并保证框架稳定、可扩展。 价值交付 — 通过任务自动化替代/辅助人工专业处理，降低人力与时间成本，提升产出质量与效率，并最终落地应用、产生社会与经济效益。,核心成果： 可运行的底层框架 — 一套模块化、可扩展的多智能体协作平台，支持任务委派、并行调度、技能编排与结果整合，稳定可复用。 专项智能体服务矩阵 — 覆盖合同审查、尽调审核、法律检索、企业查询、金融数据、行业研究、报告生成、格式转换等专业场景。 接入与集成能力 — 完成知识库对接及权威数据源（法律、企业、金融）接入，形成经交叉验证的可靠信息链路。 基础设施文档与接口 — 框架技术文档、能力接口、运维方案，支撑后续扩展与二次开发。 应用成果 1. 效率与质量提升 — 通过任务自动化和多智能体并行，降低专业处理的人力与时间成本，提高产出质量和一致性。 2. 落地应用案例 — 在真实业务中投入应用，形成可复制的智能化落地范例。 效益成果 1. 经济效益 — 降本增效带来的直接经济回报。 2. 社会效益 — 推动多智能体与认知技术行业落地，促进数据要素价值释放。,2026-08-20 11:35:04,2026-08-21 02:01:00,2026-08-20 16:18:59,0,false,https://dibj.cn/portal/api/common/calling/page?tableCode=SETTLED_PROJECT
8,SETTLED_PROJECT,创新服务-入驻项目,157,442,663,北京中泊百惠科技有限公司,象宝AI原生智慧运维平台,项目目标 总体目标 以 AI 将分散的楼宇告警转化为「可治理、可执行、可度量」的运维闭环，降低关键风险遗漏率，提升处置效率，并把处置经验沉淀为组织知识，实现「AI 给依据、人做决策、过程可追溯」。 具体目标（按维度拆解） 目标维度 目标描述 量化指标（试点预期） 接入目标 打通客户关键子系统（消防、BA/暖通、强电、安防、能耗、工单），统一为标准事件模型 告警渗透率 ≥ 99% 降噪目标 重复合并、误报识别、计划内事件识别、风暴抑制，大幅压缩无效告警 过滤 / 降噪率 ≥ 95% 研判与处置 建立「监控—寻因—派单」三 Agent 研判链与处置闭环 关键风险响应 ≤ 3 分钟；闭环率 ≥ 98% 知识沉淀 处置结果回写知识库，形成可复盘、可度量的持续学习能力 知识条目随项目持续累积 安全可控 满足政企合规：人工确认、审计留痕、模型可降级、私有化部署 审计覆盖 100% 关键写动作,三、预期成果 3.1 业务能力成果 象宝沿「接入—感知—研判—派发—回放—运营」六段闭环组织能力，落地后将带来以下可直接感知的改变： 告警进得来：不同厂商、协议、字段形态的告警统一为标准业务对象，无法识别的事件进入异常池等待修复，不静默丢弃。 AI 看得懂：结合空间、设备、历史案例、知识与图谱关系给出有依据的建议，而非一段孤立文字。 任务派得准：依据等级、责任关系、排班、SLA 与升级策略形成明确责任链，超时自动升级。 现场处置跑得通：桌面 + 移动端支持派单、接单、现场说明、附件、验收关闭，写动作有持久状态与审计。 全过程可追溯：告警、处置单、AI 运行、通知、知识引用均有时间线与审计链路，可下钻到真实对象。 系统持续学习：处置经验沉淀为知识，知识缺口触发补充任务，发布知识被后续 AI 运行引用。 3.2 量化指标成果（基于试点演示环境） 以下指标在演示大厦试点（合成数据环境）已验证，可作为正式项目的目标基线。注：试点数据为演示模拟，正式环境指标须以真实客户告警量、并发与容量评估为准。 指标项 试点预期值 说明 监测点位接入 5000+ 覆盖消防、BA/暖通、强电、安防、能耗等关键设备 日均告警处理 10000+ 条 多源告警统一接入与标准化 告警过滤 / 降噪率 95%+ 有效告警从海量噪声中筛出 关键风险响应时间 ≤ 3 分钟 一级告警自动触发通知与派单 处置闭环率 98% 从通知、执行到验证关闭全流程闭环 告警渗透率 99.9% 既有系统告警基本全部纳入平台  3.3 交付物成果 私有化部署的象宝平台（含桌面端与移动端） 各子系统接入连接器、字段映射与标准事件目录 AI 研判规则、Prompt 配置与知识库（含图谱关系） 六类角色工作台与运营驾驶舱（可下钻的管理指标） 实施文档、验收清单与客户运维团队培训,2026-08-18 16:30:00,2026-08-19 02:01:00,2026-08-18 17:24:49,0,false,https://dibj.cn/portal/api/common/calling/page?tableCode=SETTLED_PROJECT
9,SETTLED_PROJECT,创新服务-入驻项目,159,441,625,国研大数据研究院有限公司,“企信通”企业服务系列产品研发项目,一是缓解中小企业融资难融资贵问题，提升中小企业贷款可得性和首贷率，优化北京市营商环境；二是助力政府部门精准掌握企业经营和风险状况，提升经济治理和涉企风险防控能力；三是推动公共数据资源化、资产化利用，释放数据要素价值，支撑北京数据要素市场建设和数字经济发展。四是帮助金融机构及相关从业公司降低信息获取成本和信贷风险，提高审贷效率，预计单户授信审批时间缩短50%以上；五是帮助中小企业降低融资综合成本，提高融资对接效率；,1. “企信通”企业信用评价产品：API数据接口 + SaaS服务平台 + 标准化信用报告（PDF）。基于企业社保公积金缴纳稳定性（反映用工规模和经营持续性）、纳税记录（反映经营收入和纳税遵从度）、投融资历史（反映资本市场认可度和股权结构）、行政处罚记录（反映合规经营水平）等维度，运用机器学习算法构建信用评分模型，输出企业信用等级（AAA至C）和量化评分，并生成可解释的信用评价报告，供金融机构信贷审批参考。 2. “企融达”融资撮合服务平台：Web端服务平台 + 移动端小程序。企业端可一键授权查询自身信用画像并提交融资需求；金融机构端可获取经企业授权的信用评价结果，批量筛选符合条件的客户并在线受理；平台基于信用评分和产品要素进行智能匹配与推荐，缩短融资链条，降低融资成本。 3. “企警达”风险监测预警产品：API数据接口 + 可视化监测大屏 + 预警信息推送。对入库企业设置社保断缴、公积金停缴、欠税、新增行政处罚、异常股权变更等预警规则，实时推送风险提示，支持金融机构和监管部门按区域、行业、风险等级进行多维统计分析和趋势研判。,2026-08-18 14:31:26,2026-08-19 02:01:00,2026-08-18 17:23:55,0,false,https://dibj.cn/portal/api/common/calling/page?tableCode=SETTLED_PROJECT
10,SETTLED_PROJECT,创新服务-入驻项目,161,440,661,北京福慧智能科技有限公司,“京智养”养老数据合规流通与交易服务一体化智能服务平台项目,本项目聚焦养老领域数据合规流通、交易服务一体化核心痛点，立足依法合规、安全可控的核心原则，依托政企协作模式引入专业运营服务力量，搭建线上线下一体化的“京智养”养老综合服务智能体。通过数字化、智能化手段重构养老服务流程，落地八大类核心养老服务场景，构建养老数据合规归集、安全流通、高效交易、精准服务的全链条体系。实现养老服务“智能问答、边问边办、即申即办”的数字化服务新模式，破解老年人数字鸿沟、养老服务供需错配、行业数据壁垒、服务监管薄弱等行业难题。同时赋能居家、机构、旅居、医养等多元养老业态，提升养老服务精细化、标准化、智能化水平，打造区域养老数据合规应用与智慧养老服务标杆样板。,（一）平台载体成果 建成功能完善、安全合规的“京智养”养老综合服务线上智能体平台，打通线上服务端口与线下养老服务网点，实现八大核心养老服务场景全覆盖、全线上化、流程闭环化。平台具备智能咨询、自助办理、数据互通、交易结算、智能监管、预警提醒等一体化功能，支持老年人、家属、养老机构、监管部门、运营服务商多方主体协同使用。 （二）数据体系成果 建立标准化、合规化的养老数据治理与流通机制，搭建安全可控的养老数据资源池，规范老年人健康数据、服务数据、机构运营数据、补贴数据等涉老数据的归集、脱敏、共享、流通、交易流程。形成可复制、可推广的养老数据合规流通与交易服务标准体系，破除跨部门、跨业态、跨区域养老数据壁垒，实现医养、康养、养老服务数据互联互通。 （三）服务场景成果 全面落地八大类标准化智慧养老服务场景，实现场景服务常态化、规范化、智能化运行： - 智慧助餐场景：实现养老餐线上点餐、精准送餐、线上支付结算、电子发票自动开具全流程线上办理，打通老年助餐便民服务闭环。 - 健康管理场景：搭建标准化电子健康档案体系，实现老年人慢病智能管控、在线问诊、健康数据实时监测、风险异常自动预警，筑牢老年健康保障防线。 - 机构养老场景：实现养老机构智能查询、床位精准匹配推荐、VR实景看房、线上签约入驻、机构信息监管公示等智能化服务，提升机构养老服务透明度与便捷度。 - 居家照护场景：标准化居家上门照护服务流程，实现专人定制照护、服务全程溯源监督、紧急帮扶快速响应，保障居家养老服务质量与安全。 - 适老化服务场景：提供居家适老化改造智能评估、定制化改造方案、养老辅具租赁、补贴线上申报、设备售后维保一体化服务，适配老年居家生活需求。 - 医养结合场景：打通医疗机构与养老服务数据互通渠道，搭建就医绿色通道，落地家庭医生签约、双向转诊、康复护理联动服务，实现医养康养深度融合。 - 旅居养老场景：实现跨区域养老基地查询、智能推荐、线上预订、旅居养老健康保障、跨区域服务互通，满足多元化养老旅居需求。 - 机构赋能场景：搭建养老机构资源对接平台，实现订单智能匹配、各类养老补贴线上申报、从业人员专业培训、机构安全智能管理、人员动态监管，全面赋能养老机构规范化运营。,2026-08-17 18:57:39,2026-08-21 02:01:00,2026-08-20 16:16:04,0,false,https://dibj.cn/portal/api/common/calling/page?tableCode=SETTLED_PROJECT
11,SETTLED_PROJECT,创新服务-入驻项目,156,439,661,北京福慧智能科技有限公司,京智养”全流程养老综合服务智能体项目,本项目聚焦养老领域数据合规流通、交易服务一体化核心痛点，立足依法合规、安全可控的核心原则，依托政企协作模式引入专业运营服务力量，搭建线上线下一体化的“京智养”养老综合服务智能体。通过数字化、智能化手段重构养老服务流程，落地八大类核心养老服务场景，构建养老数据合规归集、安全流通、高效交易、精准服务的全链条体系。实现养老服务“智能问答、边问边办、即申即办”的数字化服务新模式，破解老年人数字鸿沟、养老服务供需错配、行业数据壁垒、服务监管薄弱等行业难题。同时赋能居家、机构、旅居、医养等多元养老业态，提升养老服务精细化、标准化、智能化水平，打造区域养老数据合规应用与智慧养老服务标杆样板。,（一）平台载体成果 建成功能完善、安全合规的“京智养”养老综合服务线上智能体平台，打通线上服务端口与线下养老服务网点，实现八大核心养老服务场景全覆盖、全线上化、流程闭环化。平台具备智能咨询、自助办理、数据互通、交易结算、智能监管、预警提醒等一体化功能，支持老年人、家属、养老机构、监管部门、运营服务商多方主体协同使用。 （二）数据体系成果 建立标准化、合规化的养老数据治理与流通机制，搭建安全可控的养老数据资源池，规范老年人健康数据、服务数据、机构运营数据、补贴数据等涉老数据的归集、脱敏、共享、流通、交易流程。形成可复制、可推广的养老数据合规流通与交易服务标准体系，破除跨部门、跨业态、跨区域养老数据壁垒，实现医养、康养、养老服务数据互联互通。 （三）服务场景成果 全面落地八大类标准化智慧养老服务场景，实现场景服务常态化、规范化、智能化运行： - 智慧助餐场景：实现养老餐线上点餐、精准送餐、线上支付结算、电子发票自动开具全流程线上办理，打通老年助餐便民服务闭环。 - 健康管理场景：搭建标准化电子健康档案体系，实现老年人慢病智能管控、在线问诊、健康数据实时监测、风险异常自动预警，筑牢老年健康保障防线。 - 机构养老场景：实现养老机构智能查询、床位精准匹配推荐、VR实景看房、线上签约入驻、机构信息监管公示等智能化服务，提升机构养老服务透明度与便捷度。 - 居家照护场景：标准化居家上门照护服务流程，实现专人定制照护、服务全程溯源监督、紧急帮扶快速响应，保障居家养老服务质量与安全。 - 适老化服务场景：提供居家适老化改造智能评估、定制化改造方案、养老辅具租赁、补贴线上申报、设备售后维保一体化服务，适配老年居家生活需求。 - 医养结合场景：打通医疗机构与养老服务数据互通渠道，搭建就医绿色通道，落地家庭医生签约、双向转诊、康复护理联动服务，实现医养康养深度融合。 - 旅居养老场景：实现跨区域养老基地查询、智能推荐、线上预订、旅居养老健康保障、跨区域服务互通，满足多元化养老旅居需求。 - 机构赋能场景：搭建养老机构资源对接平台，实现订单智能匹配、各类养老补贴线上申报、从业人员专业培训、机构安全智能管理、人员动态监管，全面赋能养老机构规范化运营。 （四）服务效能成果 彻底破解老年人数字适配难题，实现养老服务“边问边办、智能速办”，大幅降低老年人办事门槛，提升养老服务普惠性、便捷性。构建政,2026-08-17 18:45:36,2026-08-19 02:01:00,2026-08-18 17:29:24,0,false,https://dibj.cn/portal/api/common/calling/page?tableCode=SETTLED_PROJECT
12,SETTLED_PROJECT,创新服务-入驻项目,158,435,625,国研大数据研究院有限公司,北京市消费新特征与发展趋势研究,本项目立足北京市国际消费中心城市建设与扩大内需战略实施要求，依托各类消费领域公共数据开展系统性量化研判，旨在精准把握新时代北京消费市场发展动态与运行规律，全面梳理城市消费业态、消费空间、消费人群及消费结构呈现的全新特征，系统分析夜间经济、绿色消费、数字消费、文商旅融合消费等新型消费业态的发展现状、增长潜力与现存短板。项目聚焦北京商圈提质升级、城乡消费差异、一刻钟便民生活圈建设、一老一小普惠消费保障及各类促消费政策实施成效等重点领域，深入剖析当前首都消费扩容提质过程中存在的痛点与堵点，精准研判全市消费市场中长期发展趋势。通过破解传统消费研究主观性强、数据支撑不足、趋势研判不精准、结构性问题识别不清晰等短板，形成贴合北京城市发展定位、兼具科学性与实操性的研究结论与对策建议，为北京市优化促消费政策体系、培育新型消费增长点、完善民生消费配套、优化商业空间布局提供有力的数据支撑和决策参考，助力北京高质量建设国际消费中心城市。,本项目最终将形成《北京市消费新特征与发展趋势研究》完整专项研究报告 1 份，依托多类公共消费数据完成量化分析，配套完整的数据研判图表、消费新特征总结、市场中长期趋势预判、现存发展短板问题清单以及针对性、可落地的政策建议。同时构建涵盖北京市消费结构演变、商业空间格局分布、新型消费业态迭代、居民分层消费特征的标准化数据台账，实现消费数据可视化、成果体系化、结论可溯源。研究成果可有效支撑全市促消费政策迭代优化、重点商圈提质升级、新型消费业态培育壮大，为北京市“十五五”消费领域专项规划编制、消费治理精细化提升提供扎实的数据依据和科学的决策参考。,2026-08-17 11:14:43,2026-08-19 02:01:00,2026-08-18 17:24:23,0,false,https://dibj.cn/portal/api/common/calling/page?tableCode=SETTLED_PROJECT
13,SETTLED_PROJECT,创新服务-入驻项目,154,432,647,北京立道软件股份有限公司,中国图书出版信息高质量数据集项目,本项目以打造国家级、高标准、高质量、可复用的图书出版信息数据集为核心，开展全流程数据建设与服务工作，核心服务内容如下：一是多源数据归集整合服务，系统归集图书出版备案数据、基础元数据、版本迭代数据、版权权属数据、出版生产数据、馆藏流通数据等多源异构数据，实现行业核心数据统一汇聚；二是高质量数据治理服务，建立专属出版数据质控标准，完成数据清洗、去重纠错、字段补全、标准化规整、版本关联、分类分级，解决行业数据失真、混乱、不规范问题；三是数据集规范化构建服务，按照国家数据标准与行业规范，搭建结构化、标准化、可检索、可复用的高质量图书出版信息数据集，完善数据字典、质控规则、分类体系；四是数据迭代更新服务，建立常态化数据增量更新、动态核验、纠错优化机制，持续保障数据集时效性、准确性与完整性；五是行业数据赋能服务，依托高质量数据集，为出版机构选题策划、内容升级、数字化转型提供数据支撑，为行业监管、产业分析、版权核验、公共查询提供标准化数据服务。,项目建成后，将形成一套中国图书出版信息高质量标准化数据集，构建完善的图书出版数据治理规范与质控体系；完成千万级存量图书数据高质量整改与标准化规整，实现全品类图书出版信息全覆盖、数据精准关联、版本完整溯源；形成成熟的数据迭代更新机制；产出相关软件著作权、数据标准化成果、行业应用案例，形成可复制、可推广的出版行业高质量数据治理模式；有效解决行业数据质量差、标准乱、复用难的痛点，为出版行业数字化转型、精品内容培育、智慧监管、公共文化服务提供权威、高质量的数据底座，实现行业数据资源的规范化、高效化、产业化复用。,2026-08-12 14:12:40,2026-08-13 02:01:00,2026-08-12 14:29:28,0,false,https://dibj.cn/portal/api/common/calling/page?tableCode=SETTLED_PROJECT
14,SETTLED_PROJECT,创新服务-入驻项目,155,429,556,数融智链（北京）信息科技有限公司,基于企业公共数据的产业经营大脑智能化服务,项目核心建设内容为基于北京公共数据资源，合规开展数据汇聚、脱敏治理、融合分析、智能建模，搭建一站式、智能化的产业经营大脑服务平台。项目围绕北京产业经济监测、企业经营画像、行业风险预警、政策精准推送、产业资源匹配、园区经济研判六大核心方向开展建设，通过数据赋能实现产业运行状态实时监测、企业经营风险动态识别、产业发展趋势精准预判。项目预期产出智能化平台系统、月度/季度产业分析报告、行业风险预警清单、企业精准服务台账，全面提升北京产业治理数字化、精细化、智能化水平。,本项目核心产品为产业经营大脑智能化服务平台，产品形态为服务平台+定制化数据分析报告+智能预警服务，适配政务端、企业端双端口使用。产品整体分为三层架构：一是数据治理层，实现工商、产业分类、园区归属等多类公共数据的合规汇聚、清洗、脱敏、标准化、结构化处理，建立统一的北京产业数据资源底座；二是智能算法层，自研产业景气度研判模型、企业用工经营模型、行业风险预警模型、政策匹配智能模型，实现数据智能化分析运算；三是场景应用层，搭建产业态势洞察、企业画像查询、风险智能预警、政策精准匹配、数据统计分析、定制报表导出六大功能模块。产品完全贴合北京产业发展特色，适配政务监管决策、园区运营管理、企业经营赋能等多元应用场景，支持持续迭代优化。,2026-08-11 07:32:10,2026-08-13 02:01:00,2026-08-12 14:14:17,0,false,https://dibj.cn/portal/api/common/calling/page?tableCode=SETTLED_PROJECT
15,SETTLED_PROJECT,创新服务-入驻项目,151,420,176,蚂蚁密算公司,数据要素促进精准就业,本场景依托互联网就业服务平台开展民生就业服务，融合平台招聘数据、政务公共数据与社会宏观数据，通过隐私计算（密态计算）与人工智能融合建模，构建&quot;数据核验—智能匹配—精准服务&quot;的一体化就业服务场景。场景通过交叉验证过滤失真信息，确保就业信息真实可信；通过算法匹配供需，实现岗位与求职者的精准撮合；基于个体情况提供个性化就业咨询，推动就业服务由&quot;大水漫灌&quot;向&quot;精准滴灌&quot;转变。场景坚持&quot;数据不出域、可用不可见&quot;原则，原始明细数据不向平台输出，从根本上保障数据安全与个人隐私。,场景面向三类服务对象。一是求职者：提供便捷入职服务，实现岗位推荐、简历投递、资质核验、入职办理的一站式衔接；依托AI职业规划师提供个性化职业路径建议；提供技能提升咨询与行业趋势信息，帮助求职者明晰方向、增强信心，实现&quot;有业可就、技能有升&quot;。二是用人机构：依托公共数据核验用工信息真实性，提升招聘效率，降低用工风险，助力企业便捷合规用工，尤其惠及中小微企业。三是监管部门：提供就业形势、招聘趋势、培训转化效果等系列数据报告，为就业政策制定与稳就业工作推进提供数据支撑，助力城市就业治理精细化。,2026-08-07 14:20:53,2026-08-08 02:01:00,2026-08-07 14:27:36,0,false,https://dibj.cn/portal/api/common/calling/page?tableCode=SETTLED_PROJECT
16,SETTLED_PROJECT,创新服务-入驻项目,152,417,386,首都信息发展股份有限公司,首都信息“金保双源惠金融”数智创新项目,本项目旨在依托首都信息发展股份有限公司在政务数据领域的技术积累与合规运营经验，面向金融科技场景，构建基于公积金与社保公共数据的安全、高效、合规的数据产品体系，解决个人消费信贷和中小微企业融资过程中材料繁琐、信息不对称、信用评估不充分等痛点。 具体目标包括：一是打造“秒批”消费贷数据核验服务，通过公积金与社保双源交叉验证，替代传统收入证明与银行流水，实现信贷审批“零材料上传”和“秒级核验”，显著缩短个人用户贷款审批周期。二是构建中小微企业信用评估模型，利用企业公积金缴存人数、金额变化趋势及社保参保稳定性等指标，为银行授信决策提供权威辅助依据，拓宽企业融资渠道。三是开发标准化风控数据API，将脱敏后的公共数据开发为可复用、可迭代的数据产品，在严格遵循“原始数据不出域、数据可用不可见”的安全原则下，实现公共数据在金融领域的有序流通与价值释放，最终形成可复制、可推广的公共数据授权运营“北京方案”。,本项目预期形成三大核心成果： 第一，在服务能力方面，建成覆盖个人消费贷与企业信贷场景的“公积金+社保”双源核验与信用评估服务体系。个人用户无需提交纸质材料即可完成线上授权与快速审批，金融机构线下核实工作量预计减少90%以上，审批时长缩短至分钟级或1-7个工作日，信贷效率显著提升。 第二，在风险控制方面，依托权威公共数据核验，有效降低信息不对称风险，预计合作金融机构不良贷款率可下降2-3个百分点，同时通过联合识别“缴公积金但社保异常”等空壳企业，增强风控精准度。 第三，在数据产品运营方面，形成标准化API接口、企业信用评估模型、定制化风控数据接口等系列数据产品，建立按调用次数或年度授权许可的可持续收费模式，创造稳定数据产品运营收入，推动公共数据要素从资源向资产转化，为全国公积金与社保数据合规授权运营提供示范经验。,2026-08-06 10:19:48,2026-08-08 02:01:00,2026-08-07 09:15:13,0,false,https://dibj.cn/portal/api/common/calling/page?tableCode=SETTLED_PROJECT
17,SETTLED_PROJECT,创新服务-入驻项目,150,416,629,十堰大数据运营有限公司,基于多源医疗数据的区域慢性病（高血压/糖尿病）智能防控与精准管理平台,本项目旨在依托十堰市智慧医疗健康大数据平台（“十堰市健康大脑”）及公共数据授权运营机制，构建一个区域慢性病智能防控与精准管理平台。具体目标如下： 1. 构建高质量慢性病多模态数据集：通过合规渠道，整合全市医疗机构电子病历、检验检查报告、影像数据，以及医保结算、公共卫生等多元数据，参照“主动采集－集中治理”技术路线，构建标准化、结构化的慢性病（优先聚焦高血压、糖尿病）专病数据库。对不少于一定规模的病例样本进行专业标注与质控。 2. 开发慢性病智能风险评估与预警模型：基于构建的数据集，利用人工智能算法，开发针对高血压、糖尿病的发病风险预测、并发症预警及疗效评估模型。实现从“被动治疗”向“主动健康”的转变，支撑临床辅助决策与个性化治疗方案的制定。 3. 赋能“医防融合”与分级诊疗：将模型能力嵌入家庭医生签约服务与基层诊疗系统，为基层医生提供智能筛查、转诊建议和健康管理方案。同时，通过平台为居民提供个性化的健康宣教与风险自测工具，提升居民健康素养。 4. 探索数据要素价值化路径：在确保数据安全和隐私的前提下，探索将经过治理的脱敏数据集或数据产品，在合规框架下向药械企业、科研机构开放，赋能生物医药研发与临床研究，形成可复制的医疗数据要素化“十堰模式”。,通过本项目的实施，预期将取得以下成果： （一）直接成果 1. 一套高质量的慢性病专病数据集：形成覆盖十堰市主要区域、包含临床、检验、影像等多模态信息的慢性病数据集，为后续AI模型训练和科研分析奠定坚实基础。 2. 一套智能化的风险评估与管理系统：开发出针对高血压、糖尿病的风险预测与管理系统，并在十堰市至少3家医疗机构或医联体中进行试点应用，提升疾病早期识别和辅助诊断的精度。 3. 一份“医防融合”数据应用报告：形成基于数据分析的十堰市慢性病流行特征、管理现状及防控建议报告，为卫生健康行政部门的政策制定提供数据支撑。 4. 一个可对外授权的高质量数据集或数据产品：在完成数据确权和合规审查后，形成至少1个可流通、可交易的数据产品，并在数据交易所进行登记或挂牌，实现公共数据从资源到资产的转化。  （二）经济社会效益 1. 社会效益：通过精准防控和早期干预，有效降低慢性病并发症发生率，减轻患者痛苦和经济负担；提升基层医疗服务能力，促进优质医疗资源下沉，增强群众就医获得感。 2. 经济效益：通过优化医疗资源配置和控制不合理费用增长，助力十堰市公立医院改革示范项目目标的实现。同时，数据产品的交易和流通将为十堰市培育新的经济增长点，吸引相关数字企业集聚。 3. 示范效应：本项目将打通十堰市公共医疗数据从归集、治理到应用、流通的全链条，为湖北省乃至全国中西部地区的医疗数据要素化改革提供可复制、可推广的实践范本。,2026-08-06 09:54:03,2026-08-07 02:01:00,2026-08-06 17:24:18,0,false,https://dibj.cn/portal/api/common/calling/page?tableCode=SETTLED_PROJECT
18,SETTLED_PROJECT,创新服务-入驻项目,149,412,494,贵州数据宝网络科技有限公司,保险行业多源公共数据融合产品创新与应用,本项目依托北京市多部门高质量公共数据，深度融合企业自有数据，构建多源数据融合分析体系。通过整合工商、司法、社保、公积金、纳税等关键信息，精准聚焦保险投保身份核验、产品定价、风险评估及核保决策等核心业务场景，打造标准化、模块化、可复用的公共数据融合产品。项目旨在充分释放公共数据要素价值，有效支撑保险行业客户风险评估与智能核保，全面提升投保环节的核验效率与服务体验。同时，推动公共数据在金融保险领域的深度应用与创新落地，助力行业数字化转型与高质量发展。,本项目预期建成一套标准化、模块化、可复用的保险领域公共数据融合产品体系。项目依托北京市市场监管、高级人民法院、民政、人社、住房公积金中心、税务等多委办局提供的高质量政务数据，深度融合企业自有数据资源，构建多源数据融合分析体系。该体系精准覆盖保险投保身份核验、产品定价、客户风险评估及核保决策等核心应用场景。最终成果将以API接口等标准化形式高效输出，全面赋能保险行业智能核保与高效服务，推动公共数据要素价值的深度释放与创新落地。,2026-08-04 17:18:47,2026-08-05 02:01:00,2026-08-04 17:20:11,0,false,https://dibj.cn/portal/api/common/calling/page?tableCode=SETTLED_PROJECT
19,SETTLED_PROJECT,创新服务-入驻项目,153,409,595,北京网赢时代科技有限公司,数据驱动市场主体信用与产业精准治理场景,围绕&quot;数据驱动市场主体信用与产业精准治理&quot;这一场景，建设面向北京市市场主体的全景画像、智能核验与产业精准治理能力，破解传统产业治理中&quot;数据散、感知慢、决策难&quot;三大痛点。 具体目标包括：打通市场监管、税务、社保、规上企业、信用等多源政务数据，构建北京全量市场主体&quot;一企一档&quot;基础底座；形成&quot;主体识别—信用研判—产业关联—动态监测—精准服务&quot;闭环能力，输出主体画像、信用报告、产业分布、培育台账等4类核心产品；服务产业主管部门、园区管理机构、金融机构等3类核心用户，覆盖招商、企业培育、信用核验、产业链分析等5类高频场景；在试点区域实现规上企业培育台账动态管理、重点产业集聚度量化评估、招商线索智能匹配等3个示范应用；最终形成可复制的&quot;数据+算法+场景&quot;产业治理方案，为全市各区及外阜地市提供模板化推广。,平台建设：上线&quot;市场主体信用与产业精准治理平台&quot;V1.0，包含主体画像引擎、信用核验模块、产业态势大屏、培育台账管理、关联图谱分析5大核心模块，形成4类API接口服务，支持政务系统对接与SaaS化调用。 数据治理：归集市场主体登记、严重违法失信、行政许可、规上企业、社保参保、税务开票等8类核心数据，覆盖北京全量市场主体（300万家左右），建立以统一社会信用代码为唯一标识的实体关系图谱，包含企业基础属性、监管记录、产业链关联等200余项字段。 应用成果（以朝阳区试点为例）：智能识别潜力规上企业500家以上，形成动态培育台账；批量核验招采/入园企业信用，单次核验时间从2小时压缩至秒级；输出重点产业集聚度评估报告3份，辅助精准招商；平台累计服务调用不低于10万次。 可推广成果：形成《数据驱动产业治理实施指南》1份，并在2-3个其他区或外阜地市完成落地推广。,2026-07-30 15:46:18,2026-08-12 02:01:00,2026-08-11 10:37:35,0,false,https://dibj.cn/portal/api/common/calling/page?tableCode=SETTLED_PROJECT
20,SETTLED_PROJECT,创新服务-入驻项目,147,408,625,国研大数据研究院有限公司,银发经济背景下的入户人员身份安全认证项目,本项目旨在构建&quot;银发经济背景下的入户人员身份安全认证&quot;数据服务体系，以公共数据为支撑，破解居家养老服务场景中从业人员身份核验难、风险感知弱、跨机构信息壁垒深等核心痛点，切实保障老年群体居家安全，助力银发经济规范健康发展。 项目核心目标包括三个层面：一是建立权威可信的身份核验机制，通过整合公安人口、职业资格、社保参保等公共数据，对入户服务人员的身份真实性、从业资质、劳动关系进行多维度交叉验证，从源头拦截冒用身份、持假证上岗等风险，实现&quot;人证合一、资质合规&quot;的准入管理；二是构建动态风险预警能力，依托司法信用、行政处罚等数据建立从业人员风险评分模型，实时感知涉诈、涉刑、严重失信等动态风险变化，向服务机构推送分级预警，推动安全管理从&quot;静态审核&quot;向&quot;动态监测&quot;转变；三是打通跨机构信用共享通道，建立服务人员全生命周期信用档案，实现不良记录在行业内的可追溯、可共享，形成&quot;一处失信、处处受限&quot;的约束机制，遏制从业人员&quot;带病流动&quot;。,银发经济背景下的入户人员身份安全认证项目预期产出结果： 1.一套身份安全认证数据产品：形成标准化的API接口和数据服务包，支持养老服务平台快速接入。 2.一个动态风险评估模型：输出可量化的风险评分规则和预警阈值，实现从业人员风险分级管理。 3.一份行业应用白皮书：总结银发经济入户场景数据应用模式，为政策制定和行业规范提供参考。 4.不少于3家试点机构落地应用：在居家养老、家政服务等领域完成场景验证，形成可复制推广的标准化方案。,2026-07-29 13:24:13,2026-07-30 02:01:00,2026-07-29 18:08:26,0,false,https://dibj.cn/portal/api/common/calling/page?tableCode=SETTLED_PROJECT
21,SETTLED_PROJECT,创新服务-入驻项目,146,407,614,北京首通智城科技创新有限责任公司,副中心智慧水务,本项目聚焦防洪排涝核心业务，对现有防洪应急和积水排涝两大业务流程进行全面梳理与规范化再造。防洪应急方面，依据区防洪应急指挥预案，建立“预警研判—任务下发—处置执行—结果反馈”的全流程闭环管理机制，明确区水务局、区防汛指挥部、各镇（街）管理机构、运维单位之间的职责边界与协同关系，通过京办、短信、云呼叫等多渠道实现任务精准派发与跟踪督办。积水排涝方面，依据区防汛应急指挥预案，建立“监测预警—积水量评估—水泵调度—靶向预警—处置反馈”的标准化处置流程，耦合预警、预报、雨量、积水、视频、地图、人员、排涝工程等多源信息，实现积水点从发现到处置完成的全流程数字化管控。通过业务流程再造，将原有依赖人工经验、多头协调的粗放式管理模式，升级为权责清晰、流转顺畅、闭环可控的标准化作业体系。,构建积水智能识别模型，基于“雪亮工程”视频，针对试点区域，不间断自动识别区域积水深度并报警，以此为试点，逐步推广至通州区主城区155km2及全域范围906km2内。本项目围绕防洪排涝实战能力提升，设定可量化、可考核的绩效目标。在防汛物资管理方面，通过RFID数字化改造，实现物资出入库自动化、盘点高效化、库存透明化，将物资出仓时间从小时级压缩至分钟级，出仓效率提升90%以上，库存准确率达到95%。在积水发现与预警方面，通过积水智能识别模型在3个试点区域（6.91平方公里）的落地应用，实现积水深度自动识别与分级报警，将积水发现时间从人工巡查的小时级缩短至秒级，积水有无识别准确率不低于90%，深度分级识别准确率不低于75%。在积水处置方面，通过积水量实时计算与水泵精准调度，将积水排水效率提升50%以上。,2026-07-28 19:33:06,2026-07-30 02:01:00,2026-07-29 18:08:41,0,false,https://dibj.cn/portal/api/common/calling/page?tableCode=SETTLED_PROJECT
22,SETTLED_PROJECT,创新服务-入驻项目,148,403,602,深圳市华傲数据技术有限公司,基于多源数据融合的城市公共服务效能提升与智能决策平台建设项目,"本项目以释放公共数据要素价值为核心，聚焦城市民生服务领域供需错配、资源调度滞后、治理预判不足等痛点，通过大数据、人工智能与云计算技术的深度融合，打通跨部门、跨领域的数据壁垒。项目总体目标是建成集数据治理、智能分析、决策支撑于一体的综合服务平台，推动民生服务从 “被动响应” 向 “主动预判” 转型。
具体目标包括：完成政务服务、医疗卫生、教育资源、城市交通、市政管理等 5 类以上公共数据的清洗、标准化映射与融合建模，构建统一规范的数据资源池；研发民生供需匹配、公共资源优化调度、异常态势智能预警等 6 类以上核心算法模型；搭建多维度可视化决策终端，实现民生服务运行数据的实时监测、多维钻取与趋势预判；建立全流程数据安全管控体系，覆盖数据采集、存储、加工、应用全生命周期，确保数据使用合规可控；最终实现民生事项办理响应效率提升 30% 以上，公共资源配置精准度显著提高，形成公共数据赋能城市精细化治理的示范应用范式。","1.系统落地成果：建成完整的城市民生服务智能决策支撑平台 1 套，包含数据治理中台、算法引擎中心、可视化决策终端三大核心模块，支持日均千万级数据量的处理分析，可满足多部门协同使用、多场景灵活适配的需求。
2.技术与知识产权成果：形成公共数据融合治理规范、数据分级分类管控机制等标准化成果；研发民生领域专项分析模型不少于 6 个，覆盖资源调度、诉求预判、效能评估等方向；申请软件著作权 2-3 项，输出民生服务运行现状、优化路径等深度分析报告 3 份以上。
3.业务实效成果：通过数据赋能实现民生服务诉求平均响应时长缩短 40%，公共服务资源利用率提升 25%；辅助管理部门完成至少 3 项民生服务流程优化与政策调整，切实提升群众办事便捷度与满意度。
4.模式推广成果：总结形成 “公共数据授权运营 + 场景化落地” 的可复制、可推广模式，为交通、文旅、产业等更多领域的数据价值释放提供参考范本，助力城市数字化治理水平整体升级。",2026-07-28 18:19:02,2026-07-31 02:01:00,2026-07-30 09:44:14,0,false,https://dibj.cn/portal/api/common/calling/page?tableCode=SETTLED_PROJECT
23,SETTLED_PROJECT,创新服务-入驻项目,142,401,624,首都经济贸易大学,北京市绿色经济运行监测,本项目紧扣“北京经济社会运行监测平台研究”方向，立足首都功能定位和绿色低碳发展要求，聚焦北京市绿色经济运行的季度化、常态化监测。项目以公共数据归集治理为基础，以指标体系构建和指数测算为重点，综合开展趋势分析、区域比较、短板识别与风险研判，构建覆盖绿色创新、资源环境、绿色生产、绿色生活四个维度的监测体系。通过建设标准化数据库、测算全市及16个行政区绿色经济指数、开发动态可视化仪表盘、编制季度监测报告和政策建议，持续跟踪绿色经济发展水平、结构变化及区域差异，为有关部门优化政策、配置资源和推进绿色转型提供量化依据与决策支撑。,第一，建设季度或更高频度、覆盖全市及16个区的绿色经济运行数据库和指数体系，归集经济运行、能源利用、生态环境、绿色交通等多源数据，统一统计口径，建立质量校验和动态更新机制，及时反映北京市绿色经济发展态势及区域差异。第二，开发动态可视化仪表盘，设置指数总览、趋势分析、区域比较、指标下钻和风险提示等功能，提高监测成果的直观性和使用效率。第三，依托数据库和指数测算结果形成季度监测报告及成果要报，分析运行特征、发展趋势和突出问题，提出有针对性的政策建议并报送相关部门，为北京市绿色发展决策提供量化依据。,2026-07-28 14:56:14,2026-07-29 02:01:00,2026-07-28 17:29:30,0,false,https://dibj.cn/portal/api/common/calling/page?tableCode=SETTLED_PROJECT
24,SETTLED_PROJECT,创新服务-入驻项目,143,400,399,北京三快在线科技有限公司,共享骑行智能调度模型,将轨道站点客流数据（进站量、出站量、换乘量等）接入骑行需求预测模型，对齐至“站点×小时”粒度，并映射到站点周边500米辐射范围内的路网点位，作为强外生特征参与骑入骑出量预测，尤其强化早晚高峰等客流剧烈波动时段的预测精度。基于客流信号的变化趋势，系统可在地铁大客流到来前提前触发车辆召回与调度指令，将周边闲置车辆提前补充至地铁出口，减少市民出站后等车、找车的时间；同时在早高峰进站客流集中时段，及时清理站口堆积车辆，保障出入口通行顺畅、有序停放，让市民取车、还车都更加方便。,本项目具备突出应用价值与多元综合效益。依托轨道站点客流数据精准感知地铁接驳骑行需求，联动需求预测、任务生派模块搭建实时预测调度体系，实现站点“出站有车骑、进站好停车”。社会效益层面，优化市民“最后一公里”出行体验，促进轨道交通与慢行交通深度融合，引导绿色低碳出行；借助数据预判缓解站点车辆淤积、乱停放问题，推动城市管理由被动清理转向主动预防。经济效益方面，推动运营模式从事后补车转向事前预调度，提升车辆周转效率，精准统筹运维人力与车辆资源，形成轨道接驳标准化调度模式，可向更多站点、城市复制推广。,2026-07-28 14:54:20,2026-07-29 02:01:00,2026-07-28 16:59:14,0,false,https://dibj.cn/portal/api/common/calling/page?tableCode=SETTLED_PROJECT
25,SETTLED_PROJECT,创新服务-入驻项目,144,399,616,中关村企业信用促进会,基于信用领跑的多场景信用应用探索,"本项目立足数智北京创新中心公共数据底座，以信用领跑企业培育为示范抓手，聚焦科创中小微企业融资堵点、信用应用场景单一两大核心痛点，依托政企多源公共数据融合与智能评价技术，构建适配首都全域企业的数字化信用价值赋能体系。
项目总体目标分为三层：
一是搭建合规可控的企业信用数据资源池，依托隐私计算、数据脱敏技术打通市场监管、社保、纳税、知识产权等公共数据融合通道，完善“1+X”动态信用数据库，破解银企信息不对称难题，补齐科创轻资产企业信用识别短板；
二是迭代升级“4+1”智能信用评价模型，打造标准化、可复用的企业信用数字标尺，实现全市企业信用动态画像自动生成、实时更新，建立以领跑标杆辐射全市经营主体的梯度培育机制；
三是拓展信用+融资、政策、市场、人才等多元应用场景，搭建一体化信用服务端口，丰富守信激励工具，打通公共数据-智能评价-信用价值转化完整链路。","（一）数据与系统类成果
1.建成依托数智中心安全底座的“1+X”企业动态信用画像数据库，归集工商、社保、纳税、知识产权等公共数据与企业创新经营特色数据，覆盖企业不少于1000家，实现数据动态更新、安全隔离运行。
2.迭代优化升级版“4+1”智能信用评价系统，扩充科创、经营履约评价维度，实现企业信用评分自动化测算、信用风险标签自动生成，配套开发标准化API数据服务接口，支撑金融机构合规调取信用评价结果。
（二）公共数据产品成果
落地三类标准化公共数据产品：一是企业信用智能画像 服务平台；二是科创金融智能匹配对接端口；三是区域信用监测可视化大屏与月度分析报告，形成完整的公共数据产品运营体系。
（三）企业培育与服务量化成果
项目年度完成线上智能信用评价企业不少于1000家，新增培育信用领跑标杆企业300家以上；联动合作银行、担保机构完善科创信用金融产品矩阵，持续扩大纯信用贷款投放规模，切实提升科创企业融资可得性。
（四）示范与机制成果
打造公共数据赋能信用服务标杆示范场景，完整验证公共数据归集、隐私计算、授权使用、产品运营、安全管控全流程机制；形成公共数据信用应用标准、企业智能信用评价规范等实操成果，吸引金融、园区、信用服务类生态主体入驻数智中心，产出可复制的数据要素融合应用“北京经验”，支撑全球数字经济标杆城市建设",2026-07-28 12:12:02,2026-07-29 02:01:00,2026-07-28 16:51:10,0,false,https://dibj.cn/portal/api/common/calling/page?tableCode=SETTLED_PROJECT
26,SETTLED_PROJECT,创新服务-入驻项目,140,398,619,北京国颐康养有限公司,居家适老化安全一体化照护项目,在各社区养老服务站点及上级民政部门部署一体化智慧屏，实现辖区内老年人信息的可视化集中展示。智慧屏可精准呈现每位老年人所属社区及对应门牌号、健康状况（基础疾病、用药情况、近期健康指标等）、居家情况（居住环境安全等级、适老化改造进度、照护需求等级等），支持按社区、按楼栋、按人群分类检索与筛选，辅助主管部门和社区工作人员全面掌握辖区内老年人居家养老状况。依据民政部门相关政策和标准，为老年人家庭提供入户评估、改造方案设计、施工改造、设施配备、老年用品配置等全流程服务。改造内容涵盖地面防滑、安全扶手安装、淋浴椅配置、通行无障碍改造、起卧助力防跌、应急呼救等适老化项目，实现“一户一策”精准改造，有效预防跌倒、降低居家安全风险。依托物联网智能传感设备，对老年人居家活动、生命体征、环境安全等进行实时监测。重点监测离床状态、睡眠质量、异常驻留、跌倒事件等行为数据，实现异常情况自动预警与快速响应，构建“设备监测—平台预警—人工介入”的安全保障闭环。,"一体化智慧屏部署全覆盖
在各社区养老服务站点及上级民政部门完成一体化智慧屏部署，实现辖区内老年人信息的可视化集中展示与动态监管，形成“区—街道—社区”三级养老服务数据展示网络。
二、老年人信息精准呈现
智慧屏可精准呈现每位老年人的多维信息：
基本信息：所属社区、门牌号、联系方式、紧急联系人等；
健康状况：基础疾病、用药情况、近期健康指标（血压/血糖等）、健康评估等级；
居家情况：居住环境安全等级、适老化改造进度、照护需求等级、智能设备配置状态。
三、智能检索与分类筛选
支持按社区、按楼栋、按人群（如失能/半失能/独居/高龄等）分类检索与筛选，实现养老服务数据的快速定位与分层管理，提升社区养老服务的精准化水平。
四、辅助管理决策
为各级民政主管部门和社区工作人员提供直观、实时、全面的数据支撑，辅助掌握辖区内老年人居家养老整体状况，助力养老服务资源精准配置、政策制定与工作考核。",2026-07-27 11:34:58,2026-07-28 02:01:00,2026-07-27 14:48:20,0,false,https://dibj.cn/portal/api/common/calling/page?tableCode=SETTLED_PROJECT
27,SETTLED_PROJECT,创新服务-入驻项目,141,397,618,北京中科医晓科技有限公司,医疗专病大模型平台研发,"项目主要应用于医疗健康和公共数据开发利用领域，服务对象包括政府卫生管理部门、医疗机构、医学院校、科研机构、临床医生和基层医务人员。                                                                                                                                                                                                        1. 建设医疗公共数据标准化治理系统，完成数据清洗、字段映射、质量检查、脱敏和分类分级。
2. 建设医疗资源知识库，关联医疗机构、专科、人员、床位、服务能力及区域分布等信息。
3. 建设医疗专科科研知识库，融合疾病统计、医学文献、临床指南和临床试验等信息。
4. 建设AI医疗科情服务模块，提供医学知识检索、循证证据追溯、科研选题和文献综述辅助。
本公司项目建设预期形成医疗公共数据资源库、医疗专科大模型、医疗科情检索平台等成果。
","1. 社会效益。项目将提升北京市医疗卫生公共数据的治理和开发利用水平，支持区域医疗资源优化配置及基层医疗服务能力提升，提高医生和科研人员获取医学信息、开展科研工作的效率，推动优质医学知识和专科能力向基层传播，形成安全、合规、可追溯的医疗公共数据应用示范。
2. 经济效益：项目将形成医疗数据治理、专科大模型授权、AI医疗科情平台订阅及私有化部署等产品和服务，降低医疗机构在数据整理、医学信息检索和科研分析等方面的成本，推动医疗公共数据产品在医院、医学院校及科研机构中的规模化应用，形成可持续的商业运营模式。
",2026-07-26 09:05:45,2026-07-28 02:01:00,2026-07-27 11:23:40,0,false,https://dibj.cn/portal/api/common/calling/page?tableCode=SETTLED_PROJECT
28,SETTLED_PROJECT,创新服务-入驻项目,145,396,612,北京华宇信息技术有限公司,执行点对点查控,"构建法院与地方委办局的点对点数据通道，打通信息孤岛，实现从“线下跑”到“线上调”的质的飞跃。一是填补“总对总”查控体系空白，有效破解执行阶段“人难找、财难控”的核心痛点；通过数据化手段优化执行流程，实现执行案件平均办理周期缩短30%以上，大幅提升司法执行效率与公信力。二是以标准化数据接口服务形式交付查控能力，形成可持续的运营收入来源；同时深度沉淀法院查控需求画像，挖掘司法数据价值，进一步衍生开发司法数据分析、风险预警等增值产品，拓宽业务生态边界。三是助力提升法治化营商环境考核指标，有效降低因执行难引发的社会投诉；推动政务数据高效赋能司法场景，打通数据壁垒，切实落实“数据要素×”行动，释放政务数据的社会与经济双重价值。

","流程从法院一张网执行办案系统发起需求，经点对点查控平台（法院侧）汇聚，通过数据接口网关，在数产的运营平台沙箱中，查询由数产采集的各委办局的数据，经过处理后将结果加密回传，最终由法院系统自动签收，形成完整的“发起-处理-反馈”闭环。流程从法院一张网执行办案系统发起需求，经点对点查控平台（法院侧）汇聚，通过数据接口网关，在数产的运营平台沙箱中，查询由数产采集的各委办局的数据，经过处理后将结果加密回传，最终由法院系统自动签收，形成完整的“发起-处理-反馈”闭环。
",2026-07-24 17:41:42,2026-07-29 02:01:00,2026-07-28 09:14:48,0,false,https://dibj.cn/portal/api/common/calling/page?tableCode=SETTLED_PROJECT
29,SETTLED_PROJECT,创新服务-入驻项目,135,395,604,对外经济贸易大学,数智经济与政策评估项目,"依托对外经济贸易大学与北京数据集团合作协议框架，本项目计划利用北京市医保、卫生健康、人社、交通、教育、住房公积金、人口信令、工商税务等公共数据，围绕六个方向开展政策效应评估与智能决策支持研究：一是三医协同政策评估，识别医保、医疗、医药政策对医生行为、患者福利与医疗资源公平性的影响；二是人工智能的经济社会影响评估；三是基于信令与人口流动数据研究人口迁徙、户籍制度与资源配置效率；四是医保基金风险预测与智能监管；五是商业保险与住房公积金制度评估；六是探索绿色金融、科技金融方向。
项目旨在将分散的公共数据转化为可量化的政策证据，为北京市相关政策优化提供数据驱动的决策依据，并探索高校智库参与公共数据“先创新、再授权”的协同模式，形成可复制的公共数据价值释放样板。
",（1）政策研究与决策咨询成果：围绕三医协同、人工智能影响、人口流动、医保基金管理等研究方向，形成政策研究报告与决策参考，为相关部门的政策制定、调整与优化提供循证依据。（2）数据产品成果：结合数据授权范围与研究工作进展，逐步形成多层次的数据产品体系，包括面向政策评估的主题数据体系、政策效果评估与风险预测预警等方向的分析模型，以研究报告、数据分析模型等多种形式呈现。（3）学术成果：基于公共数据资源形成高水平学术论文，开展国家级与北京市相关科研项目，提升公共数据研究的学术影响力。（4）平台与机制成果：将联合实验室建设成为公共数据产学研协同创新的示范性平台，探索高校参与公共数据“先创新、再授权”的合作范式，培养兼具经济学分析能力与数据科学能力的复合型人才，服务北京数据要素产业发展和全球数字经济标杆城市建设。,2026-07-23 10:48:15,2026-07-24 02:01:00,2026-07-23 11:18:11,0,false,https://dibj.cn/portal/api/common/calling/page?tableCode=SETTLED_PROJECT
30,SETTLED_PROJECT,创新服务-入驻项目,138,392,601,上海数据集团金融科技有限公司,构建医疗健康高质量数据集项目,"本项目依托京沪两地国资公共数据授权运营资质，以“安全释放医疗健康数据价值，赋能民生服务与产业升级”为核心导向，严格遵循“原始数据不出域、可用不可见”的安全规范，打造国内标杆级合规医疗健康高质量数据集产品。
短期目标是完成区域医疗资源分布、公共卫生服务等核心脱敏聚合数据的归一清洗，上线10类标准化合规数据标签，将数据更新时效较行业平均水平提升50%，搭建本地化隐私计算安全节点，实现全链路数据调用零安全漏洞。
中长期目标是逐步拓展覆盖多城市合规医疗健康数据接入，建立跨域医疗数据流通标准体系，最终助力区域医疗资源调配精准度提升30%以上，医药研发、健康保险等产业数据支撑效率显著优化，打造医疗健康类公共数据合规流通的京沪联动标杆，为全国医疗数字化治理提供可复制样本。","本项目将打造国内标杆级合规医疗健康高质量数据集产品，在数据供给、民生赋能、产业带动三大维度实现突破。
产品层面，完成区域医疗资源分布、公共卫生服务等核心脱敏聚合数据全量上线，输出10类标准化合规数据标签，数据更新时效较行业平均水平提升50%，搭建全链路隐私计算安全体系，实现“原始数据不出域、可用不可见”，全流程数据调用零安全事件。
应用层面，上线1年内覆盖京沪两地超25家医疗管理部门、健康服务机构，助力区域医疗资源调配精准度提升30%，大幅缓解优质医疗资源分布不均的痛点。
行业层面，形成医疗健康类公共数据合规流通的京沪联动标准样本，填补国内高质量医疗健康公共数据集供给空白，带动医疗数字化、健康保险上下游生态协同增收，为全国医疗数据要素安全释放提供可复制的落地路径。",2026-07-22 18:13:44,2026-07-24 02:01:00,2026-07-23 09:31:09,0,false,https://dibj.cn/portal/api/common/calling/page?tableCode=SETTLED_PROJECT
31,SETTLED_PROJECT,创新服务-入驻项目,137,391,601,上海数据集团金融科技有限公司,企业涉诉限高失信综合查询项目,"本项目依托上数金科与数智北京的国资合规运营资质，严格遵循“原始数据不出域、可用不可见”的安全规范，打造国内标杆级企业涉诉限高失信合规查询产品。
短期目标是完成京沪两地核心涉诉数据的归一清洗，上线限高标识、失信被执行人标签等8项核心字段，将接口平均响应耗时压缩至2秒内，较行业平均效率提升35%；取消跨地域叠加收费规则，帮助合作机构降低40%左右的数据采购成本，覆盖传统白名单外的中小企服、外资金融机构，填补细分市场服务空白。
中长期目标是逐步拓展至全国12个以上省市的合规涉诉数据接入，建立全流程数据安全闭环管控体系，实现数据调用全周期零安全事件。最终助力合作机构将企业风控识别准确率提升28%以上，信贷不良率降低约16%，打造企业涉诉类公共数据合规流通的京沪联动标杆，助力优化区域营商环境。","本项目将打造国内稀缺的高性价比合规企业涉诉限高失信查询标杆产品，在数据维度、服务效率、市场覆盖三大核心维度实现行业突破。
产品层面，完成京沪两地核心涉诉数据全量上线，输出限高标识、失信被执行人标签等8项核心字段，接口平均响应耗时稳定控制在2秒内，较行业平均水平效率提升35%，搭建全链路隐私计算安全体系，实现“原始数据不出域、可用不可见”，全流程数据调用零安全事件。
市场层面，凭借跨域数据优势与单条查得固定计费模式，快速覆盖头部竞品未服务的中小金融机构、企服平台，预计上线1年内拓展超45家合作客户，成为细分赛道头部涉诉数据服务产品，帮助合作机构将企业风控识别准确率提升28%以上，整体信贷不良率降低约16%。
行业层面，形成企业涉诉类公共数据合规流通的京沪联动标准样本，填补北京区域跨域涉诉高质量数据产品供给空白，助力优化本地营商环境，为全国政务涉诉数据价值释放提供可复制的落地路径。",2026-07-22 18:10:54,2026-07-24 02:01:00,2026-07-23 09:31:20,0,false,https://dibj.cn/portal/api/common/calling/page?tableCode=SETTLED_PROJECT
32,SETTLED_PROJECT,创新服务-入驻项目,136,390,601,上海数据集团金融科技有限公司,城市运行类公共数据项目,"本项目依托京沪两地国资公共数据授权运营资质，以“安全释放城市运行数据价值，赋能超大城市精细化治理”为核心导向，严格遵循“原始数据不出域、可用不可见”的安全规范，打造国内标杆级城市运行类合规数据集产品。
短期目标是完成交通态势、公共服务、产业空间三大类核心数据的归一清洗，上线12类标准化脱敏数据标签，将数据更新时效较行业平均水平提升60%，搭建本地化隐私计算安全节点，实现全链路数据调用零安全漏洞。
中长期目标是逐步拓展覆盖超20个城市的城市运行类合规数据接入，建立跨域城市运行数据流通标准体系，最终助力合作城市治理决策效率提升30%以上，民生服务资源调配精准度提升25%，打造超大城市公共数据要素流通的京沪联动标杆，为全国特大城市数字化治理提供可复制的落地样本。","本项目将打造国内标杆级城市运行类合规数据集产品，在数据供给、治理赋能、产业带动三大维度实现突破。
产品层面，完成交通态势、公共服务、产业空间三大类核心数据全量上线，输出12类标准化脱敏聚合标签，数据更新时效较行业平均水平提升60%，搭建全链路隐私计算安全体系，实现“原始数据不出域、可用不可见”，全流程数据调用零安全事件。
应用层面，上线1年内覆盖北京超30家城市治理部门、产业园区运营主体，助力城市交通拥堵治理效率提升30%，民生服务资源调配精准度提升25%，大幅降低治理主体跨部门数据协同成本。
行业层面，形成超大城市运行类公共数据合规流通的京沪联动标准样本，填补国内城市运行类高质量公共数据产品供给空白，带动数据合规、城市数字化服务上下游生态协同增收，为全国特大城市数字化治理提供可复制的落地路径。",2026-07-22 18:08:20,2026-07-24 02:01:00,2026-07-23 09:31:31,0,false,https://dibj.cn/portal/api/common/calling/page?tableCode=SETTLED_PROJECT
33,SETTLED_PROJECT,创新服务-入驻项目,139,389,601,上海数据集团金融科技有限公司,万象公积金数智服务项目,"本项目依托上数金科与数智北京的国资合规运营资质，严格遵循“原始数据不出域、可用不可见”的安全规范，打造国内标杆级公积金数智服务产品。
短期目标是完成北京市的公积金数据字段优化，上线缴存单位名称、单位性质等6项市场稀缺字段，将接口平均响应耗时压缩至2秒内，较行业平均效率提升35%；取消跨地域叠加收费规则，帮助合作金融机构降低40%左右的数据采购成本，覆盖传统白名单外的中小金融、外资金融机构，填补细分市场服务空白。
中长期目标是逐步拓展至全国15个以上省市的合规公积金数据接入，建立全流程数据安全闭环管控体系，实现数据调用全周期零安全事件。最终助力合作机构将信贷风控识别准确率提升28%以上，不良率降低约16%，打造公积金公共数据合规流通的京沪联动标杆，助力普惠金融精准下沉，缓解中小微企业与普通群体的融资信息不对称难题。","本项目将打造国内稀缺的高性价比合规公积金数智服务标杆产品，在数据维度、服务效率、市场覆盖三大核心维度实现行业突破。
产品层面，完成北京市的公积金数据字段全量上线，输出缴存单位名称、单位性质等6项独有稀缺字段，接口平均响应耗时稳定控制在2秒内，较行业平均水平效率提升35%，搭建全链路隐私计算安全体系，实现“原始数据不出域、可用不可见”，全流程数据调用零安全事件。
市场层面，凭借差异化字段优势与单条查得固定计费模式，快速覆盖头部竞品未服务的中小金融机构、外资金融机构，预计上线1年内拓展超50家合作客户，成为细分赛道头部公积金数据服务产品，帮助合作机构将信贷风控识别准确率提升28%以上，整体不良率降低约16%，减少机构大量坏账损失。
行业层面，形成公积金公共数据合规流通的京沪联动标准样本，为全国政务类公共数据要素价值释放提供可复制的落地路径，助力普惠金融下沉，缓解融资场景下的信息不对称难题。",2026-07-22 18:03:48,2026-07-24 02:01:00,2026-07-23 09:30:58,0,false,https://dibj.cn/portal/api/common/calling/page?tableCode=SETTLED_PROJECT
34,SETTLED_PROJECT,创新服务-入驻项目,134,388,601,上海数据集团金融科技有限公司,万象社保数智服务项目,"本项目依托上数金科与数智北京的国资合规运营资质，以“社保数据安全释放价值、赋能普惠金融发展”为核心导向，严格遵循“原始数据不出域、可用不可见”的安全规范，打造国内标杆级合规社保数智服务产品。
短期目标是完成北京市市的社保数据字段优化，上线7项核心稀缺字段，将接口平均响应耗时压缩至2秒内，较传统同类产品效率提升33%；优化计费规则取消跨地域叠加收费，帮助合作金融机构降低40%左右的数据采购成本，快速覆盖头部竞品白名单之外的中小金融机构、外资金融机构，填补市场服务空白。
中长期目标是逐步拓展至全国15个以上省市的合规社保数据接入，建立全流程数据安全闭环管控体系，实现数据调用全周期零安全事件。最终帮助合作机构将信贷风控识别准确率提升25%以上，不良率降低约15%，同时为全国社保类公共数据的合规流通打造可复制的京沪联动标杆，助力普惠金融精准下沉，缓解中小微企业与普通群体的融资信息不对称难题。","本项目将打造国内稀缺的高性价比合规社保数智服务标杆产品，在数据维度、服务效率、覆盖范围三大核心维度实现行业突破。
产品层面，完成北京市的社保数据字段全量上线，输出包含社保缴纳单位名称、单位性质在内的7项独有稀缺字段，接口平均响应耗时稳定控制在2秒内，较行业平均水平效率提升33%，建立全链路隐私计算安全体系，实现“原始数据不出域、可用不可见”，全流程数据调用零安全事件。
市场层面，凭借差异化字段优势与单条查得固定计费模式，快速覆盖头部竞品未服务的中小金融机构、外资金融机构，预计上线1年内拓展超50家合作客户，成为细分赛道头部社保数据服务产品，帮助合作机构将信贷风控识别准确率提升25%以上，整体不良率降低约15%，减少机构大量坏账损失。
行业层面，形成社保公共数据合规流通的京沪联动标准样本，为全国政务类公共数据要素价值释放提供可复制的落地路径，助力普惠金融下沉，缓解融资场景下的信息不对称难题。",2026-07-22 10:29:25,2026-07-23 02:01:00,2026-07-22 18:39:00,0,false,https://dibj.cn/portal/api/common/calling/page?tableCode=SETTLED_PROJECT
35,SETTLED_PROJECT,创新服务-入驻项目,132,387,605,沐光矩阵（北京）科技有限公司,颐护智策 -- AI 驱动的个性化养老护理平台,"本项目旨在建设“颐护智策”——一套面向养老机构、社区养老服务和居家上门服务场景的AI个性化养老护理平台。平台贯通老人健康评估、方案制定、任务执行、过程记录、效果反馈和方案优化等环节，持续汇集健康、生活、护理及日常监测等多模态数据，通过Agent系统形成动态更新的个人健康画像，并根据老人实际状态智能生成个性化护理、膳食、运动康复、用药和心理关怀方案，将方案转化为护工可直接执行的任务和操作指导，形成全流程、动态化、可反馈、可优化的养老护理闭环。
当前，我国养老服务正在从“满足基本照护”向“提升服务质量、加强健康管理”转变。北京市60岁及以上常住老年人口已超过514万人，占比达23.5%。然而在实际工作中，老人档案、体检结果、用药记录、护理评估和日常监测信息分散在不同系统和纸质记录中，护理方案主要依靠通用制度和个人经验，难以长期跟踪每位老人的个体变化。具体痛点包括：信息不完整，健康、生活和护理数据分散，难以形成连续判断；方案不够个性化，同类老人常采用相近方案，个体差异考虑不足；执行依赖经验，护工需要自行理解方案，服务质量受个人能力影响；管理缺少闭环，发现问题后记录不完整，方案调整缺少依据。
2026年，北京市将拓展“人工智能+养老”服务场景建设，开展10家养老机构智慧化场景建设试点。海淀区已发布《“人工智能+养老”三年行动计划（2026-2028年）》，明确提出推动人工智能与养老服务全链条深度融合。朝阳区发布《智慧康养产业创新发展三年行动计划（2026-2028年）》，构建事业、产业、政策三位一体发展格局。北京市正加快建设医疗、医保、医药“三医”公共数据专区，推进全市统一的长期护理保险制度。本项目与上述政策方向高度契合。
本项目一期试点目标为：在8周内完成平台开发与联调，在试点场景（1家养老机构、社区或居家服务团队）中形成可稳定运行的平台，具备老人健康画像、个性化护理方案、护工任务指导、执行记录和基础预警等核心能力。项目坚持“先试点、再完善、后推广”原则，通过真实运行验证价值和流程，再逐步扩展功能与覆盖范围。","一、平台建设成果。 一期形成可在试点场景稳定运行的“颐护智策”AI个性化养老护理平台，主要功能模块包括：（1）老人健康画像模块——汇聚基本档案、体检病史、功能评估、生活习惯和监测数据，识别健康风险、生活能力、护理重点和沟通偏好，形成集中展示的健康画像并随新数据持续更新；（2）个性化护理方案模块——围绕日常生活照护、医疗健康、营养膳食、运动康复、心理关怀和用药管理六个维度，智能生成个性化方案；（3）护工执行指导模块——将方案拆解为每日任务、操作步骤、特殊注意事项和沟通策略；（4）监测与风险预警模块——根据风险等级设置不同监测频率，对生命体征、跌倒、压疮、情绪和用药异常进行提示；（5）多角色协同模块——为老人、护工、家属和管理人员提供相应信息，支持服务反馈、异常通知和机构管理。平台形成一期可用版本、试运行报告和后续优化清单。
二、应用效果成果。 社会效益方面：老年人获得更符合自身状况的护理和健康管理服务，重点风险能够更早发现；护工明确每天做什么、怎么做、注意什么，降低理解偏差和工作负担；家属及时了解老人状态、服务执行和异常情况，增强信任与参与；机构和政府提高服务标准化、可追溯和精细化管理水平。经济效益方面：平台通过提升养老服务效率、降低人工培训成本和减少因护理不当导致的医疗支出，为养老机构和社区服务创造直接经济价值；平台形成的健康数据资产和AI模型可进一步赋能保险、健康管理等下游产业，释放数据要素价值。
三、数据要素成果。 平台通过融合多源公共数据与养老业务数据，形成“数据采集—智能分析—方案执行—反馈优化”的完整数据闭环，为北京市公共数据在养老领域的场景化应用提供可复制的示范案例。平台与北京市加快建设“三医”公共数据专区的方向高度契合，为公共数据赋能民生服务提供实践样板。
四、可持续发展成果。 通过试点运行验证平台价值和业务流程，形成可复制的智慧养老应用模式，为后续在全市范围内推广奠定基础。团队在项目过程中形成标准化的数据对接规范、评估模型和方案生成算法，为产品迭代和规模化部署储备技术能力。",2026-07-18 23:16:08,2026-07-21 02:01:00,2026-07-20 09:15:34,0,false,https://dibj.cn/portal/api/common/calling/page?tableCode=SETTLED_PROJECT
36,SETTLED_PROJECT,创新服务-入驻项目,133,386,606,泰迈信息科技（宁波）有限公司,【民企通（京）】—惠企便民公共数据融合应用服务,以北京市公共数据开放平台与数智北京创新中心的数据资源为基础，AI算力+企业与民生痛点为目标，面向北京200多万家中小企业商家与相关个人提供“信用风控、政策匹配、民生应用、商家经营”等公共数据增值服务与轻量化工具应用，通过“公益免费功能+延伸订阅付费”的可持续商业模式，在不重复建设前提下盘活公共数据要素价值，有针对性的服务好中小企业和个人，进一步促进营商环境发展和老百姓生活幸福感的提升。紧扣国家与北京市“全球数字经济标杆城市”建设目标，公司作为数智北京创新中心“先试后用、先创新再授权”机制的践行者，定位于官方数据平台的增值服务层——专心把公共数据转化为可市场化、可惠民利民的产品与服务，形成“公共数据—产品-公益服务—营收—反哺治理”的良性循环。专注于服务北京市221.2万中小微企业、932.45万公积金职工及千万级参保市民，北京将极具数字化智慧标杆城市的示范效应，进一步促进民生普惠价值和形成公益典范。,"【预期产出结果】
1.上线并运营9个公共数据产品，产品完成并成功上线使用后的第一年：专注于打造核心用户群，服务好种子用户，发现功能问题和刚需平衡，进一步优化功能和服务完整度。坚持部分产品功能的免费使用持续做好公益服务和民生口碑。第二年：目标服务企业50-80家、个人用户30-60万人次。 第三年：目标服务企业80-150家、个人用户80-150万人次。第四年：目标服务企业150-500家、个人用户150-500万人次。

2.形成可复制的“公共数据—产品—可持续营收”闭环，验证轻量SaaS、行业服务等高复购、高需求、营收可观的模型；

3.为政府治理提供辅助：惠企政策精准触达、企业商家风险预警、气象防灾提醒，助力北京数字政府与诚信社会建设；

4.沉淀一套可稳定接入“公共数据授权运营专区/可信数据空间”的数据治理与产品化服务能力，对接未来2–5年北京市数据要素市场化改革。",2026-07-18 23:03:00,2026-07-21 02:01:00,2026-07-20 09:15:02,0,false,https://dibj.cn/portal/api/common/calling/page?tableCode=SETTLED_PROJECT
37,SETTLED_PROJECT,创新服务-入驻项目,131,383,603,北京米禾互娱科技有限公司,RealFace甄脸,聚焦AIGC数字内容领域，构建肖像权确权、授权、交易与维权全链路管理平台，为创作者、MCN及影视企业提供合规、高效、可溯源的数字形象资产管理解决方案。针对当前AI换脸乱象与商用授权模糊等行业痛点，平台依托区块链存证与数字水印技术，将主观创意转化为客观凭证，实现从源头确权到全网侵权监测的闭环管理。这不仅有效遏制了“偷脸”侵权风险，更为监管部门提供了全程留痕的治理工具，全面助力内容产业安全健康发展。。,形成覆盖肖像授权全流程的标准化产品体系，输出行业首个数字肖像合规交易标准，服务超百家机构客户，实现从确权到变现的商业闭环，助力内容产业安全健康发展。平台将通过打造“确权-授权-交易-维权”的一站式SaaS服务，彻底解决AI短剧、数字人直播等场景下的版权纠纷痛点。通过构建健康、透明的数字肖像交易生态，不仅为MCN机构和影视企业降低合规成本与侵权风险，更将激活海量AIGC数据要素的商业价值，推动整个数字文创产业迈向规范化、规模化的新纪元。,2026-07-17 17:56:15,2026-07-19 02:01:00,2026-07-18 09:29:57,0,false,https://dibj.cn/portal/api/common/calling/page?tableCode=SETTLED_PROJECT
38,SETTLED_PROJECT,创新服务-入驻项目,127,368,587,北京百度智图科技有限公司,城市智慧交通治理&大众出行导航服务,"申请北京市公共空间交通类数据，在合规前提下，与百度地图自有空间数据融合，解决现有地图楼栋无坐标、停车场信息不全、公交导向缺失、道路施工预警滞后问题；依托时空大模型完成数据自动更新、智能校验，升级导航民生服务。①民生：实现导航产品服务能力显著升级，用户出行路线规划更精准、避堵更智能、找位更高效、换乘更顺畅，有效减少因信息不对称导致的拥堵、绕路、停车难等问题，降低出行成本与碳排放，让民众切实享受数字技术赋能的智慧出行红利，增强公共服务获得感与城市生活幸福感。
②行业：形成可复制、可推广的公共领域数据合规开发利用模式，为地图行业与公共数据协同合作提供标杆案例；助力城市交通治理从 “被动响应” 向 “主动预判、精准调度” 升级，推动公共数据要素价值最大化，赋能数字城市与智慧民生建设",①更新北京交通出行数据库；②形成公共数据 + AI 地图标准化融合技术体系，输出可复制的政企公共数据协同开发标杆模式；①C 端导航产品（百度地图 APP 升级模块）产品形态：APP 内嵌服务插件，无需单独下载。功能：楼栋级精准 POI 定位、停车场实时空位与收费查询、公交行驶方向精准导航、占道施工路段提前预警、智能避堵规划。②数据治理融合工具（后台技术产品）品形态：离线数据处理引擎 + API 标准化接口，完成公共数据AI 自动更新、质量核验。,2026-07-07 16:49:37,2026-07-08 02:01:00,2026-07-07 17:31:41,0,false,https://dibj.cn/portal/api/common/calling/page?tableCode=SETTLED_PROJECT
39,SETTLED_PROJECT,创新服务-入驻项目,128,364,539,北京数字众智科技有限公司,数字社区综合服务平台,立足社区民生服务场景，严格遵循数据安全、最小必要、居民自愿授权原则，搭建社区线上线下一体化原生数据感知采集体系。整合社区线下服务大厅、自助服务终端、线上服务小程序三大服务载体，规范化、常态化采集居民各类便民服务、政务办事、生活服务行为数据，持续积累合规、真实、有效的社区原生民生数据资源。补齐社区基础民生数据采集碎片化、场景单一化短板，构建全覆盖、可持续、标准化的社区居民服务行为数据库，为后续对接脱敏社保公共数据、开展数据融合比对、搭建居民精准民生画像、迭代优化社区便民服务应用提供扎实、合规的底层数据支撑，全面提升社区民生服务精细化、智能化、精准化水平。,全力搭建全覆盖、规范化、可控化的标准化数据采集体系，全面整合打通社区线下服务窗口、智能自助服务终端、线上便民小程序等全渠道服务场景，破除各场景数据壁垒，实现多终端服务数据互联互通、同源同步。聚焦基层治理与便民服务数据需求，建立统一、规范、闭环的原生数据采集、留存、更新全流程工作机制，明确各类居民数据的采集范围、标准规范、留存期限、更新频次，统一数据录入口径与管理标准，彻底解决以往数据采集碎片化、标准不统一、更新不及时等问题。严格恪守数据安全与个人信息保护相关要求，全面落实居民主动授权、最小必要采集两大核心原则，所有数据采集工作均以居民自愿授权为前提，仅采集业务开展必需的基础信息，坚决规避盲目采集、冗余采集行为。同时，健全数据采集全过程监管与溯源机制，细化各环节工作权责，对数据采集、存储、使用全流程进行动态管控，实现数据采集合规化、流程标准化、溯源可查化，从源头杜绝超范围、超权限采集居民信息等违规行为，切实保障居民个人信息安全，为基层数字化、精细化治理筑牢数据合规根基。,2026-07-06 11:57:19,2026-07-08 02:01:00,2026-07-07 10:05:39,0,false,https://dibj.cn/portal/api/common/calling/page?tableCode=SETTLED_PROJECT
40,SETTLED_PROJECT,创新服务-入驻项目,124,362,545,钱塘征信有限公司,个人信用管理,"本项目主要为个人用户提供信用产品服务，在用户授权、依法依规前提下，对公共数据和商业数据融合加工，应用于以下个人信用服务场景：
1.在金融信贷场景，创设身份核验、欺诈识别、信用评分、偿债能力评估、资质画像等数据类产品，为银行、保险、消费金融公司等金融机构开展贷前审核、贷后管理和反欺诈经营活动等提供信用信息支持，补齐对个人信用状况的完整刻画。
2.在灵活就业场景，基于外卖骑手、网约车司机等灵活就业群体的招聘及运营流程中的痛点，开发背调报告等数据产品，为用工平台、人力资源服务机构等开展简历筛查、免押及工资预支风控、行业黑名单排除等经营活动提供信用信息支持，为蓝领用工提供全生命周期的个人信用服务。
3.在个人信用管理场景，在支付宝上线个人信用守护产品，对个人在借贷、经营、求职、服务等活动中产生的潜在信用风险进行归集、预警和提前处置引导，为个人随时随地管理和守护自身信用提供直达便捷的服务工具。
4.在公益向善场景，一是开发信用驿站产品，对于有还款意愿但经济困难的失信人员，通过引导就业、金融机构信贷优惠等组合政策重塑其还款能力，并修复信用。二是为退役军人、红十字优秀志愿者、造血干细胞捐献者、见义勇为者等赋予“向善人群”标签，便于其获得金融普惠利率与额度提升、岗位优先匹配与订单倾斜等专属权益。
","1.经济效益
（1）普惠金融场景：降本增效，激发市场活力
市场规模潜力巨大：据测算，依托个人信用数据资产化，相关收入预测产品、资产估值产品以及身份核验与人群画像等衍生服务，年市场规模可达8至45亿元。
用户端融资成本显著降低：通过精准识别优质客群，为守信用户提供定制化金融服务，预计可使优质用户的综合融资成本降低20%以上，切实减轻民众消费与经营负担。
金融机构端风控效能跃升：深度融合公共信用与商业数据嵌入机构风控模型，贷前调查时间可缩短50%，实现全流程实时线上审批；同时有效过滤潜在风险，助力不良贷款率降低0.5个百分点以上，提升资产质量。
（2）社会治理场景：赋能就业，盘活信用价值
灵活就业服务规模可观：针对超2亿灵活就业群体，围绕入职背景调查、设备租赁及信贷风控等核心痛点推出专属产品服务，预计该细分领域的整体市场规模可达35亿元，有效降低社会交易与核验成本。
（3）产业带动效应：培育生态，打造千亿级新赛道
全链条产业集聚：对标韩国Mydata等国际先进经验，大力培育本土个人信用服务产业。通过孵化数据供给、数据消费、数据技术服务及权益运营等上下游产业链，保守估计在“十五五”期间，有望新增形成800亿至1000亿元的市场规模，成为数字经济的新增长极。
2.社会效益
（1）在普惠金融子场景，深度融合公共信用与商业数据，嵌入金融机构风控，识别优质客群职业特性，落地额度更大、利率更低的消费贷款；在线信用服务覆盖中低收入及偏远地区人群，解决信贷准入、免抵押、免自证材料、利率降低等问题，实现促消费。
（2）在社会治理子场景：
一是在灵活就业领域，用工平台依托个人信用报告简化入职背调流程，降低职业准入门槛，以信用评价替代不合理押金，畅通就业渠道；对信用良好的骑手、司机等给予优先派单及费率优惠，稳定收入预期；优化工伤理赔流程减少争议，充分发挥个人信用在服务监管与权益保障中的核心价值，切实提升灵活就业的稳定性与职业发展空间。
二是在城市管理（停车缴费）领域，以信用守护为抓手，在如停车缴费等场景，及时提醒个人费用欠缴影响信用评价的风险，并引导个人完成缴费。
三是在公益向善领域，为“向善人群”赋予正向信用标识，可在多场景中由场景服务方自主决策是否给予更多权益。四是在社会诚信领域，前期依托支付宝、银行app等工具运营，为18岁以上人群提供一站式信用管理工具，突破时空限制，随时可用。",2026-07-03 14:37:56,2026-07-04 02:01:00,2026-07-03 15:12:19,0,false,https://dibj.cn/portal/api/common/calling/page?tableCode=SETTLED_PROJECT
41,SETTLED_PROJECT,创新服务-入驻项目,113,361,282,北京金融大数据有限公司,企业画像项目,"依托政务公共数据，完善全维度企业画像 API 服务矩阵，补齐企业经营履约、资产负债、财税信用、人员真实性五大维度画像能力，解决传统贷前尽调缺少企业经营佐证、偿债能力无法量化、主体资质真伪难核验、隐性负债识别不足等痛点，实现四大核心建设目标：
1.搭建统一标准化 API 查询体系，一站式调取企业股权质押、政府采购中标、高新资质、政府质量奖项、A 级纳税信用、高管人员真实性等多维画像数据；
2.完善主体真实性校验机制，实现企业名称、统一社会信用代码、核心高管证件信息交叉核验，杜绝虚假主体、冒用人员身份骗贷风险；
3.覆盖全市市场主体，打造全链路企业画像服务，为金融机构对公贷前尽调、授信评审、风险预判提供完整数据支撑，提升信贷审批精准度，降低授信违约与欺诈风险。","1.前置化解多重信贷风险：提前识别高股权质押、虚假高管身份、税务失信、空壳无实际经营订单等风险主体，从源头压降对公贷款不良率与欺诈授信案件；
2.大幅简化银行尽调流程：替代线下多部门调取资质、中标、纳税、质押纸质材料，线上秒级获取全部佐证数据，贷前尽调人力成本显著降低；
3.普惠与科创金融赋能：精准筛选高新技术企业、A 级纳税守信企业、稳定政府采购供应商，为银行普惠贷、科创贷产品提供精准客群筛选数据支撑。",2026-06-30 15:56:10,2026-07-01 02:01:00,2026-06-30 16:38:24,0,false,https://dibj.cn/portal/api/common/calling/page?tableCode=SETTLED_PROJECT
42,SETTLED_PROJECT,创新服务-入驻项目,114,360,282,北京金融大数据有限公司,场景解决方案项目,"打造面向金融机构企业营销场景的专属数据解决方案，解决标准化产品无法匹配银行差异化客群筛选、专属营销画像构建、个性化线索挖掘的痛点，实现三大核心建设目标：
1.搭建合规安全的联合建模专属数据操作环境，支持金融机构入驻开展线下数据挖掘、标签自定义建模，实现数据不出域、双方数据隔离计算；
2.打造标准化营销白名单定制服务能力，可根据客户业务场景按月 / 季度周期性输出专属企业营销名单、企业多维画像标签，精准匹配机构信贷、开户、普惠拓客等业务需求；
3.形成 “建模环境准备 + 周期化建模结果交付” 全流程定制服务模式，覆盖北京市全部市场主体，构建政务数据联合建模赋能金融场景创新的标准化范式，为银行提供高度定制化、高匹配度的对公获客数据支撑，大幅提升精准营销转化效率。","1.客群匹配度大幅提升：摆脱标准化产品固定筛选维度限制，支持银行自定义建模规则，精准挖掘适配自身业务的潜在客户，营销线索精准度显著提升；
2.降低营销人力成本：按月 / 季度自动批量输出成型营销名单与画像标签，省去银行自主整合、清洗多源数据的大量人工工作量；
3.合规联合建模标杆：构建数据操作间隔离计算模式，实现政企数据安全融合，规避原始数据流出风险，形成可复制的跨机构数据联合建模合规方案；
4.多场景适配能力：一套建模环境可支撑对公开户、普惠贷款、供应链金融、企业理财等多类金融营销场景，按需迭代定制建模规则。",2026-06-30 15:34:01,2026-07-01 02:01:00,2026-06-30 16:38:01,0,false,https://dibj.cn/portal/api/common/calling/page?tableCode=SETTLED_PROJECT
43,SETTLED_PROJECT,创新服务-入驻项目,115,359,282,北京金融大数据有限公司,司法特别关注名单项目,"一、总体目标
依托公开权威的失信被执行人、限制高消费、招投标违规等公共信用数据，通过对个人涉诉失信、履约违规、行为受限等多维不良信息进行归集与解析，自动识别个人不良信用行为与风险标签，构建标准化个人负面风险画像，精准识别高风险客群，弥补传统征信及风控信息盲区，提升准入审核、授信审批、风险排查的准确性与严谨性，有效防范欺诈、履约违约及道德风险。
二、细分目标
负面风险信息精准归集识别
整合个人失信被执行人记录、限高惩戒记录、招投标违规及市场失信行为数据，全面捕捉个人司法惩戒、信用惩戒、市场违规等负面信息，实现不良记录不漏判、不误判。
标准化不良风险标签构建
基于多源失信数据，拆解个人违约、拒不执行、司法惩戒、商业违规、履约失信等风险特征，形成可量化、可落地的个人不良标签体系，实现风险行为结构化、标准化输出。
高风险客户精准甄别
通过不良行为的存续状态、发生频次、严重程度、最新发生时间，区分轻微违规、一般失信、严重失信、持续惩戒等风险等级，精准定位恶意逃废债、履约意识差、司法涉险等高风险人群。","（一）负面信息判定规则体系
整合失信被执行人、限制高消费、招投标违规多类数据源，制定统一的数据清洗、记录有效性判定、风险等级划分规则，明确不良信息生效、终止、屏蔽、撤销的判定口径，解决多源数据重复、信息时效性差、风险判定标准不统一的问题。
（二）个人不良信用标签体系
搭建标准化负面标签库，覆盖司法失信类、限高惩戒类、招投标违规类等多维度标签，包含失信未履行、多次失信、法人关联失信、招投标围标串标、行政处罚类违规等特征标签，同时衍生失信发生时间、涉案金额、未履行金额、惩戒存续时长等量化指标，形成结构化个人负面风险画像。
（三）自动化风险筛查应用能力
开发线上化不良信息查询、校验、自动打标服务接口，嵌入业务审批流程，替代人工线下多平台手动检索核查，提升准入审核效率。实现高风险客户自动拦截、风险预警、授信审慎建议，全方位识别逃废债、履约意识薄弱类客群，压降欺诈与违约风险。
（四）合规交付与运维支撑资料
建立数据调用、查询、结果留存全流程审计留痕机制，输出指标口径说明书、不良标签使用手册、风控筛查策略文档等全套交付材料，实现风险识别能力可复用、可迭代、可常态化运维。",2026-06-30 09:02:16,2026-07-01 02:01:00,2026-06-30 14:22:29,0,false,https://dibj.cn/portal/api/common/calling/page?tableCode=SETTLED_PROJECT
44,SETTLED_PROJECT,创新服务-入驻项目,126,358,542,东莞市国彪半导体有限责任公司,集成电路半导体垂直细分领域高质量数据集建设,"构建芯片选址高质量数据集：围绕高端芯片制造对基础设施的严苛要求，建立涵盖微气象环境、水文水资源（超纯水制备与冷却水保障）、大气环境（空气质量与微震动）等维度的标准化数据集，并赋予唯一数据标识。
打造选址评估智能模型：基于高质量数据集，训练适用于半导体晶圆厂选址的AI评估模型，实现从多维环境数据到选址决策的闭环映射。通过入驻和申请数据资源后，同时我们也加快建设集成电路半导体垂直细分领域高质量数据集500个以上；并把数据集落地应用于实际的半导体工厂生产制造；通过数据集有力提升半导体工厂的生产工艺技术和半导体晶圆制程先进性水平；促进半导体工厂加快打破卡脖子，实现半导体产业化和国产化替代；尤其在高端晶圆和芯片的生产制造上，有力支持工厂落地生产建设和加速量产，并提升生产良率和效率；",通过本项目的落地应用，预期达成以下效果：提升选址决策科学性：摒弃传统“拍脑袋”选址模式，将环境数据转化为可量化的选址指标，降低因气候、水源等隐性风险导致的投资损失。赋能新质生产力发展：形成具有全国示范效应的半导体高质量数据集，为北京市乃至全国的数据要素市场化配置提供“AI燃料”。保障产业链安全：通过精准的环境适配性评估，确保晶圆厂长期稳定运行，避免因极端天气或水资源短缺导致的停线风险，保障高端芯片供应链的韧性。同时通过入驻和申请数据资源后，加快建设集成电路半导体垂直细分领域高质量数据集500个以上；并把数据集落地应用于实际的半导体工厂生产制造；通过数据集有力提升半导体工厂的生产工艺技术和半导体晶圆制程先进性水平；促进半导体工厂加快打破卡脖子，实现半导体产业化和国产化替代；尤其在高端晶圆和芯片的生产制造上，有力支持工厂落地生产建设和加速量产，并提升生产良率和效率；。促进国家集成电路半导体行业高质量发展，并打破卡脖子和国产化替代；同时促进半导体行业垂直细分领域高质量数据集建设和新质生产力发展；,2026-06-29 21:12:14,2026-07-04 02:01:00,2026-07-03 10:12:53,0,false,https://dibj.cn/portal/api/common/calling/page?tableCode=SETTLED_PROJECT
45,SETTLED_PROJECT,创新服务-入驻项目,116,357,282,北京金融大数据有限公司,风险管理项目,"依托北京市企业政务信用数据，搭建贷中、贷后全流程企业风险实时预警 SaaS/API 一体化服务，解决金融机构企业信贷业务风险识别滞后、风险线索碎片化、贷后监控人工成本高、风险处置不及时等行业痛点，实现三大核心建设目标：
1.构建标准化企业风险实时识别引擎，支持机构传入授信企业主体信息，秒级返回全维度风险事件明细，覆盖经营异动、司法、工商变更等多类风险场景；
2.打造合规可落地的信贷风险预警服务模式，严格遵循企业授权使用规则，仅在客户完成授权后调取对应风险数据，覆盖北京市全域企业，实现贷前准入复核、贷中动态监控、贷后逾期风险提前预警，降低对公信贷不良率，提升金融机构风险管控数字化、智能化水平，形成政务数据赋能信贷风控项目。","一、标准化数据服务产品成果：贷后预警（SaaS+API 双模式）
交付形态：
API 接口：供银行信贷系统对接，实时批量查询企业风险信息；
SaaS 线上平台：风控人员可视化操作，批量导入企业、查看风险台账、导出预警报告。
二、业务价值成果
1.风险前置预警：将企业经营、司法类风险发现周期压缩至实时，提前识别潜在逾期、违约客户，压降企业信贷不良规模；
2.风控人力减负：替代人工线下多渠道交叉核查企业信息，贷中贷后监控效率提升；
3.全流程授信管控：实现授信业务、企业主体、授权文件、风险事件一一绑定，满足监管信贷档案留存、风险溯源核查要求；
4.可复制风控范式：SaaS 轻量化平台 + 标准化 API 两种交付模式，适配国有行、股份行、中小银行、担保机构等各类企业金融客户。",2026-06-29 19:08:35,2026-07-01 02:01:00,2026-06-30 14:22:18,0,false,https://dibj.cn/portal/api/common/calling/page?tableCode=SETTLED_PROJECT
46,SETTLED_PROJECT,创新服务-入驻项目,117,356,282,北京金融大数据有限公司,家庭血缘关系图谱项目,"一、总体目标
依托公安户籍人口登记权威数据，通过解析户籍在册人员结构、亲属登记关系、同住人员信息，精准识别、校验个人与家庭成员之间的真实亲属关联关系，构建标准化家庭关系图谱，解决业务中家庭信息填报不实、亲属关系核验困难、家庭负债与共担风险识别不准等问题，为客户家庭资质评估、风险校验、授信审批提供权威的数据支撑。
二、细分目标
家庭成员关系精准识别
基于户籍登记的户主关系、亲属关系、出生日期、入户登记信息等字段，自动识别父母、配偶、子女、兄弟姐妹等直系及旁系家庭成员关系，输出准确、可溯源的家庭人员关联结果。
家庭结构完整还原
通过户籍在册人员、历史迁出、迁入、分户、并户等时序数据，还原客户当前实际家庭结构、家庭人口规模、直系亲属组成，纠正客户自主申报信息残缺、错报、漏报问题。
家庭风险关联研判
依托家庭成员关联关系，支撑家庭共债风险、关联人风险、家庭整体履约风险的识别，辅助判断共同生活、共同偿债、家庭资产关联等隐性风险，提升风控审查完整性。
标准化自动核验能力建设
建立统一的户籍亲属关系判定规则与家庭关系标签体系，实现家庭关系自动匹配、自动校验、自动更新，替代人工证明材料核验，提升业务审批效率与标准化程度。","一、规则成果
建立基于户籍登记数据的家庭成员关系判定规则体系，统一直系亲属、旁系亲属、同住家庭成员、户内关联人员的识别口径，解决人工核验标准不统一、申报信息失真、亲属关系难佐证的问题。
二、数据与标签成果
形成标准化家庭关联关系标签与家庭结构指标，包含户内人员数量、亲属关系类型、家庭成员变更记录、同住存续状态、家庭关联图谱等衍生特征，实现家庭关系结构化、数字化输出。
三、业务应用成果
实现家庭成员关联关系自动化识别、校验与查询能力，替代线下户口本、亲属证明等纸质材料核验，提升业务审批效率。支撑家庭共债排查、关联风险穿透、家庭整体资质评估，补齐家庭维度风控短板，降低信息不对称风险。
四、合规与交付成果
建立户籍数据授权调用、查询留痕、脱敏使用的合规机制，形成指标口径文档、规则手册、落地实施方案等全套交付资料，支撑系统常态化、标准化复用。",2026-06-29 18:22:04,2026-07-01 02:01:00,2026-06-30 14:22:10,0,false,https://dibj.cn/portal/api/common/calling/page?tableCode=SETTLED_PROJECT
47,SETTLED_PROJECT,创新服务-入驻项目,118,355,282,北京金融大数据有限公司,个人婚姻状态检索项目,"依托民政婚姻登记官方脱敏数据，精准核验、识别个人当前真实婚姻状态，解决信贷、政务、金融等业务场景中个人婚姻信息自主申报失真、核验渠道缺失、信息不对称等问题，实现婚姻状态标准化、自动化判定，为客户家庭负债、共同还款责任、家庭资产归属、授信风控审批等业务环节提供权威数据支撑，提升业务合规性与风险识别精准度。
二、细分项目目标
1. 信息精准核验目标
基于民政婚姻登记全量历史业务数据，自动判定个人婚姻类型：未婚、已婚、离婚、丧偶、再婚等标准婚姻状态，还原最新有效婚姻结果，修正客户自行填报的错误、隐瞒类婚姻信息。
2. 婚姻全生命周期行为识别目标
梳理个人历次婚姻登记、离婚登记、补领婚姻证件、再婚登记等时序记录，识别婚姻变更时间、婚姻存续时长、婚姻变更频次等特征，构建个人婚姻行为标签，辅助判断家庭稳定性。
3. 业务风控决策支撑目标
通过权威婚姻状态识别，明确借款人是否存在共同还款人、家庭共有财产与共同负债风险，防范单人隐瞒婚姻状况、隐匿家庭债务、违规单方面处置资产等欺诈类风险，优化授信审批、担保准入、贷后风控策略。","一、数据规则成果
建立统一标准化的婚姻状态判定规则库，依托民政婚姻登记、离婚、再婚、丧偶等全量时序数据，明确未婚、已婚、离异、丧偶、再婚等婚姻状态的判定口径、优先级与时效规则，统一系统识别标准，解决人工填报信息不一致、更新不及时、真伪难辨的问题。
二、标签与识别能力成果
输出个人标准化婚姻状态结果及婚姻行为特征标签，包含婚姻存续时长、婚姻变更次数、最新婚姻变更时间等衍生指标，形成可复用的婚姻画像标签体系，实现个人婚姻状态自动化、精准化识别。
三、业务应用成果
形成可对接业务系统的自动化查询、校验、判定服务，替代人工线下核验结婚证、离婚证等纸质材料，大幅提升业务审批效率。为授信审核、共同还款人认定、家庭风险研判等场景提供权威数据依据，有效规避隐瞒婚姻状态导致的业务风险。
四、合规与文档成果
建成全流程合规的数据调用、查询留痕机制，满足个人信息保护及政务数据使用规范。同步输出规则说明书、指标口径文档、业务落地方案等全套交付材料，保障项目可落地、可复用、可迭代。",2026-06-29 18:04:26,2026-07-01 02:01:00,2026-06-30 14:21:58,0,false,https://dibj.cn/portal/api/common/calling/page?tableCode=SETTLED_PROJECT
48,SETTLED_PROJECT,创新服务-入驻项目,119,354,282,北京金融大数据有限公司,智慧营销项目,"依托北京市政务公共企业数据资源，搭建两类差异化企业精准营销数字化服务能力，打造面向金融机构的一站式获客智慧营销体系，实现企业线索精准筛选、自动化批量推送、新注册企业实时触达三大核心能力落地，解决传统营销获客范围广、客户匹配度低、拓客转化效率不足的痛点：
1.构建可视化自助筛选 SaaS 营销工具：上线展业魔方小程序，支持银行等机构人员通过多维度标签自定义筛选目标企业，实现企业客群精细化分层、按需精准检索；
2.搭建自动化商机推送机制：基于定制化标签规则按月批量推送高匹配企业线索，完成客户需求智能匹配，缩短营销人员客群筛选耗时；
3.落地日度批量新企数据通道：通过 FTP 批量交付全市每日新设立企业及关联主体数据，精准捕捉初创企业开户刚需，支撑机构批量线下拓客；","一、产品服务成果
1.展业魔方小程序（SaaS 服务）
功能模块：优企智选实时检索模块、商机智推月度推送模块；
输出内容：支持多条件组合筛选的企业清单、每月初自动生成的定制化营销线索；
更新能力：实时查询 + 按月批量更新双模式，覆盖北京市全部企业主体；
交付形态：轻量化微信小程序 SaaS 工具。
2.新企速递（FTP 批量数据服务）
输出内容：全市每日新注册企业基础信息、每家企业配套≤10 家关联企业信息；
更新能力：按日增量同步数据，实现新设企业线索 T+2 日快速触达；
交付形态：FTP 文件批量跑批通道，标准化离线数据交付接口。
二、业务价值成果
效率提升：金融机构筛选目标客群人力成本大幅下降，批量拓客线索获取周期从数天压缩至小时 / 日级；
转化提升：通过精准标签匹配、初创企业刚需线索挖掘，对公账户开户、普惠信贷营销转化效率显著提高；
模式创新：形成 “线上自助筛选 + 月度商机推送 + 日度新企批量推送” 三位一体政务数据营销服务范式，可复制推广至各类金融业务场景；",2026-06-29 18:02:53,2026-07-01 02:01:00,2026-06-30 14:21:44,0,false,https://dibj.cn/portal/api/common/calling/page?tableCode=SETTLED_PROJECT
49,SETTLED_PROJECT,创新服务-入驻项目,120,353,282,北京金融大数据有限公司,个人经济能力-公积金评估项目,依托个人公积金全维度业务数据（公积金缴纳基数、历史缴存行为、公积金贷款还款行为、公积金账户提取行为四大核心数据源），构建多维度量化评估体系，客观、精准、合规地还原个人真实收入水平、家庭及个人资产状况、履约信用资质，为信贷风控、授信审批、风险定价、客户资质分层等金融业务场景提供可落地的数据化决策依据，提升个人资质识别的真实性与风控有效性，降低信息不对称带来的信贷违约风险。在公积金数据授权使用、脱敏处理、指标计算、评估建模全流程严格遵守个人信息保护、政务数据共享相关法律法规，仅在客户授权范围内开展资质评估，不泄露、不滥用个人敏感政务数据，确保评估流程、数据使用、模型应用合法合规。,"一、数据指标体系成果
构建公积金多维度指标数据集，围绕缴存基数、历史缴存、贷款还款、公积金提取四大场景，梳理形成收入类、资产类、信用类标准化指标库，明确指标口径、统计规则与数据清洗规范。
形成个人收入稳定性、资产储备能力、履约信用三大维度特征标签体系，实现客户行为特征自动化标签化输出。
二、评估模型与规则成果
搭建基于公积金数据的个人收入测算模型，可精准还原客户真实工资性收入、收入波动等级、职业稳定等级。
研发个人资产评估规则体系，依托账户余额、提取用途、房贷记录实现客户流动资产、不动产禀赋、资金储蓄习惯量化评级。
建立公积金专属信用评分模型，结合历史还款、异常缴存及高频支取行为，输出客户信用风险得分与风险等级划分规则。
三、业务落地应用成果
输出可嵌入信贷审批系统的自动化评估策略方案，实现客户收入、资产、信用线上自动核验、风险预警、授信参考建议。
形成客户分层经营策略，按照资质高低完成客群分层，配套差异化授信、风控定价运营方案。
编制项目实施报告、指标说明书、模型开发文档、风控策略手册全套技术交付材料。",2026-06-29 17:22:36,2026-07-01 02:01:00,2026-06-30 14:21:33,0,false,https://dibj.cn/portal/api/common/calling/page?tableCode=SETTLED_PROJECT
50,SETTLED_PROJECT,创新服务-入驻项目,122,352,571,杭州趣链科技股份有限公司,医数智保,医数智保场景是面向商业保险业务全流程打造的医疗数据授权运营应用场景。场景以可信数据空间为基础支撑，以个人授权为数据调用前提，以医数智保平台为业务承载系统，围绕保险公司在产品创新、风险核查、保中服务、理赔审核、人伤服务和健康管理等环节的数据应用需求，提供数据接口、数据报告、数据模型、提醒事件和分析报告等产品化服务。主要包括保险投保人与被保险人，以及保险公司理赔部门、核保部门、风控部门、客户服务部门、健康管理部门、产品开发部门和精算部门等。,"用户/社会效益：解决“理赔难、理赔慢”痛点，将理赔时效从15-30个工作日普遍缩短至3-5个工作日；为带病体等非标人群提供可负担的普惠保险产品。
行业/险企效益：①降本：单案理赔审核成本降低超70%，核保运营成本降低60%以上。②增效：人均处理案件量提升2-3倍（理赔）、5-8倍（核保）；新产品开发周期从6-12个月缩短至3-6个月。③控险：预计降低赔付率3%-5%，降低逆选择风险30%以上。④创新：填补非标体保险市场空白，预计可拓展15%-25%的市场空间。
",2026-06-29 17:07:25,2026-07-01 02:01:00,2026-06-30 14:21:07,0,false,https://dibj.cn/portal/api/common/calling/page?tableCode=SETTLED_PROJECT
51,SETTLED_PROJECT,创新服务-入驻项目,121,351,282,北京金融大数据有限公司,个人经济能力-社保评估项目,"依托个人社保历年缴费基数、缴费时段、缴费单位类型、断缴 / 补缴、基数调整等全量历史缴纳行为数据，建立客观、可校验的收入评估模型，精准还原、推断个人过往及当前合理工资性收入区间，为信贷风控、授信审批、反欺诈、客户资质画像等业务场景提供权威收入维度量化依据，弥补个人收入证明造假、流水缺失、灵活就业无正规薪资凭证等信息不对称痛点。具体业务目标：一、收入区间精准测算：以社保缴费基数为核心锚点，结合当地社保缴费上下限政策、企业常规社保申报规则，推算个人税前工资合理区间，区分固定月薪、年终奖、绩效等各类工资性收入构成，输出个人年度、月度基准工资性收入估值。二、收入变化趋势量化分析：通过多时段社保基数变动、单位更换前后基数差异、年度调基幅度、断缴前后基数波动等历史缴纳行为，刻画个人收入逐年涨跌、岗位晋升、跳槽薪资变动、失业再就业收入变化轨迹，识别收入稳定性、成长性特征。三、异常申报行为识别校验：针对社保基数与行业均值、地区均值严重偏离、短期内频繁大幅调基、阶段性按最低基数缴纳、挂靠单位代缴、多地重复参保、补缴时间段基数异常等违规 / 虚假申报行为进行识别，修正收入估值偏差，剔除虚高、虚低的无效社保数据，提升收入评估真实性。
","一、业务类预期成果
个人工资性收入评估报告（标准化输出）
依托社保缴费基数、历史参保行为，输出个人月度 / 年度税前工资性收入合理估值区间、收入构成推算结果、历年收入变化趋势分析结论，可直接用于授信、风控资质判定。
个人收入特征标签体系
产出收入稳定性等级、收入成长性标签、参保异常行为标签、挂靠代缴 / 低基数虚报等高风险标签，实现客户收入维度标准化画像。
二、规则与模型类预期成果
社保基数折算工资性收入规则手册
明确各地区社保上下限适配规则、基数折算系数、异常参保数据清洗规则、跨单位 / 跨地区参保收入合并计算规则，形成可落地、可复用的业务规则文档。
参保异常识别模型 / 规则引擎
可自动识别最低基数长期参保、短期频繁调基、多地重复参保、阶段性补缴、挂靠代缴等虚假申报行为，实现异常数据自动拦截、收入估值自动修正。",2026-06-29 16:39:40,2026-07-01 02:01:00,2026-06-30 14:21:22,0,false,https://dibj.cn/portal/api/common/calling/page?tableCode=SETTLED_PROJECT
52,SETTLED_PROJECT,创新服务-入驻项目,123,350,557,国投人力资源服务有限公司,人力资源场景数据综合服务选项目,通过依托数据模型精准分析与数据汇集辅助决策，充分融合人力资源场景专业平台能力、大数据等先进科技，为企业打造人才推动发展、增效提质扩岗、劳资需求适配、劳动关系合规的良性循环机制，向业务纵深挖掘人岗潜力、从真实需求招到适岗人才；同时为高校毕业生、社会人才、跨境人才提供专业、科学、明确的职业发展规划与职业生命全周期服务体系。促进服务优化，共同创新人力资源场景数据服务产品，提升数据应用实效，创造人力资源平台业务发展新支点。,数据应用国聘APP、国聘快招APP等平台，通过依托数据模型精准分析与数据汇集辅助决策，充分融合人力资源场景专业平台能力、大数据等先进科技，为企业打造人才推动发展、增效提质扩岗、劳资需求适配、劳动关系合规的良性循环机制，向业务纵深挖掘人岗潜力、从真实需求招到适岗人才；同时为高校毕业生、社会人才、跨境人才提供专业、科学、明确的职业发展规划与职业生命全周期服务体系。促进服务优化，共同创新人力资源场景数据服务产品，提升数据应用实效，创造人力资源平台业务发展新支点。,2026-06-26 14:35:31,2026-07-02 02:01:00,2026-07-01 10:36:29,0,false,https://dibj.cn/portal/api/common/calling/page?tableCode=SETTLED_PROJECT
53,SETTLED_PROJECT,创新服务-入驻项目,111,349,553,北京正亦歆科技有限公司,易背调—人员信息背调系统,该项目致力使用AI技术改造传统线下背调的科技人力资源服务商，摒弃传统人工线下走访低效模式，搭建线上一体化背调SaaS平台，开放标准化API集成，实现背调嵌入招聘全链路。用AI技术和大数据打破人力资源的信息孤岛，为企业用人单位能够高效便捷的核验通道，让职业信用简单易查，营造良好就业环境。解决传统背调成本高、速度慢、覆盖窄、合规弱的行业短板，既帮助企业降低用工风险、压缩招聘成本，规范人力资源服务行业秩序。,主要面对中小微企业，降低中小微企业人力资源的信任门槛和招聘难度。产品广泛应用于大中型企业全员招聘、灵活用工平台准入、劳务外包、家政上门服务、互联网骑手、政企人员风控等场景，实现招聘风险前置管控，整体大幅降低简历造假率、在岗安全事故与劳动纠纷数量。全程数据留痕，规避隐私处罚，同时推动背调行业普惠转型，带动上下游数字人力产业协同发展。有效遏制简历造假，完善职场信用体系。前置排查上门从业者前科记录，降低治安纠纷，减轻基层治理压力。严格落实个人信息保护法规，树立行业合规标杆。完善灵活用工准入制度，保障新业态平稳就业，平衡大小企业风控能力，还可帮助单位常态化排查廉政风险，提升内部管理水平。基于数据源的北京区域限制，先以北京为试点，预计覆盖20000余家企业用户和100万余个个人用户。,2026-06-24 18:02:21,2026-06-25 02:01:00,2026-06-24 18:14:30,0,false,https://dibj.cn/portal/api/common/calling/page?tableCode=SETTLED_PROJECT
54,SETTLED_PROJECT,创新服务-入驻项目,112,346,554,新华中经信用管理有限公司,信用管家查晓得,依托数智北京创新中心对接的政务非公开数据资源，我们计划开发一款专为银行对公客户经理服务的拓客尽调小程序工具，通过数据赋能提升银行服务实体经济的精准度与效率。项目上线后第一年，以试点推广方式深耕本地市场，重点覆盖主要银行，利用小程序提供企业多维信息查询、智能风险画像，帮助客户经理快速筛选优质客户、降低尽调成本，力争触达20%至30%的对公及普惠业务客户经理，在区域内树立标杆案例，验证政务数据与业务场景融合的可行性。第二年，基于第一年实践反馈，持续优化本地产业模型和企业数据库，增强小程序在动态风险预警等方面的能力，同时将合作范围扩展至更多类型金融机构，使客户经理覆盖率提升至40%至50%，实现可持续的规模化增长。项目最终目标是全面赋能地方金融提质增效，促进中小微企业融资便利，助力地方经济高质量发展。,在数据应用层面，项目整合政务非公开数据与本地产业特征，构建企业动态画像库和风险预警模型，为银行对公客户经理提供一站式拓客尽调工具，显著提升客户筛选效率与贷前风控水平，预计尽调作业时间缩短50%以上，客户经理日均有效拓客数量明显增加。在服务覆盖层面，上线两年内实现对本地主要城商行、农商行及部分股份制银行客户经理40%—50%的覆盖率，间接服务中小微企业数千家，推动普惠贷款审批通过率提升10个百分点以上。在经济效益层面，采用“账号+内容”双轨收费模式，预计第二年实现盈亏平衡并持续盈利，同时带动合作银行小微贷款规模稳步增长。在社会效益方面，有效缓解银企信息不对称，降低企业融资成本，形成可复用的政务数据治理标准与行业分析模型，为后续跨区域拓展奠定坚实基础。最终，本项目将全面赋能地方金融提质增效，助力区域经济高质量发展，实现数据价值与金融服务的深度共赢。,2026-06-23 15:02:42,2026-06-25 02:01:00,2026-06-24 16:14:16,0,false,https://dibj.cn/portal/api/common/calling/page?tableCode=SETTLED_PROJECT
55,SETTLED_PROJECT,创新服务-入驻项目,110,342,541,北京银融致信科技有限公司,信贷风控建模与智能授信审批优化项目,"申请数智北京创新中心创新孵化与数据创新支持，重点围绕个税、医疗、驾驶证、行驶证四类政务数据融合应用平台建设，申请公共数据创新环境、数据合规调用能力、身份资质核验能力、数据安全管控能力、数据接口服务及创新场景验证支持。项目主要面向金融风控、信贷审核、客户资质核验等场景，搭建多维度政务数据融合风控体系，探索政务数据在金融领域的可信应用与服务模式本次依托数智北京创新中心公共数据资源开展创新应用，可充分发挥技术优势，挖掘公共数据价值，助力北京市数据要素产业落地，推动政务数据在普惠金融、风险防控领域合规创新应用
",公司主营智能风控系统开发、联合建模、风控运营及全流程风险管控服务，可提供身份核验、信用评分、反欺诈、客户画像等标准化产品。依托 AI 算法、大数据融合、数据安全治理等核心技术，可实现多源数据合规整合与深度分析。本次依托数智北京创新中心公共数据资源开展创新应用，可充分发挥技术优势，挖掘公共数据价值，助力北京市数据要素产业落地，推动政务数据在普惠金融、风险防控领域合规创新应用本次计划整合个税、医疗、驾驶证、行驶证四类政务数据，打通政务数据与金融风控场景，借助多维度数据交叉核验，补齐风控数据短板，高效解决行业现存痛点。,2026-06-16 14:59:48,2026-06-22 17:04:54,2026-06-22 10:11:30,0,false,https://dibj.cn/portal/api/common/calling/page?tableCode=SETTLED_PROJECT
56,SETTLED_PROJECT,创新服务-入驻项目,125,340,537,北京市旺森源科技有限公司,智能信贷风控与动态授信决策平台,本项目旨在构建一套数据驱动的新一代智能风控与授信决策体系，核心目标为：在风险可控的前提下，显著提升审批效率与客户通过率。通过整合多维内外部数据，运用机器学习算法开发高区分度的违约风险预测模型，实现客户风险的精准识别与分级。在此基础上，搭建自动化授信策略引擎，针对不同风险客群输出差异化的额度与定价方案，将人工主观干预降至最低。项目力争将模型KS值提升至0.4以上，不良率相对降低15%，同时实现70%以上标准化进件的秒级自动审批，将平均审批时长从小时级压缩至分钟级。最终打造一套兼顾安全性、敏捷性与普惠性的信贷决策中枢，为业务规模化增长提供坚实的技术底座。,本项目预期形成一套“模型+策略+系统”三位一体的智能授信决策解决方案。模型层面，将开发违约概率预测、额度损失测算及反欺诈三套核心模型，模型区分度KS值稳定达到0.4以上，坏人识别率较原有提升20%。策略层面，将构建差异化授信矩阵，针对优质、一般、高风险客群分别输出提额、维持、拒贷或降额等精准策略。系统层面，将上线自动化审批决策引擎，实现全流程线上化运行与实时监控预警。最终成果体现为：标准化进件自动审批率突破75%，单笔审批耗时压缩80%以上，首期不良率相对降低10%-15%，授信资源向优质客群有效倾斜，全面提升信贷业务的精细化运营水平与资产质量。,2026-06-15 10:56:04,2026-07-04 02:01:00,2026-07-03 10:13:43,0,false,https://dibj.cn/portal/api/common/calling/page?tableCode=SETTLED_PROJECT
57,SETTLED_PROJECT,创新服务-入驻项目,109,338,536,螺之海（北京）网络科技有限公司,全国中医数字地图,"（一）助力基层中医机构增收
平台帮助入驻中医师和中医机构通过线上精准获客和私域运营，显著提升门诊量和复诊率，实现收入增长。已实现单城月营收突破50万元的佳绩。
（二）降低获客与运营成本
相比传统推广方式，入驻平台成本极低（最低每天0.99元起，比发传单便宜20倍），投入产出比显著优于传统营销手段，帮助中小中医机构以最低成本获取稳定客源。
（三）带动大健康产业生态
平台整合了有机农副产品、康养服务、健康产品等上下游资源，为健康产业链相关企业提供高效获客渠道，促进大健康产业集群发展。
（四）数字经济价值释放
平台汇聚的高质量大健康数据资源具有显著的资产化潜力，可与北京数据集团合作开展数据产品的开发运营，实现数据要素价值释放。

","社会效益
（一）助力中医药文化传承
平台为民间中医、个体传承人搭建了展示与交流的窗口，推动中医药文化在基层的传播与传承。通过""找方子""""找道友""等板块，汇聚民间经验智慧，让经典方剂和调理实践惠及更多家庭。
（二）提升基层医疗服务可及性
通过中医地图精准导航和多平台同步曝光，让患者快速找到身边的专业中医服务，避免盲目就医奔波，显著提升医疗服务获取效率与便利性。
（三）促进中医行业数字化转型
帮助中小中医机构以零门槛、低成本的方式拥抱数字化，通过电子名片、数字名片、AI流量矩阵等功能，实现规范化、数字化、科学化经营，推动中医行业整体数字化水平提升。
（四）构建健康社区生态
通过""社区健康大使""体系和线上线下结合的社群运营，让健康理念真正走进千家万户，促进邻里健康互助共建，实现从""治病""向""治未病""的健康管理转型。",2026-06-13 15:18:50,2026-06-22 17:04:54,2026-06-22 14:46:35,0,false,https://dibj.cn/portal/api/common/calling/page?tableCode=SETTLED_PROJECT
58,SETTLED_PROJECT,创新服务-入驻项目,108,336,531,上海与非智连科技有限公司,基础大语言模型医疗训练语料生成,本项目聚焦医疗大模型落地的核心数据痛点，精准破解行业四大难题：一是破解医疗语料质量参差不齐的问题，解决现有数据标注混乱、语义模糊、专业错误多发，导致大模型医疗问答失真、诊疗建议不严谨的问题；二是破解医疗数据合规利用难的问题，解决医疗数据隐私敏感、脱敏标准不统一、数据流通受限，无法规模化用于模型训练的痛点；三是破解医疗场景适配不足的问题，解决通用语料无法覆盖临床诊疗、护理、康复、医学科研、健康管理等细分场景，模型落地实用性差的问题；四是破解中文医疗知识体系缺失的问题，解决国外医疗语料本土化适配不足、国内医疗术语不统一、多场景语料体系不完善的行业短板。,以基础大语言模型训练适配为核心目标，遵循医疗行业规范、人工智能数据标准，构建“全场景、高精度、高合规、可迭代”的中文医疗语料资源体系。产品设计聚焦四大核心维度：全面性，覆盖内科、外科、儿科、妇科、急诊科等全专科领域，涵盖诊疗、护理、康复、科普、科研、医患交互全场景；专业性，依托医学术语标准、临床诊疗指南，完成语料专业化标注与纠错，保障内容符合医疗规范；合规性，实现患者隐私信息、医护敏感信息全脱敏，数据来源合法、使用合规；适配性，区分预训练通用语料、微调专项语料、对齐优化对话语料，精准适配大模型不同训练阶段需求。离线标准化数据集包，包含结构化语料、半结构化医疗文本、医学知识问答语料三大类，支持主流大模型训练格式导入，配套完整的语料说明文档、质量检测报告、合规证明文件，可直接用于基础大语言模型研发与优化。是建成一套合规化、标准化、高质量的中文医疗大模型专属语料库，覆盖多场景、多专科医疗领域，形成完整的语料分级分类体系；二是输出可直接用于基础大语言模型训练、微调、优化的高质量语料资源，有效提升大模型医疗问答准确性、诊疗专业性、场景适配性；三是支撑多个智慧医疗创新场景落地，赋能医疗AI产品迭代升级。,2026-06-11 14:50:36,2026-06-22 17:04:54,2026-06-12 11:45:11,0,false,https://dibj.cn/portal/api/common/calling/page?tableCode=SETTLED_PROJECT
59,SETTLED_PROJECT,创新服务-入驻项目,1,333,282,北京金融大数据有限公司,校园金融风险精准核验合规服务项目,为严格落实银保监办发〔2021〕28号监管文件相关工作要求，规范各类金融机构信贷发放行为，本场景聚焦校园贷款风险防控，搭建标准化学籍核验服务体系，面向银行业金融机构、消费金融公司、小额贷款公司等各类持牌金融机构提供专业学籍验证服务。通过权威数据校验方式精准判定借款人在校身份，全面落实贷前实质性核查要求，从源头阻断金融机构向在校大学生违规发放贷款的行为，压实金融机构风控主体责任，有效防范化解校园贷相关金融风险。,本场景落地应用后，有效破解了金融机构在校学生身份核验难题，全面提升校园贷风险防控与合规管理质效。通过精准的学籍核验服务，彻底解决了人工核验效率低、误差大、标准不统一的问题，实现借款人在校身份精准甄别，从业务源头阻断向在校大学生违规放贷行为，帮助金融机构全面满足监管合规要求，大幅降低违规处罚风险。场景的常态化应用有效遏制了隐蔽性、违规性校园贷乱象，压缩了违规借贷滋生空间，规范了金融机构信贷发放秩序。标准化的线上核验模式，大幅精简了信贷审批流程，降低了金融机构人工核查、线下核验的人力与运营成本，显著提升信贷风控审批的标准化、高效化水平。同时，完备的核验台账体系为监管部门开展非现场监管、专项排查工作提供了精准的数据支撑，有效提升校园贷乱象专项治理的监管效能，切实守护在校学生财产安全与金融合法权益，有效维护清朗有序的校园金融环境。,2026-06-04 17:00:58,2026-06-05 18:31:06,2026-06-04 17:31:02,0,false,https://dibj.cn/portal/api/common/calling/page?tableCode=SETTLED_PROJECT
60,SETTLED_PROJECT,创新服务-入驻项目,107,331,494,贵州数据宝网络科技有限公司,健康医疗公共数据赋能商业保险风控与多层次医保协同应用项目,"本项目紧扣国家健康中国、医保商保一体化改革相关政策要求，依托区域合规医疗公共数据资源，搭建医保 + 商保数据协同风控服务体系，破解当前商业健康险行业痛点。现阶段国内慢病群体超 4 亿，带病体保险市场需求庞大，但保险公司缺少权威医疗数据支撑，存在投保风控难、带病体精准定价难、理赔手续繁琐、骗保逆选择高发等问题，导致惠民型健康保险产品供给不足。
项目以合规授权使用医疗公共数据为基础，通过大数据建模技术落地全流程保险风控服务，一方面助力保险公司实现投保智能核保、出院即时快赔，压缩传统 1-3 天的人工审核周期，简化群众保险理赔材料提交流程；另一方面依托医疗数据量化人群健康风险，实现带病体保险差异化精准定价，丰富普惠型商业健康险产品，拓宽保险覆盖人群。最终落地区域多层次医疗保障创新模式，打通医保、医疗机构、商业保险三方数据壁垒，落实一站式结算、医疗费用垫付、直赔便民服务，提升群众医疗保障获得感，助力地方完善 “基本医保 + 大病保险 + 商业健康险” 互补的多层次医疗保障体系。","一是建成五大类标准化保险风控数据产品与全套智能模型体系，落地核保反欺诈、智能理赔、北斗健康分量化、客户全生命周期健康经营、创新保险产品定价、综合场景反欺诈六大风控模型，全部以标准化 API 接口对外输出服务，形成可落地、可复用的保险数据服务技术方案。
二是实现保险业务全流程数字化升级，投保环节依托医疗数据自动核验健康情况、智能出具核保评分，理赔环节实现出院直赔、主动寻赔，省去群众线下递交病历材料环节，缩短理赔办结时效，有效降低投保人投保、理赔办事成本；通过风控模型筛查带病隐瞒投保、虚假就医骗保行为，大幅压降保险公司理赔欺诈损失。
三是形成本地化普惠保险落地成果，依托健康分量化数据开发适配本地人群的带病体普惠健康险产品，扩大商业保险参保覆盖面；输出区域居民健康数据分析报告、保险精算报告，为医保管理部门优化医保政策、调控医疗费用提供数据参考。
四是形成标准化合规的数据调用流程与安全运维规范，打造可复制的省市医保商保联动落地样板方案，具备向省内多地推广落地的条件。",2026-06-03 15:26:57,2026-06-22 17:04:54,2026-06-15 16:35:37,0,false,https://dibj.cn/portal/api/common/calling/page?tableCode=SETTLED_PROJECT
61,SETTLED_PROJECT,创新服务-入驻项目,2,329,347,北京市有方物联感知科技有限公司,马连道通行证项目,项目依托马连道城市更新契机搭建通行证数字运营底座，落地统一身份认证、全域积分互通、跨业态数据归集三大核心能力。依托片区各类茶文化主题活动完成用户引流留存，破解以往活动结束客流流失难题，持续沉淀长效可运营用户资产。平台打通茶城、展馆、线下门店等全业态场景壁垒，破除空间割裂问题，统筹归集消费行为、城市公共运行等多源数据，经过标准化脱敏与合规治理后落地数据应用，一方面依托数据指导商户精准经营、提升营收，另一方面为街道城市管理、资源调配提供数字化支撑。项目跳出常规信息化建设范畴，以制度化数字基础设施为抓手，全方位助力马连道由传统茶叶批发市场转型升级为国内特色茶文化数字门户。,本项目在立项后按三年分步实施、量化考核的思路分阶段落地建设。首年重点完善顶层制度建设，出台积分运营、数据管理、品牌甄选三项管理制度，筑牢项目规范化运营根基，同步推进平台拓客运营，力争注册用户破十万、优质合作商户超 50 家，常态化落地年度茶文化主题活动，实现标杆商户营收稳步上涨。第二年深挖数据价值，完成全渠道数据归集与合规治理，申报市级数据要素示范案例，联合行业机构编制发布马连道茶产业消费趋势报告。第三年梳理项目落地经验，总结治理与产业协同发展路径，提炼本土化数字化运营范式，打造可落地、可借鉴的特色街区产业发展样板。,2026-06-03 09:56:21,2026-06-05 18:31:06,2026-06-04 15:28:15,0,false,https://dibj.cn/portal/api/common/calling/page?tableCode=SETTLED_PROJECT
62,SETTLED_PROJECT,创新服务-入驻项目,3,328,490,北京九一数榜科技有限公司,北京养老GEO智能体平台项目,"本项目旨在基于数智北京创新中心（dibj.cn）提供的北京市民政局与卫生健康委员会公共数据，构建一个专注养老行业的GEO（生成式引擎优化）智能体平台。核心目标是通过整合北京市养老机构、养老服务驿站、养老助餐点以及定点医疗机构等超过1,500个养老服务实体的多维数据，运用知识图谱构建与GEO内容优化技术，全面提升养老企业在DeepSeek、豆包等主流AI搜索平台中的推荐率。同时，为老年群体及家属提供一个能够进行结构化、权威、实时查询与智能问答的服务入口，从根本上解决因信息分散导致的养老服务供需匹配问题，打通养老信息从数据到AI服务的全链路。",项目成功实施后，将产出一套三层架构的产品体系：1）面向B端的AI智能体SaaS平台，可供养老企业嵌入官网，实现官网信息的GEO自动化优化与客户智能问答；2）面向C端用户（老年人及其家属）的微信小程序，提供一键查询附近养老机构、助餐点、驿站等多维信息的便捷服务；3）面向开发者的数据API接口，支持按调用量计费。市场成果方面，预计在首年内实现签约20家养老机构客户，产生60万至100万元年收入；第二年拓展至30家客户，年收入可达90万至150万元。同时，该平台将形成行业知识图谱与GEO优化的内容矩阵，为老年用户打造一个权威、可信、实时的养老信息AI查询入口。,2026-06-02 14:02:04,2026-06-05 18:31:06,2026-06-02 14:33:08,0,false,https://dibj.cn/portal/api/common/calling/page?tableCode=SETTLED_PROJECT
63,SETTLED_PROJECT,创新服务-入驻项目,4,325,474,北京中惠达数据科技有限公司,跳伞日程智能决策数据产品,1.气象数据产品化，将创新中心提供的气象观测数据（风速、能见度、云底高度、降水量等）进行加工、建模，转化为可直接服务于跳伞日程安排的决策指标。2.构建跳伞适宜度评估模型，基于低空跳伞安全规范，建立“跳伞适宜度评分模型”，输出未来时段的跳伞可行性等级（适宜/谨慎/不适宜）。3.开发日程决策数据产品，以API接口或可视化报告形式，为量子加速公司提供次日/次周跳伞窗口建议，辅助其科学安排跳伞活动、降低因天气原因造成的运营损失。4.验证数据产品的实用价值，通过一个完整跳伞季的试点运行，对比使用决策产品前后的取消率、客户满意度、资源利用率等指标，量化产品效益。,1.建立跳伞适宜度评分模型，融合气象参数（风速、能见度、云底高、降水）与跳伞安全阈值，输出0-100分适宜度评分。2.输出跳伞日程智能决策工，输入日期、时段、跳伞场地，自动输出跳伞可行性等级、风险提示、建议排班窗口具。3.提炼《低空跳伞气象决策数据产品使用指南》，面向跳伞运营方的产品操作手册，含模型解读、数据更新机制、应急处理建议。4、面向其他低空经济场景的通用化方案，将本产品的方法论延伸至滑翔伞、热气球、无人机等低空活动，形成标准化数据产品模板。,2026-05-28 20:45:03,2026-06-05 18:31:06,2026-06-01 11:16:26,0,false,https://dibj.cn/portal/api/common/calling/page?tableCode=SETTLED_PROJECT
64,SETTLED_PROJECT,创新服务-入驻项目,7,322,282,北京金融大数据有限公司,授信审批其他应用场景,项目围绕银行全行授信审批与风险管理需求，依托贷款行业数据、普惠小微贷款数据、不良贷款数据、科技企业融资数据、不动产抵押登记数据、房地产交易数据、建筑行业数据、经济运行数据及证券监管数据，建设覆盖真实性核验、行业研究分析及贷款风险分析的统一数据与智能风控体系。项目重点解决当前授信审批过程中企业经营真实性难验证、行业风险缺乏量化研究、贷款业务缺少行业化分析支撑、抵押物价值评估依赖人工经验等问题，通过建立统一数据底座、行业研究能力及风险分析能力，实现授信审批数字化、标准化与智能化。项目建设目标主要包括三个方面。第一，建立真实性核验能力。结合企业融资数据、不动产抵押登记数据、房产交易数据、工程建设数据及行业经营数据，对企业经营情况、资产情况、融资行为及抵押物情况进行交叉验证，提升企业经营真实性与资产真实性识别能力。通过多维数据关联分析，实现企业经营合理性验证、融资行为真实性验证及抵押物真实性验证，提高授信审批与贷前调查的风险识别能力。第二，建立行业分线研究能力。围绕科技企业、房地产行业、建筑行业、小微企业及金融行业等重点行业，建立行业融资规模分析、行业贷款结构分析、行业不良情况分析、行业景气度分析及行业风险变化分析能力，为全行行业授信政策制定、行业限额管理及重点行业风险监测提供数据支撑，实现行业授信由经验管理向数据化管理转型。第三，建立贷款分析与风险识别能力。通过普惠贷款、不良贷款、行业贷款及区域经济数据，建立贷款结构分析、行业贷款分析、区域贷款分析、不良风险分析及风险预警能力，实现贷款投向分析、风险集中度分析、不良趋势监测及重点行业风险识别，提高全行贷款风险管理与经营分析能力。,项目建设完成后，将形成覆盖真实性核验、行业研究及贷款分析的数据体系、分析体系与风控体系。在真实性核验方面，形成企业经营真实性、融资真实性、资产真实性及抵押物真实性核验能力。通过企业融资行为、房地产交易、不动产抵押登记、工程建设及行业经营情况等多维数据交叉验证，实现企业经营合理性分析、资产真实性识别及异常风险识别，提高授信审批真实性验证能力与贷前调查效率。在行业研究方面，形成覆盖科技企业、房地产行业、建筑行业、小微企业及金融行业的行业研究体系，实现行业融资规模分析、行业贷款结构分析、行业不良情况分析、行业景气度分析、行业风险变化分析及区域行业风险分析，为行业授信政策制定、行业风险管理及重点行业监测提供支撑。在贷款分析方面，形成贷款结构分析、行业贷款分析、区域贷款分析、不良贷款分析及普惠贷款分析能力，实现贷款投向分析、风险集中度分析、不良趋势监测及行业风险预警，提高全行贷款业务风险管理水平。在模型成果方面，形成行业风险识别模型、企业经营稳定性模型、贷款风险预警模型、房地产行业风险模型、建筑行业资金风险模型及科技企业授信模型，实现行业化、场景化风险识别能力。在应用成果方面，形成真实性核验平台、行业研究分析平台、贷款分析平台及风险预警平台，支持贷前调查、授信审批、行业研究、风险分析及贷后监测等业务场景，提升全行授信审批与风险管理数字化能力。,2026-05-25 11:28:13,2026-06-05 18:31:06,2026-05-25 11:48:01,0,false,https://dibj.cn/portal/api/common/calling/page?tableCode=SETTLED_PROJECT
65,SETTLED_PROJECT,创新服务-入驻项目,6,321,282,北京金融大数据有限公司,普惠及乡村振兴统计模型,本项目围绕普惠金融数字化转型需求，依托企业财务信息、行业经营数据、税务数据、市场交易数据及区域产业数据，建设面向小微企业的行业化数据分析与智能风控服务体系。项目重点解决小微企业融资过程中“行业标准不统一、客户画像不完整、风险识别不精准、调查依赖人工经验”等问题，推动普惠金融业务由经验判断向数据驱动转型。项目建设重点包括以下三个方向：一是建立小微企业分行业标准值体系。围绕制造业、批发零售业、建筑业、住宿餐饮业、高技术制造业、软件信息服务业等重点行业，形成覆盖收入、利润、库存、采购、销售、税负、资产负债及经营周转等指标的行业标准值体系，为金融机构开展行业分析、授信策略制定及额度测算提供依据。二是建立分行业客户画像体系。整合企业财务、行业经营、税收、市场交易及区域经营数据，构建行业化客户标签体系，实现企业经营能力、成长能力、经营稳定性及行业特征的综合刻画，提升金融机构精准营销与客户识别能力。三是建设行业化风控模型及调查辅助能力。围绕重点行业建立经营真实性识别模型、行业风险识别模型及行业经营稳定性模型，实现贷前准入、风险评估、经营异常识别及贷后监测能力，提高普惠金融业务风险控制水平与调查效率。,"项目建设完成后，将形成普惠金融领域的数据标准体系、行业画像体系、风控模型体系及业务应用体系。在数据成果方面，形成覆盖企业财务、行业经营、税务、商品流通、市场交易及区域产业运行的数据资源体系，实现行业数据统一整合与标准化管理，为普惠金融业务提供稳定的数据支撑能力。在行业标准成果方面，形成小微企业分行业经营标准值体系，建立不同行业收入规模、利润水平、库存周转、采购销售规模、税负水平及经营稳定性等核心指标标准区间，实现行业经营水平量化分析，为行业授信策略及行业风险管理提供依据。在客户画像成果方面，形成覆盖企业基础属性、行业经营能力、财务能力、税务能力、市场活跃度及成长能力的分行业客户画像体系，实现企业分类分层管理与高价值客户识别，提高金融机构普惠金融精准营销能力。在模型成果方面，形成制造业经营稳定性模型、批发零售行业经营真实性模型、建筑行业资金周转模型、住宿餐饮行业经营波动模型、小微企业综合信用风险模型等行业化风控能力，实现差异化、场景化风险管理。在应用成果方面，形成行业经营分析平台、小微企业画像平台、普惠金融风控平台及调查辅助系统，支持贷前调查、客户准入、额度测算、风险预警及贷后监测等业务场景，提高普惠金融业务数字化运营能力。
",2026-05-25 11:16:49,2026-06-05 18:31:06,2026-05-25 11:49:00,0,false,https://dibj.cn/portal/api/common/calling/page?tableCode=SETTLED_PROJECT
66,SETTLED_PROJECT,创新服务-入驻项目,5,319,282,北京金融大数据有限公司,科创企业评级模型,本项目围绕北京市科技创新资源与科技金融融合应用需求，依托北京市科学技术奖、高新技术企业、科技型中小企业、独角兽企业、中关村高新技术企业、科技基金投资、财政资金支持、知识产权质押融资及技术合同等数据资源，建设科技金融数据应用体系，提升科技企业识别、科技能力评价、科技金融风险控制及产业分析能力，推动科技数据向金融服务能力转化。项目重点面向银行、保险、担保、基金及政府科技管理部门，建立覆盖科技企业发现、企业画像、融资评价、营销获客、风险监测及产业分析的科技金融数字化服务体系，解决科技企业识别难、评价难、融资难及金融机构科技金融风控能力不足等问题。通过项目建设，实现科技数据资源统一整合、科技主体精准识别、科技金融模型化应用及科技产业数字化分析，为科技金融业务创新和科技产业治理提供数据支撑与决策支持。,项目建设完成后，形成科技金融领域的数据、模型、平台及应用成果。在数据成果方面，建立统一科技金融数据资源体系，实现科技企业、高校科研、科技成果、科技人才、科技基金及科技融资等多维数据整合，形成覆盖科技企业全生命周期的数据底座。在企业评价方面，形成科技企业综合画像体系，围绕科技资质、知识产权、科技成果、投融资能力、财政支持、技术交易、成长能力等维度建立企业标签体系与评价指标体系，实现科技企业分层分类管理。在模型成果方面，形成科技企业识别模型、科技企业信用评价模型、知识产权质押融资评估模型、高成长企业识别模型、科技金融营销模型及科技产业监测分析模型，为科技金融业务提供数字化决策能力。在应用成果方面，建设科技金融数字化应用平台，形成科技企业查询、科技企业画像、科技金融评级、营销名单输出、产业分析监测等核心应用能力，并支持接口化服务、报表输出及智能分析服务。在业务价值方面，项目将有效提升金融机构科技金融服务能力，提高科技企业融资覆盖率与融资效率，降低科技金融业务风险，提升政府科技产业管理与科技资源配置能力。,2026-05-25 10:29:10,2026-06-05 18:31:06,2026-05-25 11:49:20,0,false,https://dibj.cn/portal/api/common/calling/page?tableCode=SETTLED_PROJECT
67,SETTLED_PROJECT,创新服务-入驻项目,8,317,409,北京数据集团公共数据开发有限公司,时空出行智慧赋能工程,本项目旨在数据合规框架下，深度融合主流地图服务的时空智能底座、全链路 AI 能力与海量空间数据治理经验，结合公共领域数据资产与权威资源优势，构建 “数据合规融通 + AI 深度赋能 + 场景价值落地” 的创新合作范式。聚焦服务位置、便民信息（POI 楼栋号、停车场、施工信息、公交线路方向）等核心数据，依托地图企业空间大模型、知识图谱与动态时空分析技术，突破多源异构数据融合、变化智能挖掘等关键技术瓶颈。通过数据价值深度释放，实现全场景升级，破解传统出行类服务中信息滞后、精准度不足、体验单一等痛点，全面提升民众出行的便捷性、安全性、高效性与幸福感，助力城市智慧交通治理与公共服务数字化升级，打造公共数据与企业技术协同赋能民生的标杆范例。,"• 数据层面：完成 POI 楼栋号、停车场、施工信息、公交线路方向等公共数据的合规汇聚、脱敏治理与标准化融合，构建高质量、
高鲜活、高权威的交通出行专题数据库；依托 AI 变化检测技术，实现数据自动核验与智能更新，提升数据准确率、缩短数据更新周期，彻底解决传统数据 “滞后、错漏、分散” 问题。
• 技术层面：输出 “公共数据 + AI 地图” 融合技术体系，形成时空大模型适配、多源数据智能对齐、出行场景知识图谱构建等核心技术成果；研发面向导航场景的专属 AI 模块，实现施工路段智能预警、停车场实时空位推荐、公交线路精准导向、楼栋级 POI 精准定位等功能，技术能力达到行业领先水平。
• 民生层面：实现导航产品服务能力显著升级，用户出行路线规划更精准、避堵更智能、找位更高效、换乘更顺畅，有效减少因信息不对称导致的拥堵、绕路、停车难等问题，降低出行成本与碳排放，让民众切实享受数字技术赋能的智慧出行红利，增强公共服务获得感与城市生活幸福感。
• 行业与社会层面：形成可复制、可推广的公共领域数据合规开发利用模式，为地图行业与公共数据协同合作提供标杆案例；助力城市交通治理从 “被动响应” 向 “主动预判、精准调度” 升级，推动公共数据要素价值最大化，赋能数字城市与智慧民生建设。",2026-05-22 14:04:03,2026-06-05 18:31:06,2026-05-22 14:07:40,0,false,https://dibj.cn/portal/api/common/calling/page?tableCode=SETTLED_PROJECT
68,SETTLED_PROJECT,创新服务-入驻项目,9,314,282,北京金融大数据有限公司,养老机构评级模型,本项目旨在依托民政部门掌握的养老机构核心运营数据，着力破解养老金融领域因信息不对称带来的融资难题。项目总体目标包括：一是建立规范、合规的数据共享机制，将养老机构备案信息、星级评定、补贴获取情况及经营稳定性等关键数据，有序向金融机构开放，打通政银之间的信息壁垒；二是赋能金融机构风控决策，帮助银行更加真实、全面地评估养老机构经营能力与偿债能力，降低贷前尽调与风险识别成本，从根本上缓解“不敢贷、不愿贷”等问题；三是推动信贷、保险等金融资源精准投向合规优质养老机构，破解养老行业“轻资产、融资难”痛点，进一步促进养老服务体系建设与金融支持能力协同发展，形成养老产业与金融服务双向赋能、良性循环的发展格局。,"本项目实施后，预计将在数据共享、金融赋能、行业治理及养老服务发展等方面形成以下成果：
一、建立养老金融数据共享与应用机制
依托民政部门养老机构管理数据，建立面向金融机构的规范化、可持续的数据共享机制，形成覆盖机构备案、等级评定、运营补贴、经营稳定性等核心维度的数据服务体系，实现政府监管数据向金融风控能力的有效转化，推动养老行业“数据可用、风险可识、经营可评估”。
二、提升金融机构养老行业风险识别能力
通过引入民政侧权威数据，帮助银行、保险等金融机构更加准确地识别养老机构经营情况与信用水平，提升贷前准入、额度测算及贷后监测能力，降低信息不对称带来的风险判断偏差与尽调成本，增强金融机构服务养老行业的信心与积极性。
三、推动养老金融产品创新与精准投放
围绕养老机构经营特点与融资需求，支持金融机构开发适配养老行业的专项信贷、保险及综合金融服务产品，推动金融资源精准覆盖合规经营、运营稳定、服务能力较强的养老机构，提升养老行业金融服务的可获得性与覆盖深度。
四、缓解养老机构融资难、融资贵问题
通过增强养老机构经营透明度与信用可评价能力，改善养老机构在金融体系中的信用画像，缓解行业普遍存在的“轻资产、缺抵押、融资难”问题，推动养老机构获得更加稳定、便捷和可持续的融资支持。
五、形成可复制推广的“政务数据+养老金融”模式
探索形成“政府数据赋能+金融机构应用”的养老金融创新模式，为地方养老产业支持、普惠金融发展及政务数据要素市场化应用提供实践案例和推广经验，助力构建养老服务与金融支持协同发展的长效机制。",2026-05-21 14:40:28,2026-06-05 18:31:06,2026-05-22 10:01:23,0,false,https://dibj.cn/portal/api/common/calling/page?tableCode=SETTLED_PROJECT
69,SETTLED_PROJECT,创新服务-入驻项目,14,312,466,中电数产天恒（北京）数据产业有限公司,北京市个人公积金数据信贷风控场景,"项目建设内容
1. 应用领域
本项目聚焦金融服务领域，面向商业银行个人信贷业务（包括但不限于个人消费贷款审批、信用卡额度授信、个人经营性贷款辅助审核、贷后动态风控管理）提供基于北京市个人公积金缴存数据的标准化数据服务。
2. 服务对象
服务对象为经合法授权接入平台的在京展业商业银行，首批重点服务杭州银行、徽商银行、江苏银行、浙商银行、南京银行等在京外地城商行。上述机构在京开展个人信贷业务，对北京本地公积金数据具有明确的采购需求。
最终受益群体为在北京缴存公积金的个人客户。通过本项目，缴存人的公积金缴存记录可转化为被银行认可的信用凭证，提升信贷可得性。
3. 提供的服务内容
本项目提供两款数据服务产品（详见产品设计部分）：
产品一：个人公积金信贷风控数据元件服务。 为银行提供个人公积金缴存信息的一站式合规查询服务，覆盖贷前审批和贷中授信场景，解决收入证明真实性校验和信用评估数据缺失问题。
产品二：个人公积金缴存时序监控数据元件服务。 为银行提供个人缴存状态的历史变化查询和动态监控服务，覆盖贷后风控场景，解决收入稳定性评估和风险预警问题。
4. 预期产出结果
（1）向合作银行输出标准化数据元件调用接口，实现个人授权后的一键调取和智能核验。
（2）首年服务5-8家在京展业的外地城商行，实现数据服务收入400-700万元（参考徽商银行99万元/行/年定价和北京银行181万元年度采购预算，按5-8家保守测算）。第二年扩展至更多城商行及股份制银行在京分行，目标15-20家机构。第三年向保险、消费金融公司等持牌机构拓展。
（3）助力合作银行实现个人消费信贷的“零纸质材料申请”，大幅缩短审批周期，提升客户体验。
（4）形成可复制的政务公共数据授权运营标准流程，为社保、医保等数据在金融领域的应用积累经验。","社会效益方面：
一是提升普惠金融可得性。针对外来务工人员、制造业工人、新市民及灵活就业群体等缺乏传统征信记录和抵押资产的人群，将公积金缴存记录转化为银行认可的数据元件，使其获得首次授信和更优贷款条件，有效填补信用白户的服务空白。
二是降低居民融资成本。以公积金数据元件授信的消费贷利率显著低于普通信用贷，纯公积金信用贷年化利率约3.0%-6.5%，而普通消费贷可达6%-15%。以30万元、3年期贷款测算，借款人平均每笔可节省利息2000-5000元。
三是强化金融消费者保护。通过公积金数据核验，银行能更准确评估还款能力，避免过度授信，降低多头借贷和过度负债风险，保障借款人财务健康。
四是落实国家数据要素政策。作为北京市公共数据资源开发利用的金融实践，项目符合《关于加快北京市公共数据资源开发利用的实施意见》授权运营要求，探索以数据元件为技术路线的公积金数据安全流通模式，为数据要素市场化配置提供范本。
五是促进消费市场发展。借助更精准的客户画像，银行可向更广泛群体发放消费信贷，覆盖家用汽车、教育培训、家居家装、健康医疗等领域，有力带动区域消费增长。

经济效益方面：
一是扩大合作银行消费信贷规模。徽商银行非房消费类贷款余额超450亿元，增速8.3%；南京银行个人消费贷款余额达2028亿元，位居城商行前列。项目上线可助力杭州银行、徽商银行、江苏银行、浙商银行、南京银行等机构显著提升北京地区消费信贷规模，拓展业务增长空间。
二是降低银行风控成本。公积金数据核验替代人工收入证明审核，实现自动化审批，大幅降低贷前调查成本。华夏银行北京分行“新华夏e贷”已实现公积金数据直连，提供了可复制的降本增效范式。
三是改善银行资产质量。依托公积金数据的持续监控和贷后预警，银行在客户缴存异常时可提前采取风险缓释措施，降低逾期率和不良率，保障信贷资产安全。
四是实现公共数据经济收益。首年预计数据服务收入400-700万元，按5-8家银行、每家约99万元测算；第二年扩展至15-20家机构后，收入预计达1000-1800万元，为国有资产保值增值做出直接贡献。
综上，该项目以技术化数据元件打通公积金信息应用，实现普惠金融扩面、融资成本降低、风控质效提升和公共数据价值变现的多赢格局。",2026-05-13 18:22:23,2026-06-05 18:31:06,2026-05-14 11:51:20,0,false,https://dibj.cn/portal/api/common/calling/page?tableCode=SETTLED_PROJECT
70,SETTLED_PROJECT,创新服务-入驻项目,10,311,345,华信永道（北京）科技股份有限公司,住房公积金业务企业公积金信贷增信项目,本项目以“安全合规为底线、数据价值为核心、场景适配为导向、服务高效为目标”，聚焦公积金数据要素的合规运营与金融场景赋能，明确以下五大建设目标： 1.安全合规目标：构建“数据可用不可见”全流程安全体系 建立符合《中华人民共和国数据安全法》《中华人民共和国个人信息保护法》及公积金数据管理相关规定的安全研发标准，实现数据采集、加工、存储、传输、使用全环节的安全管控； 研发数据脱敏、权限精细管控等核心技术模块，确保公积金业务明细数据“加工不泄露、使用可追溯、风险可防控”，满足金融行业高合规要求。 2.数据要素化目标：形成标准化公积金数据要素体系 完成公积金核心业务数据（如缴存明细、提取记录、贷款信息等）的结构化加工，梳理数据口径、清洗数据质量、规范数据标签，形成可复用、可组装的企业公积金数据要素库； 实现数据要素与金融业务场景的适配映射（如信贷风控、信用评估、产品定价等场景），确保数据要素的适用性与准确性。 3.产品支撑目标：搭建灵活高效的数据产品管理平台 研发数据产品管理核心功能模块，支持基于数据要素库的产品快速组装，实现金融场景用数需求的敏捷响应（如定制化数据报告、实时查询接口、批量分析数据集等产品形态）； 建立数据产品全生命周期管理能力（包括产品设计、发布、迭代、下线、风控监测），保障数据产品的合规性与可用性。 4.服务对接目标：构建多维度用数机构服务体系 研发服务管理与机构对接模块，支持对不同用数机构（银行、保险、消费金融公司等）的差异化服务配置（如权限分级、接口适配、计费管理）； 实现用数机构的全流程服务支撑（机构注册、资质审核、需求提报、产品订阅、服务调用、数据反馈），保障对接效率与服务稳定性。 5.价值赋能目标：实现数据价值与业务生态双提升，为金融机构提供低成本、高合规的公积金数据支撑，助力其优化信贷风控模型、提升产品创新效率、降低业务运营成本； 为公司积累公共数据授权运营的核心技术（数据安全加工、产品化组装、机构服务对接）与行业经验，奠定在公共数据运营领域的技术壁垒与市场优势。,1.产品落地成果：建成“数据层－技术支撑层－平台层－应用层－监管层”五层架构公共数据运营系统，落地隐私计算、数据要素加工、数据产品组装、监管存证四大核心能力，形成可直接复用的公积金数据运营产品体系。 2.运营赋能成果：完成≥5家金融机构对接，助力合作机构风控效率与普惠覆盖能力显著提升，形成可复制的“政务数据－金融赋能”落地模式。 3.价值沉淀成果：输出《公积金数据脱敏规范》《公积金数据要素定义与编码规范》《公积金数据要素运营安全规范》3项规范，技术架构可延伸至社保、个税等政务数据领域，打造公积金数据安全运营示范案例。,2026-05-13 17:05:43,2026-06-05 18:31:06,2026-05-19 17:58:33,0,false,https://dibj.cn/portal/api/common/calling/page?tableCode=SETTLED_PROJECT
71,SETTLED_PROJECT,创新服务-入驻项目,11,310,345,华信永道（北京）科技股份有限公司,住房公积金业务个人公积金三要素核验项目,本项目以“安全合规为底线、数据价值为核心、场景适配为导向、服务高效为目标”，聚焦公积金数据要素的合规运营与金融场景赋能，明确以下五大建设目标： 1.安全合规目标：构建“数据可用不可见”全流程安全体系 建立符合《中华人民共和国数据安全法》《中华人民共和国个人信息保护法》及公积金数据管理相关规定的安全研发标准，实现数据采集、加工、存储、传输、使用全环节的安全管控； 研发数据脱敏、权限精细管控等核心技术模块，确保公积金业务明细数据“加工不泄露、使用可追溯、风险可防控”，满足金融行业高合规要求。 2.数据要素化目标：形成标准化公积金数据要素体系 完成公积金核心业务数据（如缴存明细、提取记录、贷款信息等）的结构化加工，梳理数据口径、清洗数据质量、规范数据标签，形成可复用、可组装的个人公积金数据要素库； 实现数据要素与金融业务场景的适配映射（如信贷风控、信用评估、产品定价等场景），确保数据要素的适用性与准确性。 3.产品支撑目标：搭建灵活高效的数据产品管理平台 研发数据产品管理核心功能模块，支持基于数据要素库的产品快速组装，实现金融场景用数需求的敏捷响应（如定制化数据报告、实时查询接口、批量分析数据集等产品形态）； 建立数据产品全生命周期管理能力（包括产品设计、发布、迭代、下线、风控监测），保障数据产品的合规性与可用性。 4.服务对接目标：构建多维度用数机构服务体系 研发服务管理与机构对接模块，支持对不同用数机构（银行、保险、消费金融公司等）的差异化服务配置（如权限分级、接口适配、计费管理）； 实现用数机构的全流程服务支撑（机构注册、资质审核、需求提报、产品订阅、服务调用、数据反馈），保障对接效率与服务稳定性。 5.价值赋能目标：实现数据价值与业务生态双提升，为金融机构提供低成本、高合规的公积金数据支撑，助力其优化信贷风控模型、提升产品创新效率、降低业务运营成本； 为公司积累公共数据授权运营的核心技术（数据安全加工、产品化组装、机构服务对接）与行业经验，奠定在公共数据运营领域的技术壁垒与市场优势。,1.产品落地成果：建成“数据层－技术支撑层－平台层－应用层－监管层”五层架构公共数据运营系统，落地隐私计算、数据要素加工、数据产品组装、监管存证四大核心能力，形成可直接复用的公积金数据运营产品体系。 2.运营赋能成果：完成≥5家金融机构对接，助力合作机构风控效率与普惠覆盖能力显著提升，形成可复制的“政务数据－金融赋能”落地模式。 3.价值沉淀成果：输出《公积金数据脱敏规范》《公积金数据要素定义与编码规范》《公积金数据要素运营安全规范》3项规范，技术架构可延伸至社保、个税等政务数据领域，打造公积金数据安全运营示范案例。,2026-05-13 17:04:36,2026-06-05 18:31:06,2026-05-19 17:58:21,0,false,https://dibj.cn/portal/api/common/calling/page?tableCode=SETTLED_PROJECT
72,SETTLED_PROJECT,创新服务-入驻项目,12,309,345,华信永道（北京）科技股份有限公司,住房公积金业务个人公积金风控项目,本项目以“安全合规为底线、数据价值为核心、场景适配为导向、服务高效为目标”，聚焦公积金数据要素的合规运营与金融场景赋能，明确以下五大建设目标： 1.安全合规目标：构建“数据可用不可见”全流程安全体系 建立符合《中华人民共和国数据安全法》《中华人民共和国个人信息保护法》及公积金数据管理相关规定的安全研发标准，实现数据采集、加工、存储、传输、使用全环节的安全管控； 研发数据脱敏、权限精细管控等核心技术模块，确保公积金业务明细数据“加工不泄露、使用可追溯、风险可防控”，满足金融行业高合规要求。 2.数据要素化目标：形成标准化公积金数据要素体系 完成公积金核心业务数据（如缴存明细、提取记录、贷款信息等）的结构化加工，梳理数据口径、清洗数据质量、规范数据标签，形成可复用、可组装的个人公积金数据要素库； 实现数据要素与金融业务场景的适配映射（如信贷风控、信用评估、产品定价等场景），确保数据要素的适用性与准确性。 3.产品支撑目标：搭建灵活高效的数据产品管理平台 研发数据产品管理核心功能模块，支持基于数据要素库的产品快速组装，实现金融场景用数需求的敏捷响应（如定制化数据报告、实时查询接口、批量分析数据集等产品形态）； 建立数据产品全生命周期管理能力（包括产品设计、发布、迭代、下线、风控监测），保障数据产品的合规性与可用性。 4.服务对接目标：构建多维度用数机构服务体系 研发服务管理与机构对接模块，支持对不同用数机构（银行、保险、消费金融公司等）的差异化服务配置（如权限分级、接口适配、计费管理）； 实现用数机构的全流程服务支撑（机构注册、资质审核、需求提报、产品订阅、服务调用、数据反馈），保障对接效率与服务稳定性。 5.价值赋能目标：实现数据价值与业务生态双提升，为金融机构提供低成本、高合规的公积金数据支撑，助力其优化信贷风控模型、提升产品创新效率、降低业务运营成本； 为公司积累公共数据授权运营的核心技术（数据安全加工、产品化组装、机构服务对接）与行业经验，奠定在公共数据运营领域的技术壁垒与市场优势。,1.产品落地成果：建成“数据层－技术支撑层－平台层－应用层－监管层”五层架构公共数据运营系统，落地隐私计算、数据要素加工、数据产品组装、监管存证四大核心能力，形成可直接复用的公积金数据运营产品体系。 2.运营赋能成果：完成≥5家金融机构对接，助力合作机构风控效率与普惠覆盖能力显著提升，形成可复制的“政务数据－金融赋能”落地模式。 3.价值沉淀成果：输出《公积金数据脱敏规范》《公积金数据要素定义与编码规范》《公积金数据要素运营安全规范》3项规范，技术架构可延伸至社保、个税等政务数据领域，打造公积金数据安全运营示范案例。,2026-05-13 17:03:27,2026-06-05 18:31:06,2026-05-19 17:58:13,0,false,https://dibj.cn/portal/api/common/calling/page?tableCode=SETTLED_PROJECT
73,SETTLED_PROJECT,创新服务-入驻项目,13,308,345,华信永道（北京）科技股份有限公司,住房公积金业务个人公积金信息核验项目,本项目以“安全合规为底线、数据价值为核心、场景适配为导向、服务高效为目标”，聚焦公积金数据要素的合规运营与金融场景赋能，明确以下五大建设目标： 1.安全合规目标：构建“数据可用不可见”全流程安全体系 建立符合《中华人民共和国数据安全法》《中华人民共和国个人信息保护法》及公积金数据管理相关规定的安全研发标准，实现数据采集、加工、存储、传输、使用全环节的安全管控； 研发数据脱敏、权限精细管控等核心技术模块，确保公积金业务明细数据“加工不泄露、使用可追溯、风险可防控”，满足金融行业高合规要求。 2.数据要素化目标：形成标准化公积金数据要素体系 完成公积金核心业务数据（如缴存明细、提取记录、贷款信息等）的结构化加工，梳理数据口径、清洗数据质量、规范数据标签，形成可复用、可组装的个人公积金数据要素库； 实现数据要素与金融业务场景的适配映射（如信贷风控、信用评估、产品定价等场景），确保数据要素的适用性与准确性。 3.产品支撑目标：搭建灵活高效的数据产品管理平台 研发数据产品管理核心功能模块，支持基于数据要素库的产品快速组装，实现金融场景用数需求的敏捷响应（如定制化数据报告、实时查询接口、批量分析数据集等产品形态）； 建立数据产品全生命周期管理能力（包括产品设计、发布、迭代、下线、风控监测），保障数据产品的合规性与可用性。 4.服务对接目标：构建多维度用数机构服务体系 研发服务管理与机构对接模块，支持对不同用数机构（银行、保险、消费金融公司等）的差异化服务配置（如权限分级、接口适配、计费管理）； 实现用数机构的全流程服务支撑（机构注册、资质审核、需求提报、产品订阅、服务调用、数据反馈），保障对接效率与服务稳定性。 5.价值赋能目标：实现数据价值与业务生态双提升，为金融机构提供低成本、高合规的公积金数据支撑，助力其优化信贷风控模型、提升产品创新效率、降低业务运营成本； 为公司积累公共数据授权运营的核心技术（数据安全加工、产品化组装、机构服务对接）与行业经验，奠定在公共数据运营领域的技术壁垒与市场优势。,1.产品落地成果：建成“数据层－技术支撑层－平台层－应用层－监管层”五层架构公共数据运营系统，落地隐私计算、数据要素加工、数据产品组装、监管存证四大核心能力，形成可直接复用的公积金数据运营产品体系。 2.运营赋能成果：完成≥5家金融机构对接，助力合作机构风控效率与普惠覆盖能力显著提升，形成可复制的“政务数据－金融赋能”落地模式。 3.价值沉淀成果：输出《公积金数据脱敏规范》《公积金数据要素定义与编码规范》《公积金数据要素运营安全规范》3项规范，技术架构可延伸至社保、个税等政务数据领域，打造公积金数据安全运营示范案例。,2026-05-13 17:02:20,2026-06-05 18:31:06,2026-05-19 17:57:55,0,false,https://dibj.cn/portal/api/common/calling/page?tableCode=SETTLED_PROJECT
74,SETTLED_PROJECT,创新服务-入驻项目,15,307,345,华信永道（北京）科技股份有限公司,住房公积金业务个人公积金信贷增信全景项目,本项目以“安全合规为底线、数据价值为核心、场景适配为导向、服务高效为目标”，聚焦公积金数据要素的合规运营与金融场景赋能，明确以下五大建设目标： 1.安全合规目标：构建“数据可用不可见”全流程安全体系 建立符合《中华人民共和国数据安全法》《中华人民共和国个人信息保护法》及公积金数据管理相关规定的安全研发标准，实现数据采集、加工、存储、传输、使用全环节的安全管控； 研发数据脱敏、权限精细管控等核心技术模块，确保公积金业务明细数据“加工不泄露、使用可追溯、风险可防控”，满足金融行业高合规要求。 2.数据要素化目标：形成标准化公积金数据要素体系 完成公积金核心业务数据（如缴存明细、提取记录、贷款信息等）的结构化加工，梳理数据口径、清洗数据质量、规范数据标签，形成可复用、可组装的个人公积金数据要素库； 实现数据要素与金融业务场景的适配映射（如信贷风控、信用评估、产品定价等场景），确保数据要素的适用性与准确性。 3.产品支撑目标：搭建灵活高效的数据产品管理平台 研发数据产品管理核心功能模块，支持基于数据要素库的产品快速组装，实现金融场景用数需求的敏捷响应（如定制化数据报告、实时查询接口、批量分析数据集等产品形态）； 建立数据产品全生命周期管理能力（包括产品设计、发布、迭代、下线、风控监测），保障数据产品的合规性与可用性。 4.服务对接目标：构建多维度用数机构服务体系 研发服务管理与机构对接模块，支持对不同用数机构（银行、保险、消费金融公司等）的差异化服务配置（如权限分级、接口适配、计费管理）； 实现用数机构的全流程服务支撑（机构注册、资质审核、需求提报、产品订阅、服务调用、数据反馈），保障对接效率与服务稳定性。 5.价值赋能目标：实现数据价值与业务生态双提升，为金融机构提供低成本、高合规的公积金数据支撑，助力其优化信贷风控模型、提升产品创新效率、降低业务运营成本； 为公司积累公共数据授权运营的核心技术（数据安全加工、产品化组装、机构服务对接）与行业经验，奠定在公共数据运营领域的技术壁垒与市场优势。,1.产品落地成果：建成“数据层－技术支撑层－平台层－应用层－监管层”五层架构公共数据运营系统，落地隐私计算、数据要素加工、数据产品组装、监管存证四大核心能力，形成可直接复用的公积金数据运营产品体系。 2.运营赋能成果：完成≥5家金融机构对接，助力合作机构风控效率与普惠覆盖能力显著提升，形成可复制的“政务数据－金融赋能”落地模式。 3.价值沉淀成果：输出《公积金数据脱敏规范》《公积金数据要素定义与编码规范》《公积金数据要素运营安全规范》3项规范，技术架构可延伸至社保、个税等政务数据领域，打造公积金数据安全运营示范案例。,2026-05-13 17:00:51,2026-06-05 18:31:06,2026-05-14 10:00:40,0,false,https://dibj.cn/portal/api/common/calling/page?tableCode=SETTLED_PROJECT
75,SETTLED_PROJECT,创新服务-入驻项目,16,306,345,华信永道（北京）科技股份有限公司,住房公积金业务个人公积金信贷增信增强项目,本项目以“安全合规为底线、数据价值为核心、场景适配为导向、服务高效为目标”，聚焦公积金数据要素的合规运营与金融场景赋能，明确以下五大建设目标： 1.安全合规目标：构建“数据可用不可见”全流程安全体系 建立符合《中华人民共和国数据安全法》《中华人民共和国个人信息保护法》及公积金数据管理相关规定的安全研发标准，实现数据采集、加工、存储、传输、使用全环节的安全管控； 研发数据脱敏、权限精细管控等核心技术模块，确保公积金业务明细数据“加工不泄露、使用可追溯、风险可防控”，满足金融行业高合规要求。 2.数据要素化目标：形成标准化公积金数据要素体系 完成公积金核心业务数据（如缴存明细、提取记录、贷款信息等）的结构化加工，梳理数据口径、清洗数据质量、规范数据标签，形成可复用、可组装的个人公积金数据要素库； 实现数据要素与金融业务场景的适配映射（如信贷风控、信用评估、产品定价等场景），确保数据要素的适用性与准确性。 3.产品支撑目标：搭建灵活高效的数据产品管理平台 研发数据产品管理核心功能模块，支持基于数据要素库的产品快速组装，实现金融场景用数需求的敏捷响应（如定制化数据报告、实时查询接口、批量分析数据集等产品形态）； 建立数据产品全生命周期管理能力（包括产品设计、发布、迭代、下线、风控监测），保障数据产品的合规性与可用性。 4.服务对接目标：构建多维度用数机构服务体系 研发服务管理与机构对接模块，支持对不同用数机构（银行、保险、消费金融公司等）的差异化服务配置（如权限分级、接口适配、计费管理）； 实现用数机构的全流程服务支撑（机构注册、资质审核、需求提报、产品订阅、服务调用、数据反馈），保障对接效率与服务稳定性。 5.价值赋能目标：实现数据价值与业务生态双提升，为金融机构提供低成本、高合规的公积金数据支撑，助力其优化信贷风控模型、提升产品创新效率、降低业务运营成本； 为公司积累公共数据授权运营的核心技术（数据安全加工、产品化组装、机构服务对接）与行业经验，奠定在公共数据运营领域的技术壁垒与市场优势。,1.产品落地成果：建成“数据层－技术支撑层－平台层－应用层－监管层”五层架构公共数据运营系统，落地隐私计算、数据要素加工、数据产品组装、监管存证四大核心能力，形成可直接复用的公积金数据运营产品体系。 2.运营赋能成果：完成≥5家金融机构对接，助力合作机构风控效率与普惠覆盖能力显著提升，形成可复制的“政务数据－金融赋能”落地模式。 3.价值沉淀成果：输出《公积金数据脱敏规范》《公积金数据要素定义与编码规范》《公积金数据要素运营安全规范》3项规范，技术架构可延伸至社保、个税等政务数据领域，打造公积金数据安全运营示范案例。,2026-05-13 16:59:42,2026-06-05 18:31:06,2026-05-14 10:00:18,0,false,https://dibj.cn/portal/api/common/calling/page?tableCode=SETTLED_PROJECT
76,SETTLED_PROJECT,创新服务-入驻项目,17,305,345,华信永道（北京）科技股份有限公司,住房公积金业务个人公积金信贷增信基础项目,本项目以“安全合规为底线、数据价值为核心、场景适配为导向、服务高效为目标”，聚焦公积金数据要素的合规运营与金融场景赋能，明确以下五大建设目标： 1.安全合规目标：构建“数据可用不可见”全流程安全体系 建立符合《中华人民共和国数据安全法》《中华人民共和国个人信息保护法》及公积金数据管理相关规定的安全研发标准，实现数据采集、加工、存储、传输、使用全环节的安全管控； 研发数据脱敏、权限精细管控等核心技术模块，确保公积金业务明细数据“加工不泄露、使用可追溯、风险可防控”，满足金融行业高合规要求。 2.数据要素化目标：形成标准化公积金数据要素体系 完成公积金核心业务数据（如缴存明细、提取记录、贷款信息等）的结构化加工，梳理数据口径、清洗数据质量、规范数据标签，形成可复用、可组装的个人公积金数据要素库； 实现数据要素与金融业务场景的适配映射（如信贷风控、信用评估、产品定价等场景），确保数据要素的适用性与准确性。 3.产品支撑目标：搭建灵活高效的数据产品管理平台 研发数据产品管理核心功能模块，支持基于数据要素库的产品快速组装，实现金融场景用数需求的敏捷响应（如定制化数据报告、实时查询接口、批量分析数据集等产品形态）； 建立数据产品全生命周期管理能力（包括产品设计、发布、迭代、下线、风控监测），保障数据产品的合规性与可用性。 4.服务对接目标：构建多维度用数机构服务体系 研发服务管理与机构对接模块，支持对不同用数机构（银行、保险、消费金融公司等）的差异化服务配置（如权限分级、接口适配、计费管理）； 实现用数机构的全流程服务支撑（机构注册、资质审核、需求提报、产品订阅、服务调用、数据反馈），保障对接效率与服务稳定性。 5.价值赋能目标：实现数据价值与业务生态双提升，为金融机构提供低成本、高合规的公积金数据支撑，助力其优化信贷风控模型、提升产品创新效率、降低业务运营成本； 为公司积累公共数据授权运营的核心技术（数据安全加工、产品化组装、机构服务对接）与行业经验，奠定在公共数据运营领域的技术壁垒与市场优势。,1.产品落地成果：建成“数据层－技术支撑层－平台层－应用层－监管层”五层架构公共数据运营系统，落地隐私计算、数据要素加工、数据产品组装、监管存证四大核心能力，形成可直接复用的公积金数据运营产品体系。 2.运营赋能成果：完成≥5家金融机构对接，助力合作机构风控效率与普惠覆盖能力显著提升，形成可复制的“政务数据－金融赋能”落地模式。 3.价值沉淀成果：输出《公积金数据脱敏规范》《公积金数据要素定义与编码规范》《公积金数据要素运营安全规范》3项规范，技术架构可延伸至社保、个税等政务数据领域，打造公积金数据安全运营示范案例。,2026-05-13 16:58:19,2026-06-05 18:31:06,2026-05-14 09:59:50,0,false,https://dibj.cn/portal/api/common/calling/page?tableCode=SETTLED_PROJECT
77,SETTLED_PROJECT,创新服务-入驻项目,18,304,468,北京物资学院,极端气候冲击下现代物流体系的风险防控研究,习近平总书记强调“物流是实体经济的筋络，连接生产和消费、内贸和外贸”。现代物流体系是支撑“筋络”高效、安全运行的骨架。当前全球极端气候事件频发，物流通道、枢纽、末端配送任何环节遭受极端气候冲击，极易引发物流中断与级联失效，严重威胁供应链产业链安全。为落实“十五五”规划确定的“提升应对极端天气能力、确保重大基础设施安全”战略导向，本项目聚焦现代物流体系风险影响、风险水平、风险效应及风险防范四大具体问题，从通道-枢纽-末端全链条研究视角，围绕现代物流体系风险影响机理、产出损失效应、要素配置扭曲效应等核心概念，开展风险测度、传导效应分析及防控对策设计，为提升我国产业链供应链韧性与安全水平提供重要支撑。,"预期产出结果

本场景建设后，预计形成以下成果。

一是形成物流风险专题数据集，包括极端天气数据、物流设施数据、货运运行数据、地理空间数据、道路交通数据和企业运营相关数据，为后续数据产品开发和模型训练提供基础。

二是形成物流风险评估模型和指标体系，能够对不同区域、不同物流节点、不同运输线路在极端天气下的风险水平进行量化评价。

三是形成城市物流风险地图和可视化平台原型，实现风险空间分布展示、重点节点识别、风险等级划分和趋势分析，便于政府部门和企业直观掌握风险状态。

四是形成极端天气影响评估报告和决策咨询成果，重点输出对物流效率、运输能力、保供能力、产业链传导影响等方面的分析结论，为城市运行管理和产业政策制定提供依据。

五是形成可复制的数据要素应用样板，探索公共数据、行业数据和企业数据在可信环境下融合应用的路径，沉淀数据治理规范、模型评测方法和场景应用方案，为北京智慧物流、韧性城市和数据要素产业发展提供示范案例。

六是形成面向企业和政府的服务产品雏形，包括物流风险预警服务、重点设施韧性评估服务、极端天气应急物流辅助决策服务、物流数据产品开发服务等，具备后续推广应用和市场化转化基础。",2026-05-13 12:15:38,2026-06-05 18:31:06,2026-05-13 14:50:24,0,false,https://dibj.cn/portal/api/common/calling/page?tableCode=SETTLED_PROJECT
78,SETTLED_PROJECT,创新服务-入驻项目,19,303,465,北京中民颐养科技服务有限公司,婚恋信用数据报告,本产品旨在通过融合公安、民政、人社、司法、金融、不动产、车辆等多源政务及社会数据，在用户充分授权的前提下，为婚恋市场构建一套客观、权威、可量化的信用核验机制，从源头解决身份造假、婚姻状况隐瞒、职业财产信息失实等行业痛点，保护用户人身财产安全，提升婚恋平台的公信力，推动行业建立“守信激励、失信惩戒”的良性信用生态。核心目标是打造一款可落地、易推广、合规安全的婚恋信用数据产品，实现与不少于50家婚恋平台及婚介机构的系统对接，形成标准化API服务能力，确保在用户授权后3秒内完成身份核验与婚姻状态查询，5秒内输出包含综合评级、各维度得分及风险提示的结构化报告，同时建立严格的隐私保护与数据最小化机制，通过一票否决等设计有效拦截高风险用户。,通过公共数据产品社会融合落地、模型建设等，形成北京首个面向婚恋场景的公共数据信用报告产品，服务婚恋领域，年核验调用量不低于50万次，覆盖婚恋用户100万人以上；此外，通过多维数据交叉核验，使平台内用户信息真实度显著提升，有效降低婚恋欺诈投诉率；为数据要素市场提供可复用的“政务数据+社会数据+信用模型”融合方案，带动相关技术开发和数据服务岗位就业，并在此基础上逐步拓展至招聘、租住等其他社交信用验证场景,2026-05-12 20:01:47,2026-06-05 18:31:06,2026-05-13 10:11:28,0,false,https://dibj.cn/portal/api/common/calling/page?tableCode=SETTLED_PROJECT
79,SETTLED_PROJECT,创新服务-入驻项目,20,302,462,银龄港湾（北京）健康科技有限公司,"""银龄智护""",银龄智护是国内首个深度耦合城市可信数据空间的银发经济智能体服务平台。项目以“15分钟银发服务圈”为单元，以AI智能体+可信数据空间为双引擎，面向老年用户、家属、服务商及政府监管方，提供健康咨询、服务调度、预警守护、情感陪伴、数据资产化等核心能力，打造“线上智能体极速响应、线下15分钟可达服务”的智慧养老闭环。项目将入驻数智北京创新中心，依托公共数据与社会数据融合创新，率先在北京城市副中心街道落地陪诊服务试点。以创新中心为创新孵化基地，将“银龄智护——基于可信数据空间的银发经济智能体服务平台”打造成全国首个“智慧养老+可信数据空间”的标杆应用案例。 依托创新中心提供的公共数据资源、城市真实场景和联合实验室资源，完成从数据产品开发到场景验证再到商业闭环的全流程创新，形成可复制、可推广的“北京银发数智养老样板”，力争入选国家“数据要素×”典型案例。,"核心成果计划
1. 公共数据融合应用创新产品：计划在入驻后12个月内，完成3至5款数据产品的开发与验证，包括独居老人安全预警数据产品、养老服务质量AI巡检模型、银发康养需求热力图、老年健康画像数据产品、养老补贴精准核验模型等，所有产品均依托创新中心提供的公共数据资源。

2. AI智能体平台落地应用：在创新中心可信环境下完成智能体训练与优化，实现养老垂直场景AI大模型微调；在社区养老场景中完成15分钟安全守护闭环（预警→派单→服务→归档），并验证商业化推广可行性。

3. 数据资产化与交易探索：将开发的3至5款标准化数据产品在数据交易所上架登记，探索与链主企业（首都信息）的分成机制与收益分配模式。

4. 政产学研协同生态建设：与创新中心联合实验室建立专项合作关系，带动不少于10家产业链主体（养老服务机构、社区服务商、技术企业等）参与，整合医疗健康、医保金融等数据，推动养老数据标准对接。

关键绩效指标（入驻后12个月内）
- 完成数据产品3至5款。
- 完成应用场景验证不少于3个社区。
- 平台覆盖老年用户数不少于1000人。
- 数据产品销售收入预估不低于100万元。
- 达成产学研合作签约不少于2个。
- 入选国家或市级“数据要素×”典型案例至少1次。",2026-05-12 12:00:47,2026-06-05 18:31:06,2026-05-12 14:09:44,0,false,https://dibj.cn/portal/api/common/calling/page?tableCode=SETTLED_PROJECT
80,SETTLED_PROJECT,创新服务-入驻项目,21,301,405,北京天平数据科技有限公司,被执行人自主授权之司法执行大数据分析服务项目,"根据《最高人民法院关于民事执行中财产调查若干问题的规定》，被执行人应当如实报告财产，财产变动后十日内需补充报告，拒绝报告、虚假报告的，可被罚款、拘留，情节严重的追究刑事责任。
在司法执行领域，天平数科以被执行人自主授权为基础，对其工商、税务、社保、公积金、不动产、车辆等公共数据进行合规调取与融合分析，输出《被执行人财产分析报告》，为申请执行人提供债权实现决策参考，为被执行人提供财务状况客观评估。《个人信息保护法》第十三条第一款第（一）项“取得个人的同意”，为自主授权模式提供了直接的合法性基础——被执行人自愿签署授权书后，天平数科依法获取其相关信息进行数据分析。
本项目的目标客户包括如下群体：一是确有履行意愿但暂时无法全面履行、希望通过主动披露财产状况争取执行和解或以物抵债方案的被执行人；二是进入破产或重组程序、需要准确梳理资产负债状况的被执行人；三是拟申请企业征信修复或个人信用修复、需要提供详实资产负债材料的被执行人；四是主动申请财产保全的被保全人；五是自愿使用财产画像功能辅助企业融资、并购等商业决策的主体。
人民法院生效裁判的执行，是司法公正的“最后一公里”。即便如此，执行难问题一直是困扰司法实践的顽疾。“查人找物难”是最突出的痛点和堵点。数据技术的深度介入，为破解“执行难”提供了全新的技术路径和广阔的想象空间。引导诚信回归，主动配合履行的正向激励：被执行人自愿授权财产数据分析，积极配合法院执行工作，其主动履行的行为可纳入信用修复评估的重要参考，为积极履行法定义务的主体提供正向激励，促进社会诚信体系建设。
优化法治化营商环境：精准的财产线索能够大幅缩短执行周期，提升债权实现效率，增强市场主体对司法公正的获得感与信心。",强制执行领域存量市场规模超万亿元。2026年法律服务市场规模预计突破3540亿元，其中非诉讼业务占比将首次超过诉讼领域，达到54%。天平数科的自主授权模式与司法授权模式协同推进，有望服务大量有价值需求的案件，具备可持续的商业空间和独立的盈利模式。《被执行人财产分析报告》标准产品，形成标准化、可复制的财产分析报告产品体系。申请执行人可通过被执行人授权获取详尽的财产线索；被执行人亦可主动申请该服务，用于财务状况评估或破产清算受托等合法场景。,2026-05-09 13:30:49,2026-06-05 18:31:06,2026-05-11 16:41:41,0,false,https://dibj.cn/portal/api/common/calling/page?tableCode=SETTLED_PROJECT
81,SETTLED_PROJECT,创新服务-入驻项目,23,300,459,上海海弗智慧医疗科技发展有限公司,专病商业保险方向数据创新使用,"本项目紧扣“健康中国2030”、“数据要素市场化”、“多层次医疗保障体系”、“医保商保协同”四大国家战略，依托北京市公共数据与医保数据授权运营体系，将公司成熟的脑卒中带病可保商业保险模式落地北京，打造首都专病商保创新标杆，系统性解决脑卒中群体长期存在的保障缺失与健康管理不足问题。
一、补齐脑卒中群体保障短板
脑卒中是我国致死致残率最高的疾病之一，患者及高危人群长期面临“无法购买商业保险、院外康复自费压力大、易因病致贫”的民生痛点。传统商业保险因健康告知严格，将带病群体排除在外，导致这一群体缺乏有效风险分担机制。本项目旨在通过数据驱动方式，突破“带病不可保”的行业瓶颈，让脑卒中患者及高危人群可保、可续、可支付。
二、创新专病商保产品体系
依托公司全国领先的脑卒中专病真实世界数据底座（覆盖临床诊疗、院外随访、医保结算、可穿戴监测、康复评估等多源数据），联合头部保险机构与顶尖高校团队，研发国内首个脑卒中带病可保商业保险产品。产品具备五大创新特征：带病可保、保证续保、精准定价、动态风控、健康行为激励。通过真实世界数据驱动精算与风控，实现风险可控、可持续运营。
三、推动医保商保协同发展
本项目积极争取实现医保个人账户余额支付保费，降低居民参保门槛，提升普惠可及性。同时，通过商业保险补充基础医保，合理分流医保基金压力，优化医疗资源配置，助力北京市构建多层次医疗保障体系，形成“医保+商保+健康管理”协同发展的新模式。
四、激活专病数据要素价值
破解医疗数据孤岛问题，在合规脱敏前提下，将医保结算数据、临床诊疗数据、健康档案数据进行标准化治理与价值转化，支撑保险精算定价、风险分层、动态风控、AI健康干预等核心应用，实现数据赋能保险、保险反哺健康的良性闭环。
五、打造首都专病商保示范标杆
以北京为战略高地，依托首都政策、数据、医疗资源优势，将贵阳已验证成功的模式快速复制落地，形成可推广至全国其他城市的专病商保“北京方案”，为全国慢病带病保险创新提供参考范本。","一、产品成果
落地北京市首款脑卒中带病可保商业保险产品，保障对象覆盖北京市18岁以上脑卒中高危人群、确诊患者、术后康复人群。
产品核心责任包括：住院医疗、门诊检查、康复治疗、特定药品、复发预警及健康干预服务。
产品创新亮点：无需健康告知、带病可保、保证续保、风险动态定价、健康行为激励（如免赔额与健康行为挂钩）。
争取实现医保个人账户支付，提升产品普惠性与可及性。
二、标准与体系成果
形成“医疗+保险+数据+康复”一体化专病服务北京标准，涵盖专病筛查、诊疗、康复、保险保障、数据治理全流程。
输出北京市脑卒中疾病防控大数据报告与保障体系方案，为政府公共卫生与医保决策提供数据支撑。
三、示范成果
打造全国领先的首都专病商保创新示范项目，成为医疗数据赋能商业保险的标杆案例。
形成可复制、可推广的专病商保运营模式，为后续向高血压、糖尿病等其他慢病领域延伸奠定基础。
四、社会效益
补齐北京市脑卒中群体保障短板，降低因病致贫风险。
强化脑卒中早筛早治，降低发病率与致残率。
完善首都多层次医疗保障体系，提升民生幸福感与安全感。
五、经济效益
减轻北京医保基金支出压力，合理分流医疗费用负担。
激活专病健康服务市场，带动医疗、保险、康复产业协同发展。
降低长期公共卫生支出成本，提升医疗资源配置效率。
六、技术成果
完善AI脑卒中风险预测模型与保险智能精算引擎，提升专病风险评估与定价能力。
构建专病真实世界数据治理技术体系，形成可复用的数据标准化、脱敏化、可计算化治理流程。",2026-05-08 15:48:41,2026-06-05 18:31:06,2026-05-08 15:54:51,0,false,https://dibj.cn/portal/api/common/calling/page?tableCode=SETTLED_PROJECT
82,SETTLED_PROJECT,创新服务-入驻项目,22,299,457,北京云枢智算医疗科技有限公司,公共数据赋能院外健康服务一体化示范项目,"本项目紧扣国家“数据要素市场化”“银发经济发展”“15分钟便民生活圈”“院内院外医疗服务一体化”四大政策方向，依托北京市公共数据授权运营体系，聚焦老年人群、慢病患者、院后康复人群的院外健康服务缺口，以公共数据为核心生产要素，打造北京标杆性院外健康数据服务示范项目。
一、补齐民生服务短板
当前北京市老年人群、慢病患者及术后康复人群面临院外服务“找不到、用不起、不规范”的突出困境，医院到家庭的服务断层严重。本项目旨在通过公共数据赋能，将分散的康复护理、居家照护、慢病管理、便民就医、特医服务等资源整合，建设北京市级院外通健康服务平台，实现全市院外健康服务“一网统管、一键可达”，让居民在家门口即可获得标准化、普惠化、可追溯的健康服务。
二、推动产业数字化转型
针对健康服务机构“小散弱”、数字化水平低、获客难、运营效率低等产业痛点，项目将通过SaaS工作台、AI精准匹配、流量赋能等方式，帮助中小健康服务机构实现数字化升级，降低运营成本，提升服务效率与服务质量，带动北京市院外健康服务产业整体高质量发展。
三、释放公共数据要素价值
破解公共数据下沉不足、跨部门数据孤岛严重的问题，依托北京市公共数据授权运营体系，通过隐私计算、数据脱敏等技术手段，实现医保数据、公共卫生数据、民政数据、康养数据的安全合规流通与价值转化，形成“数据赋能服务、服务产生数据”的良性闭环。
四、打造全国示范标杆
立足北京、辐射全国，通过本项目形成可复制、可推广的“北京模式”——即政府监管、机构入驻、居民受益、数据赋能四位一体的城市级院外健康数据服务运营模式，为全国其他城市提供借鉴与参考，助力北京建设全球数字经济标杆城市。
五、支撑政府科学决策
通过平台积累的真实服务数据与健康数据，输出城市健康服务数据驾驶舱，为北京市卫健委、医保局、民政局等政府部门提供服务质量监管、资源调度优化、公共卫生决策的数字化支撑工具。","一、平台建设成果
建成北京市级院外通健康服务平台，作为全市院外健康服务的统一入口。平台包含三大核心模块：
居民端：个人健康档案归集、风险评估、体征监测、用药提醒、院后随访、康复指导、服务预约、在线支付、评价反馈。
机构端：SaaS数字化工作台，支持服务上架、订单管理、客户管理、数据看板、运营赋能、流量匹配。
政府端：服务监管、数据统计、行业分析、资源调度、决策支撑。
二、服务覆盖成果
构建15分钟社区健康服务圈，覆盖北京市千万级居民。
链接上千家健康服务机构（社区卫生服务中心、康复机构、养老机构、护理机构、药店等）。
实现院外健康服务“一网统管、一键可达”，提升居民服务可及性与满意度。
三、数据价值成果
形成北京公共数据赋能民生服务的标准规范与可复制模式。
输出城市健康服务数据驾驶舱，为政府公共卫生决策提供实时数据支撑。
实现医保数据、公共卫生数据、民政数据、康养数据的安全合规流通与价值转化。
四、社会效益
补齐院外健康服务短板，提升老年人、慢病患者、康复人群的生活质量与健康水平。
降低政府公共卫生管理成本，提升医疗资源使用效率。
破解数据孤岛，实现公共数据合规安全使用，增强公众对数据应用的信任感。
五、经济效益
激活北京市万亿级院外健康服务市场。
带动中小健康服务机构数字化转型与增收，降低获客与运营成本。
形成可复制的商业模式，为平台后续在全国推广奠定经济基础。
六、示范推广成果
将北京项目打造为全国公共数据赋能院外健康服务的标杆示范。
形成可输出至京津冀区域乃至全国的标准体系与运营方案。",2026-05-08 15:32:40,2026-06-05 18:31:06,2026-05-08 15:55:58,0,false,https://dibj.cn/portal/api/common/calling/page?tableCode=SETTLED_PROJECT
83,SETTLED_PROJECT,创新服务-入驻项目,25,298,396,中冠智云（北京）科技有限公司,驾驶人信息核查及数据画像,通过融合驾驶人资质信息、从业资格数据、交通违法处罚记录、运输运营轨迹等多维驾驶行为与资质数据，使用先进的机器学习和人工智能技术，开发面向汽车金融业务场景的数据产品体系，包括驾驶证信息核查、驾驶人信用风险查询、从业资格核验、处罚记录查询、多维数据画像、运营轨迹分析等形态，应用于贷前准入审核、融资租赁风控、保险精准定价、理赔反欺诈、合规认证等核心环节，发挥公共交通管理数据的要素资产价值，有效解决汽车金融机构资质审核效率低、欺诈识别难、风险定价不精准等业务痛点，提升金融机构的核验响应速度、风控识别能力、精准定价水平及产品创新能力，促进汽车金融市场普惠发展与降本增效。,发挥在数据服务和机器学习、人工智能技术应用领域的丰富经验，以及对于汽车金融行业需求痛点、信息合规安全的深入理解，充分挖掘驾驶人资质与交通行为数据的信息价值，形成包括驾驶人信用风险评分、处罚记录查询、从业资格核验、多维画像标签、运营能力评估、合规状态监控等形态的数据产品，反映驾驶人的资质等级、从业稳定性、信用状况及潜在风险水平，服务于贷前审核、贷后预警、保险定价、欺诈识别、合规审查等场景。依托具有高可信度的交通管理驾驶人数据、多维度资质与运营数据融合形成的信息增益，以及深度结合金融机构业务样本及标签进行模型训练和参数调优，提升数据产品的应用价值，强化市场竞争力。,2026-05-08 10:38:47,2026-06-05 18:31:06,2026-05-08 14:54:59,0,false,https://dibj.cn/portal/api/common/calling/page?tableCode=SETTLED_PROJECT
84,SETTLED_PROJECT,创新服务-入驻项目,24,293,406,数融智创（北京）科技有限公司,北京市婚姻及个人背调助手,"1.  满足准新人婚前背调需求：帮助用户全面核实伴侣基础信息（身份、学历、工作经历）、婚史状况、家庭背景、个人信用及财务状况（债务、婚前财产），排查潜在婚姻风险，为婚姻决策提供真实依据，筑牢婚姻信任基石，避免因信息隐瞒导致的婚后纠纷与权益受损问题。
2.  满足已婚人士婚姻权益保障需求：针对婚姻中信任动摇、疑似不忠等场景，为用户提供合规的行为轨迹核查、事实确认及证据固定服务，结束用户自我内耗，为情感沟通、婚姻修复或离婚维权提供支撑；针对离婚场景，协助用户排查对方隐匿财产、固定婚姻过错证据，助力用户在财产分割、子女抚养权争夺中争取合法权益。
3.  满足个人基础背调需求：为有个人背调需求（如交友、合作等）的用户，提供身份真实性、信用状况、不良记录（违法犯罪、失信）等核心信息的核查服务，帮助用户规避人际交往、合作中的信用风险与安全隐患，减少信息不对称带来的损失。
4.  提升用户使用体验：简化背调流程，降低用户操作门槛，实现背调需求提交、进度查询、结果反馈的全流程线上化，确保用户能快速获取精准、易懂的背调报告，同时提供个性化咨询支持，解答用户在背调过程中的疑问与困惑。","1.  产品成果：完成婚姻及个人背调助手产品开发与上线，实现全流程线上化操作，涵盖婚前、婚内、个人基础背调等核心场景，实现与北京市委办局政务数据资源、全国性官方平台及合规第三方数据源的稳定对接，确保数据调取合规、高效，核心功能可正常运行，满足用户多样化背调需求。
2.  服务成果：建立标准化背调服务体系，核心信息核查准确率达到98%以上，婚前基础背调1-3个工作日、复杂背调5-7个工作日完成，用户满意度不低于90%；组建专业服务团队，形成“核查+咨询+维权”的增值服务能力，累计为一定数量用户提供合规背调服务，有效帮助用户排查婚姻及个人交往中的风险，保障用户合法权益。
3.  合规与安全成果：形成完善的合规运营管理制度，严格落实《个人信息保护法》及北京市委办局公共数据开发利用相关规定，建立健全信息安全防护体系，实现用户及被背调人信息加密存储、规范使用，全程无信息泄露、非法取证等违规行为，通过相关合规审核，确保项目合法合规运营。
4.  品牌与市场成果：树立专业、可靠的品牌形象，积累优质用户口碑，在婚姻及个人背调垂直领域形成一定知名度；初步拓展市场份额，构建稳定的用户群体，为后续产品迭代、服务拓展奠定基础，逐步向“背调+增值服务”的一站式平台转型。
5.  合作与资源成果：与北京市委办局相关部门建立稳定的合规合作关系，规范对接政务数据资源，形成标准化的数据调取、使用流程；同步与学信网、征信中心等官方平台及合规第三方机构建立合作，构建多元化、高质量的信息核查渠道，为产品长期稳定运行提供资源支撑。",2026-04-23 20:18:59,2026-06-05 18:31:06,2026-05-08 15:52:56,0,false,https://dibj.cn/portal/api/common/calling/page?tableCode=SETTLED_PROJECT
85,SETTLED_PROJECT,创新服务-入驻项目,28,291,409,北京数据集团公共数据开发有限公司,公共数据基础产品创新开发项目,本项目旨在依托北京市市场监管局、住房公积金管理中心、人力资源和社会保障局、税务局、规划和自然资源委员会等委办局的高质量公共数据资源，构建面向企业服务的多源数据融合分析体系。通过整合企业登记、社保缴纳、公积金缴存、纳税记录、不动产信息等关键数据，聚焦企业信用评估、风险识别、属性认证等核心应用场景，打造标准化、模块化、可复用的公共数据基础产品。项目致力于充分释放公共数据要素价值，赋能金融机构精准授信、监管部门智能预警、第三方机构高效服务，推动公共数据在金融风控、政务服务优化、产业运行监测等领域的深度应用与创新落地。,  本项目预期建成一套标准化、模块化、可复用的北京市公共数据基础产品体系，依托北京市市场监管局、住房公积金管理中心、人力资源和社会保障局、税务局、规划和自然资源委员会等委办局提供的企业登记、社保缴纳、公积金缴存、纳税记录、不动产信息等高质量政务数据，构建覆盖企业信用评估、风险识别、属性认证等核心场景的产品体系。成果将以API接口、数据标签、风险评分等形式输出，有效支撑金融机构精准授信、监管部门智能预警及第三方机构高效合规服务。,2026-04-20 15:09:11,2026-06-05 18:31:06,2026-04-20 15:11:06,0,false,https://dibj.cn/portal/api/common/calling/page?tableCode=SETTLED_PROJECT
86,SETTLED_PROJECT,创新服务-入驻项目,32,289,409,北京数据集团公共数据开发有限公司,亲子婚育核验服务,本项目依托出生医学证明数据、婚姻登记及生育相关数据，构建标准化婚育状态与亲子标签体系，形成覆盖婚姻状况、生育状态、子女信息等维度的用户画像。在严格遵循数据安全、隐私保护、合规使用前提下，对原始数据进行脱敏、清洗、标签化处理，形成可支撑市场化应用的安全数据产品。通过规范数据治理与安全共享机制，在保障个人信息安全的基础上，为母婴、家庭消费、亲子服务等领域提供合规、精准、高质量的数据支撑，促进消费场景与用户需求精准匹配。,以数据合规应用与价值释放为目标，建立出生医学证明、婚育信息等数据的脱敏治理、标签加工、安全共享全流程管理机制。。在严格遵循数据安全、隐私保护、合规使用前提下，对原始数据进行脱敏、清洗、标签化处理，形成可支撑市场化应用的安全数据产品。形成统一、规范、可复用的婚育、亲子、家庭结构标签体系，实现数据可用不可见、可控可追溯。推动政务数据在商业营销、用户洞察、精准服务等场景的安全应用，支撑母婴品牌、亲子机构、生活服务平台开展用户精准圈选、需求分析与定向投放，提升市场资源配置效率，实现政务数据价值化、安全化、规范化运营。,2026-04-17 16:39:39,2026-06-05 18:31:06,2026-04-17 16:43:36,0,false,https://dibj.cn/portal/api/common/calling/page?tableCode=SETTLED_PROJECT
87,SETTLED_PROJECT,创新服务-入驻项目,30,288,428,首都信息科技发展有限公司,社区工作效能提升与数据决策辅助项目,依托全市社会工作数据资源，搭建社会工作垂直领域专属大模型底座，夯实数据治理与智能应用基础。对内打通基层减负、数据分析研判与辅助决策业务闭环，对外构建新兴领域服务、党建引领融合应用闭环，同步预留外网数据向内网安全导入的标准化接口，实现数据合规汇聚、高效流转。全面提升社会工作部门宏观决策科学性与微观服务精准度，面向市、区、街道社区基层工作人员及新就业群体，提供智能办公辅助、精准信息检索、政策智能问答等一体化智能服务，推动社会工作治理数字化、服务精细化、运行高效化。,"1、打造伴随式基层服务智能体，实现智力供给场景化：建成并部署“社会工作AI智能助手”，将大模型的多模态交互与语义理解能力深度融入基层工作流，为社工提供7x24小时伴随式知识支撑。
2、通过数据价值挖掘，实现态势感知前瞻化：通过先进的语义聚类与关联分析算法，将12345热线、随手拍等海量、非结构化的工单文本数据，从静态报表转变为可计算、可预测的生产要素。
3、建立端到端语义高保值的治理闭环，驱动工作模式认知化：结合社区工作特点，构建从“采集”到“分析”再到“输出”的全链路语义高保值治理体系，推动社区工作从依赖个人经验的“经验驱动”向依托集体智慧的“认知驱动”转型。
4. 形成可复用的AI+社会治理标准与规范：专用语料库与知识库：沉淀一套高质量的社会工作领域专用训练语料和向量化知识库，为后续模型迭代和新应用开发提供核心资产。",2026-04-17 10:41:38,2026-06-05 18:31:06,2026-04-17 17:21:37,0,false,https://dibj.cn/portal/api/common/calling/page?tableCode=SETTLED_PROJECT
88,SETTLED_PROJECT,创新服务-入驻项目,31,287,330,北京数据先行区服务有限公司,面向消费者权益保护的预付卡商户识别及风险预警,"北京市市场监督管理局需对全市预付卡商户经营风险进行提前识别和预警：
当前北京市大量提供预付卡或预付式消费的商户普遍存在经营风险甚至卷钱“跑路”的情况（比如美发、健身等行业），很大程度上损害了消费者的权益。同时按照殷市长对预付卡商户进行管理的工作要求，市监局需建立及时识别预付卡商户经营或“跑路”风险的长效机制，切实保障消费者合法权益，同时维护合规商户的正常经营与健康发展。
基于此，亟需依托多源数据指标构建对预付卡商户的智能风险评估预警模型，实现市监局自主高效、精准识别预付卡商户，全面提升监管效能与精准度。京数公司承担对该模型的开发及所需数据指标和维度的构建，该模型拟以接口的方式暴露，并开发成前端页面，其中支持市监局（监管侧）输入商户名称对预付卡商户进行风险评估，并输出评测报告，报告中含有风险总评分和各维度评分（可支持批量评估）。
",依托多源数据指标构建对预付卡商户的智能风险评估预警模型，实现市监局自主高效、精准识别预付卡商户，全面提升监管效能与精准度。京数公司承担对该模型的开发及所需数据指标和维度的构建，该模型拟以接口的方式暴露，并开发成前端页面，其中支持市监局（监管侧）输入商户名称对预付卡商户进行风险评估，并输出评测报告，报告中含有风险总评分和各维度评分（可支持批量评估）。市场监督管理局一方面能够对北京市含预付卡业务的商户具有全面的掌握，另一方面可以提前识别商户风险，对风险商户及时进行干预，最大程度的保护消费者权益。,2026-04-17 10:28:06,2026-06-05 18:31:06,2026-04-17 17:18:04,0,false,https://dibj.cn/portal/api/common/calling/page?tableCode=SETTLED_PROJECT
89,SETTLED_PROJECT,创新服务-入驻项目,53,286,409,北京数据集团公共数据开发有限公司,网络安全事件监测预警,通过网络安全日志数据、威胁情报数据、系统漏洞信息、网络流量数据及安全事件处置记录，构建一体化网络安全事件监测预警系统，实现对网络攻击的实时发现、智能研判与快速处置，切实提升抵御网络威胁的能力。在监测预警场景中，融合日志与流量数据，实时识别异常行为（如扫描、爆破、渗透），并结合威胁情报进行攻击者画像；在漏洞管理场景中，关联系统漏洞信息与网络暴露面，评估实际风险等级并推送补丁建议；在应急响应场景中，通过安全事件处置记录的闭环分析，优化防御策略。,将建成网络安全事件监测预警平台，支持按时间、源IP、攻击类型等维度检索网络安全日志、威胁情报、系统漏洞信息、网络流量元数据及安全事件处置记录等信息；构建攻击链关联分析引擎，自动将离散告警关联成完整攻击事件，还原入侵路径；建立风险评分模型，融合漏洞可利用性、资产重要性及威胁情报活跃度，量化每个安全事件的紧急程度，辅助运维人员优先处置高危告警；形成自动化响应剧本，对常见威胁触发预设处置动作，便于第一时间形成预防机制。,2026-04-15 16:57:16,2026-06-05 18:31:06,2026-04-15 17:48:00,0,false,https://dibj.cn/portal/api/common/calling/page?tableCode=SETTLED_PROJECT
90,SETTLED_PROJECT,创新服务-入驻项目,52,285,409,北京数据集团公共数据开发有限公司,土壤污染状况调查与修复,以土壤环境风险精准防控为核心导向，立足土壤污染管控科学化、常态化发展需求，全面整合土壤污染状况调查数据、重点污染源排放数据、土地利用现状数据、风险管控及修复治理数据等多维度信息，构建一体化、全周期的土壤污染状况评估与修复效果监测体系。通过数据标准化处理、多源数据融合比对分析，实现对土壤环境质量、污染空间分布、风险等级变化、修复治理成效的动态感知、综合研判，打破领域数据壁垒，畅通土壤环境监管信息联动渠道，为土壤污染精准识别、风险源头防控、修复效果跟踪评估、土壤环境安全保障提供全面、精准、高效的数据支撑，助力生态环境、自然资源、农业农村等部门实现科学管控、协同治理。,核心建设目标是建成全域覆盖、动态监测、智能评估、全程跟踪管控的土壤环境数据支撑体系，全面提升土壤污染防治科学化、精细化水平。具体而言，实现土壤污染调查数据、重点污染源数据、土地利用现状数据、风险管控数据及修复治理数据等多源土壤环境数据的统一汇聚、标准化治理与互联互通，搭建一体化土壤污染状况评估与修复效果监测平台，具备土壤环境质量实时监控、污染风险智能研判、修复成效动态评估、安全状况预警提示等功能；夯实土壤环境监管数据底座，破解数据分散、评估滞后、跟踪不到位等痛点，为土壤污染精准识别、风险有效防控、修复效果科学验证、土壤环境安全保障提供强有力的技术支撑和数据保障，推动土壤环境监管资源统筹高效利用，助力相关部门提升土壤生态环境治理能力。,2026-04-15 16:52:25,2026-06-05 18:31:06,2026-04-15 17:48:09,0,false,https://dibj.cn/portal/api/common/calling/page?tableCode=SETTLED_PROJECT
91,SETTLED_PROJECT,创新服务-入驻项目,49,284,409,北京数据集团公共数据开发有限公司,企业环境信用评价服务,以生态环境精准监管为核心导向，立足企业环境管理规范化、长效化发展需求，全面整合企业在线环境监测数据、排污许可执行数据、环境执法监管记录、信访投诉处理结果及环保治理成效数据等多维度信息，构建一体化、全维度的企业环境信用评价与分类监管体系。通过数据标准化归集、多源信息融合研判，实现对企业环境守法状况、排污行为规范程度、环保责任落实情况的动态画像、综合评级，打破监管数据壁垒，畅通跨部门信息共享渠道，为企业环境信用分级评价、差异化监管实施、环保失信联合惩戒提供全面、精准、高效的数据支撑，助力生态环境、发改、工信、市场监管等部门实现精准施策、协同监管。,核心建设目标是建成全域覆盖、动态归集、智能评级、精准分类监管的企业环境信用数据支撑体系，全面提升生态环境监管规范化、精准化水平。具体而言，实现企业环境监测数据、排污许可执行数据、环境执法记录、环保处罚信息及治理整改成效等多源环境信用数据的统一汇聚、标准化治理与互联互通，搭建一体化企业环境信用评价与监管平台，具备企业环保行为动态监测、信用等级智能评定、风险状况自动分级、监管任务精准派发等功能；夯实企业环境信用监管数据底座，破解数据碎片化、评价不全面、监管同质化等痛点，为企业环境信用评价、差异化分类监管、环保失信联合惩戒提供强有力的技术支撑和数据保障，推动环境监管资源优化配置与高效运用，助力相关部门提升生态环境现代化治理能力。,2026-04-15 16:50:48,2026-06-05 18:31:06,2026-04-15 17:51:39,0,false,https://dibj.cn/portal/api/common/calling/page?tableCode=SETTLED_PROJECT
92,SETTLED_PROJECT,创新服务-入驻项目,48,283,409,北京数据集团公共数据开发有限公司,噪声污染监测与管控,以生态环境高水平保护为核心导向，立足声环境管理精细化、智慧化发展需求，全面整合区域噪声监测数据、污染源排放数据、人口空间分布数据及环境投诉处置数据等多维度信息，构建一体化、全流程的噪声污染监测与精准管控体系。通过数据标准化处理、多源数据融合比对分析，实现对区域声环境质量、噪声污染源分布、扰民热点区域的动态感知、智能研判，打破部门数据壁垒，畅通环境监管信息联动渠道，为噪声污染源头治理、扰民问题精准处置、公众声环境权益保障提供全面、精准、高效的数据支撑，助力生态环境、城管、住建等部门实现科学监管、协同共治。,核心建设目标是建成全域覆盖、动态监测、智能溯源、高效协同管控的声环境数据支撑体系，全面提升噪声污染治理精细化、智慧化水平。具体而言，实现区域噪声监测数据、噪声污染源数据、人口空间分布数据及扰民投诉数据等多源声环境数据的统一汇聚、标准化治理与互联互通，搭建一体化噪声污染监测与管控平台，具备声环境质量实时监测、噪声源头精准溯源、污染风险智能预警、扰民问题闭环处置等功能；夯实声环境监管数据底座，破解数据零散、溯源困难、处置滞后等痛点，为噪声污染综合防治、声环境质量持续改善、公众生活环境保障提供强有力的技术支撑和数据保障，推动环境监管资源统筹高效利用，助力相关部门提升生态环境精细化治理能力。,2026-04-15 16:49:15,2026-06-05 18:31:06,2026-04-15 17:51:51,0,false,https://dibj.cn/portal/api/common/calling/page?tableCode=SETTLED_PROJECT
93,SETTLED_PROJECT,创新服务-入驻项目,47,282,409,北京数据集团公共数据开发有限公司,城市基础设施运行监测,以城市治理现代化为核心导向，立足市政运维精细化、智慧化发展需求，全面整合道路、桥梁、供水、排水、燃气、热力等城市基础设施运行监测数据、运维管理数据及安全隐患数据等多维度信息，构建一体化、全要素的城市基础设施运行监测平台。通过数据标准化处理、多源数据融合分析，实现对各类市政设施运行状态的动态感知、智能研判，打破行业数据壁垒，畅通全域信息联动渠道，为市政设施高效管护、风险隐患源头防控、城市安全平稳运行提供全面、精准、高效的数据支撑，助力住建、城管、应急等部门实现科学监管、协同处置。,核心建设目标是建成全域覆盖、动态监测、智能诊断、高效联动处置的城市基础设施数据支撑体系，全面提升市政运维精细化、智慧化水平。具体而言，实现道路、桥梁、供水、排水、燃气、热力等多源市政设施运行数据的统一汇聚、标准化治理与互联互通，搭建一体化基础设施运行监测平台，具备设施状态实时监控、运行风险智能识别、故障隐患提前预警、处置任务闭环管理等功能；夯实城市基础设施运维数据底座，破解数据分散、响应滞后、监管薄弱等痛点，为市政设施安全保障、故障快速处置、运维效率提升、城市平稳运行提供强有力的技术支撑和数据保障，推动市政资源统筹高效利用，助力相关部门提升城市精细化治理能力。,2026-04-15 16:47:55,2026-06-05 18:31:06,2026-04-15 17:52:59,0,false,https://dibj.cn/portal/api/common/calling/page?tableCode=SETTLED_PROJECT
94,SETTLED_PROJECT,创新服务-入驻项目,46,281,409,北京数据集团公共数据开发有限公司,安全生产事故应急救援指挥,以应急处置为核心导向，立足应急救援科学化、高效化发展需求，全面整合事故现场处置数据、应急救援资源数据、区域地理空间信息数据、重点防护目标数据及应急队伍数据等多维度信息，构建一体化、全流程的应急救援指挥平台。通过数据标准化归集、多源信息融合研判，实现对事故态势、资源分布、救援行动的动态感知、实时掌控，破除信息孤岛，畅通指挥调度链路，为应急处置提速、救援效能提升、风险防控强化提供全面、精准、可靠的数据支撑，助力政务部门、应急管理机构实现科学调度、高效处置、协同联动。,核心建设目标是建成全域覆盖、动态感知、智能研判、高效指挥调度的应急数据支撑体系，全面提升应急处置科学化、精准化水平。具体而言，实现事故现场、救援资源、地理空间等多源应急数据的统一汇聚、标准化治理与互联互通，搭建一体化应急指挥调度平台，具备事故态势实时监测、救援资源统筹管理、处置路径智能规划、现场情况及时预警等功能；夯实应急指挥数据底座，破解信息分散、调度滞后等痛点，为突发事件高效处置、救援力量精准调配、应急协同联动开展提供强有力的技术支撑和数据保障，推动应急资源优化配置，助力相关部门提升综合应急治理能力。,2026-04-15 16:46:20,2026-06-05 18:31:06,2026-04-15 17:53:13,0,false,https://dibj.cn/portal/api/common/calling/page?tableCode=SETTLED_PROJECT
95,SETTLED_PROJECT,创新服务-入驻项目,44,280,409,北京数据集团公共数据开发有限公司,科技成果转化服务,"聚焦科技成果转化中的信息不对称和对接效率低问题，整合北京市科技成果信息、企业技术需求、投融资意向、技术交易记录及中介服务资源等五类数据，构建覆盖高校院所、科技型企业与服务机构的供需精准匹配平台。通过建立统一的科技成果元数据标准和企业需求标签体系，结合技术成熟度、产业领域、地域分布等维度，实现成果与应用场景的智能关联与推荐。平台为科研团队、企业研发部门、投资机构及技术经纪人提供可操作的对接线索、转化路径建议和过程跟踪支持，减少重复沟通与信息错配，提升撮合效率与转化成功率，切实推动更多实验室成果在北京市落地产业化。
","建成覆盖科技成果供给端与产业需求端的动态数据库和线上对接平台，实现成果信息结构化录入、企业需求分类归集、投融资偏好标签化管理，并支持按技术领域、成熟度、地域等维度智能匹配。平台具备成果展示、需求发布、撮合推荐、交易进展跟踪等功能，可生成季度转化分析报告，识别高潜力成果与活跃需求方。有效解决当前成果“找不到”、需求“对不上”、服务“接不住”等问题，为技术合同登记、政策扶持、孵化加速等提供数据依据，提升转化服务的响应速度与实效性。
",2026-04-15 16:40:32,2026-06-05 18:31:06,2026-04-15 18:11:39,0,false,https://dibj.cn/portal/api/common/calling/page?tableCode=SETTLED_PROJECT
96,SETTLED_PROJECT,创新服务-入驻项目,45,279,409,北京数据集团公共数据开发有限公司,科技人才服务与管理,"围绕科技人才“引、育、用、留”实际需求，整合北京市人才基本信息、科研成果、就业流动、评价结果及政策匹配等五类核心数据，构建统一、动态、可更新的科技人才服务管理平台。通过建立标准化人才信息档案和多源数据关联机制，实现对人才结构、分布、流动趋势及科研产出的常态化监测与分析，为组织、科技、人社等部门在人才引进遴选、项目匹配、政策兑现等具体业务中提供精准数据支撑，减少重复填报，提升服务效率与资源配置合理性。
","建成覆盖重点科技人才的动态数据库和管理服务平台，实现人才信息“一次采集、多方共享”，支持按领域、层级、区域等维度进行统计分析与可视化展示。平台具备人才画像生成、流动趋势预警、政策匹配推荐、成果影响力评估等实用功能，可辅助开展高层次人才认定、团队组建、岗位对接等工作。有效解决当前人才数据分散、更新滞后、标准不一等问题，为制定差异化培养计划、优化引才策略、评估政策效果提供可靠依据，提升人才管理的精细化和响应速度。
",2026-04-15 16:38:15,2026-06-05 18:31:06,2026-04-15 17:53:31,0,false,https://dibj.cn/portal/api/common/calling/page?tableCode=SETTLED_PROJECT
97,SETTLED_PROJECT,创新服务-入驻项目,43,278,409,北京数据集团公共数据开发有限公司,高新技术产业发展监测,"围绕高新技术产业发展动态监测需求，整合企业基本信息、产值利税、研发投入、产品出口及园区载体等核心数据，构建覆盖重点企业、细分领域和产业园区的常态化监测体系。通过建立统一指标口径和数据更新机制，实现对产业规模、创新投入、产出效益及区域布局的动态跟踪与趋势分析，为科技、工信、发改等部门提供及时、准确、可比的数据支撑，辅助精准识别发展短板、研判产业走势、优化政策工具，提升产业引导的针对性和资源配置效率。
","建成覆盖北京市主要高新技术领域的动态监测数据库和可视化分析平台，实现北京市企业、产值、研发、出口、园区五类数据的定期归集、校验与关联分析。平台可以按季度生成产业发展简报，支持分行业、分区域、分规模的多维度对比，具备异常波动预警、研发投入强度测算、出口结构分析等实用功能。有效解决当前数据分散、更新滞后、口径不一等问题，为制定梯度培育、要素保障、区域协同等政策措施提供可靠依据，提升产业管理的精细化水平。
",2026-04-15 16:37:15,2026-06-05 18:31:06,2026-04-16 09:18:31,0,false,https://dibj.cn/portal/api/common/calling/page?tableCode=SETTLED_PROJECT
98,SETTLED_PROJECT,创新服务-入驻项目,41,277,409,北京数据集团公共数据开发有限公司,科技项目管理与绩效评估,"以提升科技项目管理效能和财政资金使用效益为核心，聚焦项目全生命周期管理需求，全面整合申报、立项、经费、执行、验收及成果等多维度数据，构建统一、规范、智能的科技项目管理与绩效评估体系。通过数据标准化采集、流程在线化管控与指标量化评价，实现对项目从申报到结题的全过程动态监管、风险预警和绩效追踪，打破信息割裂与管理盲区，强化事前科学遴选、事中精准监管、事后绩效问责的闭环机制，为科技主管部门提供高效、透明、可追溯的决策支撑，推动科研资源配置更优、管理更精、成效更实。
","建成覆盖科技项目全链条的一体化管理平台，实现申报、审批、经费、进度、验收及成果数据的统一归集、标准治理与互联互通。平台具备项目智能筛查、经费合规性监测、执行进度可视化跟踪、绩效指标自动评分、成果影响力分析等功能，显著提升管理效率与评估客观性。有效解决传统管理模式中存在的流程繁琐、监管滞后、绩效模糊等问题，夯实科技项目数据底座，为优化立项决策、强化过程监管、完善后评估机制提供有力支撑，推动科技项目管理向精细化、智能化、结果导向型转型。
",2026-04-15 16:35:18,2026-06-05 18:31:06,2026-04-16 15:37:01,0,false,https://dibj.cn/portal/api/common/calling/page?tableCode=SETTLED_PROJECT
99,SETTLED_PROJECT,创新服务-入驻项目,33,276,409,北京数据集团公共数据开发有限公司,社会保障基金监管服务,"以保障社保基金安全、规范、高效运行为核心，聚焦基金全生命周期监管需求，全面整合社保基金征收、支出、个人账户、投资运营及审计监督等多维度数据，构建覆盖全域、贯通全流程的社保基金智能监管平台。通过数据标准化治理与跨系统融合分析，实现对基金运行状态的动态监测、异常行为的智能预警和风险隐患的精准识别，打破部门间数据壁垒，强化事前预防、事中监控、事后追溯的闭环监管能力，为人社、财政、审计等相关部门提供科学、实时、可信的决策支撑，切实守护人民群众“养老钱”“保命钱”的安全。
","建成覆盖基金征缴、拨付、账户管理、投资运营等环节的一体化智能监管体系，实现社保基金全链条数据统一归集、标准治理与实时共享。平台具备基金运行态势全景展示、异常交易智能识别、风险指标动态预警、审计线索自动推送等功能，显著提升监管精准度与时效性。有效解决传统监管中存在的信息滞后、手段单一、协同不足等问题，夯实基金安全运行的数据底座，为监管部门提供可视化、可追溯、可干预的监管工具，推动社保基金监管从“被动响应”向“主动防控”转型，全面提升基金安全防控能力和公共服务公信力。
",2026-04-15 16:34:33,2026-06-05 18:31:06,2026-04-16 15:39:14,0,false,https://dibj.cn/portal/api/common/calling/page?tableCode=SETTLED_PROJECT
100,SETTLED_PROJECT,创新服务-入驻项目,34,275,409,北京数据集团公共数据开发有限公司,特种设备安全监察服务,"建设目标为建成覆盖全面、监管精准、响应高效、处置及时的特种设备全生命周期安全监察体系，实现特种设备相关多源数据的统一归集、标准化处理与互联互通，全面提升特种设备安全监察的规范化、精细化、智能化水平。具体而言，搭建一体化安全监察平台，实现特种设备注册登记、定期检验检测、使用维护监管、操作人员资质审核、故障事故处置等全流程线上化、规范化办理，健全安全风险预警机制与动态监管机制，提升安全隐患排查处置效率，强化特种设备安全监管效能，确保特种设备安全稳定运行，筑牢公共安全与安全生产防线。
","将在安全监管提质、风险防控强化、监管效能提升等方面取得显著成效。一是实现特种设备全要素数据的贯通整合与高效利用，进一步规范监察流程，精准排查整治特种设备安全隐患，有效防范故障事故发生，切实保障公共安全与安全生产秩序；二是优化特种设备注册登记、检验检测、资质审核等办理流程，提升政务监管与服务办理效率，减轻企业办事负担，提升监管服务便捷度；三是实现对特种设备全生命周期的动态监管与安全风险预警，提升隐患处置的及时性与精准度，降低安全事故发生率；四是为政务管理、市场监管、公共安全、安全生产等领域提供精准、可靠的数据支撑，完善特种设备安全监管体系，推动特种设备安全监察工作高质量发展。
",2026-04-15 16:33:38,2026-06-05 18:31:06,2026-04-16 15:39:04,0,false,https://dibj.cn/portal/api/common/calling/page?tableCode=SETTLED_PROJECT
101,SETTLED_PROJECT,创新服务-入驻项目,35,274,409,北京数据集团公共数据开发有限公司,保障性住房管理服务,"建设目标为建成覆盖全面、流程规范、管理高效、服务便捷的保障性住房全生命周期管理服务体系，实现保障性住房相关多源数据的统一归集、标准化处理与互联互通，全面提升保障性住房管理的规范化、精细化、智能化水平。具体而言，搭建一体化管理服务平台，实现保障房项目管控、申请资格审核、分配过程监管、入住退出管理、房屋维护调度等全流程线上化、规范化办理，健全公平分配机制与动态监管机制，优化简化申请审核流程，提升服务便捷度与群众体验感，确保保障房资源高效合理利用，切实筑牢民生住房保障防线。
","将在民生保障提质、管理效能提升、服务水平优化等方面取得显著成效。一是实现保障性住房全要素数据的贯通整合与高效利用，进一步规范管理流程，杜绝违规分配、闲置浪费等问题，严格确保保障房分配工作公平公正、规范有序；二是优化简化申请家庭资格审核、分配、入住等办理流程，提升政务服务办理效率，减少群众跑腿次数，切实增强群众获得感、幸福感与满意度；三是实现对保障房入住、退出及维护的全流程动态监管，及时排查整治房屋安全隐患，保障居住安全，全面提升保障房运维管理质量；四是为城建住房领域监管、民生政策制定提供精准、可靠的数据支撑，进一步完善民生住房保障体系，推动保障性住房事业高质量发展。
",2026-04-15 16:32:32,2026-06-05 18:31:06,2026-04-16 15:38:51,0,false,https://dibj.cn/portal/api/common/calling/page?tableCode=SETTLED_PROJECT
102,SETTLED_PROJECT,创新服务-入驻项目,36,273,409,北京数据集团公共数据开发有限公司,安全生产培训效果评估,"核心建设目标为建成全流程、可量化、闭环式的安全生产培训效果评估体系，实现培训相关多源数据的统一归集、标准化处理与互联互通，全面提升安全生产培训管理的规范化、精细化、智能化水平。具体而言，构建多维度、多层次的培训效果评估指标体系，全面评价培训覆盖率、考核合格率、知识掌握度、行为合规率及事故下降率，形成“培训—考核—评估—改进”的闭环管理机制。推动培训内容精准适配岗位需求、培训方式贴合从业人员实际，促进安全知识向安全行为有效转化，强化安全生产主体责任落实，为防范化解安全风险、保障生产安全稳定提供有力的技术支撑与数据保障。
","将在安全生产培训提质、安全风险防控、监管效能提升等方面取得显著成效。一是实现安全生产培训全要素数据的贯通整合与高效利用，客观量化培训成效，精准定位培训薄弱环节，为培训内容与方式的持续优化提供科学依据；二是有效提升从业人员安全操作技能、风险防范意识与应急处置能力，显著减少违章作业行为，降低生产安全事故发生率，切实保障人民群众生命财产安全；三是强化安全监管部门、企业及人力资源管理部门的协同联动，提升安全培训规范化管理水平；四是为安全生产监管、相关政策制定、隐患排查治理提供精准数据支撑，助力筑牢安全生产防线，推动安全生产形势持续稳定向好。
",2026-04-15 16:31:30,2026-06-05 18:31:06,2026-04-16 15:38:26,0,false,https://dibj.cn/portal/api/common/calling/page?tableCode=SETTLED_PROJECT
103,SETTLED_PROJECT,创新服务-入驻项目,37,272,409,北京数据集团公共数据开发有限公司,工业企业生产效率评估,依托企业生产计划数据、实际产量数据、设备运行状态数据、能源消耗数据及产品质量检测数据，进行企业生产效率评估，通过多维度关联分析精准识别生产瓶颈、能耗浪费与质量短板，为企业提供流程优化、成本控制及效益提升的量化决策支持。在生产管理场景中，对比计划与产量数据，评估达成率并定位延误环节；在设备运维场景中，结合运行状态与能耗数据，识别低效设备及异常能耗模式；在质量控制场景中，关联产量与质检数据，分析不良品产生的工艺原因。,将支持按产线、班组、时间区间等维度查询生产计划、实际产量、设备运行状态、能源消耗及产品质量检测数据，构建效率评估模型，自动计算设备综合效率（OEE）、单位产品能耗、计划达成率、一次合格率等关键绩效指标；通过关联分析识别制约产量的工序与设备，有利于获取如调整排产、预防性维护等建议；基于设备运行与能耗数据的实时对比，自动发现非生产时段空耗、低负荷高能耗等浪费行为，支持提前预警服务，为企业优化生产流程、降低成本、提升效益提供支持。,2026-04-15 16:30:48,2026-06-05 18:31:06,2026-04-16 15:38:14,0,false,https://dibj.cn/portal/api/common/calling/page?tableCode=SETTLED_PROJECT
104,SETTLED_PROJECT,创新服务-入驻项目,38,271,409,北京数据集团公共数据开发有限公司,水资源管理与优化配置,以政策驱动为核心导向，立足区域水资源安全保障与高效利用的核心需求，全面整合水资源总量及分布数据、用水户用水数据、水质监测数据、气象水文数据及水利工程运行数据等多源信息，构建科学精准、高效实用的水资源管理与优化配置模型。通过对多源数据进行标准化治理、融合比对与深度分析，打破水资源管理各环节的数据壁垒，实现对水资源总量、用水效率、水质状况及水利工程运行状态的全方位、全流程动态感知，精准研判水资源供需平衡态势，为水资源合理调度、优化配置提供坚实的数据支撑，有效破解水资源短缺、利用效率不高的突出问题，切实保障区域水资源安全与生态安全。,建成全域覆盖、精准监测、智能调度、高效管控的水资源管理与优化配置体系，全面提升水资源精细化管理水平与综合利用效率。具体而言，实现各类水资源相关多源数据的统一汇聚、标准化处理与互联互通，搭建智能化水资源管理平台，具备水资源总量动态监测、用水效率科学评估、水质状况动态预警、水利工程运行实时监管及水资源供需平衡精准研判等核心功能；构建科学完善的水资源优化配置模型，实现水资源在各行业、各区域间的合理调度与高效分配，进一步提升水资源利用效率，有效缓解水资源供需矛盾，筑牢区域水资源安全防线，为水利事业高质量发展提供有力的技术支撑与数据保障。,2026-04-15 16:30:41,2026-06-05 18:31:06,2026-04-16 15:37:48,0,false,https://dibj.cn/portal/api/common/calling/page?tableCode=SETTLED_PROJECT
105,SETTLED_PROJECT,创新服务-入驻项目,39,270,409,北京数据集团公共数据开发有限公司,能源消费监测与分析,以政策驱动为核心导向，立足能源管理精细化、智能化发展需求，全面整合规模以上企业能源消费数据、居民用能数据、能源生产和供应数据、能源价格数据及节能项目数据等多维度信息，构建一体化、全链条的能源消费监测分析体系。通过数据标准化处理、多源数据融合比对，实现对能源生产、供应、消费全流程的动态感知、精准画像，打破数据壁垒，打通信息流通渠道，为能源管理提质、节能政策落地、双碳目标推进提供全面、精准、高效的数据支撑，助力政务部门、监管机构实现科学决策、协同治理。,核心建设目标是建成全域覆盖、动态监测、智能分析、高效辅助决策的能源数据支撑体系，全面提升能源管理精细化、智能化水平。具体而言，实现多源能源数据的统一汇聚、标准化治理与互联互通，搭建可视化监测分析平台，具备能源运行态势实时监测、用能趋势精准研判、节能潜力科学评估、异常用能及时预警等功能；夯实能源管理数据底座，破解数据分散、分析滞后等痛点，为节能降碳工作推进、能源安全保障、节能政策精准制定提供强有力的技术支撑和数据保障，推动能源资源高效利用，助力相关部门提升协同治理能力。,2026-04-15 16:29:12,2026-06-05 18:31:06,2026-04-16 15:37:36,0,false,https://dibj.cn/portal/api/common/calling/page?tableCode=SETTLED_PROJECT
106,SETTLED_PROJECT,创新服务-入驻项目,40,269,409,北京数据集团公共数据开发有限公司,农业生产精准指导服务,依托气象监测、土壤墒情与肥力、作物生长阶段、病虫害监测及农产品市场价格等五类数据，构建覆盖“种管收销”全周期的精准农业指导服务，为农户提供种植决策、农事提醒、病虫害预警及行情分析服务。在生产指导中，结合气象与土壤数据推荐播种、灌溉与施肥方案；在病虫害防控中，提前预警爆发风险；在市场对接中，辅助把握最佳销售时机。以数据驱动替代经验种植，切实解决“靠天吃饭、决策盲目、产销脱节”的痛点，提升农业生产效益。,本项目将支持按地块、作物品种、生长阶段等维度查询气象监测数据（温度、降水、光照）、土壤墒情与肥力数据、作物生长阶段数据、病虫害监测数据及农产品市场价格数据；基于气象预报与土壤数据生成播种、灌溉、施肥、打药等关键农事建议；建立病虫害预警模型，融合病虫害监测数据与气象条件，预测未来7-15天病虫害发生概率及等级，提前发出防治提醒；形成可复制、可推广的精准农业服务方案，帮助农户节水节肥、降低损失、提升溢价能力。,2026-04-15 16:29:05,2026-06-05 18:31:06,2026-04-16 15:37:19,0,false,https://dibj.cn/portal/api/common/calling/page?tableCode=SETTLED_PROJECT
107,SETTLED_PROJECT,创新服务-入驻项目,50,268,409,北京数据集团公共数据开发有限公司,工业园区环境监管服务,依托工业园区企业排污数据、环境质量监测数据、气象数据及环保执法检查记录，构建智能化的环境监管服务，实现对园区污染物排放的实时监控、超标预警及溯源分析，切实保障区域环境质量。在监管场景中，支持执法部门实时掌握企业排放动态，自动识别超标行为并推送预警，辅助精准执法与快速响应；在园区管理场景中，通过环境质量与气象数据的融合分析，评估园区整体环境承载能力，优化产业布局；在企业内控场景中，为企业提供排放数据自查与合规提醒服务，降低违法风险。同时，以数据驱动替代传统人工巡查模式，切实解决工业园区环境监管“发现滞后、溯源困难、执法效率低”的痛点，全面提升区域环境治理数字化水平与精细化管控能力。,建成工业园区环境监管一体化平台，支持按企业、污染物种类、时间区间等维度查询，结构化展示园区企业基本信息、实时排放数据、环境质量监测数据（如空气质量、水质等）、气象数据及历史执法检查记录，实现多源数据的统一汇聚与可视化呈现；基于实时排放数据与环境质量标准，识别超标排放行为并生成预警信息，结合气象条件（风向、风速等）与污染源分布，辅助执法人员精准定位责任主体；支持与企业在线监测设备、空气质量自动站、气象站等前端感知设备对接，实现数据自动采集与实时更新。,2026-04-15 16:26:42,2026-06-05 18:31:06,2026-04-15 17:49:04,0,false,https://dibj.cn/portal/api/common/calling/page?tableCode=SETTLED_PROJECT
108,SETTLED_PROJECT,创新服务-入驻项目,51,267,409,北京数据集团公共数据开发有限公司,农产品质量安全追溯,依托种植养殖基地信息、投入品使用记录、生产加工数据、检验检测数据及流通销售数据，构建覆盖“田间到餐桌”全链条的农产品质量安全追溯服务体系。通过整合农业生产、加工、检测、流通等环节的关键数据，实现农产品来源可查、去向可追、责任可究、风险可控。该服务可广泛应用于政府监管、食品企业内控、零售平台及消费者查询等核心领域：在监管场景中，支持监管部门快速定位问题批次、追溯责任主体，提升应急处置效率；在企业内控场景中，辅助生产主体优化投入品管理、规范加工流程，降低质量安全风险；同时，以数据融合分析替代传统分段式管理，切实解决农产品质量安全“信息孤岛、追溯断链、响应滞后”的痛点，全面提升食品安全治理能力与产业数字化水平。,支持按批次、产地、生产企业等多维度查询农产品质量，展示种植养殖基地信息、投入品使用记录、生产加工数据、检验检测结果及流通销售记录，实现从源头到终端的完整数据闭环；支持与农业投入品监管系统、农产品批发市场信息系统、商超零售平台等进行对接，实现追溯数据实时汇聚与共享；基于检验检测数据与流通销售数据的关联分析，识别高风险批次或区域，推送预警信息至监管部门与企业；形成可复制、可推广的农产品质量安全追溯服务模式。,2026-04-15 16:25:28,2026-06-05 18:31:06,2026-04-15 17:48:42,0,false,https://dibj.cn/portal/api/common/calling/page?tableCode=SETTLED_PROJECT
109,SETTLED_PROJECT,创新服务-入驻项目,55,266,399,北京三快在线科技有限公司,学生用户票务服务智能验证项目,"演出赛事行业学生票优惠场景普及度持续提升，但用户在购买学生票时仍面临诸多痛点：一是学生身份认证流程繁琐，用户需上传学生证照片或通过跳转第三方认证平台完成认证，流程复杂、等待时间长；二是认证结果时效性差，学籍状态存在动态变更，当前主流认证方式难以实时反映用户的在校状态；三是认证通过率低影响转化，部分用户因认证材料不符合要求而放弃购买，造成客资流失。在此背景下，构建政府数据支持下的学生身份智能核验场景，直接对接学信网权威学籍数据，实现用户学生身份的自动查询与实时验证，成为提升演赛学生票业务体验、推动文娱消费普惠化的关键路径。
打通学信网+实名的""学生认证""能力，将数智中心学生标签结合美团站内行为，构建服务零售业务学生用户群体画像，明确其消费偏好、活跃时段、品类分布等特征，为校园营销与产品运营提供指引（如开发学生专项供给和专享价格，在寒暑假和开学季定向运营，将平台补贴更精准的给到学生）。
","成功构建政府数据支持下的演赛学生票智能核验系统，学生人员身份认证时间从传统方式的10-15分钟缩短至30秒内；显著提升学生票购买转化率，减少因认证流程繁琐导致的客资流失；为演赛票务服务提供坚实的数据支撑与决策依据。
依托学信网权威学籍数据，构建数码产品教育优惠智能核验系统，将学生购买资格验证时长从原有的数分钟乃至更长压缩至30秒以内；通过消除认证跳转环节，有效减少购买漏斗中段的用户流失，提升教育优惠产品的整体成交转化率；同时为品牌教育优惠政策的合规执行提供可信数据支撑。
",2026-04-15 15:24:25,2026-06-05 18:31:06,2026-04-15 16:15:51,0,false,https://dibj.cn/portal/api/common/calling/page?tableCode=SETTLED_PROJECT
110,SETTLED_PROJECT,创新服务-入驻项目,29,265,414,北京聚能能源科技服务有限公司,Xrealms能源聚合服务平台,"在全球能源结构加速向低碳化、分布式与智能化转型的背景下，我国能源系统正处于关键升级阶段。新能源占比持续提升、电力市场化改革不断深化以及“双碳”目标的持续推进，使能源系统的运行复杂度呈指数级增长。
分布式光伏、储能、电动汽车及可调负荷等新型资源快速接入，使传统以集中式调度为核心的电力系统逐步演变为多主体参与的复杂网络系统；另一方面，电力现货市场、绿电交易、碳交易等多市场并行运行，使能源系统的决策从“单目标优化”转向“多目标动态博弈”。
本项目旨在构建以行业大模型为核心的Xrealms能源聚合服务平台，依托“大数据+多智能体”协同架构，着力解决能源数据孤岛、决策滞后、协同不足等关键问题，推动能源管理从“被动监控”向“主动认知决策”演进，助力园区与企业实现绿色、高效、低成本的能源转型。","社会效益：
1. 支撑能源安全与电力保供：通过虚拟电厂聚合分布式资源，在用电高峰时段形成规模化调节能力，有效缓解电力供需缺口，保障民生用电与关键产业生产。
2. 推动绿色低碳转型：提供“绿电交易+碳资产管理+节能优化”一站式服务，协助企业系统性降低碳排放，为区域碳中和目标提供可复制的“零碳智能示范园区”范式。
3. 促进能源参与公平性：聚合中小工商业用户负荷，使其能够获得与大型用户同等的电力市场议价权与参与机会，降低其数字化转型门槛。
4. 赋能产业结构升级：为政府部门提供数据驱动的产业能耗地图与政策推演工具，引导高耗能产业优化布局，提升区域招商引资竞争力。
经济效益：
1. 对用户侧：通过能效诊断、节能替代与优化调度，实现综合节能率12%-20%，平均用能成本降低8%-16%。通过参与需求响应与电力市场交易，将“用电成本”转化为“收益来源”。
2. 资产侧：提升新能源资产收益。例如，通过交易策略优化提升售电均价，通过预测性维护降低运维成本20%以上
3. 区域经济：通过降低园区综合能源成本，提升区域吸引力。预预计至2026年，平台将接入分布式资产容量超过1300兆瓦，服务客户超过60家，累计交易电量突破1000亿千瓦时，形成显著的能源投资良性循环。
4. 对平台自身：项目三年累计投入预计为1.18亿元，将通过能源托管服务、交易佣金、SaaS服务费等模式形成稳定收益，并带动相关上下游企业在朝阳区集聚发展。",2026-04-15 15:19:51,2026-06-05 18:31:06,2026-04-17 17:24:35,0,false,https://dibj.cn/portal/api/common/calling/page?tableCode=SETTLED_PROJECT
111,SETTLED_PROJECT,创新服务-入驻项目,26,264,424,知本链（天津）科技有限公司,高校科创成果数字化交易中心,搭建集成果归集、智能评估、在线撮合、合规交易、权属登记、融资对接于一体的数字化交易平台，打通高校科研与产业应用壁垒。以数字技术破解信息不对称、评估不规范、交易流程繁琐、转化效率低等痛点，建立标准化、可追溯、全流程线上化的科创成果交易体系。汇聚区域高校专利、软著、技术秘密、样机方案等成果资源，对接企业技术需求与产业园区载体，提供价值评估、法律尽调、合同备案、税费减免、政策兑现等一站式服务。推动职务科技成果赋权改革落地，简化国有资产审批流程，缩短交易周期，提升转化成功率。构建产学研用协同创新生态，服务区域产业升级与高质量发展，打造可复制、可推广的高校科创成果数字化转化标杆。,"1.建成一体化数字化交易平台，覆盖成果上架、智能检索、精准匹配、在线洽谈、电子签约、资金结算、权属变更全流程，实现交易全程留痕可追溯。
2.完成高校科创成果标准化入库，形成涵盖专利、技术方案、样机、算法模型等成果库，配套技术成熟度、市场前景、投资回报等智能评估模型。
3.建立规范交易规则与风控体系，对接司法、知识产权、国资监管等规则，保障交易合法合规，降低权属纠纷与履约风险。
4.实现常态化运营，累计撮合交易若干项，促成一批成果落地转化，带动高校科研人员创新创业，培育科技型中小企业。
5.形成区域科创成果转化数据看板，为政府政策制定、资源配置、产业规划提供数据支撑，打造高校成果转化数字化示范样板。",2026-04-15 11:32:16,2026-06-05 18:31:06,2026-04-27 09:23:37,0,false,https://dibj.cn/portal/api/common/calling/page?tableCode=SETTLED_PROJECT
112,SETTLED_PROJECT,创新服务-入驻项目,54,263,396,中冠智云（北京）科技有限公司,医保结算信息核查及数据画像,通过融合医保结算数据中的就诊记录、诊断信息、手术操作、医疗费用等多维医疗健康数据，使用先进的机器学习和人工智能技术，开发面向健康险业务场景的数据产品体系，包括健康风险评估、医疗行为分析、精准营销画像、理赔智能审核、产品精算支持等形态，应用于核保风控、理赔反欺诈、个性化产品推荐、精确定价等核心环节，发挥公共医疗健康数据的要素资产价值，有效解决保险公司核保效率低、理赔欺诈识别难、营销触达不精准等业务痛点，提升保险公司的核保响应速度、风控识别能力、营销转化效率及产品创新能力，促进健康险市场普惠发展与降本增效。,发挥在数据服务和机器学习、人工智能技术应用领域的丰富经验，以及对于行业需求痛点、信息合规安全的深入理解，充分挖掘医保结算数据的信息价值，形成包括健康风险评分、医疗行为异常检测、客户多维画像、理赔自动核验、疾病发生率分析等形态的数据产品，反映被保险人的健康状况、就医行为特征及潜在风险水平，服务于核保核赔、精准营销、产品定价、欺诈识别等场景。依托具有高可信度的医保结算数据、多维度医疗健康数据融合形成的信息增益，以及深度结合保险公司业务样本及标签进行模型训练和参数调优，提升数据产品的应用价值，强化市场竞争力。,2026-04-15 11:10:23,2026-06-05 18:31:06,2026-04-15 16:59:48,0,false,https://dibj.cn/portal/api/common/calling/page?tableCode=SETTLED_PROJECT
113,SETTLED_PROJECT,创新服务-入驻项目,57,261,409,北京数据集团公共数据开发有限公司,房屋权属认证业务服务,构建标准化、一体化、高效化的不动产核验服务体系，统筹整合多部门不动产相关数据资源，打破信息壁垒，实现跨层级、跨部门数据共享互通。建立健全规范统一的核验标准、业务规则与全流程闭环管理机制，优化核验环节，提升协同办理效率。聚焦不动产权属状况、权利限制情形、物理空间属性、规划合规性及法律合规性等核心要素，运用大数据、人工智能等技术手段强化数据比对与智能校验，实现核心信息精准核验、全程可溯，为不动产交易、登记、监管及政务服务提供坚实支撑，切实保障交易安全、提升治理效能。为政务审批、金融风控、司法处置、市场交易及社会公众提供权威、便捷、安全的核验服务，提升不动产治理规范化水平，保障交易安全，优化公共服务效能，推动不动产领域治理能力现代化。,构建标准化、一体化、高效化的不动产核验服务体系，统筹整合多部门不动产相关数据资源，打破信息壁垒，实现跨层级、跨部门数据共享互通。建立健全规范统一的核验标准、业务规则与全流程闭环管理机制，优化核验环节，提升协同办理效率。聚焦不动产权属状况、权利限制情形、物理空间属性、规划合规性及法律合规性等核心要素，运用大数据、人工智能等技术手段强化数据比对与智能校验，实现核心信息精准核验、全程可溯，为不动产交易、登记、监管及政务服务提供坚实支撑，切实保障交易安全、提升治理效能。为政务审批、金融风控、司法处置、市场交易及社会公众提供权威、便捷、安全的核验服务，提升不动产治理规范化水平，保障交易安全，优化公共服务效能，推动不动产领域治理能力现代化。,2026-04-14 09:30:42,2026-06-05 18:31:06,2026-04-14 09:36:08,0,false,https://dibj.cn/portal/api/common/calling/page?tableCode=SETTLED_PROJECT
114,SETTLED_PROJECT,创新服务-入驻项目,58,258,404,爱奇清科（北京）信息科技有限公司,企业尽调业务公共数据申请项目,"本项目旨在为金融机构、投资机构及第三方尽调服务商构建一套标准化、合规化的企业背景与风险识别数据支持体系，具体目标如下：
1、解决信息不对称痛点
聚焦投融资前尽职调查、并购风控等关键环节，针对传统尽调中企业经营数据获取难、核实难的问题，利用公共数据资源进行补充和验证，提升决策依据的客观性。
2、构建多维数据融合模型
深度整合企业年报与税务信息两大核心公共数据，结合工商、司法等存量数据，从经营稳定性、纳税合规性、偿债能力等维度，对企业进行全方位“体检”。
3、实现风险穿透式识别
利用融合数据，重点识别企业隐性负债、空壳经营、历史违规及实际控制人关联风险，通过数据交叉验证，挖掘潜在的财务造假或经营恶化信号。
","本项目预期形成一套标准化、高价值的企业尽职调查数据集及配套服务产品，具体成果如下：
1、核心数据集交付：构建覆盖全国范围内所有存续企业的动态数据库。该数据集将深度整合三大核心维度：
1）基础信息：统一社会信用代码、注册/变更/注销状态、注册资本、实缴资本、法定代表人、股东结构、分支机构；
2）深度经营数据：整合近5年企业年报信息，包括社保缴纳人数变化、资产总额与负债情况、经营范围变更
3）税务合规数据：归集纳税信用等级（A/B/C/D/M级）、重大税收违法记录、纳税金额（增值税、企业所得税等）、纳税申报异常提示等，精准刻画企业税务健康度与营收真实性。   

2、标准化产品输出：为便于客户集成与使用，项目将提供两种主要交付形式：
1）API数据接口服务：支持通过企业名称或统一社会信用代码实时查询，返回结构化JSON数据，可无缝嵌入客户的尽调工作流系统。
2）《企业尽调简报》：自动生成可视化报告面板，对上述数据进行提炼与风险评级，突出关键发现，大幅提升分析师工作效率。
",2026-04-10 17:39:39,2026-06-05 18:31:06,2026-04-10 18:46:19,0,false,https://dibj.cn/portal/api/common/calling/page?tableCode=SETTLED_PROJECT
115,SETTLED_PROJECT,创新服务-入驻项目,56,257,410,中科知道（北京）科技有限公司,LNG产业链全链条协同优化与数智赋能项目,本项目立足 “双碳” 战略背景与能源结构转型趋势，以天然气发电为核心应用场景，旨在构建一个贯通上游资源采购、中游储运输配至下游多元消费的全产业链条一体化协同生态。项目将聚焦解决行业长期存在的峰谷供需错配、基础设施利用率不均及跨部门信息孤岛等核心痛点，通过深度整合资源要素，搭建集资源统筹调度、设施共建共享、市场动态联动、数字智能协同于一体的现代化运营管理机制。在此基础上，项目将全方位赋能能源产业高质量发展，通过数字化赋能与精细化管理，显著提升资源配置效率与设施运营效益，重构能源产业整体价值链收益。本项目的落地实施，不仅将有效强化区域能源安全稳定的保障能力，更将通过清洁能源的高效利用，持续降低碳排强度，为实现能源领域的绿色低碳转型与可持续发展提供坚实的技术支撑与示范效应。,"1.机制与模型成果：形成一套LNG资源与下游市场需求动态匹配的优化调度模型与协同运营机制。
2.效率提升成果：实现接收站综合利用率、储罐周转效率的显著提升，以及全链条应急调峰能力的增强。
3.经济效益成果：通过气电联动、跨站互济、冷能利用及船舶加注等增值业务，开拓新的营收增长点，提升整体产业链的收益水平。
4.数字化成果：建成覆盖“资源-船期-仓储-管输-用户”的产业链智能协同平台，实现运营可视化、调度智能化与决策科学化。
5.行业与社会效益：提升区域能源供应的稳定性与可靠性，有效支撑能源结构清洁化转型，形成可推广的产业链协同发展范式。",2026-04-10 16:16:31,2026-06-05 18:31:06,2026-04-14 14:34:01,0,false,https://dibj.cn/portal/api/common/calling/page?tableCode=SETTLED_PROJECT
116,SETTLED_PROJECT,创新服务-入驻项目,59,253,405,北京天平数据科技有限公司,司法执行大数据分析服务项目,"司法效益：让司法执行从""债务追偿终点站""转变为""信用重建起点站""。
社会效益：将执行制度从“债务清偿工具”升级为“社会信用修复基础设施”。
经济效益：助力数据要素市场构建和数据价值释放，更好地服务国家大数据战略实施。
赋能法院执行，提升司法公信力
天平数科聚焦人民法院执行工作中的实际需求，为各级法院提供以下专业支持：
☆财产线索精准挖掘：通过多源数据交叉验证，识别被执行人显性及隐性财产，包括银行存款、不动产、车辆、股权、应收账款、知识产权等，大幅提升财产发现概率，缩短查控周期；
☆履行能力深度评估：综合消费行为、收入水平、资金变动、社保缴纳等数据，科学评估被执行人真实履行能力，为法官区分“失信”与“失能”提供客观数据支撑；
☆终本案件动态监控：对终本案件被执行人实施5年期持续监控，一旦发现新增财产、高消费行为或资金异动，第一时间向法院预警，助力“终本清仓”专项行动；
☆拒执罪线索移送：通过对资金流向的穿透式分析，发现转移财产、高消费等涉嫌拒执罪行为，协助法院整理证据材料，推动打击拒执犯罪，维护司法权威；","（1）被执行人踪迹难寻、被执行人财产难查、法院执行难：在司法执行实践中准确把握和深入分析被执行人规避执行、抗拒执特点，深挖被执行人转移资产，隐匿财产的线索为执行初衷；通盘考虑案件进展情况，做好案件执行调查实施方案。紧紧围绕着因案施策，有的放矢，精准发力的原则；
（2）通过数据分析实现惩戒失信、失能、企业破产、个人破产精准化分级：执行案件调查即：细查、深查、精查、广查相结合，查实被执行人的财产情况，重点在于固定并逐步形成有效证据链，为查找财产线索及构成拒执等行为提供有力的依据方式；
（3）实时数据分析+自主申报的精准治理：通过权益动态管理重建诚信契约精神，最终形成司法权威与社会信任的共生共荣生态。",2026-04-01 12:49:00,2026-06-05 18:31:06,2026-04-01 14:37:24,0,false,https://dibj.cn/portal/api/common/calling/page?tableCode=SETTLED_PROJECT
117,SETTLED_PROJECT,创新服务-入驻项目,71,252,282,北京金融大数据有限公司,企业税务负面分析服务,"通过整合税务部门依法公开的行政处罚信息，以企业统一社会信用代码为核心查询标识，为金融机构、保险公司及企业服务机构，提供对目标企业税收行政处罚信息的便捷、准确查询服务。实现对处罚结果、处罚依据、处罚类别、处罚生效期等关键字段的结构化整合与可视化呈现，确保用户在贷前调查、贷中审批、贷后管理、保险核保、供应商准入等业务环节中，能够快速获取企业税务处罚的完整信息，并依据“当前状态”（如已履行、未履行、复议中）判断风险的实际影响程度。
","支持通过统一社会信用代码精准查询目标企业的全部税务行政处罚记录，展示纳税人名称、组织机构代码、法定代表人姓名等基础信息，同时完整呈现处罚事由、处罚依据、处罚类别、处罚结果、处罚生效期、处罚截止期、当前状态、处罚机关等核心处罚字段，确保用户全面掌握处罚细节，支持与金融机构内部风控系统、信贷审批系统、反欺诈平台等进行高效对接，实现处罚信息的自动化调用与实时核验；支持单笔查询与批量查询两种模式，满足不同业务场景的响应速度与并发需求；帮助用户快速识别高优先级风险事项。
",2026-03-31 15:30:10,2026-06-05 18:31:06,2026-03-31 15:31:33,0,false,https://dibj.cn/portal/api/common/calling/page?tableCode=SETTLED_PROJECT
118,SETTLED_PROJECT,创新服务-入驻项目,70,251,282,北京金融大数据有限公司,居民婚姻识别服务,"本服务依托北京市民政系统权威婚姻登记信息，面向金融信贷、不动产交易、法律服务、社会保障等强身份关联且负有法定义务的行业，提供权威、精准的双人婚姻关系查询与核验服务。严格恪守 “原始数据不出域、使用过程可授权、操作行为可追溯” 原则，构建全流程安全可控的敏感个人信息应用环境，探索政务敏感数据合规赋能跨部门业务协同的创新路径，有效防范信息泄露与滥用风险，切实提升公共服务办理效率，助力精细化社会治理与信用体系建设。
","本服务可提升全市多领域业务办理效率与风险防控能力。在金融领域，可支持银行、消费金融公司精准识别借款人婚姻状况，防范信贷欺诈与共同债务认定风险；在不动产交易中，简化购房资格审核与共有产权确认流程；在法律服务、公证、税务等场景，有效减少群众重复提交纸质证明，助力“减证便民”，大幅降低制度性交易成本。同时，通过最小化数据输出（仅返回“结婚/离异/其他”状态码）与动态授权机制，切实保障个人信息安全，增强公众对数据共享的信任感。
",2026-03-31 15:29:16,2026-06-05 18:31:06,2026-03-31 15:31:57,0,false,https://dibj.cn/portal/api/common/calling/page?tableCode=SETTLED_PROJECT
119,SETTLED_PROJECT,创新服务-入驻项目,69,250,282,北京金融大数据有限公司,企业社保资信智能核查服务,"针对金融信贷风控场景中企业传统财务报表易被修饰的短板，依托北京市企业社保缴存信息（含参保状态、缴费基数、连续缴存月数等）等信息，面向金融机构提供企业用工与经营稳定性核验服务。通过核验借款企业的参保状态、缴费连续性及员工规模等关键指标，科学评估其经营稳定性、用工合规性与持续经营能力。作为反映企业真实运营状况的“硬性经营痕迹”，社保缴纳信息有助于有效识别空壳公司、临时突击参保等异常行为，显著提升贷前尽职调查的精准度和贷后风险预警的灵敏度，为中小微企业融资提供可信数据支撑。
",基于企业社保缴纳数据，从参保状态、缴费连续性、员工规模及缴费基数等多个维度进行分析，有效识别空壳公司、短期突击参保、断缴后补缴等异常行为，精准判断企业的实际用工状况与经营活跃度。该服务依托多源数据比对与智能模型，提升异常识别的准确性与实时性。在金融信贷场景中，该服务可显著提升贷前尽职调查的精准度，帮助银行等机构全面评估企业真实经营状态；同时增强贷后风险预警的灵敏度，及时发现企业运营异常，降低因信息不对称导致的信贷风险，保障金融资产安全。,2026-03-31 15:24:49,2026-06-05 18:31:06,2026-03-31 15:32:16,0,false,https://dibj.cn/portal/api/common/calling/page?tableCode=SETTLED_PROJECT
120,SETTLED_PROJECT,创新服务-入驻项目,68,249,282,北京金融大数据有限公司,企业司法负面分析服务,"依托企业统一社会信用代码构建权威、完整、实时的企业司法诉讼信息服务体系，精准输出诉讼总记录数、案号、案由、原被告、法庭、承办人、执行法院、案件类型、判决结果、立案日期等全量字段，实现企业涉诉信息标准化、结构化、可查询化。通过整合多源司法公开数据，提升数据覆盖广度与更新时效，满足金融风控、投资尽调、供应链管理、招投标审查、法务合规等多行业场景需求。项目最终建成安全合规、高效易用的企业法律风险数据产品，为各类机构提供精准风险研判依据，降低商业合作与经营决策中的法律隐患，助力构建可信、规范的市场信用环境。
","为政府监管、金融信贷、供应链管理、投资机构、招投标审查、法务合规等重点行业领域，“一站式” 输出以统一社会信用代码为核心索引的企业全维度司法诉讼信息服务。支持实时查询、批量核验、风险统计、动态监测等多类场景应用。通过权威、规范、高效的数据赋能，为各类机构提供精准的法律风险研判支撑，显著提升业务审批与合规管理效率，有效降低经营决策、商务合作及项目合作中的潜在法律风险，最终形成技术成熟、应用广泛、可落地可推广的市场化数据应用成果。
",2026-03-31 15:21:36,2026-06-05 18:31:06,2026-03-31 15:32:48,0,false,https://dibj.cn/portal/api/common/calling/page?tableCode=SETTLED_PROJECT
121,SETTLED_PROJECT,创新服务-入驻项目,67,248,282,北京金融大数据有限公司,企业行政负面分析服务,"本项目围绕统一社会信用代码，整合行政处罚决定书文号、当事人信息、法定代表人、违法行为类型、处罚机关、决定日期、处罚结果、法律依据、登记机关、企业 ID、处罚内容、注册号等全量信息，打造标准化行政处罚信息查询数据产品。通过规范数据归集、统一数据口径、实现精准检索输出，为政务监管、信用评估、金融风控等场景提供权威数据支撑。提升信用信息查询效率与应用价值，助力跨部门信用信息共享、失信联合惩戒落地，强化市场主体合规监管，防范经营与信贷风险，推动社会信用体系高质量建设，优化营商环境与行业治理效能。
","建立稳定可持续的数据更新与运维机制，实现行政处罚信息规范归集、精准检索、安全输出与高效应用，形成可对外提供服务的数据接口或查询产品，面向政务监管、信用服务、金融风控、法律服务、企业合规等领域，满足信用核查、风险预警、合规审核、联合惩戒等场景需求，提供权威数据支撑。提升信用信息应用价值，助力跨部门联合惩戒与风险防控落地，形成可复用、可推广的行政处罚信息数据服务成果，支撑社会信用体系建设与行业数字化治理。
",2026-03-31 15:20:49,2026-06-05 18:31:06,2026-03-31 15:32:59,0,false,https://dibj.cn/portal/api/common/calling/page?tableCode=SETTLED_PROJECT
122,SETTLED_PROJECT,创新服务-入驻项目,60,247,282,北京金融大数据有限公司,企业税务合规监控服务场景,"本项目旨在构建一套高效、精准、安全的欠税公告信息查询服务体系，解决纳税人及相关机构在获取欠税公开信息时存在的查询渠道分散、数据更新不及时、信息核验效率低等问题。通过整合税务系统内外部权威数据源，统一接口标准与数据格式，实现对欠税公告信息的快速检索、精准匹配与安全输出。项目聚焦统一社会信用代码、授权时间、业务用途等多维度入参校验，确保查询请求的合法性与有效性；同时优化数据处理流程，支持按纳税人识别号、法定代表人姓名、身份证号、欠税金额区间等多维度筛选，保障信息查询的全面性与准确性。最终目标是为税务监管、企业信用评估、金融机构风控等场景提供标准化、可复用的欠税信息查询能力，提升政务服务效率与数据治理水平。

","项目完成后将形成稳定运行的欠税公告信息查询产品，具备完整的功能与数据输出能力。一是实现标准化接口服务，支持多维度入参精准调用，可快速返回总记录数、纳税人名称、识别号、法定代表人信息、身份证号、税种、欠税金额、发布区县及日期等完整出参数据，满足不同业务场景的查询需求。二是建立常态化数据更新机制，确保欠税信息与税务系统公告数据实时同步，保障信息时效性与权威性。三是形成规范的查询日志与权限管控体系，对授权时间、业务用途、授权文件地址等信息进行全流程记录，可追溯查询行为。四是输出可复用的查询组件与数据报表，为税务部门、金融机构、企业等用户提供便捷的欠税信息核验工具，有效降低信息查询成本，提升政务与商业场景中的数据应用效率。

",2026-03-31 15:19:56,2026-06-05 18:31:06,2026-03-31 16:00:22,0,false,https://dibj.cn/portal/api/common/calling/page?tableCode=SETTLED_PROJECT
123,SETTLED_PROJECT,创新服务-入驻项目,65,246,282,北京金融大数据有限公司,市场主体荣誉分析服务,"依托政务部门、行业协会、权威评定机构等权威数据源，构建市场主体荣誉信息统一归集、规范治理、共享应用的一体化服务体系。建立荣誉信息采集标准与数据质量管控机制，全面整合政府表彰、行业奖项、质量荣誉、信用评优、资质认定等关键荣誉信息，形成动态更新的市场主体荣誉专题数据库。通过标准化接口对接政务审批、金融授信、招投标管理、商业合作、公众服务等业务系统，搭建统一查询、分析与展示通道，实现市场主体荣誉信息可查、可验、可比对，为跨部门业务协同提供数据支撑，提升市场主体综合实力与信誉评价的精准度，强化风险研判与差异化管理能力。
","基于市场主体获得的政府表彰、行业奖项、质量荣誉、信用评优、资质认定等各类荣誉信息，通过系统化归集、跨源比对、动态统计与智能分析，形成主体荣誉维度的综合评价与展示。多角度、多层级地呈现企业荣誉全貌，为政务监管、金融授信、商业合作、招投标遴选、公众查询等场景提供权威、及时的主体荣誉资质参考，有效辅助各方判断企业综合实力、合规水平与市场信誉。在此基础上，支撑政府部门开展差异化管理与精准决策，提升资源配置与监管效能。
",2026-03-31 15:13:03,2026-06-05 18:31:06,2026-03-31 15:38:36,0,false,https://dibj.cn/portal/api/common/calling/page?tableCode=SETTLED_PROJECT
124,SETTLED_PROJECT,创新服务-入驻项目,64,245,282,北京金融大数据有限公司,企业风险分析服务,"依托市场监管等权威数据源，构建北京市市场主体经营异常信息统一归集、规范治理、共享应用的一体化服务体系。建立经营异常信息采集标准与数据质量管控机制，全面整合列入情形、列入时间、移出时间、异常事由、决定机关等关键经营异常信息，形成动态更新的经营异常专题数据库。通过标准化接口对接政务审批、金融风控、招投标管理、商业合作等业务系统，搭建统一查询核验通道，实现经营异常信息可查、可验、可溯，为跨部门业务协同提供数据支撑，强化市场主体信用监管与风险防控能力。
","依托北京市市场监管部门及相关政务部门权威数据源，构建北京市市场主体经营异常信息统一归集、规范治理、精准查询的一体化服务体系。建立经营异常信息采集标准与数据质量管控机制，全面整合企业因未年报、公示信息不实、住所失联、未按规定变更名称等情形被列入 / 移出经营异常名录的全量信息，形成动态更新的北京地区企业经营异常专题数据库。通过标准化接口对接政务审批、金融风控、招投标管理、商业合作、公众服务等业务系统，搭建统一查询核验通道，实现经营异常信息可查、可验、可溯，为跨部门业务协同、市场主体风险防控、信用监管与公众决策提供权威数据支撑。
",2026-03-31 15:09:17,2026-06-05 18:31:06,2026-03-31 15:39:07,0,false,https://dibj.cn/portal/api/common/calling/page?tableCode=SETTLED_PROJECT
125,SETTLED_PROJECT,创新服务-入驻项目,63,244,282,北京金融大数据有限公司,企业工商异动轨迹溯源服务,依托市场监管等权威数据源，构建企业变更信息统一归集、规范治理、共享应用的一体化服务体系。建立企业变更信息采集标准与数据质量管控机制，全面整合名称、主体资格、股权、法定代表人、注册资本、经营场所等关键变更信息，形成动态更新的企业变更专题数据库。通过标准化接口对接不动产核验、政务审批、金融风控、公积金监管等业务系统，搭建统一查询核验通道，实现企业变更信息可查、可验、可溯，为跨部门业务协同提供数据支撑，强化市场主体风险防控能力。,建成以北京市企业变更为核心的权威信息查询与应用体系，形成完整规范、动态鲜活的企业变更信息资源库，实现变更信息一数同源、全程可溯。建立跨部门数据共享与业务协同机制，推动企业变更信息在政务服务、不动产交易、信贷风控、公积金管理等场景深度应用。有效识别北京企业异常变更、虚假登记等风险隐患，提升监管精准度与处置效率。构建企业数字化信用治理新模式，助力北京优化营商环境，全面提升市场主体治理规范化、智能化水平。,2026-03-31 15:08:10,2026-06-05 18:31:06,2026-03-31 15:39:21,0,false,https://dibj.cn/portal/api/common/calling/page?tableCode=SETTLED_PROJECT
126,SETTLED_PROJECT,创新服务-入驻项目,62,243,282,北京金融大数据有限公司,企业投资业务分析服务,依托市场监管、政务服务等权威数据源，搭建企业投资人信息统一查询核验模块，建立规范的数据采集、比对、共享与输出机制。整合企业投资人名称、证件信息、出资比例、出资方式、股权变更等全维度登记信息，实现一键查询、精准核验、实时反馈。通过接口对接与数据互通，为不动产核验、公积金监管、金融风控、政务审批等场景提供合法合规的投资人信息查询服务，保障市场主体身份可验、股权可溯，提升业务办理规范性与风险防控能力，助力跨部门协同治理与信用体系建设。,建成权威高效的企业投资人信息统一查询服务体系，实现市场监管部门登记信息与政务应用场景的数据互通共享。形成覆盖投资人身份、出资比例、股权结构、变更记录等全要素信息库，为不动产核验、公积金管理、金融风控、政务审批等业务提供精准可靠的查询核验支撑。实现企业投资人信息可查、可验、可溯，有效防范虚假主体、股权纠纷等风险，提升跨部门业务协同效率与风险防控能力，助力优化营商环境，推动社会信用体系建设与数字化治理水平提升。,2026-03-31 15:05:07,2026-06-05 18:31:06,2026-03-31 15:39:41,0,false,https://dibj.cn/portal/api/common/calling/page?tableCode=SETTLED_PROJECT
127,SETTLED_PROJECT,创新服务-入驻项目,61,242,282,北京金融大数据有限公司,企业公积金管理负面分析服务,围绕公积金不良企业信息管理与应用开展建设，整合住房公积金管理、市场监管、税务、不动产登记等多部门数据资源，构建公积金不良企业信息归集、核验、共享与应用一体化机制。建立规范统一的不良企业认定标准、数据采集规范及动态更新机制，实现欠缴、骗提骗贷、拒不整改等失信信息全量归集。运用大数据比对技术，强化公积金不良信息与不动产核验、政务审批、金融信贷等场景的数据联动应用，完善跨部门信用信息共享交换通道。依托信息化平台实现不良企业信息查询、核验、预警及联合惩戒闭环管理，为公积金风险防控、政务服务监管、金融机构风控提供数据支撑，提升住房公积金管理规范化水平与行业治理效能。 ,建成公积金不良企业信息全生命周期管理体系，实现多部门失信数据统一归集、动态更新、精准核验，形成规范完整的公积金不良企业信息库。建立跨部门数据共享与业务协同机制，推动不良信息在政务审批、金融风控、不动产核验等场景深度应用。构建失信预警、联合惩戒、信用修复闭环管理模式，有效防范骗提骗贷、违规缴存等风险，提升住房公积金监管效能与风险防控能力。形成可复制、可推广的信用治理应用范例，助力优化营商环境，提升住房公积金领域治理规范化、数字化、智能化水平。,2026-03-31 15:03:25,2026-06-05 18:31:06,2026-03-31 15:39:57,0,false,https://dibj.cn/portal/api/common/calling/page?tableCode=SETTLED_PROJECT
128,SETTLED_PROJECT,创新服务-入驻项目,66,241,387,海南数据产业服务有限公司,海南医保数据要素化流通交易产品,探索医保数据要素化实施路径，为商业保险公司提供医保数据服务，实现参保人员信息核验，预防保险欺诈，提高理赔效率。基于医药价格招采，医保大数据诈骗，医疗救助，商报理赔等需求，通过形成数据服务接口提供医药价格招采分析服务，识别潜在医保欺诈行为（如虚假报销、过度医疗等），患者医疗需求、医保商保核保理赔服务，为商保公司预防保险欺诈风险、提高理赔效率提供了数据支撑。本产品整合医保数据，覆盖就医、用药、病例等多维度信息。依据数据实现精准帮扶，用于商保核保理赔，核赔准确率提升 29%，大大提高商业保险运营效率，全方位赋能各领域。,通过融合用户医保、就医、用药、病例等数据，借助公共数据佐证，以大数据+AI技术进行脱敏加工建模，形成数据服务接口。提供医药价格招采分析服务，识别潜在医保欺诈行为（如虚假报销、过度医疗等），患者医疗需求、医保商保核保理赔服务，可以优先精准了解医药价格信息，提高医保监管效率和准备性，为商保公司预防保险欺诈风险、提高理赔效率提供了数据支撑。产品能在多场景响应需求，具有广泛的推广性，具体包括：一是医保大数据反欺诈。利用医保数据，可以识别和分析潜在的欺诈行为，如虚假报销、过度医疗等，提高医保基金的监管效率和准确性；二是商保核保理赔：医保数据可以作为商业保险核保和理赔的重要依据，提高商业保险的效率和准确性。,2026-03-31 11:29:07,2026-06-05 18:31:06,2026-03-31 15:36:00,0,false,https://dibj.cn/portal/api/common/calling/page?tableCode=SETTLED_PROJECT
129,SETTLED_PROJECT,创新服务-入驻项目,72,240,399,北京三快在线科技有限公司,用户精准画像提升本地生活服务品质项目,"美团作为国内最大的本地生活服务平台之一，平台用户覆盖城乡、年龄跨度广、消费频次高。然而，现有用户画像主要依赖站内行为数据，对于人口社会属性（如大学生群体识别、婚育状态、家庭结构等）的刻画仍存在覆盖率不足、准确率受限等问题。引入数智中心的高质量标签数据，将有效补齐美团用户社会属性画像的短板，为精准营销、品牌合作、用户分层运营等核心业务提供更强的数据底座支撑。更好地服务商户经营。本创新场景聚焦闪购品牌营销与大学生用户运营两大核心业务方向，依托数智中心提供的大学生、婚育、亲子、职业、资产等多维社会属性标签，叠加美团站内行为数据，构建「外部特征 + 内部行为」双引擎驱动的，服务于商家精准获客，提升商家营收效率。精准用户画像
服务对象主要包括：美团外卖、闪购事业部及合作品牌方（快消、母婴、食品饮料等领域）；核心应用领域涵盖广告人群圈选与定向投放、新用户精准触达、存量用户分层激活、用户价值预测与生命周期管理等，助力实现「千人千面」的精准服务与商业价值最大化。
","本合作场景预期将产生显著的应用价值与多元效益，具体体现在以下三个方面：
1. 应用产出情况
完成大学生、亲子、婚育、职业、资产等5类社会属性标签与美团用户体系的安全融合；构建大学生用户群体专属画像，识别精准大学生人群，为校园营销活动提供人群底座；形成面向闪购品牌通的标准化人群包产品，支持按亲子家庭、高收入、白领等多维度进行人群组合圈选，赋能品牌差异化投放。
2. 社会效益
一是推动数据要素市场化落地。本合作是政企数据协同创新的典型样板，北京数智中心政府数据通过合规通道流向头部互联网企业，实现「让数据发挥更大价值」的政策目标，有力支撑北京市数字经济高质量发展战略，助力北京打造全国领先的数据要素流通示范区。
二是提升民众生活服务品质。通过精准画像赋能商品推荐与广告匹配，用户在美团平台上获得的商品展示与服务推送将更贴合自身需求，有效降低信息噪音，提升消费决策效率，切实改善用户体验，使数字生活服务更高效、更温暖。
三是推动政企数据生态建设。美团与数智中心的合作模式为政企数据共建树立标杆，形成可复制的正向循环，为后续更广泛的数据要素市场建设积累宝贵经验与示范路径。
3. 经济效益
一是提升广告投放效率与商业变现能力。品牌通广告借助高精度人群圈选，提升广告点击率（CTR），显著改善广告主ROI，带动广告收入增长的同时，提升品牌商家的营收。
二是促进大学生用户规模扩张与留存。精准识别并触达大学生群体，开展有针对性的首单激励、专属补贴与学生卡权益，为大学生带来实惠的同时提升大学生新用户转化效率，助力美团外卖在高校场景渗透率持续提升。
三是强化数据资产价值沉淀。融合后的用户社会属性画像将持续反哺美团内部智能推荐、风控及用户价值评估体系，形成长期可复用的数据资产，为平台创造持续性、复合型的商业价值增量。
",2026-03-30 12:06:43,2026-06-05 18:31:06,2026-03-30 12:59:02,0,false,https://dibj.cn/portal/api/common/calling/page?tableCode=SETTLED_PROJECT
130,SETTLED_PROJECT,创新服务-入驻项目,73,239,399,北京三快在线科技有限公司,大型演出赛事期间共享单车智能调度提升项目,"为了服务于“随时随地有车可骑”的终极愿景，骑行事业部智能调度项目构建了从“时空需求预测”到“动态任务生派”的端到端智能调度体系。其中在需求洞察端，需要依托多源异构数据感知层与高维时序预测引擎，在亿级“路网 × 时段”的超大规模切片上实现了精准的骑行需求推演。
但是，对于偶发性的、突发性的社会文化活动、城市管理要求带来的骑行需求变化，智能调度体系难以通过历史数据及时感知，也就不能及时联动任务生派模块调整调度任务，满足用户骑行需求，急需扩展来源可靠、信息准确、更新及时的外部信息源。

基于权威信息实时获取，精准感知大型社会文化活动及城市管理要求等非常规事件引发的骑行需求波动，动态优化需求预测模型，实现对突发性需求的提前预判。面向重大活动场景，主动触发智能调度指令，提前部署车辆运力补充，并实时动态清淤，确保车辆供需平衡与路面秩序稳定。
","本合作场景预期将产生显著的应用价值与多元效益，具体体现在以下三个方面：
1. 应用产出情况
骑行基于政府已经审批通过的营业性演出赛事活动信息，更及时地发现需求变化，联动需求预测、任务生派、城市管理进行车辆调度，构建更精准、实时的需求预测能力，更多地满足用户骑行需求。
2. 社会效益
提升市民出行体验：活动结束后用户可实现即时取车、快速离场，减少排队等待与步行距离，缓解周边交通拥堵，增强夜间出行安全感。
优化城市治理效能：有效支撑交通疏导、人流疏散及路面秩序管控目标。通过政企数据协同与事前预判，推动被动处置向主动治理转变，显著降低拥堵投诉、车辆违停堆积及占道风险，助力提升城市管理评分。
3. 经济效益
提升骑行运营效率：从事后抢修转向事前预调度，大幅提升运维响应速度；提高车辆周转率，降低闲置率，有效压减调度成本；实现人力、车辆、转运资源的精准投放，避免无效奔波；形成重大活动保障的标准化模式，具备可复制、可量化、可考核的运营能力。
",2026-03-30 12:02:46,2026-06-05 18:31:06,2026-03-30 12:58:45,0,false,https://dibj.cn/portal/api/common/calling/page?tableCode=SETTLED_PROJECT
131,SETTLED_PROJECT,创新服务-入驻项目,74,238,399,北京三快在线科技有限公司,普惠式智慧金融服务提升项目,"美团作为国内领先的本地生活服务平台，依托「Food+Platform」战略，为广大消费者和本地生活商户提供包括餐饮、外卖、酒店、旅游、票务等在内的多元化服务。旗下美团金融服务平台（涵盖微贷、保险、支付等业务）肩负着服务平台上海量消费者和小微商户的重要使命，致力于以科技手段赋能商家经营、优化用户体验。
在金融业务侧，将应用于微贷产品的学生客群识别与家庭用户需求洞察、保险业务的精准推荐（如针对不同家庭结构的健康险）、支付业务的场景化营销（如亲子消费优惠）。同时，赋能小微商户洞察周边客群结构，实现精准引流与经营提升。

","
在严格遵守数据安全与隐私保护相关法律法规及双方协议的前提下，与技术团队协同，完成与北京数智中心的API对接，实现人口社会属性标签数据的安全、稳定接入。
将接入的政府数据标签与美团现有的用户画像数据进行合规融合、清洗、加工，形成标准化的用户标签库。
（一）数据能力建设与应用：
消费者端：重点应用大学生、婚育状态、家庭结构、职业特征等标签，应用于：
微贷业务：辅助评估年轻群体（如学生毕业后）的消费信贷需求与还款能力画像；优化针对家庭用户的消费贷款产品设计。
保险业务：根据不同家庭结构（如新婚、有孩家庭）精准推荐健康险、财产险等险种；针对学生群体开发场景化保险产品。
支付业务：结合用户社会属性，提升支付场景的个性化营销体验，如针对家庭用户的亲子消费优惠、针对学生的校园生活权益等。
营销与运营：构建精细化人群包，支持各业务线开展拉新、促活、交叉营销等运营活动。
商户端：重点建设小微商户经营能力识别能力。为商户提供其店铺所在区域或目标客群的社会属性洞察分析报告，辅助商户了解用 果如下：
1.	应用产出情况
完成学生、婚育、职业、资产等4类社会属性标签与美团用户体系的安全融合；构建高等教育学生用户群体专属画像，精准识别在校大学生人群，为校园营销与金融场景运营提供人群底座；建设可通过亲子家庭、高收入、资产情况等多维度进行人群组合圈选，赋能品牌差异化投放；沉淀微贷、保险等金融场景专属人群模型，实现产品精准推荐与风险识别能力提升；建立数据应用效果评估体系，常态化监控标签覆盖率与业务转化率，保障数据价值持续释放。
2.	社会效益
提升对特定人群（如大学生、新市民家庭）的服务精准度与普惠性；助力小微商户数字化转型，服务实体经济发展；探索政企数据合作在释放数据要素价值、优化社会治理方面的示范应用。
3. 经济效益
通过提升营销精准度和运营效率，预计可有效提升营销活动ROI，降低获客成本；通过优化风险模型，有望改善微贷等业务资产质量；通过赋能商户，促进平台交易活跃度和商家留存率。",2026-03-30 11:56:28,2026-06-05 18:31:06,2026-03-30 12:58:24,0,false,https://dibj.cn/portal/api/common/calling/page?tableCode=SETTLED_PROJECT
132,SETTLED_PROJECT,创新服务-入驻项目,75,237,399,北京三快在线科技有限公司,天气场景识别保障外卖履约项目,"天气直接影响外卖配送履约链路，极端恶劣天气（内涝、积雪结冰、暴雨等）对骑手生命安全构成严重威胁，同时导致配送效率下降、用户体验恶化。当前美团天气识别体系面临以下核心痛点：
采集盲区问题：现有外部接入天气平台仅能够提供基础天气信息（如：温度、风级、降雨、湿度等），对于极端恶劣天气导致的衍生场景（如：内涝、积雪结冰等）存在系统性盲区。
识别覆盖问题：现有视觉识别能力依赖骑手拍摄采集反馈，对于严重的内涝、积雪结冰等极端路况，骑手通行受阻，图像采集存在缺失或滞后，无法保证精准识别。
政府侧街道摄像头具备固定部署、全天候运行、覆盖主要路口和易涝点的天然优势，可有效弥补上述盲区。通过接入政府摄像头抽帧数据，结合美团成熟的视觉识别算法，可以实现对极端恶劣路况的实时感知，为骑手生命安全保障提供关键技术支撑。
","服务对象：美团外卖骑手（数百万人）、外卖用户、一线履约管理者。
核心应用场景：
(1)实时危险路段预警：对于积雪严重或内涝导致无法通行的路段，配送App向即将经过该路段的骑手发送高等级语音/弹窗警报（如“前方50米路面严重结冰，请减速慢行”），导航系统从“距离最近”升级为“路况最好”，提高配送成功率，实现骑手安全的主动防御。
(2)网格化天气补贴触发：天气预报显示""小雪""，但局部地区路面已极其难走。通过摄像头实时感知，平台实现网格化管理——识别到路面环境恶劣的特定区域，自动触发该区域订单的天气补贴或单价上涨，让骑手的付出与风险获得更匹配的回报。
(3)用户侧预期管理：识别到骑手经过恶劣路段，同步提示到用户端，通过透明的行程状态提示，引导用户合理预期，避免因频繁催单对骑手造成安全隐患，保障骑手出行安全的同时提升用户体验。
(4)电子围栏动态熔断：在极端情况下（如识别到某街道发生严重内涝，水位过高），平台自动触发该区域""熔断机制""，暂停向该区域派单或缩小配送范围，防止发生重大安全事故。
",2026-03-30 11:41:28,2026-06-05 18:31:06,2026-03-30 12:58:14,0,false,https://dibj.cn/portal/api/common/calling/page?tableCode=SETTLED_PROJECT
133,SETTLED_PROJECT,创新服务-入驻项目,76,236,399,北京三快在线科技有限公司,文旅门票服务智能身份认证项目,"当前，文旅行业数字化转型加速，但用户在景区购票环节仍面临诸多痛点：一是身份信息填写繁琐，用户在购买门票时需要反复输入姓名、证件号、手机号等个人信息，尤其是多人出行时更加影响购票体验；二是特殊身份验证困难，学生、教师、医护人员等特殊群体在享受优惠政策时，需要提供相关证明材料，流程复杂难以认证；三是信息安全性担忧，用户担心个人信息泄露，对在线购票存在顾虑。

本场景落地应用后，将形成显著的应用产出与多元价值，有效破解传统文旅服务的痛点难点，实现文旅服务效能的全面提升，具体应用效果如下：

1. 应用产出情况
成功构建政府数据支持下的智能身份认证系统，实现人脸自动识别用户信息准确率达到99%以上；建立特殊身份在线核验机制，学生、教师、医护人员身份认证时间从传统方式的10-15分钟缩短至30秒内；为北京市文旅服务提供坚实的数据支撑与决策依据。

2. 社会效益
一是提升文旅服务现代化水平，打破传统购票""繁琐验证""的局限，通过政府数据精准赋能，实现用户身份自动核验、特殊身份便捷认证，推动文旅服务从""人工核验""向""智能认证""转变，助力文旅产业高质量发展。
二是优化用户体验，通过人脸自动拉取信息和特殊身份在线核验，大幅减少用户购票时的信息填写环节，提升购票效率，预计用户购票时间平均缩短60%以上，显著提升用户满意度。
三是强化特殊群体服务保障，通过学信网、卫建委、教委等权威数据对接，实现学生、教师、医护人员等特殊群体的便捷认证，让优惠政策真正惠及目标人群，体现社会公平。
四是推动数据安全治理创新，通过政府数据授权应用，建立""数据可用不可见""的安全机制，既保障用户隐私安全，又实现数据价值最大化，为个人信息保护提供创新实践。

","本创新场景聚焦北京市文旅服务优化，以政府数据支持下的智能身份认证为核心，覆盖用户购票身份核验、特殊身份认证、信息安全管理等全流程，打造便捷化、智能化、安全化的文旅服务解决方案。

服务对象主要包括北京市文旅局、景区管理机构、特殊群体用户（学生、教师、医护人员等）、普通游客；核心应用领域涵盖景区门票购买、特殊身份优惠认证、用户信息安全管理等，助力实现文旅服务从""繁琐购票""向""便捷购票""的转变。

提供的服务内容具体如下：
(1) 人脸自动拉取用户信息：通过人脸识别技术，自动获取用户姓名、证件号、手机号等基本信息，减少用户手动输入环节，提升购票效率。
(2) 学信网学生数据核验：对接学信网数据，实现学生身份的在线实时核验，学生用户购买优惠门票时无需提供纸质学生证，实现""刷脸购票、刷脸入园""。
(3) 卫建委医护数据核验：对接卫建委医护数据，实现医护人员身份认证，医护人员购买优惠门票时享受便捷认证服务。
(4) 教委教师数据核验：对接教委教师数据，实现教师身份认证，教师购买优惠门票时享受便捷认证服务。
",2026-03-30 11:27:09,2026-06-05 18:31:06,2026-03-30 12:57:48,0,false,https://dibj.cn/portal/api/common/calling/page?tableCode=SETTLED_PROJECT
134,SETTLED_PROJECT,创新服务-入驻项目,77,235,396,中冠智云（北京）科技有限公司,企业税票信用风控画像,通过企业纳税、发票、社保及公积金缴纳、用水用电数等生产经营相关数据的多维度融合，使用先进的机器学习和人工智能技术，开发信贷场景的企业级数据产品，包括信息核验、特征画像、评估评价、监测预警等形态，应用于精准营销、信贷审批、风险定价、风险预警等环节，发挥公共数据要素资产价值，有效解决缺乏中小微企业可信生产经营数据造成的融资难题和金融机构风控痛点，提升金融机构中小微的服务效率、风控能力、资产质量及经营效益，促进中小微企业融资。,发挥在数据服务和机器学习、人工智能技术应用领域的丰富经验，以及对于行业需求痛点、信息合规安全的深入理解，充分挖掘公共数据的信息价值，形成包括信息核验、特征画像、评估评价、监测预警等形态的数据产品，反映企业的生产经营状态及信用风险变化，服务于信贷审批、风险定价、精准营销等金融与非金融场景。依托具有稀缺性及高可信度数据、多维度数据融合所形成的信息增益，以及深度结合行业样本及标签进行模型训练和参数调优，提升数据产品的应用价值，强化市场竞争力。,2026-03-30 09:29:18,2026-06-05 18:31:06,2026-03-30 10:44:34,0,false,https://dibj.cn/portal/api/common/calling/page?tableCode=SETTLED_PROJECT
135,SETTLED_PROJECT,创新服务-入驻项目,78,234,395,北京慧辰资道资讯股份有限公司,医药数据市场化应用服务产品,"北京慧辰资道资讯股份有限公司长期致力于公共数据、行业数据的智能化、规模化的合规采集、专业分析研究及深度场景应用，目前正积极推进医药数据市场化应用服务体系建设。
慧辰股份以“安全可控为根本、产业升级为导向、生态赋能为目标”为医药数据服务原则。拟以价格、销量、渠道流通为主要维度，建立医药产业市场营销图谱，结合人工智能及专用大模型技术，形成以市场真实数据为驱动的价值传导体系，支撑中国药物市场资源优化配置。
",以药品价格、药品销量、渠道流通数据为主要维度，对价格、销量、渠道流通数据进行标注、关联治理、训练加工后，通过连续化（7*24 小时）批量加工过程，使用体系化专用大模型及相关智能化技术，经多层加工后得到市场端药品价格、销量及渠道流通数据结果，经严格审查后形成数据产品，供医药企业合规使用。为医药生产企业和流通企业提供实时、精准可信的群体化医药市场营销数据集及定制化数据服务。有望产生可观的经济效益，有助于医药领域资源的有效配置。,2026-03-27 16:43:35,2026-06-05 18:31:06,2026-03-27 17:39:57,0,false,https://dibj.cn/portal/api/common/calling/page?tableCode=SETTLED_PROJECT
136,SETTLED_PROJECT,创新服务-入驻项目,87,229,282,北京金融大数据有限公司,企业主要人员信息核验,本项目核心目标是解决金融行业企业信息核查现存的效率低、误差大、流程繁琐等问题，搭建适配各类金融机构的信息核查服务体系。立足金融行业合规经营和风险防控需求，融合大数据技术，构建专属核查数据库，突破传统人工核查的局限。实现企业名称与统一社会信用代码的精准比对，以及企业主要人员证件号码与统一社会信用代码的一致性核验，简化核查流程、降低人工成本。同时，提升行业信息核查的规范化、标准化水平，为银行、证券、保险等金融机构提供高效、精准的核查服务，助力金融机构强化风险管控，提升业务办理效率，满足行业合规核查的基本需求，推动金融行业信息核查模式的优化升级。,本项目预期成果简洁明确，主要包括三项核心内容。一是建成专属金融企业信息核查数据库，整合工商、税务、征信等多渠道权威数据，保障数据的准确性和全面性，可支撑日常核查业务高效开展。二是实现两项核心核查功能，即企业名称与统一社会信用代码的智能比对、模糊匹配及异常识别，以及企业主要人员证件号码与统一社会信用代码的一致性核验，入参为统一社会信用代码、证件类型、证件号码，出参仅返回1（匹配）或0（不匹配），操作简单、结果直观。三是适配各类金融机构业务场景，优化核查流程，降低人工核查误差和漏判风险，提升核查效率，推动行业信息核查规范化，满足金融机构合规经营和风险防控的基本需求。,2026-03-23 16:28:04,2026-06-05 18:31:06,2026-03-23 16:28:41,0,false,https://dibj.cn/portal/api/common/calling/page?tableCode=SETTLED_PROJECT
137,SETTLED_PROJECT,创新服务-入驻项目,86,228,282,北京金融大数据有限公司,小微企业信息核查,本项目为银行、保险等各类金融机构提供小微企业信息在线核查服务。金融机构在开展普惠金融、信贷审批、保险承保等业务过程中，可通过录入北京市辖区内注册企业的企业名称、统一社会信用代码等关键信息，对小微企业的主体身份、注册信息进行实时、权威、规范的线上核验，快速完成小微企业身份确认与资质核实。依托统一、可信的数据来源，有效提升金融机构业务办理效率，降低业务风险，为金融机构开展涉企服务提供安全、可靠的数据支撑。,本项目建成面向银行、保险等金融机构的小微企业信息核查服务能力，形成统一、规范、安全、高效的数据核查接口与服务体系。通过对接北京市企业权威数据源，实现以企业名称、统一社会信用代码为查询条件的小微企业身份精准核验、资质合法性校验，为金融机构开展普惠金融、信贷审批、风险防控、保险业务等提供可靠依据。项目建成后，可有效简化金融机构业务办理流程，缩短企业核查时长，降低人工核验成本与业务风险，提升金融服务小微企业的效率与规范性，助力优化首都营商环境，支撑普惠金融政策落地。,2026-03-23 16:27:28,2026-06-05 18:31:06,2026-03-23 16:28:46,0,false,https://dibj.cn/portal/api/common/calling/page?tableCode=SETTLED_PROJECT
138,SETTLED_PROJECT,创新服务-入驻项目,85,227,282,北京金融大数据有限公司,企业严重不良行为信息查询,以处罚数据为核心维度，面向政务服务、金融两大行业，旨在构建标准化、一体化、高效化的企业严重不良行为信息查询体系。统筹整合各监管部门企业处罚相关数据，涵盖经营异常、行政处罚、欠税公告等各类不良行为信息，打破部门间信息壁垒，实现跨层级、跨部门处罚数据共享互通。建立健全规范统一的查询标准、业务规则与全流程闭环管理机制，优化查询环节，提升协同办理与响应效率。聚焦企业不良行为真实性、完整性、时效性等核心要素，运用大数据、人工智能等技术手段强化数据比对与校验，依托统一社会信用代码、单位名称、查询原因代码等入参，输出近三年不良记录、记录数、类型标记及详细列表等标准化出参，实现查询结果精准可溯，为两大行业提供权威支撑，防范相关风险，推动行业治理规范化。,项目完成后，将建成适配政务服务、金融两大行业的标准化、一体化、高效化企业严重不良行为信息查询体系，紧扣处罚数据维度与企业产品需求。打破各监管部门间信息孤岛，实现企业各类不良行为处罚数据的跨层级、跨部门实时共享与高效调用，确保数据真实、完整、时效。建立统一的查询标准、接口规则及闭环管理机制，优化查询流程，实现线上化、自动化查询，大幅提升查询效率与响应速度。依托大数据、人工智能技术强化数据校验，按指定入参精准输出标准化查询结果，清晰呈现不良记录详情，确保结果权威、可溯。覆盖两大行业核心应用场景，提供便捷安全的查询服务，有效防范信用与经营风险，优化服务与监管效能，提升行业治理水平。,2026-03-23 16:26:59,2026-06-05 18:31:06,2026-03-23 16:28:51,0,false,https://dibj.cn/portal/api/common/calling/page?tableCode=SETTLED_PROJECT
139,SETTLED_PROJECT,创新服务-入驻项目,84,226,282,北京金融大数据有限公司,企业信用画像,本项目旨在构建一套面向金融机构与保险公司的“企业信用画像产品”，通过对企业多维数据的整合与建模，实现对企业信用状况的全面呈现。核心目标是提升金融机构在贷前准入、贷中审批、贷后管理及保险核保等环节中对企业的信用评估能力与风险识别效率；此项目还将建立企业信用等级的动态更新机制，结合数据有效时间的更新，确保查询结果的时效性与权威性。最终目标是为金融机构提供一个高效、可靠、合规的企业信用数据服务，推动信用体系在金融场景中的深度应用，助力普惠金融与风险防控的协同发展。,本项目完成后，预计将形成以下主要成果：1.支持对企业进行信用查询与核验，将实现企业纳税评级查询（A、B、M、C、D级）等服务，满足金融机构在贷前调查、贷中审批、贷后监测及保险核保等环节的信用信息需求；2.形成标准化的企业信用数据接口服务，支持与金融机构内部风控系统、信贷管理系统、反欺诈平台等进行高效对接，实现企业信用信息的实时调用与自动化核验，提升业务流程的自动化水平与风控响应速度；3.构建企业信用评价模型与标签体系，基于纳税评级、数据有效时间等维度，形成企业信用画像图谱，支持机构对企业进行分层分类管理，辅助差异化授信与定价决策。,2026-03-23 16:26:19,2026-06-05 18:31:06,2026-03-23 16:28:56,0,false,https://dibj.cn/portal/api/common/calling/page?tableCode=SETTLED_PROJECT
140,SETTLED_PROJECT,创新服务-入驻项目,83,225,282,北京金融大数据有限公司,企业基本信息查询,依托权威公开企业数据，快速核验企业真实合法身份，确认主体存续与经营资质有效性；厘清基础工商要素与行业属性，规范准入审核流程；排查注销、吊销、异常经营等合规风险，规避合作隐患；替代人工零散查询，实现一键调取、批量比对、高效建档、智能分析，显著降低调研成本、提升业务审批与尽调效率；支撑政务监管、金融风控、商务合作、供应商准入、市场拓客等场景，强化合规管理、提升审批效率、保障交易安全、辅助精准拓客与科学决策。,实现通过统一社会信用代码快速、标准化获取企业信息，确认主体存续与经营资质有效性，数据准确统一、字段规范可对接业务系统。提前识别注销、吊销、经营异常等风险，做到风险前置拦截。替代人工零散查询，显著提升准入审核、尽调备案效率，降低人力成本。规范合作准入与业务流程，满足合规留痕要求，保障交易安全。依托企业基础画像优化客户分层、供应商管理与市场研判，支撑精准决策，实现降风险、提效率、强合规、优决策的效果。,2026-03-23 16:25:44,2026-06-05 18:31:06,2026-03-23 16:29:00,0,false,https://dibj.cn/portal/api/common/calling/page?tableCode=SETTLED_PROJECT
141,SETTLED_PROJECT,创新服务-入驻项目,82,224,282,北京金融大数据有限公司,婚姻状态查询服务,贯彻落实《北京市公共数据资源开发利用实施意见》和“高效办成一件事”改革部署，推动高价值民生数据安全有序赋能社会服务。通过将北京市民政部权威的婚姻登记信息，在依法合规、保障隐私前提下，封装为标准化API接口产品，面向金融信贷、不动产交易、法律服务、社会保障等强身份关联且具法定义务的行业，提供精准婚姻状态查询及核验服务。坚持“原始数据不出域、使用过程可授权、操作行为可追溯”原则，探索敏感个人信息在可控环境下支撑跨部门业务协同的新路径，助力提升公共服务效率与社会治理能力。,显著提升全市多领域业务办理效率与风险防控能力。在金融领域，可支持银行、消费金融公司精准识别借款人婚姻状况，防范信贷欺诈与共同债务认定风险；在不动产交易中，简化购房资格审核与共有产权确认流程；在法律服务、公证、税务等场景，有效减少群众重复提交纸质证明，助力“减证便民”，大幅降低制度性交易成本。同时，通过最小化数据输出（仅返回“已婚/未婚/离异/丧偶”状态码）与动态授权机制，切实保障个人信息安全，增强公众对数据共享的信任感。,2026-03-23 16:24:35,2026-06-05 18:31:06,2026-03-23 16:29:10,0,false,https://dibj.cn/portal/api/common/calling/page?tableCode=SETTLED_PROJECT
142,SETTLED_PROJECT,创新服务-入驻项目,81,223,282,北京金融大数据有限公司,企业纳税评级核查,针对金融机构、招投标单位、企业合作方等主体在信贷审批、合作筛选、资质审核过程中核验成本偏高、纳税评级信息查询繁琐、数据获取不及时不准确的痛点，整合企业纳税识别号、统一社会信用代码、纳税缴费信用级别、评价指标得分、信用评价周期及信用修复记录等相关数据资源，严格遵循《纳税缴费信用管理办法》相关规定，采用大数据技术，在保障数据安全可用不可见、符合税务部门数据开放规范及隐私保护要求的前提下，开展深度数据分析与数据治理，封装形成标准化、高效化的企业纳税评级数据服务接口。实现金融机构、招投标单位、企业合作方等主体在企业授权前提下，通过企业身份信息快速、准确、便捷地查询企业名下纳税缴费信用级别、评价详情及相关信用记录，提升业务审批与合作筛选效率，降低资质核验与风险防控成本，推动相关主体业务数字化、高效化转型，助力社会信用体系建设与税收信用联动管理落地。,有效解决金融机构、招投标单位等主体在资质审核、合作筛选过程中核验成本攀高的问题，通过精准的企业纳税评级查询服务，减少无效资质核验投入，降低业务拓展和信用核查的人力、时间成本，提升投入产出比。替代传统繁琐的纳税评级信息查询模式，实现企业纳税缴费信用级别、评价详情及相关信用记录的快速调取、精准核验，大幅缩短信贷审批、合作筛选、资质审核等环节的信息查询周期，提升整体业务办理效率。为金融机构、招投标单位、企业合作方等提供便捷、可靠的纳税评级数据查询服务，简化业务审批与筛选流程，提升业务办理的便捷性与专业性，改善相关主体业务开展体验和合作对接体验，助力各主体精准防控合作风险、提升业务质量。,2026-03-23 16:24:01,2026-06-05 18:31:06,2026-03-23 16:29:16,0,false,https://dibj.cn/portal/api/common/calling/page?tableCode=SETTLED_PROJECT
143,SETTLED_PROJECT,创新服务-入驻项目,80,222,282,北京金融大数据有限公司,车辆所属权查询,针对保险、金融机构、公证处等单位在业务营销、公证取证过程中营销成本攀高、信息查询效率低下的痛点，整合车牌号码、车辆识别代号、所有人信息等相关数据资源，采用大数据技术，在保障数据安全可用不可见的前提下，开展深度数据分析，封装形成标准化、高效化的车辆查询数据服务接口。实现金融保险机构、公证处等单位在用户授权前提下，通过用户身份信息快速、准确、便捷地查询车辆所有者名下车辆信息，提升业务办理效率，降低业务拓展成本，推动相关单位业务数字化、高效化转型。,有效解决保险、金融机构业务营销成本攀高的问题，通过精准的车辆所属权查询服务，减少无效营销投入，降低业务拓展和信息核查的人力、时间成本，提升投入产出比。替代传统繁琐的车辆信息查询模式，实现车辆所有者名下车辆信息的快速调取、精准核验，大幅缩短业务营销、公证取证等环节的信息查询周期，提升整体业务办理效率。为金融保险机构、公证处提供便捷、可靠的数据查询服务，简化业务流程，提升业务办理的便捷性与专业性，改善机构业务开展体验和用户服务体验。,2026-03-23 16:23:28,2026-06-05 18:31:06,2026-03-23 16:29:28,0,false,https://dibj.cn/portal/api/common/calling/page?tableCode=SETTLED_PROJECT
144,SETTLED_PROJECT,创新服务-入驻项目,79,221,282,北京金融大数据有限公司,不动产抵押核验,以不动产相关数据为核心，对不动产管理部门数据进行规范化脱敏加工，封装形成安全、高效、可复用的数据服务接口，供银行、征信机构等相关单位调用，实现不动产抵押核验核心功能。依托多维度数据支撑，覆盖二手房按揭贷款智能审批、互联网金融线上房产抵押贷反欺诈两大核心场景，自动识别不动产抵押查封状态、共有产权人变更等关键信息，精准识别虚假房源、伪造房产证等欺诈行为，结合房产相关负面信息完成不动产价值综合评估，助力银行及放贷机构降低资金放贷风险，提升抵押核验效率与准确性，推动不动产抵押相关金融服务数字化、智能化转型。,为银行、征信机构等提供标准化、规范化的数据服务接口，简化数据调用流程，提升金融机构不动产抵押核验服务的便捷性与专业性，改善用户办理体验。实现二手房按揭贷款抵押核验环节自动化处理，替代传统人工核查模式，大幅缩短审批周期，提升抵押核验效率，降低人工运营成本。显著提升虚假房源、伪造房产证（PS件）等欺诈行为的识别率，精准识别不动产抵押查封、共有产权人变更等风险点，结合不动产价值综合评估，有效降低银行及放贷机构资金放贷风险，减少不良贷款发生率。充分激活不动产权信息、不动产登记数据（自然人）等11类相关数据的应用价值，实现数据资源向服务能力转化，为不动产抵押相关金融业务提供可靠的数据支撑。,2026-03-23 16:22:38,2026-06-05 18:31:06,2026-03-23 16:29:35,0,false,https://dibj.cn/portal/api/common/calling/page?tableCode=SETTLED_PROJECT
145,SETTLED_PROJECT,创新服务-入驻项目,89,220,282,北京金融大数据有限公司,不动产核验服务,构建标准化、一体化、高效化的不动产核验服务体系，统筹整合多部门不动产相关数据资源，打破信息壁垒，实现跨层级、跨部门数据共享互通。建立健全规范统一的核验标准、业务规则与全流程闭环管理机制，优化核验环节，提升协同办理效率。聚焦不动产权属状况、权利限制情形、物理空间属性、规划合规性及法律合规性等核心要素，运用大数据、人工智能等技术手段强化数据比对与智能校验，实现核心信息精准核验、全程可溯，为不动产交易、登记、监管及政务服务提供坚实支撑，切实保障交易安全、提升治理效能。为政务审批、金融风控、司法处置、市场交易及社会公众提供权威、便捷、安全的核验服务，提升不动产治理规范化水平，保障交易安全，优化公共服务效能，推动不动产领域治理能力现代化。,构建标准化、一体化、高效化的不动产核验服务体系，统筹整合多部门不动产相关数据资源，打破信息壁垒，实现跨层级、跨部门数据共享互通。建立健全规范统一的核验标准、业务规则与全流程闭环管理机制，优化核验环节，提升协同办理效率。聚焦不动产权属状况、权利限制情形、物理空间属性、规划合规性及法律合规性等核心要素，运用大数据、人工智能等技术手段强化数据比对与智能校验，实现核心信息精准核验、全程可溯，为不动产交易、登记、监管及政务服务提供坚实支撑，切实保障交易安全、提升治理效能。为政务审批、金融风控、司法处置、市场交易及社会公众提供权威、便捷、安全的核验服务，提升不动产治理规范化水平，保障交易安全，优化公共服务效能，推动不动产领域治理能力现代化。,2026-03-18 12:09:02,2026-06-05 18:31:06,2026-03-18 12:09:30,0,false,https://dibj.cn/portal/api/common/calling/page?tableCode=SETTLED_PROJECT
146,SETTLED_PROJECT,创新服务-入驻项目,88,218,389,北京佳雪网络科技有限公司,北京旅行智能规划项目,一是整合北京市景区、博物馆、文化场馆、交通、住宿、气象、客流、公共服务等多类公共数据，完成数据治理、融合与标准化应用，形成支撑旅行智能规划的数据底座。二是开发智能行程规划、路线推荐、景点导览、客流提醒、文旅资讯查询等功能，为游客提供一站式、个性化、便捷化出行服务，降低出行决策成本。三是通过数据分析能力，为文旅管理部门提供客流监测、热点分析、运行研判支撑，提升城市文旅服务精细化管理水平。四是结合互联网销售、直播服务、本地生活服务，推动文旅资源与消费场景联动，助力文创产品、特色商品、本地服务推广，实现数字技术与文旅产业深度融合。五是构建安全、合规、可复用的公共数据应用模式，确保数据使用合法、脱敏、安全，打造可推广的智慧旅行服务样板。,"项目建成后，将形成一套完整的北京旅行智能规划服务能力，在产品、服务、经济与社会层面形成多项成果。
在产品成果方面，将建成北京旅行智能规划平台，实现景点查询、智能路线规划、实时客流提示、交通接驳推荐、文旅信息一键获取等功能；形成稳定的数据服务能力，可输出文旅热力分析、游客偏好分析、热门目的地监测等数据服务。
在服务成果方面，为游客提供更智能、便捷、安全的出行体验，减少拥堵、提升效率；为文旅商户提供精准流量与营销支持，带动曝光与转化；为管理部门提供数据决策依据，提升应急疏导、服务调度能力。
在经济成果方面，通过智能规划引导客流、促进消费，带动景区、餐饮、住宿、文创、特产等相关产业增长；依托平台开展文旅相关互联网销售、直播推广、品牌策划服务，形成可持续运营模式。
在社会成果方面，提升北京文旅数字化服务水平，塑造更优质的城市旅行形象；推动公共数据开放与社会化应用，让数据资源更好服务公众出行与产业发展；形成可复制、可扩展的智慧文旅模式，为后续区域拓展与功能升级奠定基础。
本项目以公共数据赋能智慧旅行，以技术创新提升服务品质，将有效推动北京文旅服务更智能、更便捷、更具吸引力，实现社会效益与经济效益协同提升。",2026-03-17 15:14:55,2026-06-05 18:31:06,2026-03-18 15:08:35,0,false,https://dibj.cn/portal/api/common/calling/page?tableCode=SETTLED_PROJECT
147,SETTLED_PROJECT,创新服务-入驻项目,90,211,359,北京上奇数字科技有限公司,数据驱动产业治理场景,"聚焦集成电路、数据两大重点产业，立足北京区域产业发展实际，以数据整合、分析、应用为核心，覆盖产业图谱构建、企业分布可视化、迁移动态监测、潜力企业培育、规上企业挖掘等全流程，打造精准化、智能化、高效化的产业治理解决方案。
服务对象主要包括北京市各级产业主管部门、园区管理机构、集成电路及数据产业相关企业、行业协会及科研单位；核心应用领域涵盖区域产业治理、园区招商运营、企业培育扶持、产业链协同发展等，助力实现产业治理从“被动响应”向“主动智能管理”的转变。
提供的服务内容具体如下：
(1)产业图谱构建：聚焦集成电路、数据两大产业，构建全方位、多维度的产业知识图谱，清晰呈现产业结构与发展脉络，为产业布局优化提供支撑。
(2)北京企业分布可视化：实现企业分布的地图化、可视化展示，精准呈现企业在北京市各辖区、街道的分布数量、密度及核心集聚区域，直观反映产业空间布局特征，辅助主管部门掌握产业分布态势。
(3)企业迁移监测：实时跟踪北京区域内两类产业企业的迁入、迁出动态，提前预判产业变动风险，为产业招商补位、区域产业结构优化提供及时的数据支撑，缩短治理决策反应时间。
(4)潜力高企培育：构建潜力企业评价指标体系，建立潜力企业培育台账，为企业扶持政策制定、精准培育提供靶向支撑。
规上企业挖掘：精准挖掘符合规模以上企业标准的企业，及时补充规上企业名录；同时监测企业退规风险，助力主管部门实现规上企业“应统尽统、动态管理”，夯实产业经济统计基础。","本场景落地应用以来，已形成显著的应用产出与多元价值，有效破解了传统产业治理的痛点难点，实现了产业治理效能的全面提升，具体应用效果如下：
1. 应用产出情况
成功构建完成集成电路、数据产业两大重点产业图谱，梳理集成电路产业链100余个细分领域、数据产业5大核心领域，收录上下游关联企业超2万家；实现北京区域内两类产业企业分布的全景可视化呈现，精准标注企业分布点位2万余个，搭建企业迁移监测模型，累计监测企业迁移动态300余次；建立潜力高企培育台账，筛选出集成电路、数据产业潜力企业60余家；为产业治理提供了坚实的数据支撑与决策依据。
2. 社会效益
一是提升产业治理现代化水平，打破传统产业治理“经验决策”的局限，通过数据精准赋能，实现产业态势精准感知、企业动态实时掌握、政策扶持靶向落地，推动产业治理从“模糊定性”向“精准定量”转变，助力北京市集成电路、数据产业高质量发展。二是优化产业空间布局，通过企业分布可视化与迁移监测，清晰掌握产业集聚特征与变动趋势，辅助主管部门优化产业园区布局、完善产业配套设施，促进产业集聚效应形成，推动集成电路、数据产业形成协同发展的良好生态。三是强化企业培育扶持效能，通过潜力高企挖掘与规上企业动态管理，助力主管部门精准识别培育对象，优化扶持政策，培育一批具有核心竞争力的优质企业，带动产业创新能力提升；同时为企业提供产业图谱查询、产业链协同等间接服务，助力企业精准对接上下游资源，降低发展成本。四是为全国数据驱动产业治理提供可复制、可推广的实践经验，尤其为核心城市重点产业治理提供参考范式，推动产业治理数字化转型。
3. 经济效益
一是降低产业治理成本，通过智能化数据监测与分析，替代传统人工摸排、纸质统计等低效方式，减少人力、物力、时间投入，预计降低产业主管部门企业管理、产业监测相关工作成本60%以上，提升治理效率。二是助力产业提质增效，通过产业图谱梳理产业链薄弱环节、挖掘企业关联价值，推动产业链上下游协同，促进技术、人才、资金等资源优化配置，助力集成电路、数据产业企业提升经营效率，预计带动相关企业营收平均增长10%-15%。三是优化招商与培育效能，通过潜力高企挖掘、规上企业培育，助力园区精准招商、定向培育，吸引优质企业入驻，扩大产业规模，增加税收贡献；同时通过企业迁移监测，助力主管部门及时调整招商策略，提升招商成功率",2026-03-10 11:52:14,2026-06-05 18:31:06,2026-03-10 15:46:37,0,false,https://dibj.cn/portal/api/common/calling/page?tableCode=SETTLED_PROJECT
148,SETTLED_PROJECT,创新服务-入驻项目,91,210,313,北京羽乐创新科技有限公司,号码智能识别核心能力建设与价值挖掘项目,"本项目围绕陌生号码智能识别核心，结合不同服务对象的需求，提供全方位、差异化的服务内容，既解决基础识别需求，也支撑深度数据应用，具体包括以下四大类：
1. 基础陌生号码识别服务：核心是弥补自有数据局限，整合多渠道合规数据，为各类服务对象提供精准的陌生号码识别功能。号码属性查询（号码归属地、使用主体、关联场景等）、风险等级判定（区分低/中/高风险陌生号码），同时支持识别结果实时更新，保障识别准确率。
2. 差异化定制识别服务：针对不同服务对象的个性化需求，提供定制化的识别解决方案。例如，为个人用户提供个性化拦截设置（可自主设置识别灵敏度、拦截范围）；为企业用户提供客户号码识别适配（快速匹配陌生来电客户信息、标注客户来源）；为政务机构提供政务号码专属标注（突出政务标识，提升群众识别度）；为行业合作方提供API接口对接，将识别能力嵌入其自有产品（如手机系统、通讯APP）。
3. 数据支撑与挖掘服务：基于智能识别积累的标准化、多维度号码数据，为服务对象提供深度数据支撑服务。具体包括：号码数据批量查询、号码标签定制（根据需求新增场景化标签）、数据统计分析（如陌生号码呼叫频次、类型分布、区域分布等），助力服务对象构建用户画像、研判行业趋势、优化服务流程，充分释放数据价值。","本项目聚焦陌生号码识别服务升级与数据价值释放，立足个人、企业、公共服务多层面需求，产生显著的正向社会效益，助力提升通讯环境质量和社会治理效能：
1. 净化通讯环境，保障用户权益：通过精准识别骚扰、诈骗类陌生号码，有效降低用户被骚扰、被骗的概率，减少通讯诈骗案件发生，保护个人财产安全和通讯体验，提升全民通讯安全感；同时减少垃圾短信、骚扰呼叫对公众生活的干扰，营造健康、有序的通讯环境。
2. 助力社会治理，提升防控效能：为公安、反诈等部门提供精准的风险数据支撑和识别技术支持，助力快速排查诈骗号码、追踪违规联络行为，提升通讯诈骗打击效率；为政务、医疗、教育等公共服务领域提供号码标注服务，方便群众识别官方联络渠道，拉近政企、政民距离，提升公共服务获得感。
3. 规范市场秩序，优化营商环境：帮助企业规范营销触达行为，区分正常客户联络与骚扰营销，减少不合规营销对消费者的干扰，同时助力企业防范合作方号码风险，降低商业诈骗隐患，推动通讯相关行业规范化发展；通过数据支撑助力中小企业优化客户管理，提升服务能力，促进中小企业健康发展。
4. 推动技术普惠，提升全民素养：将智能识别技术嵌入各类常用通讯终端和服务场景，让全民便捷享受精准识别服务，降低普通用户应对陌生号码风险的门槛；同时通过风险预警数据推送、反诈知识联动传播，提升全民反诈意识和通讯安全素养。
5. 完善数据生态，助力数字转型：弥补自有数据资源局限，丰富陌生号码数据体系，推动数据合规共享和高效利用，助力数字政务、数字企业、数字民生建设，为全社会数字化转型提供基础数据支撑；同时推动智能识别技术与黄页查询、智能体等场景的融合，拓展技术应用边界，助力智能化服务普惠。",2026-03-02 17:02:08,2026-06-05 18:31:06,2026-03-03 17:28:24,0,false,https://dibj.cn/portal/api/common/calling/page?tableCode=SETTLED_PROJECT
149,SETTLED_PROJECT,创新服务-入驻项目,42,207,357,东方微银征信服务（大连）有限公司北京分公司,企业综合信用画像评价,"随着金融与商业场景中对信用评估的需求日益增强，传统征信体系覆盖范围有限，难以满足小微企业与新经济主体的信用服务需求。“信用+”场景通过整合多源数据，构建企业信用画像，为金融机构、商业合作方等提供可信的信用评估与决策支持。
1.具体解决的痛点问题：
信息不对称：小微企业、个体工商户等缺乏完整信贷记录，金融机构难以准确评估其信用状况。
传统征信覆盖不足：多数新经济主体、轻资产企业无法纳入传统征信体系，融资门槛高。
风险识别滞后：依赖单一财务或借贷数据，无法实时反映企业经营与信用变化。
评估成本高：金融机构尽职调查耗时耗力，难以实现高效批量审批。
2.服务对象：
金融机构（银行、小贷公司、保理公司等）
商业合作方（供应链核心企业、平台企业、加盟商等）
政府相关部门（中小企业服务平台、市场监管机构等）
小微企业、个体工商户、新经济主体（如网店、自由职业者等）","1. 应用产出情况
已利用工商、司法、知识产权等基本企业公开信息，形成基础企业评价模型以及应对不同需求场景的评价方法。
2.社会效益
提升小微企业融资可获得性，助力实体经济发展。增强新经济主体信用可见度，支持创新创业与灵活就业。推动社会信用体系建设，营造诚信经营环境。促进金融机构普惠金融服务拓展，覆盖更多长尾客户。
3.经济效益
降低金融机构坏账率，通过多维数据交叉验证提升风险识别精度。提升信贷审批效率，实现部分流程自动化，减少人工干预与成本。
帮助商业合作方优化供应链管理，减少交易风险与违约损失。助力企业凭借信用资产获得更低成本融资与更多商业机会。",2026-02-27 11:04:19,2026-06-05 18:31:06,2026-04-16 14:33:44,0,false,https://dibj.cn/portal/api/common/calling/page?tableCode=SETTLED_PROJECT
150,SETTLED_PROJECT,创新服务-入驻项目,92,206,355,北京交研智慧科技有限公司,城市公交线网优化及客流预测服务,在既有刷卡客流之外，引入手机信令形成全人群、全方式的出行需求底图，识别真实高需求走廊与公交服务薄弱区。面向公交交通线网规划部门，提供线路新增/延伸/撤销与走向优化建议、快慢线与区间车组合方案，以及分走廊的车型与配车数配置建议，并给出覆盖人口、通勤承接量等量化评估结果，以及高峰加密、平峰均衡、夜间保底与活动日临时加车等排班建议。通过数据场景验证和应用，可为城市公共交通相关企业提供线网优化、客流预测、精准排班、运力精准投放等优质服务，促进城市公共交通供需平衡，通过大数据赋能城市公共交通运营企业，提升公共交通运行效率，有效降低因出行需求掌握不准导致的公共交通资源浪费。,1、公交线网优化：社会效益：提升市民出行的便捷性与高效性，系统性重构公交网络，有效填补新建居民小区、学校等区域的服务空白；加强高铁站、火车站等交通枢纽之间的连接，促进城市空间拓展与人口导入。经济效益：通过精简线路数量、缩短总里程，实现公交网络“瘦身”提质，降低无效运营成本；优化资源配置，提高车辆利用率和运营收益。2、公交客流预测与班次排班：社会效益：精准掌握不同区域、时段的出行需求，有效缓解学校周边等区域的交通拥堵；提升公交准点率与乘客满意度，为市民提供更加舒适、安全的出行体验。经济效益：实现运力投放的精细化与均衡化，降低运营成本；通过优化大小车联排等调度手段，提高车辆满载率，增加运营客流量与收益。,2026-02-26 10:39:13,2026-06-05 18:31:06,2026-02-28 17:02:49,0,false,https://dibj.cn/portal/api/common/calling/page?tableCode=SETTLED_PROJECT
151,SETTLED_PROJECT,创新服务-入驻项目,93,205,350,北京智能决策医疗科技有限公司,中国慢性鼻窦炎伴有鼻息肉手术患者的人口统计学、临床和治疗特征：一项回顾性真实世界研究,慢性鼻窦炎伴有鼻息肉（CRSwNP）主要是一种 2 型炎症性疾病，可显著降低患者的生活质量（QoL），并带来沉重的医疗负担。在中国，估计有超过1亿人受到慢性鼻窦炎（CRS）影响，其中 CRSwNP 代表了一种临床上重要且通常更严重的亚型。与CRS不伴鼻息肉（CRSsNP）的患者相比，CRSwNP患者通常症状更严重，QoL受损程度更大，通常需要额外治疗和频繁就诊，给患者和医疗系统带来了沉重的经济负担。CRSwNP 也常伴发合并症。与未伴合并症的患者相比，伴有 2 型炎症性呼吸道疾病和合并症的患者症状更严重，加重率更高，住院时间更长，医疗费用也更高。特别是伴有哮喘或过敏性鼻炎（AR）的 CRSwNP患者预后更差，复发率更高。虽然内镜鼻窦手术（ESS）可以减少医疗资源的利用，但 CRSwNP 的复发性通常需要长期治疗，这进步加重了经济负担。为了填补这些知识空白，本研究旨在使用中国的真实世界数据库，提供中国CRSwNP 手术患者的疾病负担、治疗模式和特征的真实世界证据。目的是分析手术患者人群的人口统计学、合并症、疾病负担和治疗模式，并探索中国临床环境下治疗 CRSwNP 的情况。,探索全身激素在 CRSwNP 手术患者中的真实世界使用情况；探索 CRSwNP 手术患者的真实世界患者特征、治疗模式和疾病负担；探索 CRSwNP 手术患者再次手术的发生情况；探索疾病严重程度评估工具在 CRSwNP 手术患者中的真实世界使用情况；探索 CRSwNP 手术患者的生物制剂治疗模式；按生物制剂治疗状态探索 CRSwNP 手术患者的激素使用模式；探索 CRSwNP 手术患者的全身激素相关不良结局，最终的产出希望发表在主流期刊中，用于指导临床医生的工作及为中国 CRSwNP的改善提供相关证据支持。,2026-02-11 16:23:00,2026-06-05 18:31:06,2026-02-28 16:58:39,0,false,https://dibj.cn/portal/api/common/calling/page?tableCode=SETTLED_PROJECT
152,SETTLED_PROJECT,创新服务-入驻项目,95,204,340,北京认知洞察科技有限公司,12345数据创新应用,基于认知洞察公司的核心专利技术——《一种基于细颗粒度情感划分的情感数据资产化方法和系统》，使用细颗粒度情感人工智能垂类大模型对12345数据进行公众情感认知衍生化，形成数据资产“12345情感认知衍生数据资产”；对12345情感认知衍生数据进行创新应用，形成数据产品和数据分析报告，针对拉动内需、消费提振的痛点问题，通过人工智能技术与消费心理认知模型的深度融合，提供智能化的消费提振策略数据要素支持，辅助科学决策，助力消费市场的精准激活与高质量发展。本项目适用于提振消费政策制定相关的党政机关各个部门，包括发展改革委、商务局、文化和旅游、民政、教育、市场监管等。,产出两类重要成果：1.12345情感认知衍生数据资产。对12345接诉即办内容的自然语言文本，通过智能化的数据抓取、清洗和结构化处理，构建多维度、跨语言的消费心理认知衍生数据。实现数据要素的高效提炼和复用，形成高质量数据集，实现“12345情感认知衍生数据资产”登记认定。2.数据创新应用产品。基于“12345情感认知衍生数据资产”，结合多源数据挖掘分析，以数据统计、分析报告等形式的数据成果，服务商务局、文化和旅游等各政府部门，辅助决策。后续可以实现不同行业领域拓展，在不同应用场景的定制化使用，在数据要素利用过程中不断提升数据资产价值。,2026-02-10 15:57:13,2026-06-05 18:31:06,2026-02-10 16:03:31,0,false,https://dibj.cn/portal/api/common/calling/page?tableCode=SETTLED_PROJECT
153,SETTLED_PROJECT,创新服务-入驻项目,94,203,345,华信永道（北京）科技股份有限公司,住房公积金业务数据赋能金融行业应用项目,"本项目以“安全合规为底线、数据价值为核心、场景适配为导向、服务高效为目标”，聚焦公积金数据要素的合规运营与金融场景赋能，明确以下五大建设目标：
1.安全合规目标：构建“数据可用不可见”全流程安全体系
  建立符合《中华人民共和国数据安全法》《中华人民共和国个人信息保护法》及公积金数据管理相关规定的安全研发标准，实现数据采集、加工、存储、传输、使用全环节的安全管控；
  研发数据脱敏、隐私计算（如联邦学习、差分隐私）、权限精细管控等核心技术模块，确保公积金业务明细数据“加工不泄露、使用可追溯、风险可防控”，满足金融行业高合规要求。
2.数据要素化目标：形成标准化公积金数据要素体系
  完成公积金核心业务数据（如缴存明细、提取记录、贷款信息等）的结构化加工，梳理数据口径、清洗数据质量、规范数据标签，形成可复用、可组装的企业/个人公积金数据要素库；
  实现数据要素与金融业务场景的适配映射（如信贷风控、信用评估、产品定价等场景），确保数据要素的适用性与准确性。
3.产品支撑目标：搭建灵活高效的数据产品管理平台
  研发数据产品管理核心功能模块，支持基于数据要素库的产品快速组装，实现金融场景用数需求的敏捷响应（如定制化数据报告、实时查询接口、批量分析数据集等产品形态）；
  建立数据产品全生命周期管理能力（包括产品设计、发布、迭代、下线、风控监测），保障数据产品的合规性与可用性。
4.服务对接目标：构建多维度用数机构服务体系
  研发服务管理与机构对接模块，支持对不同用数机构（银行、保险、消费金融公司等）的差异化服务配置（如权限分级、接口适配、计费管理）；
  实现用数机构的全流程服务支撑（机构注册、资质审核、需求提报、产品订阅、服务调用、数据反馈），保障对接效率与服务稳定性。
5.价值赋能目标：实现数据价值与业务生态双提升
  为金融机构提供低成本、高合规的公积金数据支撑，助力其优化信贷风控模型、提升产品创新效率、降低业务运营成本；
为公司积累公共数据授权运营的核心技术（数据安全加工、产品化组装、机构服务对接）与行业经验，奠定在公共数据运营领域的技术壁垒与市场优势。","1.产品落地成果：建成“数据层－技术支撑层－平台层－应用层－监管层”五层架构公共数据运营系统，落地隐私计算、数据要素加工、数据产品组装、监管存证四大核心能力，形成可直接复用的公积金数据运营产品体系。
2.运营赋能成果：完成≥5家金融机构对接，助力合作机构风控效率与普惠覆盖能力显著提升，形成可复制的“政务数据－金融赋能”落地模式。
3.价值沉淀成果：输出《公积金数据脱敏规范》《公积金数据要素定义与编码规范》《公积金数据要素运营安全规范》3项规范，技术架构可延伸至社保、个税等政务数据领域，打造公积金数据安全运营示范案例。",2026-02-09 16:22:11,2026-06-05 18:31:06,2026-02-26 10:46:11,0,false,https://dibj.cn/portal/api/common/calling/page?tableCode=SETTLED_PROJECT
154,SETTLED_PROJECT,创新服务-入驻项目,96,199,339,北京航空航天大学,数据12345：多智能体协作的跨部门数据检索,"本项目旨在破解传统政务数据跨部门整合中""全量集中难实现、专业壁垒难突破""的困局，构建基于大模型智能体（Agent）协作的新型数据按需整合体系。通过在各业务部门部署面向专有业务的垂类政务大模型，深度承载各部门业务规则、数据语义及使用场景的理解能力，实现专业数据的专业化处理；由政数局构建跨部门""数据垂类大模型""，系统掌握全域数据资源的分布图谱、权责边界与访问路径，承担统一需求入口与协同调度中枢职能。两大模型体系通过Agent to Agent（A2A）协议实现智能协作，形成""政数局统筹调度、业务部门专业处置""的分工格局，以逻辑层面的智能撮合替代物理层面的数据汇聚，在保障数据主权与专业性的前提下，构建起不缺位、不越位的跨部门数据协作新机制。","项目将建成以大模型为技术底座的""AI政府""数据治理新范式，形成类似""12345政务服务热线""的数据智能服务体系。政数局数据垂类大模型成为全市政务数据的统一智能入口，使用方无需了解底层系统架构即可提出数据需求；通过智能解析与能力匹配，自动将数据任务分发至对应业务部门垂类模型，由专业模型完成本域数据处理并返回结果，实现""数据可用不可见、服务可享不汇聚""的安全高效协作。最终形成全域数据资源的动态能力图谱与智能调度平台，显著提升跨部门数据协同效率与数据要素价值转化能力，为城市数字化治理提供可扩展、可持续的智能化基础设施，推动政务数据从分散割据向协同共治的根本性转变。",2026-01-30 14:30:06,2026-06-05 18:31:06,2026-01-30 16:41:14,0,false,https://dibj.cn/portal/api/common/calling/page?tableCode=SETTLED_PROJECT
155,SETTLED_PROJECT,创新服务-入驻项目,97,196,313,北京羽乐创新科技有限公司,羽乐科技用户画像与风险管理,"1、金融赋能类（合规助力金融服务，降低风险）
（1）普惠金融信用评估
服务对象：持牌金融机构，如银行、消费金融公司等。
应用场景：金融机构在信贷审批场景，通过授权获取借款人脱敏数据，交叉验证借款人收入稳定性（社保公积金缴费连续→收入稳定）、居住稳定性（户籍/居住证年限→还款意愿强），构建轻量级信用模型。
应用价值：为无征信记录、无抵押物的小微企业主、个体工商户、普通工薪族提供低门槛贷款，避免过度依赖传统征信，助力普惠金融落地。
（2）信贷风险动态监测
服务对象：持牌金融机构，如银行、消费金融公司等。
应用场景：金融机构在贷款发放后，为了及时识别借款人偿还能力风险，通过实时监测用户社保公积金缴费状态（突然断缴可能预示收入危机）、是否频繁与催收号码联系，提前预警逾期风险。
应用价值：金融机构可针对性开展风险干预（如调整还款计划），降低不良贷款率，同时避免用户因突发状况陷入债务困境。
2、诈骗防范类（精准识别风险，提前预警拦截）
（1）金融转账诈骗拦截
服务对象：各类银行金融机构。
应用场景：银行用户发起大额转账时，银行反诈系统先比对其近1-3小时通话记录与欺诈电话对象频率建模生成的高危号码库。再结合公交地铁/网约车/停车缴费记录获取的实时位置（是否在陌生高危区域），以及户籍对应的年龄/职业易受骗画像，进行三重风险校验。设想按“单一风险→提醒、两项匹配→二次验证、三项叠加→拦截”的规则，精准管控转账风险。
应用价值：银行机构在用户资金划出前阻断诈骗行为，减少用户财产损失，比事后追溯更高效。","1. 破解“融资难”，公平惠及小微企业：打通信息壁垒，为缺乏传统抵押物的小微企业建立可信的“数字信用”。
2. 提升融资体验与可得性：实现“数据多跑路，人员少跑腿”，让贷款申请从“月”级缩短到“天”甚至“秒”级。
3. 培育社会诚信体系：将社保、纳税等数据转化为可用的信用资产，激励企业守法诚信经营。
4. 构筑“事前预警”防线，守护群众财产安全：通过数据分析模型，在诈骗发生或进行中即发出预警并介入。
5. 实现精准宣传与靶向治理：对信用或风险等级不同的区域/人群采取差异化的宣传和管控策略。
6. 形成社会协同共治合力：推动金融、通信等部门数据共享与联合惩戒
",2026-01-16 10:16:13,2026-06-05 18:31:06,2026-01-16 11:10:35,0,false,https://dibj.cn/portal/api/common/calling/page?tableCode=SETTLED_PROJECT
156,SETTLED_PROJECT,创新服务-入驻项目,98,195,330,北京数据先行区服务有限公司,车险风险优化评估项目,"通过引入授权开放的北京市公共数据，通过多维度信息，充分分析和定量市内所有车辆的分险别风险。
对低风险车主进行更为合理的保费报价，对于少数甄别出的高风险进行保费提价的同时，通过实时数据进行有效的风险行为提示预警，从而达到风险减量，使其实现续保时的保费下降。
1、通过人、车、用、路的信息，综合量化评估市内车辆的风险水平及差异；
2、对市内每辆车进行报价方案推荐。包括预测车辆使用类型推荐，以及相应的风险成本预估。
3、对低风险客群推荐更优的保费水平；
4、对高风险保费提价的客群进行高频数据监控，并给出风险减量建议，实现续保时点风险及保费双降；
5、在保费及风险更合理匹配下，推荐提高商业险投保率及保障额度，从而提高市内整体的风险保障水平，放大保险效应。","1、应用产出情况
风险评估成果：形成基于“人+车+路+用”多维数据的北京市车辆分险别风险量化评估体系，可精准呈现全市车辆风险水平及个体差异，为风险识别提供数据支撑。
定价与方案产出：生成适配每辆车的个性化报价方案，明确车辆使用类型预测结果及对应风险成本预估，实现低风险客群最优保费匹配与高风险客群差异化定价。
风险管控工具：搭建高风险客群高频数据监控机制，配套输出风险减量建议，助力实现高风险客群续保时点风险与保费双降的管控目标。
保障提升成果：形成商业险投保率及保障额度优化建议，推动区域车险保费与风险合理匹配，提升北京市整体车险风险保障水平，放大保险核心效应。
2、经济效益及社会效益
利用基于车牌号的数据预填，简化投保流程，提升报价速度和转化率。
利用从人、从车风险评分，优化核保政策，控制赔付率的同时增长保费。
利用理赔反欺诈评分，降低赔付成本，提升绝大多数没有欺诈风险的消费者的理赔体验。
参与行业互助定价模型，携手其他中小保险公司提升风险定价能力，避免在即将来临的商车费改中被逆选择。",2026-01-13 13:10:26,2026-06-05 18:31:06,2026-01-13 14:20:22,0,false,https://dibj.cn/portal/api/common/calling/page?tableCode=SETTLED_PROJECT
157,SETTLED_PROJECT,创新服务-入驻项目,99,189,282,北京金融大数据有限公司,企业信息报告,以健全的小微企业信息征集、评价与应用机制，整合公共信息和社会商业信息，为金融机构、商业企业提供企业信息查询、企业报告等风险预警等和风控服务；,提升中小微企业金融服务的可得性和融资效率，全面支持中小微企业健康持续发展，降低小微企业融资中的信用风险问题，大幅推进普惠金融服务，为智金融服务创新变革奠定核心基础。,2025-12-30 16:08:21,2026-06-05 18:31:06,2025-12-30 17:59:53,0,false,https://dibj.cn/portal/api/common/calling/page?tableCode=SETTLED_PROJECT
158,SETTLED_PROJECT,创新服务-入驻项目,27,188,223,北京易智时代数字科技有限公司,交通数据助力高价值车辆理赔反欺诈,"利用交通数据，解决保险行业在高价值车辆理赔过程中面临的骗保难题。本项目建设内容借鉴了易智时代与成都某交通集团数据要素开发利用项目中孵化的数据应用创新场景，该集团业务指导单位为成都市交通运输局。
该集团通过前端感知设备（雷达和摄像头）全天候采集道路交通信息如车辆流量、速度、车牌号等原始数据，数据通过专网传输至后台服务器，进行结构化处理生成标准化的交通运行数据。
保险行业对于承保车辆有风险评估和索赔调查的数据需求。例如索赔调查中对案件笔录的核对验证、天气环境情况、交通状况等数据需求。
基于公共数据不出域的要求，通过将保险公司模型内置在交通专网的方式，将源数据转化为具体的指标，用以指导保险公司风险评估和索赔调查业务。
目前本数据应用创新场景已经与国寿保险达成合作意向，双方在确定模型需要纳入的源数据字段、明确指标定义。","项目的预期经济效益和社会效益如下：
一、经济效益
以往保险公司对于疑似骗保的理赔案件，主要通过委托咨询公司调查的方式还原事情经过，咨询公司收取的费用通常为理赔额度的20%，根据博研咨询公布的数据，2025年中国保险欺诈调查行业市场规模160亿，
通过本项目，可以将保险公司案件调查费用下降到理赔额度的2%~10%，以国寿保险为例，根据往年理赔情况测算成都某集团数据服务年收益可达50万元，考虑到与其他保险公司的潜在合作机会，预计每年总收益可达500万元。
二、社会效益
车辆骗保行为在保险行业屡禁不止。2024年成都仅国寿保险一家调查确认的高价值车骗保案件就有100多件，通过传统委托咨询公司调查的方式，存在高投入与低覆盖问题，由于调查费用高昂，小额案件被迫放弃；另外易受时效性制约，调查周期长与理赔时限短的冲突明显；此外还有独立性风险，咨询公司调查员容易妥协勾结导致调查失效。
交通数据为解决高价值车辆理赔反欺诈提供了新路径。在大幅降低保险公司费用的前提下，通过数据验证案件笔录，以数据打击骗保行为，有效破解“骗保核查难”等社会治理难题，推动行业诚信体系建设。",2025-12-22 19:05:59,2026-06-05 18:31:06,2026-04-24 15:58:01,0,false,https://dibj.cn/portal/api/common/calling/page?tableCode=SETTLED_PROJECT
159,SETTLED_PROJECT,创新服务-入驻项目,100,187,226,人民大学,基于城市大数据的城市治理各类问题探究,通过gis空间分析，统计分析等科研方法，结合城市各类政务大数据，挖掘各类城市治理与城市病问题可能的成因，并形成研究报告，提出相应问题的解决策略。,"研究报告1份
研究论文若干篇",2025-12-08 15:09:37,2026-06-05 18:31:06,2025-12-08 00:00:00,0,false,https://dibj.cn/portal/api/common/calling/page?tableCode=SETTLED_PROJECT
160,SETTLED_PROJECT,创新服务-入驻项目,101,183,207,北京数据向量科技公司,数智北京·花乡花木精准赋能平台,为加快推进公共数据要素价值释放，数智北京创新中心近期聚焦“数据赋能产业升级”主线，联合行业领军企业探索公共数据融合应用场景。例如，北京花乡花木集团结合自身业务需求，提出融合政府公共数据与企业数据的创新思路：通过融合政府层面的全市家庭人口、收入水平、年龄分布、空间地图等数据，美团平台的花店消费热力分布数据，以及花乡花木集团的自有经营数据，构建多维度智能选址模型，精准识别潜在高需求区域，构建智能选址模型，精准识别潜在高需求区域，有效提升花店布局效率和市场覆盖率。,该模式不仅助力企业降本增效，也为花卉产业资源优化配置提供科学支撑。未来，创新中心将持续深化“公共数据+行业应用”融合创新，推动数据要素在更多垂直领域落地生根，助力构建首都高质量发展新格局。,2025-12-01 15:44:45,2026-06-05 18:31:06,2025-12-01 00:00:00,0,false,https://dibj.cn/portal/api/common/calling/page?tableCode=SETTLED_PROJECT
161,SETTLED_PROJECT,创新服务-入驻项目,102,182,208,北京新材道数智科技有限公司,材宝智能选材大模型,研发智能选材大模型，帮助企业实现一键智能化选材，缩短选材周期，降低选材成本，提升产业链协同效率，助推材料产业数智化升级。,缩短选材周期30%，降低选材成本50%，产业链协同生产效率提升20%,2025-11-27 15:12:03,2026-06-05 18:31:06,2025-11-27 00:00:00,0,false,https://dibj.cn/portal/api/common/calling/page?tableCode=SETTLED_PROJECT
162,SETTLED_PROJECT,创新服务-入驻项目,103,181,206,中信银行股份有限公司,易贷数智,依托机器学习、知识图谱、隐私计算等技术，通过数据要素驱动，支撑产品、风控、服务创新，通过“线上化-数据化-智能化”三步走，构建中信易贷数智服务体系。,提升普惠法人贷款余额，增长有贷户，提升本溪回收率，提升小微企业的金融可得性。,2025-11-27 15:06:30,2026-06-05 18:31:06,2025-11-27 00:00:00,0,false,https://dibj.cn/portal/api/common/calling/page?tableCode=SETTLED_PROJECT
163,SETTLED_PROJECT,创新服务-入驻项目,104,180,205,四川久远银海软件股份有限公司,基于精准画像的养老政策智能匹配与服务推送机制,基于精准画像的养老政策智能匹配与服务推送机制,基于精准画像的养老政策智能匹配与服务推送机制,2025-11-27 14:47:19,2026-06-05 18:31:06,2025-11-27 00:00:00,0,false,https://dibj.cn/portal/api/common/calling/page?tableCode=SETTLED_PROJECT
164,SETTLED_PROJECT,创新服务-入驻项目,105,176,123,京东科技信息技术有限公司,京东创新智能创新,京东创新智能创新，通过政务数据和便民服务更好的进行本地化服务,便民服务,2025-11-18 18:15:29,2026-06-05 18:31:06,2025-11-18 00:00:00,0,false,https://dibj.cn/portal/api/common/calling/page?tableCode=SETTLED_PROJECT
165,SETTLED_PROJECT,创新服务-入驻项目,106,169,176,北京蚂蚁密算科技有限公司,蚂蚁秘算数据创新项目,通过参与创新中心组织的公共数据资源价值梳理与场景应用开发工作，积极参与北京打造数据要素“一区三中心”、建设全国改革标杆的战略行动。,在城市治理、医疗健康、金融服务、文化旅游等关键领域，设计不少于10个创新场景应用。,2025-11-17 13:40:31,2026-06-05 18:31:06,2025-11-17 00:00:00,0,false,https://dibj.cn/portal/api/common/calling/page?tableCode=SETTLED_PROJECT
