序号,接口表名,数据类别,id,biz_unique_id,scene_name,scene_open_dept,scene_batch,scene_summary,scene_status,scene_innovation_demand,scene_type,contact_user,phone,email,create_time,update_time,data_time,del_status,scene_range,favorited,来源接口
1,SCENE_DEMAND,创新服务-场景需求,191,1582,“两客一危一重”跨区域联合监管场景,通州区政务服务和数据管理局,通州区八月场景发布,1.围绕“两客一危一重”车辆跨区域联合监管业务需求，通过卫星定位监测、异常智能预警、跨区域信息同步、数据融合分析等技术，融合危险货物运输信息、营运车辆卫星定位数据、人车户基础信息、高速公路通行数据、省界公路交通情况调查统计数据，通过全口径运行状态实时监测、异常情况智能预警、违规行为跨区域溯源与信息同步方式，实现 “两客一危一重” 车辆跨区域全行程动态监管常态化。 2.利用跨区域营运OD空间分布研判，将监管从“被动执法”转向“主动预判、精准布控”，提升执法靶向性与打击效率。,“两客一危一重”车辆跨区域运营时，属地无法实现全行程动态监管，只掌握属地备案车辆运营数据，违规行为跨区域溯源难、横传处置慢。,实现“两客一危”运行状态实施监测、异常情况智能预警及违规行为跨区域溯源。通过融合卫星定位、危险品运单、高速通行及省界交通量等多源数据，打破数据壁垒，将监管视线延伸为“全行程无感续流”；创新性引入跨区域营运OD空间研判，将执法模式从“被动响应、随机撒网”升级为基于时空精准画像的“主动预判、靶向布控”，并辅以违规行为的跨域溯源与双向信息同步机制，最终实现静态许可底数在动态监管中“活化”利用，构建起覆盖“车籍地—途经地—目的地”全链条的常态化、预测式治理新范式。,3,于梁,010-69518123,ghjsk@bjtzh.gov.cn,2026-08-14 02:01:00,2026-08-14 02:01:00,2026-08-13 00:00:00,0,1,false,https://dibj.cn/portal/api/common/calling/page?tableCode=SCENE_DEMAND
2,SCENE_DEMAND,创新服务-场景需求,190,1583,出租网约跨区域联合监管场景,通州区政务服务和数据管理局,通州区八月场景发布,1.围绕出租网约车跨区域联合监管业务需求，通过卫星定位监测、OD路径分析等技术，融合出租车、网约车定位与订单数据、人车户基础信息、客运班车及公交运行指标数据，通过研判跨区域营运OD分布、强化三地非法营运联合监管方式，实现规范行业运营秩序、提升监管质效目的，并为公交规划与线路优化提供科学数据支撑。 2.在强化非法营运联合监管、规范运营秩序的同时，反向支撑跨区域公交规划、线路优化与接驳服务，实现“监管提质”与“公共交通优化”双向赋能，为跨区域客运线路定制、特色公交规划、公共交通衔接、出行接驳换乘服务等提供科学数据支撑；加强全域黑车、出租车、网约车非法营运联合监管力度，规范行业运营秩序，提升跨域监管质效。,跨区域黑车、非法运营网约车及出租车隐蔽性高、违法成本低、调查查处难，扰乱属地客运市场运行秩序。,通过卫星定位与OD路径分析融合多源数据，将网约车与出租车纳入统一监测体系，依托跨区域营运OD空间分布研判，实现从“被动接诉”向“主动溯源、精准打击非法营运”的转变，强化了三地协同联合监管力度。,3,于梁,010-69518123,ghjsk@bjtzh.gov.cn,2026-08-14 02:01:00,2026-08-14 02:01:00,2026-08-13 00:00:00,0,1,false,https://dibj.cn/portal/api/common/calling/page?tableCode=SCENE_DEMAND
3,SCENE_DEMAND,创新服务-场景需求,189,1584,国省干线事件协同处置场景,通州区政务服务和数据管理局,通州区八月场景发布,围绕国省干线跨区域协同管控业务需求，通过数据互通共享、拥堵风险研判、应急协同处置等技术，融合高速路况、交通事件、ETC 通行及省界交通调查数据，通过全域运行态势监测、重要节点疏堵保畅、跨区域应急联动与交通诱导方式，实现掌握全域交通运行状态、提升突发事件协同处置与跨域交通诱导能力的效果。,三地高速公路干线流量监测、施工、事故等信息同步滞后，管控不同步，跨区域疏堵和诱导协同联动不充分，极易引发漏斗式拥堵叠加，降低通行效率。,通过融合高速路况、ETC及省界交通调查等多源数据，构建跨区域“全域感知—联合研判—协同诱导”的一体化管控体系。变传统的“单点疏导”为跨域路径级动态分流，实现拥堵风险的提前预判与跨省应急联动，将被动应对转为跨区域主动防控与路网协同调度，全面提升省际干线保畅能力和跨域协同治理效能。,3,于梁,010-69518123,ghjsk@bjtzh.gov.cn,2026-08-14 02:01:00,2026-08-14 02:01:00,2026-08-13 00:00:00,0,1,false,https://dibj.cn/portal/api/common/calling/page?tableCode=SCENE_DEMAND
4,SCENE_DEMAND,创新服务-场景需求,188,1551,旅游团队行程智能监测与执法辅助场景,北京市文化市场综合执法总队,2026北京市智慧城市场景创新需求清单（第五批）,围绕旅游团队非现场监管和辅助执法业务需求，基于国产AI大模型，打造旅游信息主体台账、旅游团队核查和非现场检查功能模块，实现团队核查、团队车辆协同监管等功能扩展，支撑执法人员开展现场检查、非现场检查和辅助取证，提升旅游市场监管覆盖面、精准度和处置效率。,一、背景情况 随着旅游市场持续发展，违法违规行为更加复杂隐蔽，现场检查和非现场监管中难以及时掌握团队、车辆、人员、行程等动态信息，执法核查和取证难度加大，亟需依托国产化平台和信创运行环境，构建智能监测与执法辅助大模型，提升旅游市场监管智能化水平。 二、拟解决问题 1.旅游行业基础信息互通不足。团队、车辆、人员、行程等数据分散在不同系统，难以统一归集和动态掌握。 2.检查核实工作动态衔接不畅。团队实际运行轨迹、车辆停靠、行程偏离等信息难以及时比对分析，影响风险识别和执法研判。 3.现场检查与非现场检查效率有待提高。问题线索发现、任务派发、现场核查、证据留存和处置反馈衔接不够顺畅，影响监管闭环效能。,1.构建动态监管数据底座。围绕旅行团队监测核心业务场景，牵引文旅、交通数据融通应用，将旅游团队电子行程单、文旅行业台账、旅游客运车辆轨迹三类核心数据打通，构建动态监管“数据底座”，推动治理模式的跨领域一体化升级。 2.构建基于大模型的旅游团队智能监测能力。针对交通车辆数据复杂性强、时效性高、随机性大的特点，构建数据智能监测模型，对团队计划行程与车辆实际轨迹进行多源异构分析，动态识别行程偏差；对车辆行驶、停车等状态开展模型化研判，精准识别车辆行为、定位关键节点，标注重点关注行程点位。 3.构建轨迹监测语义化分析能力。全面接入国产AI大模型，对车辆行驶轨迹监测进行动态分析和语义化呈现，形成对车辆的行程分析、行驶轨迹呈现、团队行程统计、重点团队监测等可视化辅助功能。 ,3,菅茂生,18519302910,jianmaosheng@whsczfzd.beijing.gov.cn,2026-08-05 02:01:00,2026-08-05 02:01:00,2026-08-04 00:00:00,0,1,false,https://dibj.cn/portal/api/common/calling/page?tableCode=SCENE_DEMAND
5,SCENE_DEMAND,创新服务-场景需求,187,1574,基于数据互联和政企协同的养老综合服务场景,北京市民政局,2026北京市智慧城市场景创新需求清单（第五批）,聚焦养老数据合规流通、交易服务一体化的需求，打造线上线下一体的全流程养老综合服务线上智能体“京智养”，探索在依法合规、安全可控前提下，通过政企协作引入专业力量参与运营服务，实现“智能问题”“边问边办”，帮助老年人跨越数字鸿沟。 主要包括8类服务场景： 1.智慧助餐：线上点餐、送餐、支付结算、开具电子发票； 2.健康管理：电子健康档案、慢病管控、在线问诊、健康监测、异常预警； 3.机构养老：机构查询、床位智能推荐、VR看房、线上签约、监管公示； 4.居家照护：居家上门服务、专人照护、服务监督、紧急帮扶； 5.适老化服务：居家改造评估、定制改造、辅具租赁、补贴申报、售后维保； 6.医养结合：医疗机构数据互通、就医绿色通道、家庭医生、双向转诊、康复护理； 7.旅居养老：养老基地查询推荐、线上预订、跨区域养老互通、健康保障； 8.机构赋能：订单资源对接、补贴申报、人才培训、安全管理、人员监管。,一、背景情况 2023年，面向老年人和家属的养老服务网正式上线，集中提供养老机构、助餐点等官方信息查询功能，为养老服务供需对接搭建了基础窗口。随着首都养老服务便民需求与数字监管要求深化，现有平台在服务全链条闭环、数据共享利用等方面仍存在明显短板，制约了服务体验的进一步提升。 二、拟解决的问题 1.线上服务尚未闭环。现有平台仅提供信息服务，缺乏在线选餐、配送、结算及电子票据等一体化服务能力。 2.养老领域数据未充分释放。全市海量养老领域数据未充分社会化利用，数据惠民价值未释放。 3.当前运营模式与平台交易服务需求不匹配。受运营主体资质制约，无金融支付牌照，难以开展在线支付等功能，服务深度无法拓展，资源投入绩效不佳。,1.构建公共服务与市场运营双轨并行的运维模式。科学引入专业力量参与运营服务，分层解耦政务服务功能与市场化服务功能，形成权责清晰、边界明确的双轨协同格局，助力平台可持续运营。 2.依托可信数据空间构建养老数据政企流通机制。落实“原始数据不出域、可用不可见”原则，打通政务数据合规开放与社会机构运营数据有序回流链路；同时搭建基于回流数据的动态监管看板，实现全市养老服务动态监测、精准研判。 3.以AI智能体打造适老化极简操作体验。实现主动匹配服务需求、语音导办、一站式办事，降低老年人操作门槛；打破地域阻隔，实现养老服务“全程线上办”。,3,孟斯雨,13521760707,mengsiyu@mzj.beijing.gov.cn,2026-08-05 02:01:00,2026-08-05 02:01:00,2026-08-04 00:00:00,0,1,false,https://dibj.cn/portal/api/common/calling/page?tableCode=SCENE_DEMAND
6,SCENE_DEMAND,创新服务-场景需求,186,1575,“京智社管”智能体场景构建,北京市民政局,2026北京市智慧城市场景创新需求清单（第五批）,聚焦社会组织年检审核、风险监测与信用监管的效率提升，运用大模型与多源数据融合技术，构建“京智社管”智能体，集成年检智能审核、多源风险信息感知、信用风险分析等功能，提升登记管理机关监管效能和服务水平，为首都社会组织规范化建设提供智能化能力支撑。,一、背景情况 市民政局依托“智慧民政”一期工程，已建成综合业务监管、信用信息归集等系统平台，有效提升了登记管理机关监管能力。随着中央和北京市对综合监管体制、信用体系、风险监管等提出更高要求，现有系统在大数据和智能化应用方面仍有拓展空间。 二、拟解决问题 1.信息获取渠道有限。登记、年检、信用、风险等数据分散，难以全面、及时掌握社会组织动态。 2.高频业务智能化应用较弱。年检审核工具的智能化程度制约了监管覆盖面。 3.事前事中监管手段不足。现有系统以事后处置为主，主动预警能力亟待提升。,1.以大模型驱动年检“填报—审核—分析”全链智能化。实现年检材料自动预填、实时校验、动态提示风险；同步支持审核环节智能比对，一键生成社会组织跨年度发展报告。 2.构建社会组织运行态势多源感知能力。汇聚多源公开信息，智能识别与社会组织相关的异常经营行为与风险线索，提前研判并分级预警，将风险发现从接报响应提前至主动扫描。 3.打造社会组织全生命周期“数字体征”，以数据融合驱动精准决策。整合登记、年检、信用、执法等核心数据，构建社会组织运行画像与信用评价模型，支撑管理大脑中枢建设，实现全局统揽、精准服务、高效决策。,3,田山,010-55521993,tianshan@mzj.beijing.gov.cn,2026-08-05 02:01:00,2026-08-05 02:01:00,2026-08-04 00:00:00,0,1,false,https://dibj.cn/portal/api/common/calling/page?tableCode=SCENE_DEMAND
7,SCENE_DEMAND,创新服务-场景需求,185,1576,基于民政养老监管数据的养老金融数字信用评价体系建设,北京市民政局,2026北京市智慧城市场景创新需求清单（第五批）,围绕养老金融领域信用评价供给实际需要，融合养老机构服务监管数据，构建养老机构数字信用评价体系与全生命周期数字画像，推动监管数据从行业管理向金融服务、政策支持等领域延伸，为养老金融产品创新提供信用依据，促进公共数据价值释放和养老服务高质量发展。,一、背景情况 国家金融监督管理总局北京监管局、北京市民政局等5部门已联合印发《关于促进北京市养老金融高质量发展的指导意见》，要求加大金融机构对养老服务体系建设的资金支持。北京市“数据要素×”实施方案明确将培育养老金融服务模式列为重点方向。围绕养老机构非营利属性与评价模型结构，当前，民政部门已积累养老机构备案、等级评定、信用评价、运营监管等数据，但这些监管成果主要服务于行业管理，向金融服务等领域的延伸应用仍处于起步阶段。 二、拟解决的问题 1.传统授信模式难以满足养老机构日益增长的融资需求。金融机构缺乏反映养老机构真实经营能力、持续运营能力数据支撑，难以准确评估授信风险，制约养老金融产品创新与养老服务主体融资可获得性。 2.监管数据跨领域应用不足。养老机构星级评定、信用评级、风险评级等监管成果主要停留于行业管理层面，数据价值未向金融服务、政策支持等领域有效释放。,1.构建养老机构数字信用评价体系。融合民政监管数据与多源公共数据，建立养老机构数字画像与信用评价模型，形成统一、客观、动态的数字信用评价体系。 2.创新公共数据赋能养老金融模式。以养老机构信用评价结果强化金融机构授信决策数据支撑，支持养老金融产品创新，推动公共数据向信用价值、金融价值和产业价值转化。 3.推动民政监管成果跨领域共享应用。推动现有养老机构等监管成果多场景拓展，实现“一次评价、多元应用”，打通监管数据向信用价值转化链路。,3,孟斯雨,13521760707,mengsiyu@mzj.beijing.gov.cn,2026-08-05 02:01:00,2026-08-05 02:01:00,2026-08-04 00:00:00,0,1,false,https://dibj.cn/portal/api/common/calling/page?tableCode=SCENE_DEMAND
8,SCENE_DEMAND,创新服务-场景需求,184,1552,医疗器械产品规范命名与审评辅助大模型场景,北京市药品监督管理局,2026北京市智慧城市场景创新需求清单（第四批）,围绕医疗器械产品命名规范管理、企业合规申报和辅助审核需求，全面整合相关法规与标准文件、历史注册证名称、分类及审评规则等数据源，依托通用大模型底座和专属知识库，构建医疗器械产品命名大模型，实现命名规则统一归集、智能辅助规范命名和合规性辅助审核，规范企业申报行为，降低行业合规成本，探索智能审评体系建设实践路径。,"一．背景情况
当前医疗器械产品命名是产品准入、分类界定、注册申报及后续监管的核心统领要素。当前，命名规则复杂，企业容易因命名不规范，导致注册及临床等资料反复修改、注册周期拉长，注册成本增加等问题，亟需提升源头申报质量、统一审评尺度，建设智慧审评体系建设。
二、拟解决的问题
1.解决医疗器械产品命名相关法规、标准、指导原则和历史注册信息分散，规则查询、结构化管理和智能检索支撑不足的问题。
2.解决企业在产品立项和注册申报前缺少辅助命名、相似名称参考和合规风险提示，导致命名不规范的问题。
3.解决合规研判主要依赖人工查阅，审核效率不高的问题。
","1.首创医疗器械命名专用大模型。采用通用大模型底座+外挂专属知识库的轻量化技术路线，打造国内首个医疗器械产品命名专用大模型，并与品类划分评审模型形成互补，为智慧审评体系建设提供全新的模块化、组件化建设思路。
2.构建医疗器械命名规则数据集。将各级医疗器械产品命名法规、指导原则与历史注册证名称进行系统性归集，形成标准化命名规则数据集，为模型持续迭代优化提供数据支撑。",2,桑凌岳,18010288850,sanglingyue@yjj.beijing.gov.cn,2026-07-04 02:01:00,2026-07-04 02:01:00,2026-07-03 00:00:00,0,1,false,https://dibj.cn/portal/api/common/calling/page?tableCode=SCENE_DEMAND
9,SCENE_DEMAND,创新服务-场景需求,183,1556,面向城市治理场景的多源视频时空信息融合与智能分析创新（视频时空多源数据融合智能分析场景）,北京市大数据中心,2026北京市智慧城市场景创新需求清单（第四批）,围绕数字孪生城市治理，整合视频监控、地理地图、物联感知、政务业务四类数据，依托多源接入、时空融合、跨模态分析、地图联动可视化技术，统一数据语义标准。实现事件自动识别、目标全域定位、轨迹回溯、孪生地图联动研判，构建事前预警、事中处置、事后复盘一体化能力，提升多部门协同治理效率。,"一、背景情况
智慧城市海量视频、时空、物联数据爆发增长，但各系统独立建设形成数据烟囱，跨平台语义不互通，部门协同效率低；现有平台仅支持单一视频识别，缺少时空联动分析能力，项目定制化程度高、复用性差，治理效果无统一量化评测标准。
二、拟解决的问题
一是多源系统数据割裂，接入繁琐、无法协同；二是数据语义不统一，跨模态关联分析难度大；三是仅单点视频分析，缺失轨迹、空间联动实战能力；四是算法泛化弱、定制开发成本高；五是缺少统一治理效果量化评测体系。","1.视频与时空地理一体化融合算法，实现画面与孪生地图毫秒联动；统一跨模态语义对齐规范破除数据壁垒；通用自适应视觉模型降低场景定制开发量。
2.打通视频、物联、地图、政务数据孤岛，全域数据统一调度复用；从单一识别升级多维联合研判；建立行业统一智能治理效果量化评估标准。",1,李娜,010-55529760,lin@jxj.beijing.gov.cn,2026-07-04 02:01:00,2026-07-04 02:01:00,2026-07-03 00:00:00,0,1,false,https://dibj.cn/portal/api/common/calling/page?tableCode=SCENE_DEMAND
10,SCENE_DEMAND,创新服务-场景需求,182,1557,医疗敏感病历数据安全联合科研应用场景,北京数字认证股份有限公司,2026北京市智慧城市场景创新需求清单（第四批）,针对跨院病历联合科研需求，采用旁路部署、数据库透明加密、隐私计算、动态脱敏、全链路审计技术，融合多院诊疗隐私数据。原始数据不出院域，以 “可用不可见” 模式完成联合建模病理研究，无需改造医院存量系统，对内自动分级管控敏感数据、全程审计溯源，对外依托隐私计算交互模型参数，一站式实现医疗隐私数据安全共享与合规科研利用。,"一、背景情况
医疗临床数据是疾病研究核心资源，单院样本不足以支撑高精度科研，跨院协同需求迫切。但医疗数据受法规严格保护，传统集中共享泄露风险高；传统加密方案需改造老旧异构系统，改造成本、风险双高。行业面临科研需求、数据合规、系统改造三重矛盾，急需搭建数据本地留存、安全协同的数据治理体系。
二、拟解决的问题
一是传统加密需改造底层代码，医院异构系统改造周期长、成本高；二是安全工具零散，缺少统一合规管控手段；三是数据库明文存储数据，内部人员可直接访问，泄露风险高；四是数据分级依靠人工，加密策略分散无统一标准。","1. 旁路无感透明加密适配全量异构医院系统，零业务代码改造规避升级风险；打通隐私计算与数据库审计能力，存储、访问、跨域协同全流程可追溯，补齐医疗跨机构科研审计短板。
2.搭建医疗专属规则库自动识别分级病历数据，替代人工甄别；支持密文直接开展科研建模，全程不暴露原始明文，兼顾数据安全防护与科研分析效率。
3.摒弃集中汇聚式数据共享，构建数据本地留存、算力跨域协同、监管全程可视的新模式，实现医院自主管控、多方协同科研、监管统一审计三方安全闭环。",1,陈青民,13370111856,chenqingmin@bjca.org.cn,2026-07-04 02:01:00,2026-07-04 02:01:00,2026-07-03 00:00:00,0,1,false,https://dibj.cn/portal/api/common/calling/page?tableCode=SCENE_DEMAND
11,SCENE_DEMAND,创新服务-场景需求,181,1564,支持大规模、多参与方、复杂工艺、加工顺序灵活的可信数据空间，构建统一管理、复杂场景适配应用（多主体跨行业可信数据空间构建场景）,北京数据先行区服务有限公司,2026北京市智慧城市场景创新需求清单（第四批）,"面向跨行业多主体数据流通与场内交易，依托动态流程编排、分布式协同、区块链存证、动态工序调度技术，接入全行业异构主体数据。支持自定义数据加工工序与执行顺序，实现分布式并行加工、流程统一管控、可信确权存证、交易标准化管理，一站式解决长链路协同、权责不清、流转不可信问题，支撑全域数据安全融合与商业化交易。
","一、背景情况
跨行业数据流通参与主体持续增多，数据加工链路变长、工序灵活多变。现有平台仅适配少量参与方、固定加工流程，缺少长链路动态管控能力，多方协作权责模糊、流程不可控、流转缺乏可信背书，制约跨行业可信数据共享与合规交易规模化落地。
二、拟解决的问题
一是海量参与方协同下工序繁杂、流程不可灵活调整；二是长链路分布式节点管控难度大，流程异常难感知；三是多方权责边界模糊，异地协同效率低下；四是数据流转缺少可信存证确权，可信共享与合规交易缺少底层技术支撑。","1.动态流程编排技术打破固定工序限制，支持自定义分支与时序；分布式调度架构支撑海量主体并行加工；轻量化区块链存证，兼顾性能与全流程不可篡改溯源。
2.实现多模态数据接入、治理、融合、交易全生命周期可信管控；明确多方数据应用权责；多主体动态细粒度权责合约体系，适配灵活工序变更；链上凭证支撑数据确权、定价、交易，打通可信共享与场内交易链路。",1,石庆华,18001227090,983980439@qq.com,2026-07-04 02:01:00,2026-07-04 02:01:00,2026-07-03 00:00:00,0,1,false,https://dibj.cn/portal/api/common/calling/page?tableCode=SCENE_DEMAND
12,SCENE_DEMAND,创新服务-场景需求,180,1565,城市数字基础设施与城市治理智能巡检场景,北京数字基建投资发展有限公司,2026北京市智慧城市场景创新需求清单（第四批）,聚焦城市基础设施和城市治理问题巡检场景，依托大模型、图像增强、多模态数据融合、自主学习等AI、物联网、数字等技术手段对隐患和问题精准识别能力、风险提前预警能力的优化提升，同时整合巡检过程中的多模态数据（实拍图文 / 视频、温湿度传感数据、点位台账、运维文本等），实现城市基础设施和城市治理问题的精准识别、风险分级预警、多源数据联动研判，线上标准化管控巡检全流程，将问题由事后整改转为事前主动预防，推动城市精细化治理和主动治理。,"1.受户外复杂环境（光照、雨雪、雾气、遮挡等）的影响，隐患漏判、误判率高；
2.图文、传感、台账等多模态巡检数据相互割裂，无法联动分析难以高效利用，数据价值难以释放；
3.模型适配性差，检测模型难以适配城市户外复杂场景，长期依赖人工调优，且人工调优周期长、成本高。","1.大模型和前置增强算法消除雨雪、遮挡、光照、雾气等复杂环境的干扰，降低识别误差；
2.打通视觉、传感、台账等数据，统一归集巡检全量数据实现关联复盘，多维数据联动研判提升隐患判定精准度；
3.沉淀城市设施隐患和城市治理问题样本集，反向迭代模型形成数据闭环，模型自动增量迭代，减少人工调参工作量。
",1,刘龙,15710094873,liulong@znygroup.com.cn,2026-07-04 02:01:00,2026-07-04 02:01:00,2026-07-03 00:00:00,0,1,false,https://dibj.cn/portal/api/common/calling/page?tableCode=SCENE_DEMAND
13,SCENE_DEMAND,创新服务-场景需求,179,1566,基于数据治理与Agent技术，构建医疗行业数据合规应用与智能服务全链路平台,北京数据先行区服务有限公司,2026北京市智慧城市场景创新需求清单（第四批）,依托医疗数据标准化、结构化、匿名化、智能标注、语义检索等数据治理与加工技术，以及提示词、RAG、MCP服务、Skill等的智能体构建技术，搭建合规数据底座与 AI 智能体管理平台，支撑临床辅助、科研分析、医药问答、合规数据流通等场景，在严守隐私安全的基础上，提升医疗数据价值与 AI 落地效能。,"一、背景情况 医疗行业数据资源分散杂乱，缺乏全流程标准化治理体系；医疗数据脱敏、流通共享合规门槛高，数据安全管控体系不完善；医疗AI落地门槛高，缺少专属智能体开发与运维体系；这些挑战，严重制约医疗数据价值释放与AI规模化落地。
二、拟解决的问题 一是解决医疗数据零散无序、缺乏标准化治理，数据汇聚加工繁琐，难以规模化应用的问题；二是解决医疗数据脱敏不规范、流通共享不合规，隐私安全风险高，数据无法可信流转的问题；三是解决医疗AI应用开发门槛高、无专属管控体系，智能体研发、上线、运维无闭环的问题。","搭建医疗全流程数据治理体系，依托七大核心模块实现数据自动化汇聚、标准化治理与安全脱敏，将碎片化非结构化医疗数据转化为标准化可复用的高质量数据集，并通过多层审核与多租户隔离保障数据可信流通；
支持低代码智能体开发、RAG知识库搭建，实现医疗智能体全生命周期闭环管理。以合规数据底座约束智能体输出，平衡数据安全与应用效率，打通数据治理到AI应用全链路，充分释放医疗数据与智能应用价值。 ",1,王良煜,18500254131,1130234744@qq.com,2026-07-04 02:01:00,2026-07-04 02:01:00,2026-07-03 00:00:00,0,1,false,https://dibj.cn/portal/api/common/calling/page?tableCode=SCENE_DEMAND
14,SCENE_DEMAND,创新服务-场景需求,178,1567,企业多业务系统数据中台汇聚治理场景,首都信息发展股份有限公司,2026北京市智慧城市场景创新需求清单（第四批）,围绕企业ERP、CRM、财务等多业务系统数据汇聚需求，融合结构化、半结构化、非结构化全域数据，依托自动采集、AI质检、敏感数据分级、可视化监控技术，实现一键接入数据源、智能校验数据质量、自动识别敏感信息、全流程可视化告警。一站式完成数据入湖入仓、合规治理，降低人工成本，保障企业数据中台稳定高效运行。,"一、背景情况：
企业各业务系统独立运行，数据孤岛突出，数据类型繁杂。企业需归集全域数据支撑经营决策，但现有数据治理全流程依赖人工，采集、质检、分级、监控效率低下、失误率高，无法满足数据中台常态化、规模化运维需求，亟需搭建自动化、轻量化全域数据治理能力底座。
二、拟解决的问题：
1.多源数据采集全靠人工配置任务，重复工作量大。
2.数据异常、缺失需人工编写校验规则，治理周期长。
3.敏感数据人工标注，漏标误标带来安全隐患。
4.无可视化监控大屏，治理进度、数据质量、异常问题无法直观管控，运维缺少抓手。","1.研发一键接入引擎兼容全类型异构企业数据；大模型柔性质检摆脱固定规则局限，自适应识别各类数据缺陷；轻量化旁路算法无需改造业务系统即可扫描敏感数据。
2.统一企业全域数据字段标准，破除数据格式壁垒；形成采集、质检、分级、告警自动化闭环；全链路日志留存，每条数据流转、整改、分级记录均可回溯。",1,马老师,13810275466,chenhaitao@capinfo.com.cn,2026-07-04 02:01:00,2026-07-04 02:01:00,2026-07-03 00:00:00,0,1,false,https://dibj.cn/portal/api/common/calling/page?tableCode=SCENE_DEMAND
15,SCENE_DEMAND,创新服务-场景需求,177,1568,政务及企业数仓自然语言转SQL智能查询场景,首都信息发展股份有限公司,2026北京市智慧城市场景创新需求清单（第四批）,面向公积金、医保、企业经营等数仓查询场景，依托大模型语义理解、库表自适应解析、SQL生成校验、查询安全风控技术，业务人员输入自然语言即可自动解析语义、匹配多表关联、生成合规只读SQL。无需技术人员编写代码，配套自动化评测、高危语句拦截机制，降低政务企业数据查询门槛，提升报表统计效率。,"一、背景情况：
政务、企业数仓表结构复杂、多表关联繁多，业务人员无SQL编写能力，查数需技术人员配合，沟通成本高、响应慢。现有Text2SQL模型适配复杂数仓能力不足，查询准确率低，缺少自动化评测与安全管控，难以满足政务系统稳定、可审计、高安全上线要求。
二、拟解决的问题：
1.数仓表字段语义晦涩，多表关联场景SQL生成精准度低。
2.批量查询语句依靠人工核验，评测工作量巨大。
3.原生SQL存在删改、越权等高风险，语法报错频发，系统工程化可用性差。","1.构建政务专属库表语义知识库，打通业务术语与底层字段映射；分层自动化评测体系覆盖语义、语法、结果多维度；前置拦截并自动修复高危、错误SQL语句。
2.屏蔽底层复杂技术细节，实现业务人员零代码自助查数；沉淀政务专属查询样本持续优化模型；全流程日志留存，满足政务查询行为审计溯源要求。",1,陈老师,18500557125,chenhaitao@capinfo.com.cn,2026-07-04 02:01:00,2026-07-04 02:01:00,2026-07-03 00:00:00,0,1,false,https://dibj.cn/portal/api/common/calling/page?tableCode=SCENE_DEMAND
16,SCENE_DEMAND,创新服务-场景需求,176,1569,数据仓库DWD层明细数据融合开发场景,首都信息发展股份有限公司,2026北京市智慧城市场景创新需求清单（第四批）,面向企业数仓建设与业务数据服务，依托分层建模、多表融合、指标分层加工技术，整合DWD层全量原始明细数据，完成多表关联对齐、脏数据过滤、维度补齐、指标聚合，生成标准化汇总层数据。打通底层明细到业务应用链路，支撑报表、自助查询、经营分析快速取数，盘活海量原始明细数据资产，统一业务指标统计口径,"一、背景情况：
数仓DWD层存储海量细粒度原始明细，仅完成基础清洗，缺少聚合、维度补全加工。明细数据无法直接支撑业务统计分析，业务人员需反复联表临时计算，查询性能差、指标口径混乱，海量底层数据闲置，数据链路断层，数据资产价值无法充分释放。
二、拟解决的问题：
1.DWD明细无聚合加工逻辑，无法直接供业务使用。
2.多明细表独立存储，跨表关联复杂，查询耗时、性能低下。
3.明细存在冗余、缺失维度、无效日志，直接使用会造成指标失真，数据服务稳定性不足。","1.设计业务导向明细分层融合建模规范，统一多表关联逻辑；增量+全量同步方案平衡时效与算力；自动清洗规则过滤无效数据，保障上层指标精准可靠。
2.打通明细层至业务应用完整加工链路，盘活底层数据资产；统一全业务指标口径，消除统计混乱；一次加工多业务复用，大幅降低重复开发成本。",1,张老师,13501276948,chenhaitao@capinfo.com.cn,2026-07-04 02:01:00,2026-07-04 02:01:00,2026-07-03 00:00:00,0,1,false,https://dibj.cn/portal/api/common/calling/page?tableCode=SCENE_DEMAND
17,SCENE_DEMAND,创新服务-场景需求,175,1570,首钢股份热轧产线AI智能计划排程场景,北京首钢股份有限公司,2026北京市智慧城市场景创新需求清单（第四批）,依托工业时序数据治理、全工序协同调度、大模型智能排程、动态应急调程技术，打通炼钢、热轧、冷轧、精整数据壁垒，融合板坯工艺、设备工况、订单、故障数据。搭建一体化AI排程系统，实现上下游联动排产、多品类柔性轧制、突发工况自适应调程，提升产线热装率与设备利用率，降低能耗，打造北京钢铁智能制造标杆。,"一、背景情况：
钢铁行业推进数字化低碳转型，热轧作为核心工序直接决定产能与能耗。当前热轧排程依靠人工经验+传统算法，多品种小批量订单排产压力大；炼钢、热轧、冷轧工序数据割裂，生产节奏脱节，是国内钢铁行业智能制造转型普遍存在的核心卡点。
二、拟解决的问题：
1.炼钢热轧数据不通，板坯等待久、热装率低、能耗偏高。
2.多品类工艺约束复杂，传统算法易出现排程冲突、设备利用率低。
3.前后工序无动态协同，库存积压、产能浪费。
4.工业数据未深度利用，订单、设备异常下人工调程响应滞后。","1.炼钢-热轧-冷轧全工序联动排程算法打破工序孤岛；多约束自适应模型适配差异化轧制规则；融合时序数据与大模型，毫秒级完成突发场景动态调程。
2.盘活产线海量工业时序数据，形成复盘优化闭环；统一全工序排程数据标准；依托数据持续迭代排程策略，优化等待时长、热装率等关键生产指标。",1,张老师,18531561516,78736891@qq.com,2026-07-04 02:01:00,2026-07-04 02:01:00,2026-07-03 00:00:00,0,1,false,https://dibj.cn/portal/api/common/calling/page?tableCode=SCENE_DEMAND
18,SCENE_DEMAND,创新服务-场景需求,174,1571,北京智慧社区数据驱动智能服务运营场景,北京首开城市运营服务集团有限公司,2026北京市智慧城市场景创新需求清单（第四批）,面向北京智慧社区精细化运营，汇聚门禁、安防、报修、缴费、运维等多源社区数据，依托数据融合治理、居民画像、需求挖掘、智能推荐技术，搭建数据驱动运营决策平台。自动识别居民显性及隐性需求，精准推送便民服务，量化运营成效，智能挖掘增值业务方向，以数据支撑社区精细化治理与物业可持续数字化运营。,"一、背景情况：
北京智慧社区数字化设施全面普及，但各物业子系统数据相互割裂。传统物业依靠人工经验管理，居民需求识别粗放，服务供给同质化；增值业务布局缺少数据支撑，运营决策无量化依据，居民满意度与物业经营收益难以同步提升，制约基层智慧治理升级。
二、拟解决的问题：
1.社区多类业务数据分散，无法形成统一数据资产。
2.人工摸排居民诉求，难以识别个性化隐性需求；
3.物业服务一刀切，精准匹配服务能力不足。
4.增值业务研判缺少数据支撑，运营决策缺乏科学量化依据。","1.社区低敏数据融合框架平衡隐私安全与分析能力；分层需求挖掘模型区分基础刚需与增值需求；轻量化画像算法适配碎片化社区数据，降低平台运维成本。
2.打通社区系统数据孤岛，盘活存量数字化资产；从人工主观判断转为数据量化研判；居民需求动态迭代，持续优化社区服务供给内容。",1,祝老师,15601242930,15601242930@163.com,2026-07-04 02:01:00,2026-07-04 02:01:00,2026-07-03 00:00:00,0,1,false,https://dibj.cn/portal/api/common/calling/page?tableCode=SCENE_DEMAND
19,SCENE_DEMAND,创新服务-场景需求,173,1553,“京小融”智能体构建场景,北京市教育委员会,2026北京市智慧城市场景创新需求智慧教育专项清单,聚焦特殊需要儿童少年的融合教育需求，建设全流程闭环个性化智能支持系统（智能体），面向普通中小学、幼儿园班主任、学科教师等一线教育工作者，提供智能分诊、问题评估、报告解析、策略推荐、方案生成、执行追踪和动态复盘等核心功能，通过多模态交互和低门槛使用赋能融合教育常态化、个性化开展，提升特殊教育服务精准性、连续性、专业化水平，促进特殊教育与普通教育真正融合。,"一、背景情况
目前，全市已有超过1000所普通中小学开展融合教育，随班就读学生约占备案特殊学生群体总数的70%，这些学生不仅包括肢体、视力、听力等7类残疾，还包括注意缺陷多动障碍、孤独症谱系障碍等类别。北京市持续建设融合教育专业评估工具及支持资源，“以智助融”系统一期为本场景智能体研发积累了一定的数据、模型与应用经验。
二、拟解决问题
1.解决普通中小学幼儿园特殊教育专业师资不足、教育专业性不强等问题，满足学校常态化教育教学过程的融合教育需求。
2.解决特殊需求策略缺乏针对性的问题，匹配学生个体化需求。
3.解决个性化教育策略执行过程无闭环的问题，补充过程留痕与复盘机制。","1.以递进式自然语言对话模式开展AI诊断，全面支持文字与语音双模式输入，自动分析聚焦关键问题并匹配评估工具，通过简易交互实现专业评估诊断，降低教师使用门槛，提升场景适用性与用户体验。
2.构建“问题确认→评估→报告解析→策略推荐→方案生成→打卡执行→复盘复用”七步闭环，AI赋能贯穿每个环节，实现从识别到干预的完整业务链路。
3.以过程性数据复用沉淀校本特色策略库，教师可对优质干预策略进行标记、评价与共享，形成可积累、可复用的校本特色策略库，持续优化干预效果。",3,史亚楠,010-55530102,shiyanan1900@163.com,2026-07-02 02:01:00,2026-07-02 02:01:00,2026-07-01 00:00:00,0,1,false,https://dibj.cn/portal/api/common/calling/page?tableCode=SCENE_DEMAND
20,SCENE_DEMAND,创新服务-场景需求,172,1554,“文澜智语”语言文字智能体构建场景,北京市教育委员会,2026北京市智慧城市场景创新需求智慧教育专项清单,“文澜智语”立足首善定位，以国家通用语言文字规范与北京历史文化底蕴为核心，聚焦全学段学生语言文化素养提升，覆盖口语表达、阅读、书写、文化普及、素养测评全领域，将打造学前大班儿童语言素养“无感式”数据采集分析、课间机器人语言互动模型、京雄学生语言共育三大典型应用，深度赋能学生语言逻辑、表达品质与思维深度培育，打造全国领先的“AI+语言文字”智慧教育场景，助力首都语言文字工作数字化、规范化、智慧化发展，打造可向全国乃至全球推广的样板。,"一、背景情况
北京市深入贯彻《教育强国建设规划纲要（2024-2035）》，承担教育部教育强国建设综合改革“青少年语言文化素养提升”“‘典耀中华’主题读书行动”“大阅读体系语料库示范库建设”三项语言文字方面的试点任务，亟须以智能化手段推动语言文字工作提质增效，构建普惠便捷的语言社会服务体系。
二、拟解决的问题
1.厘清AI应用伦理边界，化解技术泛化弱化传统文化传承内核的风险。
2.破解学前语言素养缺少科学量化、无感无负担数据采集和分析工具的难题。
3.补齐学生语言高阶思维、表达逻辑、沟通素养智能化培育手段的空白。
4.紧扣京雄同城化战略需求，解决两地学生常态化语言文化共育、交流互动平台缺失的问题。","1.创新学前大班儿童语言素养“无感式”数据采集与分析系统，在自然场景中实现低负担、科学化素养评估。
2.以AI赋能实现育人模式升级，升级课间机器人具身智能互动，把语言训练转化为游戏化沉浸式学习。探索新形式的文化感悟与语言素养涵养方式。
3.推动京雄同城化教育协同发展，搭建京雄课后语言共育平台，实现以演讲辩论、书信阅读等形式常态化结对交流。
4.以真实应用拉动理念伦理创新与语料库供给优化，守住AI伦理边界。建设权威、规范、动态更新的北京语言文字资源数据库。",3,单聪,010-55530251,sc@jw.beijing.gov.cn,2026-07-02 02:01:00,2026-07-02 02:01:00,2026-07-01 00:00:00,0,1,false,https://dibj.cn/portal/api/common/calling/page?tableCode=SCENE_DEMAND
21,SCENE_DEMAND,创新服务-场景需求,171,1558,具身机器人药房柔性分拣产教融合应用场景,北京市教育委员会,2026北京市智慧城市场景创新需求智慧教育专项清单,围绕人工取药慢、错发率高、搬运强度大、药品追溯难度高等行业痛点，融合AI高精度视觉识别、柔性机械臂抓取、AGV自主导航、多机协同调度等技术，打造覆盖药品入库识别、自动上架、拣选搬运、出库复核等功能的药房智能分拣服务体系，实现药房分拣与搬运全流程无人化，支撑药房运营提效、具身智能技术验证和高校智能装备类专业实训教学。,"一、背景情况：
随着智慧医疗和“数智北京”建设推进，医药流通领域自动化、智能化需求迫切。高校机器人工程、自动化等专业实践教学缺少符合真实业务痛点的场景载体，难以支撑学生开展面向产业应用的工程实践。
二、拟解决的问题：
1.解决药房人工取药分拣效率低、发药差错风险高、搬运强度大等问题。2.解决药品入库、上架、拣选、搬运、出库等全流程追溯困难的问题。3.解决高校智能装备教学中缺乏真实工业场景与数据支撑的问题。","1.构建具身智能药房分拣一体化无人作业。融合AI视觉识别、柔性抓取、AGV自主导航、多机协同调度等技术，实现药品识别、拣选、搬运、复核、追溯等全流程无人化运行。
2.提升复杂药品场景下智能识别与柔性作业能力。面向药品包装相似、规格多样、摆放复杂等情况，构建药品视觉识别模型及多模态数据集，实现不同形态药品精准识别、定位、抓取和复核。
3.探索“医疗场景+具身智能+高校教学”产教融合应用模式。实现药房自动化运营与高校实践教学深度融合，推动技术验证、场景应用和人才培养协同提升。",1,姜金俊,19910786967,Jiunjiang@biem.edu.cn,2026-07-02 02:01:00,2026-07-02 02:01:00,2026-07-01 00:00:00,0,1,false,https://dibj.cn/portal/api/common/calling/page?tableCode=SCENE_DEMAND
22,SCENE_DEMAND,创新服务-场景需求,170,1559,工业SOP标准化智能实训场景,北京市教育委员会,2026北京市智慧城市场景创新需求智慧教育专项清单,围绕校内实训教学与企业生产标准脱节问题，依托AI视觉感知、工业SOP标准库和数字化管控平台，将企业真实生产流程、作业规范、工期要求和质量标准导入实训教学全过程，实现标准学习、操作识别、智能纠错、过程管控和质量评价一体化应用，提升学生操作规范性、教师教学标准化水平和实训质量量化评价能力。,一、背景情况当前智能制造专业实训教学与企业生产标准衔接不够紧密，存在教学标准不统一、教师对工业SOP掌握不足、学生操作规范性不强、实训质量难量化等问题，人才培养与企业岗位用工标准存在脱节。二、拟解决的问题1.工业标准指导不足。实训教学缺少统一工业SOP支撑，教学内容、操作流程与企业真实生产标准衔接不紧。2.操作过程纠偏滞后。学生实训操作缺少实时识别、即时纠错和过程反馈，不规范动作容易反复出现并固化。3.质量评价量化不足。实训过程缺少数据化记录、过程化管控和标准化评价，难以还原企业工期、质量和规范作业要求。,1.AI视觉与工业SOP深度融合。依托AI视觉感知和时序比对等技术，对学生操作动作、工序顺序进行实时识别和比对，实现操作偏差自动预警、错误动作即时纠正。​2.企业生产标准导入实训教学。将企业真实生产流程、岗位作业规范、工期要求和质量标准嵌入教学全过程，模拟企业质量管控要求，推动校内实训由经验教学向工业标准牵引转变。3.实训过程数据资产沉淀。采集学生操作行为、工序完成情况、错误类型、纠错记录、教师指导过程等数据，形成学生标准化能力画像和教学质量分析报告，实现实训过程可记录、质量可量化。,1,刘正权,13381289831,Liuzhengquan@biem.edu.cn,2026-07-02 02:01:00,2026-07-02 02:01:00,2026-07-01 00:00:00,0,1,false,https://dibj.cn/portal/api/common/calling/page?tableCode=SCENE_DEMAND
23,SCENE_DEMAND,创新服务-场景需求,169,1560,AI+VR职业技能实训评价与就业服务场景,北京市教育委员会,2026北京市智慧城市场景创新需求智慧教育专项清单,围绕职业院校实训教学、技能评价和就业对接需求，整合学生学习行为、实训过程、技能评价、企业岗位等数据，运用融合AI实训测评、VR/AR虚拟仿真、大数据分析等技术，实现技能训练场景模拟、操作过程指导、考核评价量化和岗位智能推荐，推动职业教育向数字化管理、智能化评价和精准化就业服务转变。,"一、背景情况
当前职业院校实训资源分散、过程数据沉淀不足、评价标准不统一，难以满足多校区、多主体、个性化、精准化的人才培养需求。
二、拟解决的问题
1.解决实训资源分散、跨校区共享管理难的问题。
2.解决实训过程难追溯、技能评价主观性强、考核结果量化不足的问题。
3.解决学生能力画像不清晰、个性化训练不足、校企岗位匹配效率不高的问题。","三、背景情况
当前职业院校实训资源分散、过程数据沉淀不足、评价标准不统一，难以满足多校区、多主体、个性化、精准化的人才培养需求。
四、拟解决的问题
1.解决实训资源分散、跨校区共享管理难的问题。
2.解决实训过程难追溯、技能评价主观性强、考核结果量化不足的问题。
3.解决学生能力画像不清晰、个性化训练不足、校企岗位匹配效率不高的问题。",3,桑海翎、袁礼,13693080937,hailingsang@biem.edu.cn,2026-07-02 02:01:00,2026-07-02 02:01:00,2026-07-01 00:00:00,0,1,false,https://dibj.cn/portal/api/common/calling/page?tableCode=SCENE_DEMAND
24,SCENE_DEMAND,创新服务-场景需求,168,1561,飞书AI办公赋能高校教学科研协同创新场景,北京市教育委员会,2026北京市智慧城市场景创新需求智慧教育专项清单,依托飞书原生的协同能力，打通高校教学、教研、科研、成果管理四类业务流程，形成覆盖教学备课、课堂互动、教研交流、科研协作、成果沉淀的一体化教研空间，推动教研资料集中管理、科研项目跨校协同、成果过程动态跟踪和知识资产智能复用，提升高校教学科研组织效率、协作水平和成果管理能力。,"一、背景情况：当前高校教学科研协作较为分散，资料共享不便，AI工具应用碎片化，教研过程沉淀不足，跨学院、跨团队、跨校协同成本较高，难以支撑教学质量提升和科研项目高效组织。
二、拟解决的问题：1.教研资料分散化，难以统一管理、快速检索和高效复用。​2.AI应用碎片化，AI工具尚未深度嵌入备课、课堂分析、教研交流、科研协作和成果管理全过程。​3.跨校协作低效化，跨学院、跨团队、跨学校科研协作中资料共享、任务分工、进度跟踪成本较高。​4.知识沉淀薄弱化，教研科研过程数据缺少系统留存，难以形成可检索、可推荐、可追溯的知识资产。",1.AI赋能教学科研全流程协同。深度融合飞书大模型，实现智能备课、课堂分析、科研文献速读、项目进度智能跟踪。2.教学科研知识智能沉淀复用。围绕课程资料、教研成果、科研文献、项目材料等内容，建设可检索、可推荐、可追溯的知识库，提升知识资产复用水平。3.跨校科研协同方式创新。依托统一协作空间，支持跨学院、跨学校科研团队开展资料共享、任务分工、进度跟踪和成果管理，降低跨主体协作成本。,3,张岩,15001110989,598956267@qq.com,2026-07-02 02:01:00,2026-07-02 02:01:00,2026-07-01 00:00:00,0,1,false,https://dibj.cn/portal/api/common/calling/page?tableCode=SCENE_DEMAND
25,SCENE_DEMAND,创新服务-场景需求,167,1562,基于边缘AI与云边协同的社区电瓶车安全管控场景,北京市教育委员会,2026北京市智慧城市场景创新需求智慧教育专项清单,围绕社区电瓶车违规进入户及电瓶拆卸携带引发的严重消防安全隐患，通过部署“端-边-云”协同的软硬件一体化系统，利用多模态融合感知与轻量化AI模型，在电梯、车棚等关键区域实现电瓶车、电瓶拆卸、分离电瓶携带等行为精准识别，并联动本地声光告警、电梯控制、平台推送和工单处置，提升社区消防安全风险前端发现和闭环治理能力。,"一、场景现状：国家消防救援局数据显示，2023年全国电动自行车火灾达2.1万起，80%发生在充电时段，违规充电行为带来较大消防安全隐患。
二、拟解决的问题：1.高风险行为识别盲区，传统监测方式难以准确识别分离电瓶、电瓶拆卸等行为，存在消防安全管控漏洞。2.复杂场景误报漏报，红外/重力感应误报率超30%，日均误报数十次。3.多点数据协同不足，车棚、单元门口、电梯等关键区域数据未有效贯通，源头发现、终端拦截和社区处置联动不足。",1.创新隐蔽风险识别与端侧实时响应能力。面向裸露电瓶、包装电瓶等隐蔽高风险行为，建设涵盖数万张图片的“电瓶车-电瓶拆卸”专项数据集，首创基于时序行为分析的电瓶拆卸检测算法，实现端到端延迟降低至1.2秒，突破传统电瓶车识别仅能判断整车进梯的局限。2.创新“源头检测+终端拦截”联动。打通车棚、电梯、单元门口等关键区域感知数据，形成“识别-预警-工单-处置”闭环，推动电瓶车安全管理由单点报警向跨场景联防转变。,3,董微,18513814864,dongwei@biem.edu.cn,2026-07-02 02:01:00,2026-07-02 02:01:00,2026-07-01 00:00:00,0,1,false,https://dibj.cn/portal/api/common/calling/page?tableCode=SCENE_DEMAND
26,SCENE_DEMAND,创新服务-场景需求,166,1563,城市“三生空间”动态识别与生态韧性治理场景,北京市教育委员会,2026北京市智慧城市场景创新需求智慧教育专项清单,围绕北京市超大城市精细化治理和生态文明建设需求，依托北斗增强定位、低空无人机巡查、AI边缘智算、多源遥感和物联网感知等能力，构建城市生态治理三维动态感知底座，支撑“三生空间”（生产-生活-生态）动态识别、土地利用权衡分析、碳排放与碳汇核算、海绵城市和韧性城市评估等应用，提升城市生态治理“看得清、算得准、调得快”能力。,"一、背景情况
北京作为超大城市，面临生态空间碎片化、土地利用竞争加剧、双碳目标约束趋紧等挑战。传统治理方式主要依赖二维地理信息和人工调查，数据更新慢、要素关联弱、跨部门协同不足，难以支撑生态空间精细化治理和“数智北京”建设需求。低空经济发展为空间动态感知提供了新手段，亟需推动低空数据与城市生态治理业务深度融合。二、拟解决的关键问题
1.生态空间动态识别难。传统二维静态图斑更新频次低，难以反映“三生空间”和城市生态系统的立体演变。​
2.多源时空数据融合弱。遥感、低空、物联网、统计和城市运行数据分散在不同部门，数据共享和协同应用不足。
3.生态治理决策可计算性不足。生态空间、土地利用、碳排放、碳汇能力等要素缺少一体化分析底座，难以支撑综合权衡决策。
4.韧性评估推演能力不足。城市生态治理和突发事件应对缺少可视化、可推演、可复盘工具，影响快速研判和精准调度。","1.构建城市生态治理三维动态感知底座。依托实景三维数字底座、AI-TEMS机载边缘智算和北斗高精度导航能力，支撑城市生态空间动态感知、精准定位和快速响应，将传统人工生态勘查周期由“周级”压缩至“小时级”，路径重规划响应时间压缩至50毫秒。
2.形成“地表—低空—地下”全空间数据资产。首次将低空高频多模态数据（实景三维、激光点云、热红外、多光谱）与城市运行库、生态环境监测库、土地变更库融合建模，构建覆盖“地表-低空-地下”全空间的城市生态治理数据资产。
3.研发“三生空间”智慧治理与韧性评估应用。依托“三生空间功能分区”和“城镇化生态转型”理论框架，研发城市生态空间智慧治理与韧性评估应用模块，支撑生产、生活、生态空间动态识别、协同优化和治理成效评估。",2,张珣,010-81353268,zhangxun@btbu.edu.cn,2026-07-02 02:01:00,2026-07-16 02:01:01,2026-07-01 00:00:00,0,1,false,https://dibj.cn/portal/api/common/calling/page?tableCode=SCENE_DEMAND
27,SCENE_DEMAND,创新服务-场景需求,1,1550,渣土车全链条治理智能体场景,通州区政务服务和数据管理局,通州区六月场景发布,围绕违规渣土车源头工地识别、违法行为查处（遗撒抓拍、疑似车辆识别）和非法营运车辆查处（无备案信息车辆）等业务需求，通过构建“自动识别—证据固定—工单派发—处置闭环”的智能体，实现渣土车全链条智能监控与源头治理效果。,"一、背景情况：
我区已依托市、区两级大数据平台，回流共享道路运输证、建筑垃圾运输车辆准运证等数据，结合感知AI算法开展了渣土车未苫盖、无证等事件的自动识别与闭环处置。但面对车牌污损、无牌车、疑似黑车等复杂情况，现有技术难以实现精准溯源与源头治理。
二、拟解决的问题：
聚焦渣土车违法违规行为中车牌污损、无牌车辆、无证车辆难以有效识别和源头追溯的关键问题，解决传统AI只能识别局部特征、无法关联多源数据形成完整证据链和治理闭环的痛点，提升从工地源头到运输全过程的智能监管能力。","1.数据应用创新：融合住建、城管、交通等多部门数据及视频资源，通过跨域数据关联碰撞，破解单一数据无法识别黑车、污损车牌等难题。
2.新的业务模式：形成“自动识别→证据固定→工单派发→处置闭环”的全链条治理智能体，支撑跨部门协同执法。
3.技术创新针对渣土车源头治理痛点，实现工地源头分析、全程轨迹分析、黑车线索分析一体化智能体。",3,乔艺璇,010-69518123,ghjsk@bjtzh.gov.cn,2026-06-05 18:31:06,2026-06-05 18:31:06,2026-06-04 00:00:00,0,1,false,https://dibj.cn/portal/api/common/calling/page?tableCode=SCENE_DEMAND
28,SCENE_DEMAND,创新服务-场景需求,6,1544,招商引资与企业服务数智化场景,北京市投资促进服务中心,2026北京市智慧城市场景创新需求清单（第三批）,为提升招商引资效率、优化企业服务体验，融合全市招商项目、企业资源、产业政策、空间载体、园区资源等数据，探索构建招商引资和企业服务双垂类大模型体系，研究通过人工智能、大数据、知识图谱、隐私计算等技术，实现产业分析、招商线索挖掘、目标项目评估、资源要素匹配、惠企政策推送、企业诉求响应等功能智能化升级，推动全市投资促进服务向智向新发展。,一、背景情况当前招商竞争激烈、企业需求多元化程度愈发明显，现有人工筛选线索、经验研判项目、分散响应诉求的工作方式已难以满足精准招商、精细服务需要，亟需为招商工作人员和企业用户提供更加智能化的服务供给。二、拟解决问题1.解决招商引资决策支撑不足问题。提升招商线索搜集精准度、研判效率、决策支持力度、服务响应速度等。2.解决企业服务系统化、精细化不足问题。集中企业服务入口，提升信息触达效率、管理覆盖面等，形成轻量化、精准化、直达式服务模式。,1.构建招商引资和企业服务双垂类大模型体系。研究探索覆盖招商引资全流程、企业服务全周期的数智化解决方案，谋划多个产业领域AI应用，填补北京国际化数字招商服务智能化载体空白。2.创新“市-区-园”协同的智慧招商服务闭环。打通市、区、园区三级招商资源和项目进展信息，推动招商引资由人工经验驱动向数据智能驱动转变，提升项目全生命周期管理和企业全周期服务能力。,3,金悦祺,010-89153684,yueqi_jin@invest.beijing.gov.cn,2026-06-05 18:31:06,2026-06-05 18:31:06,2026-05-29 00:00:00,0,1,false,https://dibj.cn/portal/api/common/calling/page?tableCode=SCENE_DEMAND
29,SCENE_DEMAND,创新服务-场景需求,5,1545,统计应用领域大模型一体化应用场景,北京市统计局,2026北京市智慧城市场景创新需求清单（第三批）,围绕统计分析与服务智能化需求，运用大模型、RAG、NLP等技术，构建统计专业知识库、多源数据集与标准化分析报告体系，打造统计智能报告、统计智能问答、统计智能问数三位一体的智能化应用，提供专业化统计分析报告自动生成、历史报告智能检索、统计调查指标业务精准问答、数据可视化和主要观点结果展示、数据溯源等智能辅助，全面提升统计工作效率、服务质量与决策支撑能力，推动统计工作从“人工+经验驱动”向“数据智能驱动”转型，助力首都统计现代化改革与高质量发展。," 一、背景情况
全市统计分析与服务任务作为常规重点工作，任务量繁重，覆盖指标分析、报告撰写、新闻发布、统计研判、业务解答等。当前业务知识与数据资源缺乏系统性整合，未形成可检索、可复用、可迭代的知识资产，难以满足高频出稿、快速研判、精准咨询、灵活查数、及时发布的统计业务需求。
二、拟解决的问题
1.统计分析报告撰写智能化程度不高。相关智能化辅助工具缺失，知识成果复用率低，需要满足历史报告主要观点检索、固定体例分析报告标准化高效撰写要求。
2.调查对象填报辅助服务便捷性不高。填报咨询量大、方式传统，需要建立全面准确、快捷高效的智能化答疑渠道，减轻人工解答负担。
3.统计数据查询归集繁杂。统计指标繁多、数据产品分散，尤其在跨专业、跨地区、长时间序列、关联交叉数据以及增速计算比对等方面，查找归集便利性、准确性低。
4.统计专业领域高质量知识库缺乏。需形成知识资产的结构化存储和管理，支撑快速匹配与精准检索。","1.构建全市统计领域首个专业、动态更新的知识库。促进统计报告、统计科研课题、统计制度、统计法律法规、对外服务业务指南及常见问题资料等知识与数据资产沉淀与复用。
2.强化多模态数据融合与跨源数据关联分析，构建主动式统计服务能力。赋能统计知识检索、调查数据挖掘、报告个性化撰写等多场景应用。
3.建立闭环迭代成长机制，推动跨层级、跨专业知识价值释放。打造市级统建智能问答能力，通过“数据分析-意见反馈-模型调优”机制，将市、区、乡镇三级机构与调查对象联动，转变为持续积累的知识资产，促进业务高效协同。",3,崔蕃璠,010-55535341,cff@tjj.beijing.gov.cn,2026-06-05 18:31:06,2026-06-05 18:31:06,2026-05-29 00:00:00,0,1,false,https://dibj.cn/portal/api/common/calling/page?tableCode=SCENE_DEMAND
30,SCENE_DEMAND,创新服务-场景需求,4,1547,基于轨道交通大模型的勘察行业高质量数据集建设应用场景,北京城建勘测设计研究院有限责任公司,2026北京市智慧城市场景创新需求清单（第三批）,围绕轨道交通勘察行业地质资料数据资产化基础薄弱、检索效率低等现状，基于脱敏多源地质勘察数据与真实业务场景，利用AI大模型、智能体、RAG等技术，构建高质量数据集并开发三个专业智能体应用，打造勘察知识检索、地下水位预测与地质风险辨识一体化能力，实现从“数据资源”到“智能应用”的价值跃升。,"一、背景情况：
城市轨道交通多穿梭于建成区，地下管线密集、地质条件复杂多变，需要在勘察阶段精准掌握地下水位动态和地质风险分布，规避各类安全事故，提高建设效率。然而，当前地质勘察资料管理以文件级存储为主，依赖传统关键词匹配与人工查阅，效率、准度不足，难以支撑高效、智能化的地质风险判识。需通过人工智能赋能知识工程建设，实现行业数据标准化与结构化治理，达成数据驱动与知识引导的智能决策。
二、拟解决的问题：
1.地质资料检索效率低、人工依赖重：非结构化数据难以实现语义精准定位，需要利用RAG、大模型技术帮助工程师口语化提问获取信息。
2.地下水位预测迟滞：传统数值模型计算复杂、难以快速同化实时监测数据，需要利用大模型结合多种预测方法实现水位动态快速预测，满足工程安全保障需求。
3. 地质风险辨识主观性强：风险辨识和评价过度依赖专家经验，需要利用大模型与知识图谱结合地质水文与工程条件进行快速辨识和分析评价。","1.构建“大模型+RAG+知识图谱”深度融合的复合智能体群。实现地质资料的自然语言语义检索，并将检索、地下水位预测、地质风险辨识整合为协同工作的专业智能体，突破单一模型的能力边界。
2.构建轨道交通领域地质勘察高质量数据集与专业知识库。系统性治理与融合轨道交通勘察领域的多源异构数据，为AI应用提供可复用的数据底座。
3.为交通基础设施地质勘察智能化提供标准范式。形成城市地下空间开发“资料检索—水位预测—风险研判”完整智能作业流，并探索向公路隧道、铁路路基等场景推广复用。",3,王超,17710796735,yfeng_fly@foxmail.com,2026-06-05 18:31:06,2026-06-05 18:31:06,2026-05-29 00:00:00,0,1,false,https://dibj.cn/portal/api/common/calling/page?tableCode=SCENE_DEMAND
31,SCENE_DEMAND,创新服务-场景需求,3,1548,信令实验室进出京方式识别与出行规律挖掘应用场景,中国移动通信集团北京有限公司,2026北京市智慧城市场景创新需求清单（第三批）,依托数智北京创新中心信令实验室，基于电信运营商交通枢纽、进出京等信令数据，开展创新应用，构建人口时空流动分析模型，精准识别用户进出京行为轨迹，挖掘节假日、日常时段人群流动规律，助力城市交通、安全治理精准高效决策。,"一、背景情况
京津冀协同发展背景下，首都跨城人口流动频次、时空复杂度持续提升，节假日潮汐式进出京客流波动剧烈，传统人口研判方式颗粒度粗，多源数据壁垒明显，精准预判跨城人口流动走势、疏导交通压力、前置防范公共安全风险能力需进一步提高。
二、拟解决的问题
1.解决进出京人群轨迹碎片化、识别精度不足、跨周期规律研判滞后等问题。
2.解决交通、地理、信令等多源数据的融合应用难题。
3.解决首都跨城人口潮汐波动、城际出行规律挖掘难题。","1.构建“信令+交通+地理”多维时空融合建模技术，实现进出京全场景人群轨迹高精度、全周期动态追踪研判。
2.创新信令数据跨行业合规共享、脱敏融合应用模式，保障数据安全与隐私合规。
3.打造信令驱动的进出京全维度人口动态感知与规律研判能力体系。形成常态化人口流动监测、节假日专项客流预判、城市活动人流联动分析全闭环的业务服务模式，适配首都超大城市精细化治理需求。",2,林双双,13810732193,linshuangshuang@bj.chinamobile.com,2026-06-05 18:31:06,2026-06-05 18:31:06,2026-05-29 00:00:00,0,1,false,https://dibj.cn/portal/api/common/calling/page?tableCode=SCENE_DEMAND
32,SCENE_DEMAND,创新服务-场景需求,2,1549,信令实验室城市空间活力与消费研究应用场景,中国移动通信集团北京有限公司,2026北京市智慧城市场景创新需求清单（第三批）,依托数智北京创新中心信令实验室，基于电信运营商景区、商圈等信令数据，研发城市空间活力与消费场景时空分析专项模型，探索人口出行行为与城市空间消费带动效应，形成商圈活力、文旅客流、夜间经济分析体系，赋能超大城市消费空间监测评估、消费服务优化提质，助力国际消费中心城市建设。,"一、背景情况
当前北京城市商圈迭代、文旅业态多元发展、夜间经济持续繁荣，传统消费活力统计方式滞后、空间颗粒度粗糙、人流动态与消费关联割裂，无法精准量化区域空间热度、消费带动效能、业态运营潜力，亟需依托通信大数据，构建全时空、精细化城市消费空间活力感知研判体系。
二、拟解决的问题
1.解决城市文旅景区、商圈、夜间经济空间活力感知不及时、研判维度单一问题。
2.解决人口跨区域出行流动与消费行为关联规律无法精准量化分析难题。
3.解决消费热点区域打卡、人群复购特征不清晰，城市商业空间运营优化缺乏数据支撑痛点。","1.创新信令时空轨迹+城市消费业态多维耦合建模技术，识别主要消费打卡点和人群复购特征，实现城市全域空间活力、消费热度高精度动态量化评估。
2.打造信令驱动的城市空间消费活力全链条分析体系，打造常态化商圈活力监测、文旅客流研判、夜间经济景气度评估全周期城市消费治理服务新模式，实现信令数据与商业消费场景数据安全融合与合规闭环应用。",2,林双双,13810732193,linshuangshuang@bj.chinamobile.com,2026-06-05 18:31:06,2026-06-05 18:31:06,2026-05-29 00:00:00,0,1,false,https://dibj.cn/portal/api/common/calling/page?tableCode=SCENE_DEMAND
33,SCENE_DEMAND,创新服务-场景需求,26,1539,规自领域智能问答与专家画像大模型,北京市国土空间大数据中心,2026北京市智慧城市场景创新需求清单（第二批）,围绕首都规划工作中多源信息整合利用不足、专家资源支撑能力不强等问题，通过建设底座数据智算系统，运用人工智能大模型等技术，构建规划智能问答和专家智库应用，推动规划信息高效融合、专家资源精准匹配，为首都规划重大问题研究和政策分析提供支撑。,"一、背景情况
随着首都规划工作的深入推进，规划相关各类信息快速积累，逐步形成了海量的跨部门、跨领域数据。随着首都规划重大问题战略研判工作全面开展，亟需通过智能化手段加强信息整合提升，进一步提升面向首都规划治理的工作效率和决策支撑能力。
二、拟解决的问题
1.解决规划政策研究主要依赖人工整理、问答支撑不足的问题。面向政策研究和专题研判，建设规划问答能力，提高信息检索、知识整合和业务支撑效率。 
2.解决专家资源分散、画像不清、观点提炼不够高效的问题。面向专项研究和咨询组织，建设专家画像能力，实现专家资源动态管理、精准推荐和观点提炼。 
3.解决规划专有数据治理能力不足、底座支撑不统一的问题。建设规划大模型底座，强化多源数据清洗治理、知识处理和统一智算服务能力，支撑规划问答、专家画像等场景应用。
三、可提供资源
暂无","（1）构建面向城市规划体检的多类型更细分的向量库，结合元数据标注和知识图谱关联，增强检索与知识推理能力。
（2）形成“需求拆解—智能体调度—数据交互—结果融合—决策转化”的首都规划和政策研究智能问答决策支持闭环，以自然语言交互赋能业务全流程场景，推动传统业务流程向数据驱动与智能协同的方向升级演进。",3,李雪雯,15210215423,634422819@qq.com,2026-06-05 18:31:06,2026-06-05 18:31:06,2026-04-16 00:00:00,0,2,false,https://dibj.cn/portal/api/common/calling/page?tableCode=SCENE_DEMAND
34,SCENE_DEMAND,创新服务-场景需求,25,1540,北京及周边地区强降水高精度AI短临预报模型应用场景,北京市气象局科技处,2026北京市智慧城市场景创新需求清单（第二批）,围绕0-6小时极端天气精细化短临预报预警及防灾减灾需求，通过高分辨率无缝隙融合集成技术和人工智能建模等技术，融合S/C/X波段雷达、数值模式、自动站等数据，实现基于AI模型的雷达外推、数值模式与AI预报三功能融合，打造降水短临预报模型，提升分辨率至100米，实现强降水100米分辨率0-6小时短临预报精准化，保障城市安全、提升治理效能。,"背景情况当前极端天气短临预报主要依赖雷达外推、数值预报及预报员经验等传统方法，数据维度和技术单一，降水预报产品分辨率难以达到百米级，难以捕捉强对流天气的快速演变与非线性特征，无法满足应急响应与防灾减灾的精细化需求。因此，迫切需要整合多源气象观测数据，借助无缝隙融合集成技术和先进的人工智能技术，研发极端天气降水短临预报模型系统，实现不同来源预报数据融合的百米级降水0-6小时预报。
二、拟解决的问题
1.分辨率不足：现有极端降水客观预报产品分辨率最高达500米，局地精细化程度不足。拟构建京津冀100米分辨率短临降水预报模型RISE-100系统。2.AI模型时效短：现有灵犀AI短临预报模型仅覆盖0-3小时预报，预警提前时效不足。拟优化灵犀AI短临模型，并研发IUM-dSTNet AI模型及多模型对比。3.数据源单一：现有模型多基于单一数据源，预报偏差大，缺乏融合分析和无缝隙集成预报。拟通过RISE-100模型和AI多模型的融合，整合雷达监测资料、自动站实况资料、物理模式预报数据、外推预报数据、AI模型预报数据，实现多维度数据融合集成。","1.打造基于AI大模型的跨区域百米级0-6小时降水短临预报系统。通过多模型对比、融合集成，提升预警时效，实现10分钟更新循环的高精度、长时效解决方案，探索基于上下游协同的京津冀降水短临预报模型。
2.强化多源气象数据耦合应用，构建融合分析与无缝隙集成预报能力。提升预报交叉准确度，为首都应急处置提供精准决策支撑。",1,宋林烨,15801142059,lysong@ium.cn,2026-06-05 18:31:06,2026-06-05 18:31:06,2026-04-16 00:00:00,0,2,false,https://dibj.cn/portal/api/common/calling/page?tableCode=SCENE_DEMAND
35,SCENE_DEMAND,创新服务-场景需求,24,1541,社会工作效能提升与数据决策辅助场景,中国共产党北京市委员会社会工作部基层治理促进中心,2026北京市智慧城市场景创新需求清单（第二批）,围绕社会工作宏观管理与基层工作高效服务需求，采用人工智能大模型技术，基于6大领域专项知识库、12345市民热线等多源数据，打造社会工作综合智能系统，面向基层端通过智能问答、公文生成实现基层减负与治理规范化，面向决策端通过智能问数、工单挖掘实现数据价值发现与隐性社会风险的提前感知。,"一、背景情况
社会工作人员，案头事务性工作负荷较高，一定程度限制服务效能发挥，同时，精准把握政策动态与业务流程标准的能力仍待提升；管理决策层面，虽已归集大量基础底数和工单数据，但多为静态展示状态，数据交叉调取与深度分析能力不足，数据要素对业务场景融合支撑能力不足。
二、拟解决的问题
以大模型技术强化基层标准化履职能力供给，解决一线（尤其是新入职人员）服务输出标准化不足、政策传导精准度不够、公文处理效能偏低等问题；另一方面，解决管理决策端跨部门数据融合难、高价值数据应用门槛高及隐性社会风险感知滞后的问题，构建主动化、前瞻化基层治理新格局。","1.采用大模型多模态交互与语义理解能力，塑造基层服务的伴随式知识支撑。在走访入户等基层办公场景，为工作人员提供智能导办、一句话问数、语音采集整理等核心功能，辅助调研材料预处理与智能校验，增强社会工作智力供给的场景化与问题导向。
2.通过语义聚类与关联分析算法，推进数据由静态向生产要素转变。对于工单文本进行分词处理与特征提取，管理高频词形成热度排行；利用语义聚类发现隐性矛盾热点，发挥统计数据的态势感知价值。
3.结合社会工作特点，构建端到端语义高保值的治理链路。加强“采集-分析”业务联动性，以语音交互降低采集门槛，在流转和研判环节充分挖掘语义数据价值，在输出端赋能业务标准化执行与导办指引，帮助社会工作从经验驱动向认知驱动转型。
4.通过新兴领域从业人员的流动模式与变化趋势，构建动态画像。通过融合地理位置信息与交互数据，动态识别和分析新兴领域从业人员流动及变化情况，构建多维度的群体画像。
5. 基于用户身份特征与位置信息，实现党建引领与智能推荐。打造伴随式语音交互界面，主动为其推送的暖心服务资源（如周边平价餐饮、暖新驿站、房源信息）及适用的党建活动，以便利服务促党建，极大增强系统粘性。",3,刘家豪,13241293423,2072182332@qq.com,2026-06-05 18:31:06,2026-06-05 18:31:06,2026-04-16 00:00:00,0,2,false,https://dibj.cn/portal/api/common/calling/page?tableCode=SCENE_DEMAND
36,SCENE_DEMAND,创新服务-场景需求,8,1542,通州区慢病综合防治场景,通州区政务服务和数据管理局,通州区四月份场景发布,"围绕区域慢病防控需求，通过多源数据融合、规则引擎、智能算法等技术，构建覆盖 “高危人群 - 确诊患者 - 决策分析” 全链条的监测平台；通过三大业务闭环（高危人群筛查随访、患者治疗监测、管理决策评估），实现慢病医防协同，支撑防控体系精细化、智能化升级。
","一、背景情况
作为国家慢性病综合防控示范区，当前通州区慢病防控存在医防数据割裂、医防衔接不紧密、全流程管理碎片化、缺乏疾控中心区域群体管理视角等问题，需通过系统化建设打通业务链条。
二、拟解决的问题
1. 多源医疗健康数据未有效整合，数据鲜活度与标准性不足；2. 群体队列管理能力薄弱，高风险人群筛查和识别、危险因素监测能力不足；3. 管理决策缺乏量化分析与预测预警能力，工作质量难以评估。
","1. 技术创新：采用可视化规则引擎自定义筛查 / 随访策略，结合机器学习实现高风险预警与疾病负担预测，可轻松适配多病种管理；
2. 数据应用创新：基于全民健康档案平台数据，实现慢病医防数据的自动采集、清洗、标准化、标签化，构建慢病个体健康画像和群体健康画像；
3. 业务模式创新：构建 “监测-评估-干预-再评估” 全链条闭环，新增患者自动推送至慢病管理系统，实现医防深度协同。
",3,暴春海,13051319125,alt_bao@sina.com,2026-06-05 18:31:06,2026-06-05 18:31:06,2026-04-16 00:00:00,0,1,false,https://dibj.cn/portal/api/common/calling/page?tableCode=SCENE_DEMAND
37,SCENE_DEMAND,创新服务-场景需求,7,1543,高-普-城联动路口通行效率提升场景,通州区政务服务和数据管理局,通州区四月份场景发布,"围绕通州区高速出入口与城市主干道衔接区域多层级路网协同不足、拥堵频发问题，通过AI信控优化、交通仿真推演等技术，融合高速进出口流量、城市信号灯相位及互联网路况等多源数据，构建“高速-普通公路-城市道路”三级联动治理平台，实现匝道控流与地面绿波动态协同，提升衔接卡口通行效率。
","一、背景情况
通州区承接大量中心城区外溢交通，进出城廊道衔接节点压力巨大。市级高速侧重“主线保畅”，区级道路侧重“路口疏通”，管理数据割裂、策略不协同，高峰期高速出口倒灌主线引发连锁拥堵，亟需打破层级壁垒实现联动联控。
二、拟解决的问题
1.解决跨层级路网数据割裂与协同盲区问题。
2.解决衔接点常态性拥堵与匝道溢流至主线风险问题。
","1.技术体系创新：建立“高速匝道-衔接段-城市路口”全链条数字孪生仿真模型，实现提前15-30分钟推演来车波次、自适应联动控制，突破单一道路优化局限。
2.数据应用创新：融合高速进出口流量与城市信号灯相位数据，挖掘出行OD与路网承载力数学关系，填补跨层级协同治理数据应用空白。
",2,王宇,15901178317,jtzhswzx@bjtzh.gov.cn,2026-06-05 18:31:06,2026-06-05 18:31:06,2026-04-16 00:00:00,0,1,false,https://dibj.cn/portal/api/common/calling/page?tableCode=SCENE_DEMAND
38,SCENE_DEMAND,创新服务-场景需求,134,1534,基于政务数据分类分级与政务数据资产监测的通州区数据安全治理场景,通州区政务服务和数据管理局,通州区三月份场景发布,围绕通州区政务数据安全治理需求，通过数据分级分类、数据资产自动识别、全链路监测、多维度溯源等核心技术，结合政务服务、医疗教育、交通等领域数据资源，实现数据资产可管、数据流动可视、数据风险可测、数据事件可溯，保障政务核心数据安全。,"一、背景情况
为深入贯彻落实《中华人民共和国数据安全法》和中央、市委有关文件要求，进一步规范通州区政务数据安全工作，强化政务数据安全检测能力，实现对政务信息系统及网络关键环节的风险防范，有效防止政务网络内核心数据、重要数据、个人敏感信息等泄露。
二、拟解决的问题
1.数据资产底数不清，分级分类不规范；
2.敏感数据流动不可视，违规行为难发现；
3.数据安全事件溯源难，责任难判定；
4.各部门监测系统分散，协同能力弱。","1.技术创新点：采用AI驱动的数据自动分级分类技术，实现7+24小时全链路监测；
2.数据应用创新点：融合多领域数据构建安全治理体系，打破数据安全监测孤岛；
3.模式创新点：采用""一体机+云平台""部署模式，支持快速落地和灵活扩展；
4.管理创新点：建立""监测-预警-溯源-处置""闭环机制，提升协同治理效率。",1,赵惊,010-69517093,944939126@qq.com,2026-06-22 18:21:57,2026-06-22 18:21:57,2026-03-27 00:00:00,0,2,false,https://dibj.cn/portal/api/common/calling/page?tableCode=SCENE_DEMAND
39,SCENE_DEMAND,创新服务-场景需求,10,1533,极端天气降雨影响分析场景,通州区政务服务和数据管理局,通州区三月份场景发布,围绕极端天气高保真可视化、业务仿真与交互决策需求，通过三维渲染引擎、数据融合治理与仿真推演技术，融合地理信息、物联感知、业务系统与动态流数据等多源异构数据，通过统一数据引擎进行治理融合，并依托其高性能渲染内核与交互式孪生应用构建能力，打造全要素、可计算、可交互的极端天气降雨影响分析数字孪生体，实现从静态数据浏览到动态业务仿真、双向交互决策的升级效果。,"一、背景情况
全球气候变化导致局地强降雨、旱涝急转等极端天气事件频繁发生，急需利用新技术提升风险预警能力和应急响应效率。
二、拟解决的问题
打通气象、水务、交通等部门，实现“天-地-空”一体化数据融合，通过极端天气仿真推演，变“被动应对”为“主动防御”。","1.实现“降雨-内涝”全过程动态推演，实时渲染降雨汇流过程；
2. 依托物联感知设备，实现“数字孪生+物联感知”闭环映射。",2,李明浩,010-69518123,ghjsk@bjtzh.gov.cn,2026-06-05 18:31:06,2026-06-05 18:31:06,2026-03-27 00:00:00,0,1,false,https://dibj.cn/portal/api/common/calling/page?tableCode=SCENE_DEMAND
40,SCENE_DEMAND,创新服务-场景需求,9,1538,基于人工智能的精准营养健康服务场景,通州区政务服务和数据管理局,通州区三月份场景发布,"面向亚健康人群、慢性病患者及关注健康管理的用户，构建基于人工智能与科学循证的个人营养健康管理平台。通过构建大规模食物知识图谱，融合食物、化学物质、疾病及生物活性等多维度数据，利用AI知识图谱与大语言模型对海量生物医学文献进行结构化、通俗化转译，结合用户体检指标、生活习惯等多维数据，为用户提供精准、动态、个性化的营养干预方案；提供原料发现、配方模拟与功效预判的全链路数字化支持。
","一、背景情况
主流生物医学平台拥有海量文献，普通用户检索和阅读门槛极高；市场上膳食补充剂营销泛滥，缺乏同行评议的科学循证支撑；孕妇、慢病等特殊人群营养需求差异大，传统营养建议流于表面、缺乏针对性。
二、拟解决的问题
1. 打破生物医学知识壁垒，让普通用户也能便捷获取前沿健康研究成果；
2. 剔除商业营销杂音，建立基于同行评审的科学循证评价体系；
3. 针对用户个体差异（体检、生活习惯、特殊健康状况），提供千人千面的动态营养方案。""
","1. AI知识图谱+大语言模型：对海量医学文献进行结构化、通俗化转译，实现精准检索与知识降维；
2. 严苛循证评价体系（Evidence-Based）：剔除商业干扰，只沉淀有医学背书的真实研究，对营养建议和膳食补充剂进行专业医学评级；
3. 高颗粒度动态干预算法：结合用户多维数据提供个性化营养方案，支持慢性病等特殊人群场景；
4. 食物替代推荐引擎：基于聚类与统计验证，为用户推荐成分相似但疾病风险更低的食物替代品;
5.创新服务与治理模式：基于融合数据，为居民提供贴合通州区域健康特征的个性化营养指导，为公共卫生决策提供支持。",2,于梁,010-69518123,ghjsk@bjtzh.gov.cn,2026-06-05 18:31:06,2026-06-05 18:31:06,2026-03-27 00:00:00,0,1,false,https://dibj.cn/portal/api/common/calling/page?tableCode=SCENE_DEMAND
41,SCENE_DEMAND,创新服务-场景需求,28,1525,北京市全域光伏资源分级评估场景,北京市发展和改革委员会,2026北京市智慧城市 场景创新需求清单（第一批）,为精准支撑北京市绿色低碳转型与能源结构优化，需综合利用数据资源，融合人工智能与大数据分析技术，构建覆盖光伏发电项目的一体化智能评估体系。本场景旨在通过对资源禀赋、物理条件、电网接入及消纳、经济潜力等多维度的精细化、自动化测算，形成精确到街道级的全市光伏资源分级分类“一张图”与权威数据库，重点项目标注，为政府规划编制、政策制定、项目布局决策提供科学、动态的量化依据，全面提升光伏资源开发利用的精准性与效率。,"一、背景情况
当前，光伏开发依赖基于辐照度等单一数据维度的传统人工评估方式，效率低、精度差，难以支撑大规模、精细化的科学规划。因此，迫切需要利用数据资源，通过大数据、人工智能等先进技术，研发精准、动态的光伏资源智能评估模型，将数据优势转化为规划与发展的决策优势。
二、拟解决的问题
1.数据分散：光伏资源、建筑结构、电网接入条件、消纳能力等关键数据来源不同，缺乏融合分析。
2.评估粗放：现有评估多侧重光照资源，未系统考虑建筑屋顶结构、电网接入条件、本地消纳能力等约束条件，无法判断局部地区开发优先等级。
3.手段传统：通过各类建筑屋顶规模预测光伏资源潜力，与实际资源情况偏差较大，难以快速应对全域、精细化的评估需求。","1.创建精准规划的政府能源治理新模式。从传统的分散审批和粗放管理，转变为基于全市统一数据底图和智能算法的科学规划。通过发布权威的光伏资源分级图谱和指南，引导产业发展，显著提升资源配置效率。
2.实现跨部门政务数据在能源领域的业务化融合与价值释放。突破性地将规自、住建、电网、气象等多领域政务数据安全融合，探索构建数据细化至建筑物级的光伏资源空间数据库及街道级可视化“一张图”，实现资源分级评估与重点项目标注。
3 研究一体化的城市光伏资源评估模型。创建涵盖资源禀赋、建筑结构、电网条件、消纳能力等多维度约束的标准化评估模型与分级标准，为超大型城市系统化、规模化开发光伏资源提供了可测量、可决策、可复制的“北京方案”。",2,刘昊,18678691268,dylht00@126.com,2026-06-05 18:31:06,2026-06-05 18:31:06,2026-02-06 00:00:00,0,2,false,https://dibj.cn/portal/api/common/calling/page?tableCode=SCENE_DEMAND
42,SCENE_DEMAND,创新服务-场景需求,27,1526,基层报表数据“一表通”场景,北京市政务服务和数据管理局,2026北京市智慧城市 场景创新需求清单（第一批）,聚焦基层报表填报任务繁重，多头重复填报等痛点问题，创新“向基层要数据”到“从系统取数据”的工作模式和技术实现路径，通过建设完善“一表通”系统报表数据管理、数据项标准管理、只能化应用等核心功能，依托市大数据平台，构建基层数据共享资源池、开展报表数据“一数一源一标准”治理，提升数据治理服务能力，提供智能化应用服务，建立权责清晰、标准统一、可复用、可持续的基层报表数据治理和共享机制，减少基层数据填报负担，提升基层治理效能。,"一、背景情况：
国家高度重视整治形式主义为基层减负，通过系列政策文件、专项机制及技术赋能，系统构建基层减负制度框架，破解基层报表数量多、重复填报多、采集渠道多等痛点，推动实现基层报表“只报一次”“一数一源一标准”数据治理，充分发挥数据共享在为基层减负增效中的作用，切实为基层干部松绑减负，提升基层治理效能。
二、拟解决的问题：
当前，已初步厘清基层报表底数，精简整合填报事项，建立基层报表准入退出和清单管理机制，形成首批市级报表清单，完成国家“一表通”系统省级平台的部署测试和使用培训，已实现国家、市、区、街、居五级报表任务下发、数据填报上传的全流程打通，但需要构建报表数据资源底池、建立报表数据分级使用体系、实现与市大数据平台共享对接，依托大数据平台构建基层数据共享资源池，开展“一数一源一标准”数据治理，畅通数据共享通道，探索报表无感生成、衍生数据以算代采，实现基层报表数据“一方采集、多方共用”，多头重复填报问题有效缓解，真正为基层减负增效。","1.AI智能应用驱动报表全流程自动化。充分利用政务大模型应用共性基础能力，在报表需求自动解析、智能匹配、填报指引、准入审核、报表预填等环节提供智能化应用服务，大幅降低人工建表与审核成本确保填报规范准确，推动基层填报从“手动填”向“智能辅”转变。
2.构建可复用、可配置的报表数据资源库。以基层报表中的数据项作为基本单元，强化报表数据项标准化管理，支持用户通过自定义表单字段快速构建报表，灵活响应用户自定义表单需求，同时可以避免数据重复采集，提升数据复用率和标准化水平。
3.强化动态数据治理与鲜活数据保障。通过报表数据管理功能，实现已有报表数据的快速取用和带数下发，支撑基层填表报数。对接市大数据平台，按需对大数据平台已有的基础数据进行调用，持续开展数据治理，保障数据格式规范、业务口径统一，支撑数据跨部门、跨层级共享复用。",2,高文飞,010-55529800,gaowf@jxj.beijing.gov.cn,2026-06-05 18:31:06,2026-06-05 18:31:06,2026-02-06 00:00:00,0,2,false,https://dibj.cn/portal/api/common/calling/page?tableCode=SCENE_DEMAND
43,SCENE_DEMAND,创新服务-场景需求,14,1527,区域交通诱导微循环场景,通州区政务服务和数据管理局,2026北京市智慧城市 场景创新需求清单（第一批）,围绕城市静态交通管理中停车资源利用率低、车辆无效巡游严重的核心问题，通过多传感采集、高精度室内定位等技术，融合实时车位状态、车辆信息与道路车流等多源数据，构建“道路-车场-车位”精准引导模型与数智化运营管理体系，通过车位实时感知、智能调度与线上全流程服务，实现停车资源的优化配置与高效利用，有效减少寻位时间与无效巡泊，改善区域交通秩序，提升市民停车体验与静态交通管理精细化水平。,"一、背景情况
现有停车资源分布不均、信息化引导体系缺失，停车泊位信息不互通，导致车辆寻位低效、路边乱停现象突出，既造成区域道路通行效率下降，也制约静态交通治理提质增效，结合区域发展与民生出行实际需求，亟需建设停车诱导系统统筹调配停车资源。
二、拟解决的问题
破解停车找位难、乱停乱放问题，减少车辆无效巡游，优化停车资源配置，改善区域交通秩序，提升静态交通精细化管理水平。","1.融合多传感采集和高精度定位技术，构建停车全链路精准引导模型。依托多传感数据采集、高精度室内定位及实时数据通信技术体系，开展车位状态、车辆信息、道路车流等多源数据的联动分析，精准实现 “道路-车场-车位”全流程信息化引导，提高停车效率，减少巡泊交通，破解停车引导粗放的痛点。
2.数智驱动的停车全流程运营管理。替代传统人工疏导、粗放式计费的停车管理模式，实现从车位实时监测、车流智能调度到线上预约缴费、反向寻车离场再到运营数据可视化分析的停车全流程数字化、智能化管控，推动停车场运营管理从人工主导向数智驱动的转型。",3,曹宇,18600071668,ghjsk@bjtzh.gov.cn,2026-06-05 18:31:06,2026-06-05 18:31:06,2026-02-06 00:00:00,0,1,false,https://dibj.cn/portal/api/common/calling/page?tableCode=SCENE_DEMAND
44,SCENE_DEMAND,创新服务-场景需求,13,1528,基于地形数据的高精度积水预测场景,通州区政务服务和数据管理局,2026北京市智慧城市 场景创新需求清单（第一批）,围绕城市内涝应急响应业务中预警不精准、调度不科学的迫切需求，采用高精度地形建模、大数据分析等技术，融合实时监测数据，构建城市积水排涝数字孪生体，支撑模型化分析与智能化决策，提升积水影响的精准预警能力，强化排水资源的科学调度与处置流程的闭环管理，进一步提升城市防灾减灾的精准性、效率与安全性。,"一、背景情况
城市积水排涝管理存在多源信息割裂、预警不精准、处置效率偏低等问题，积水发生时难以快速精准预警周边行人和车辆，排涝设备调度缺乏科学依据。
二、拟解决问题
场景旨在打通信息壁垒，整合“预警信号、气象预报、实时雨量、积水水量、监控视频、地图信息、人员部署、排涝设施”等多源信息，构建统一指挥调度的数据基础，解决因积水点位置更新带来的安全、交通等问题。","1.耦合多源实时数据，融合高精度地形数据实现试点区域积水智能识别建模，突破传统排涝“单点监测、盲目调度”的技术局限。实现积水水位阈值自动触发预警、积水量精准测算、排涝水泵数量科学匹配，构建“监测-测算-调度”一体化技术体系。
2.推动预警信息精准触达，强化信息应用，提升信息服务效能。基于积水点位与实时交通信息，向受影响区域内的行人、车辆定向发送预警短信，提升公众避险响应效率。",2,曹宇,18600071668,ghjsk@bjtzh.gov.cn,2026-06-05 18:31:06,2026-06-05 18:31:06,2026-02-06 00:00:00,0,1,false,https://dibj.cn/portal/api/common/calling/page?tableCode=SCENE_DEMAND
45,SCENE_DEMAND,创新服务-场景需求,12,1529,智能机器人灭火和抢险救援应用场景,通州区政务服务和数据管理局,2026北京市智慧城市 场景创新需求清单（第一批）,聚焦消防救援队伍在灭火和抢险救援高危环境（如高温、坍塌、危化品泄漏等场景）作业难题，采用机器人替代方式，进入高危区域执行火灾侦检、人员搜救、物资运输及转移、灭火排烟等任务，降低人员伤亡风险，提升救援效率。,"一、背景情况
当前，部分消防队已配备消防机器人，但其在实际应用中仍存在一些不足：一是功能相对单一、智能化水平有限，例如侦检机器人虽可搭载气体传感器和热成像仪，但仍需依赖人工遥控操作；二是对超高温、复杂地形等极端环境适应能力不足；三是多机协同能力较弱，缺乏统一的指挥调度平台；此外，还存在续航时间短、负载能力有限等问题，导致难以支持长时间连续作业。
二、拟解决的问题
1.高危火灾现场：化工厂、油气储罐区、隧道等火灾现场开展近距离灭火。
2.复杂灾害环境：地震坍塌废墟、洪涝灾害现场深入探测、搜救被困人员。
3.高层建筑火灾、大型公共场所火灾（地铁站、商场）的高点物资运输，供水干线铺设。","1.构建机器人“前哨-干线”自主保障能力。针对高层建筑、隧道、地铁等纵深火灾，设计一套自主铺设与保障系统，由前导机器人（“前哨”）携带轻型水带深入火场，后续的“干线”机器人像“火车车厢”一样，自主连接并跟随，实现供水/供泡沫干线的快速、自动化、长距离铺设，并能通过内部加压系统维持水压，极大减轻消防员负重和风险。
2.构建机器人“数字孪生-实时反哺”指挥能力。将前方机器人打造为高精度的数据采集节点，将实时三维点云、热成像、气体浓度、结构稳定性等数据回传，在后方指挥中心动态生成并更新灾害现场的“数字孪生”模型，支撑指挥员在虚拟模型中俯瞰全局，进行灾情研判、战术模拟和资源调度，并将最优指令一键下发至机器人集群，实现“所见即所得”的精准指挥。",2,乔艺璇,18811375668,ghjsk@bjtzh.gov.cn,2026-06-05 18:31:06,2026-06-05 18:31:06,2026-02-06 00:00:00,0,1,false,https://dibj.cn/portal/api/common/calling/page?tableCode=SCENE_DEMAND
46,SCENE_DEMAND,创新服务-场景需求,11,1530,基于大模型的城市运行感知场景,通州区政务服务和数据管理局,2026北京市智慧城市 场景创新需求清单（第一批）,聚焦城市公共设施与市容环卫配套设施等城市静态部件中的动态挑战，通过数字化手段，依托视频感知能力，对城市部件实现数字化资产管理，实现常态化智能巡检、异常事件的实时发现，实现问题从公众投诉到主动发现的转变。,"一、背景情况
当前城市各类共用基础设施等静态部件的数量庞大、种类繁多、分布广泛，存在新增、迁移、报废等现象，且传统的人工巡检效率较低，难以实现全量覆盖，响应渠道较为单一。
二、拟解决的问题
1.实现城市部件数字化资产管理，形成“一物一码”数字管理档案；
2.实现对公共设施因自然损耗或认为破坏导致的异常、损坏、缺失等现象的实时感知；
3.聚焦城市公共秩序维护中的动态挑战，建立高敏捷性的智能预警机制。","1.实现从“问题驱动”到“健康度管理”。构建城市部件“数字健康档案”，为每个部件建立全生命周期档案，记录历史状态、维修记录、异常频次等，基于历史数据分析部件劣化规律，预测何时、何处可能发生问题，变被动维修为主动保养，并根据部件类型、位置、异常程度智能划分处置优先级（如主干道的倾斜路灯vs.小巷的垃圾桶满溢）。
2.实现视频感知数据的高效复用。基于市区两级提供的覆盖全市或指定区域范围内的视频点位数据，通过AI感知算法的部署，实现城市部件运行状态及异常事件的智能监控与实时发现。",2,于梁,15290169765,ghjsk@bjtzh.gov.cn,2026-06-05 18:31:06,2026-06-05 18:31:06,2026-02-06 00:00:00,0,1,false,https://dibj.cn/portal/api/common/calling/page?tableCode=SCENE_DEMAND
47,SCENE_DEMAND,创新服务-场景需求,32,1520,“京小宝”智能体构建场景,北京市教育委员会,北京市智慧城市场景创新需求智慧教育专项清单（第三批）,面向0—6岁婴幼儿家长、托幼从业人员、市区教育行政部门及各级管理者，打造涵盖家庭养育咨询、个性化育儿服务、托幼信息查询、从业人员研训支持、托幼布局参考、管理数据支撑的“京小宝”智能体，提供养育一体化、精准化、全场景的托育早教相关服务，完善托育服务体系，支撑托育行业高质量发展。,"一．背景情况
0—6岁婴幼儿家长存在养育一体化咨询、个性化育儿服务及托幼服务信息查询需求，托幼从业人员需专业保教指导与能力提升支持，市区教育行政部门需托幼布局参考依据，各级管理者需高效管理数据支撑，现有托育相关服务在精准化、一体化、数据协同等方面有待完善。
二．场景解决的问题
1.家长缺乏养育咨询服务及个性化育儿支持，婴幼儿生长发育监测与评估需求未得到充分满足；
2.托幼服务、入园及亲子活动信息分散，查询与筛选不便；
3.托幼从业人员专业保教能力提升缺乏针对性辅助与研训支持；
4.市区教育行政部门托幼布局缺乏动态需求数据支撑，各级管理者托幼管理（考勤、补助发放）效率有待提升。","以0—6岁托育早教全场景需求为核心，创新构建多主体、多功能一体化服务体系：
1.分类型打造家庭指导型、终端型、服务体验型、研训一体型、智能布局型、管理支撑型服务模块；提供养育多维度问答与年龄段分级推送服务。
2.研发“智能月嫂”“智能喂养/辅食制作桌面机器人”等智能终端，实现生长数据实时监测、异常预警与育儿便利支持。
3.构建托幼一体化服务新地图，支持精准筛选与地图定位、实时数据更新；对接已有数据平台建立托幼需求动态调研系统与供需热力图，为布局提供参考。
4.打造保教问题“小灵通”、保教案例分析等AI应用及研训一体化实践平台，赋能从业人员专业成长；实现智能考勤、自动生成报表与精准化普惠补助发放，提升管理效能。",3,周航,010-55530212,zx_zh@jw.beijing.gov.cn,2026-06-05 18:31:06,2026-06-05 18:31:06,2025-12-29 00:00:00,0,2,false,https://dibj.cn/portal/api/common/calling/page?tableCode=SCENE_DEMAND
48,SCENE_DEMAND,创新服务-场景需求,31,1521,“京小帮”智能体构建场景,北京市教育委员会,北京市智慧城市场景创新需求智慧教育专项清单（第三批）,针对当前家庭教育支持体系存在的系统性痛点，打造“京小帮”智能体，通过构建动态学生画像、生成个性化家庭支持方案、智能匹配教育资源、提供情景化教练服务、建立家校社协同路由等核心功能，构建以家长为服务主体、覆盖学生成长全场景的家校社协同家庭教育支持闭环。,"一、背景情况
当前北京市中小学“教联体”家校社协同育人中，家庭获取教育资源与指导的渠道分散，资源匹配度低；学校统筹社会资源的效率不足，家校沟通缺乏智能工具支撑；社会教育资源未形成系统化整合，更新机制不健全，难以精准对接学生个性化需求，导致协同育人效能未能充分发挥。
二、拟解决的问题
1.填补家长对个性化持续支持的需求缺口；
2.破解科学教育理念落地的“知易行难”瓶颈；
3.消除家庭与资源间的双向信息不对称。
","1.创新构建动态更新的学生发展画像系统实现成长评估与风险预警，生成衔接校内、可追踪的个性化家庭支持方案。
2.打造教育资源智能匹配枢纽，提供具备语义理解与记忆能力的7×24小时情景化教练服务，建立家校社协同智能路由机制形成高效协同闭环。
3.通过系统开放集成实现跨平台数据共享，以隐私优先的数据治理框架筑牢安全信任基础，全方位优化家庭教育支持模式。",3,周航,010-55530212,zx_zh@jw.beijing.gov.cn,2026-06-05 18:31:06,2026-06-05 18:31:06,2025-12-29 00:00:00,0,2,false,https://dibj.cn/portal/api/common/calling/page?tableCode=SCENE_DEMAND
49,SCENE_DEMAND,创新服务-场景需求,30,1522,“京小学”智能体构建场景,北京市教育委员会,北京市智慧城市场景创新需求智慧教育专项清单（第三批）,本场景聚焦高三备考核心需求，覆盖数理化生等标准化程度高的学科，围绕“课前自主预习-课中高效学习-课后针对性复习”全流程，依托学科知识图谱、AI诊断引擎、AI学习伴侣、高三复习备考专属助手等核心工具，为学生提供定制化学习建议与精准反馈，推送个性化学习路径、适配性数字资源及探究性学习指导，提升高三学生复习查缺补漏的精准度与学习资源的匹配度；同时通过家校协同助手联动教师与家长，全方位赋能学生成长，达成“一生一辅”的个性化赋能成效。,"一、背景情况
聚焦高三备考核心需求，优先覆盖数理化生等标准化程度高的学科，围绕课前自主预习、课中高效学习、课后针对性复习全环节，依托学科知识图谱、AI诊断引擎、AI学习伴侣等智能工具，为学生提供个性化辅导，实现“一生一辅”，助力学生精准查缺补漏、高效复习备考，同时减负提质，培养创新思维与核心素养。
二、场景解决的问题
1.解决高三复习中查缺补漏不精准、备考效率低的问题；
2.解决学习全环节缺乏定制化建议与适切性资源的问题；
3.解决“一生一辅”大规模因材施教难以落地的问题；
4.解决家校协同不足、学业信息不同步的问题。",构建标注考点关联强度的学科知识图谱，联动AI诊断引擎实时分析学生历史学习数据，课前自动识别知识盲区，生成聚焦核心知识点的预习指引；课中通过实时数据交互，推送与课堂进度匹配的薄弱点提醒；课后依据知识掌握情况，锁定需强化的内容模块，为资源推荐提供技术支撑。 AI学习伴侣根据学生学习进度、兴趣及薄弱点定制个性化学习计划，通过数据追踪记录学业成长轨迹。,3,周航,010-55530212,zx_zh@jw.beijing.gov.cn,2026-06-05 18:31:06,2026-06-05 18:31:06,2025-12-29 00:00:00,0,2,false,https://dibj.cn/portal/api/common/calling/page?tableCode=SCENE_DEMAND
50,SCENE_DEMAND,创新服务-场景需求,29,1523,“京小师”智能体构建场景,北京市教育委员会,北京市智慧城市场景创新需求智慧教育专项清单（第三批）,“京小师” 定位于为教师提供综合性教育教学辅助、赋能教师专业成长的智能体，覆盖备课、课堂管理、作业批改、教研、个性化教学、专业培训、科研、实验实践活动等关键环节，通过提供教学支持、数据服务、知识库资源等一体化服务，构建教师闭环式发展体系，助力提升教学质量与教师专业素养。,"一.背景情况
教师在教育教学过程中面临备课、作业批改等环节工作量较大的问题，个性化教学实施需要多维度学情数据支撑，教师专业成长（培训、科研）存在资源匹配与实践辅助需求，实验实践及德育教学活动设计需专业支持，教育决策缺乏精准数据支撑，亟需综合性智能辅助工具优化教学与发展全流程。
二. 拟解决问题
1.减轻教学各关键环节工作量；
2.个性化教学缺乏对学生数据的综合分析与多维画像支撑；
3.教师专业发展资源匹配精准度不足，科研及实验实践、德育活动设计缺乏有效辅助；
4.教育教学相关数据分散，难以为改进与管理决策提供有力支撑。","1.基于生成式人工智能的核心教育支持服务。一键生成教案、课件、习题，并联动智能批改与学情跟踪功能，实时反馈学情以反哺课堂优化。
2.融合实验虚拟仿真技术，提供虚拟实验教学支持。创建安全、可重复的实验环境，服务科学实验教学；同时协助班会和团队活动，解决传统实践教学风险高、设计难的问题。
2.依托多维度数据整合与知识库技术，支撑精准教学与科学治理。通过整合学习数据、教师使用数据构建画像，实现多维度评估及教师发展资源适配；汇聚教材、案例等资源构建结构化知识库。",3,周航,010-55530212,zx_zh@jw.beijing.gov.cn,2026-06-05 18:31:06,2026-06-05 18:31:06,2025-12-29 00:00:00,0,2,false,https://dibj.cn/portal/api/common/calling/page?tableCode=SCENE_DEMAND
51,SCENE_DEMAND,创新服务-场景需求,135,1494,社保待遇资格信息比对认证场景,北京市人力资源和社会保障局,2025北京市智慧城市场景创新需求批次,围绕社保待遇资格认证业务需求，通过大数据比对、人脸识别等技术，融合医保就医、民政服务、交通出行等多源城市行为数据，实现退休人员免申即享、无感通过的信息比对认证，提升认证效率，减轻老年人操作负担，提升基金监管效能。,"一、背景情况：
北京市社保待遇资格认证经历了从传统模式到信息化、智能化的全面转型，认证方式从“群众跑腿”向“数据跑路”转变，认证周期从“定期认证”向“递延认证”演进，技术应用从“人工核验”到“生物识别、大数据比对”更新，服务理念从“被动监管”向“主动服务”转型。目前信息比对认证覆盖率尚有提升空间，需进一步扩大数据源与提高准确率。
二、拟解决的问题：
当前信息比对认证数据来源仍显不足，部分退休人员因行为轨迹缺失无法被系统覆盖；同时需提升多源数据交叉核验与异常行为识别能力，防范冒领、重复领取待遇等基金安全风险，实现更广泛、更精准的无感认证服务。","1.引入机器学习算法，实现自动识别异常模式并触发人工复核机制，实时分析医保消费、出行频次等行为数据，提升认证准确性与时效性。
2.构建跨领域多源政务数据动态关系图谱，实现对人员存续状态的持续追踪与交叉验证。
3.打造“实名即认证”服务机制，将退休人员在城市中的各类实名行为自动转化为认证依据，建立“行为存证-自动触发-系统认证”全链条无感服务模式。",3,赵连豪,010-55529227,zhaolianhao@rsj.beijing.gov.cn,2026-06-22 18:21:57,2026-06-22 18:21:57,2025-11-24 00:00:00,0,2,false,https://dibj.cn/portal/api/common/calling/page?tableCode=SCENE_DEMAND
52,SCENE_DEMAND,创新服务-场景需求,59,1489,工贸企业AI非现场监管场景,北京市应急管理局,2025北京市智慧城市场景创新需求批次,围绕安全生产领域非现场监管数字化转型需求，利用大数据、大模型等技术，通过多源监管数据联通，构建智能化非现场管理系统，实现对异常经营行为、安全隐患等的自动识别与智能研判，提升非现场监管的精准性、及时性与效能，推动从“人防”到“技防”的监管模式转变。,"一、背景情况：
为贯彻落实《国务院关于加强和规范事中事后监管的指导意见》及《应急部关于加强安全生产执法工作的意见》，需要建立以远程监管、移动监管、预警防控为核心的新型非现场监管模式，以应对现有监管手段不足的问题。
二、拟解决的问题：
1.强化企业主体责任落实，解决工贸行业从业人员流动性大、安全意识薄弱等问题。
2.更新传统的监管模式，增加企业及其员工的参与度。
3.利用先进技术提高政府监管效能。","1.通过融合跨部门数据构建企业全息画像与风险评价体系。打通应急、市场监管、住建等多源数据壁垒，通过信息智能比对与分析，强化特种作业人员管理、作业票管理等，实现对违规操作、无证作业、人员资质异常等行为的自动识别与分级预警。
2.构建非现场智能巡检与风险预测新模式。依托人工智能与大模型技术，实现企业异常经营行为、安全隐患等的自动识别、智能研判与告警推送，推动监管流程重构与机制创新，实现从被动响应向主动发现、精准干预的转变，显著增强监管的针对性与有效性。",2,张涛,010-89150568,Zhangtao@sx-she.com,2026-06-05 18:31:06,2026-06-05 18:31:06,2025-11-24 00:00:00,0,3,false,https://dibj.cn/portal/api/common/calling/page?tableCode=SCENE_DEMAND
53,SCENE_DEMAND,创新服务-场景需求,58,1483,“京云智库”智慧调研大模型应用场景,北京市政务服务和数据管理局,2025北京市智慧城市场景创新需求批次,围绕我市调查研究工作提质增效需求，整合调查研究资源、数据，构建基于知识库聚合的“京云智库”智慧调研大模型，打造全市调研工作智能中枢，实现调研成果共享复用，更好发挥参谋助手、辅助决策作用，助力首都高质量发展。,"一、背景情况：
近年来，我市加快推进政务应用体系建设，着力打造“京办”“京智”等一系列信息化系统，有效支撑日常办公与领导决策，为全市调研成果的共享与复用奠定了扎实的数据资源和平台基础。在此背景下，进一步强化新型智库建设、全面提升调查研究能力具有重要意义。
二、拟解决的问题：
围绕当前全市智库与调研工作数据全量梳理不足、数据转化复用率不高难题，依托信息化、智慧化手段，提升资料收集与调研效率，将数据资源有效转化为决策支撑与调研创新的核心驱动力。","1.构建调研数据智慧化检索处理能力，打造智库矩阵。以AI大模型深度赋能多源调研数据的快速抓取、智能整合，全面汇聚国内外国内政策文件、前沿资讯、研究成果、创新案例，通过数据分析、处理、加工，构建政策库、资讯库、案例库、成果库、专家库等，创新数据安全手段，夯实调研工作的创新基础。
2.建设垂直领域智慧调研大模型。全面学习各领域不同类型调研成果，进行深度思考、精准匹配、生成创造，打造品类丰富、功能完善的咨政产品；聚焦特色、专项调研需求，打造个性化调研方案，推进政务和数据领域先试先行。
3.推进全市政产学研调研数据共享体系建设。建立完善调研指标体系，强化调研统筹；同时，推进政产学研调研成果、调研产品的关联共享，加强数据汇聚、功能创新，通过脱敏打包，形成高质量数据产品。",1,齐永年,010-55529322,zcfgc@zwfwj.beijing.gov.cn,2026-06-05 18:31:06,2026-06-05 18:31:06,2025-11-24 00:00:00,0,2,false,https://dibj.cn/portal/api/common/calling/page?tableCode=SCENE_DEMAND
54,SCENE_DEMAND,创新服务-场景需求,57,1484,“京智”智能问数大模型应用场景,北京市大数据中心,2025北京市智慧城市场景创新需求批次,依托“京智”已整合接入的各部门辅助决策专题应用、数据指标、报告专刊等决策资源，构建辅助决策领域高质量数据集和知识库，利用人工智能大模型技术构建智能问数应用场景，支持通过自然语言交互问答方式获取多维数据融合展示、趋势分析研判和决策参考建议等，提升“京智”智能化服务能力，实现从“被动看数”向“智能问数”转变。,"一、背景情况：
“京智”整合接入了60多个领域决策专题应用和1800余项高质量指标数据，但因专题界面内容固化、指标量大且分散等原因，传统技术方式难以支撑千人千面、灵活变化的领导决策需求。
二、拟解决的问题：
1.决策信息获取效率低。需逐级下钻或手动筛选目标数据，跨部门、跨领域决策数据分析耗时费力。
2.决策支撑力度不足。单纯页面或指标呈现方式，缺乏智能分析解读能力，辅助决策能力不足。
3.多模态决策知识融合能力欠缺。专题页面和指标数据等内容割裂，不能自动提取和关联融合分析。","1.构建一站式数智决策服务能力，突破“数字决策”到“数智决策”业务瓶颈。基于AI赋能的多模态决策信息自动提取和知识库构建，建立“关键词检索+语义联想+多维融合”的数据智能问答应用体系，实现基于交互问答模式的决策综合服务体。
2.构建辅助决策领域多元混合智能体统一调度能力，实现“多元分散”到“集中赋能”业务升级。构建基于数据看板、指标库和报告文档等多元数据的混合智能体应用和统一调度能力，自动识别和执行意图涉及的领域知识流和业务流，实现各智能体之间的高效协同。
3.构建千人千面的智能决策服务体系，助力“粗放服务”向“一网慧治”能力提升。根据不同用户权限，建立基于智能决策知识体系的分级分类授权服务机制，实现在一套功能框架下的各级用户“千人千面”服务。",1,周欢,010-55529766,zhouhuan@jxj.beijing.gov.cn,2026-06-05 18:31:06,2026-06-05 18:31:06,2025-11-24 00:00:00,0,2,false,https://dibj.cn/portal/api/common/calling/page?tableCode=SCENE_DEMAND
55,SCENE_DEMAND,创新服务-场景需求,56,1485,立法全流程智能辅助垂直大模型场景,北京市司法局,2025北京市智慧城市场景创新需求批次,围绕立法全流程效率提升与管理智能化需求，运用OCR识别提取、大模型语义分析等技术，构建立法领域垂直大模型，实现“立法全流程可跟踪、成果全版本可追溯、意见全渠道可整合、操作全场景可智能、质量全要素可评价”的首都立法工作新形态，助力实现科学立法、民主立法、依法立法。,"一、背景情况：
当前北京市立法工作依据《北京市政府立法工作流程及文书格式规范》，划分为编制立法工作计划、立项、起草、审查、出台5个阶段，需处理大量草案版本、多类型意见及审查任务，政策明确要求提升立法智能化水平。
二、拟解决的问题：
1.起草阶段上位法检索依赖人工，易出现查找不全、法条冲突或与相关法规不协调问题。
2.立法过程中草案版本迭代频繁，人工对比差异效率低。
3.起草阶段，书面意见多为纸质形式，人工整理效率低。
4.审查阶段依赖人工，易因经验不足导致疏漏，审查报告生成耗时久。
5.立法工作周期性、逻辑性强，人员更替易导致关键信息传承缺失。","1.实现“大模型赋能+全流程智能辅助”立法工作模式创新。打破传统“人工主导、纸质流转、经验判断”模式，实现起草时自动匹配上位法、审查时智能扫描问题、溯源时逐条显示历史修改版本，推动立法工作向“智能高效”转变。
2.通过书面意见OCR识别与结构化提取等技术，推动立法全流程效率创新。支持意见研判分析、多版本草案智能比对、形式审查等工作，完成时间从数天压缩至数小时，大幅缩短意见处理、版本管理周期，保障立法质量与效率双提升。
3.融合法律法规库与大模型语义分析能力，助力立法质量创新。实现法条冲突自动预警、意见智能归类与核心诉求提炼，减少人工疏漏，保障立法内容的规范性、合法性与合理性。",1,王宏业,010-55579069,why@sfj.beijing.gov.cn,2026-06-05 18:31:06,2026-06-05 18:31:06,2025-11-24 00:00:00,0,2,false,https://dibj.cn/portal/api/common/calling/page?tableCode=SCENE_DEMAND
56,SCENE_DEMAND,创新服务-场景需求,55,1486,司法行政业务多模态OCR智能底座模型应用场景,北京市司法局,2025北京市智慧城市场景创新需求批次,聚焦北京市司法行政领域的多模态信息精准处理与归档需求，依托司法行政历史档案与实时业务数据，构建基于立法领域多模态OCR技术的智能底座平台，深化行政复议、法律职业资格考试、行政执法三大业务场景应用，打造核心证件全字段识别、超长文本关键信息提取、污损/歪斜文档修复等功能，实现多格式文件分类提取全覆盖，集成高性能处理功能，形成文档处理高精准、业务推进高效率、合规审核全保障的司法行政工作新形态。,"一、背景情况：
目前立法领域多模态OCR识别模型针对行政立法合法性审核、行政复议等业务需求，已完成9类核心场景开发,包括多种格式文件分类提取、证件类型识别与内容提取、手写体识别、污损/模糊复印件内容提取、歪斜证件照片识别提取、罚单内容提取、印章识别、去印章提取日期及OFD文件识别，能够满足一定业务数据处理需求。
二、拟解决的问题：
围绕我局行政复议、法律职业资格考试、行政执法三大核心业务要求，打造全类型文件的自动提取、识别平台，支撑案件受理审核、资质核验、证据归档，为我局智慧化建设及业务流程优化提供稳定支撑。","1.突破传统通用识别模式，构建垂直领域多元非结构化数据处理能力。融合司法行政领域专属视觉特征与术语语义库，实现“视觉+语义”双维度识别；为身份证、学历证明等高频证件建专属模板，通过模板匹配与特征校验解决“通用识别准确率低”问题，创新定制化技术范式与示范方案。
2.采用分层智能处理引擎，实现OCR能力贯穿始终。L1层精准分类文件，L2层提取关键信息并处理印章相关内容，L3层智能判定合规性，证件识别与超长文书关键信息提取准确率提高。
3.构建高效协同处理平台，打造标准化、闭环化的专用数据处理底座。达成单份档案秒级处理、多文件并行运算，减少人工审核、核验、归档人力投入；实现政务系统数据交互适配零失误，强化合规保障；兼容常见格式、适配多终端上传，满足业务时效要求。",1,王宏业,010-55579069,why@sfj.beijing.gov.cn,2026-06-05 18:31:06,2026-06-05 18:31:06,2025-11-24 00:00:00,0,2,false,https://dibj.cn/portal/api/common/calling/page?tableCode=SCENE_DEMAND
57,SCENE_DEMAND,创新服务-场景需求,54,1487,司法行政数智化知识中枢体系构建场景,北京市司法局,2025北京市智慧城市场景创新需求批次,围绕智慧法治领域知识资源体系化、规范化管理需求，加强知识中枢顶层设计和统筹规划，融合司法行政领域内外部各类知识资源，构建互联互通、有机融合的一体化知识体系与服务架构，整合、存储和管理内外的各类知识资源，实现知识的高效共享，支撑大模型等在垂直领域的应用落地，推动智慧法治应用向更深层次、更广范围发展。,"一、背景情况：
在全面依法治国、数字中国建设以及国家治理体系与治理能力现代化协同推进的战略背景下，构建一体化智慧法治体系，已成为提升法治实施效能、维护社会公平正义的关键支撑。随着我局多个大模型应用场景的逐步验证与落地实施，行业知识、领域知识与业务知识的深度融合与协同应用需求日益凸显。当前，北京市司法局实现了对部分知识资源的采集、存储、查阅和检索功能，并积累了一定规模的高质量数据集，但并未形成全域一体的知识治理格局。
二、拟解决的问题：
当前不同层级、系统、业务之间的知识资源难以进行有效的统筹分析、深度关联和充分共享，缺乏全局视角的知识工程战略规划与体系架构设计、规范化接口与合力管理机制，知识难以得到融合、关联与协同增效，面对跨场景、跨业务的复杂智能分析与决策支持有一定挑战。","1.探索知识资产分类标准，助力知识高效整合、存储和管理。基于业务特点和知识需求，制定细致、全面、灵活可扩展的知识分类体系，适应业务发展和知识更新的需求。
2.构建知识全生命周期治理机制，赋能跨业务跨层级跨系统的知识服务能力建设。形成知识采集、分类、检索、分析、推荐等闭环分级体系框架，明确知识服务与上层大模型等智能应用集成的技术规范，支持跨业务智能问答等应用落地。
3.开展知识统筹体系设计，推动大模型智能化应用从部门内部“单点”应用向市区街跨层级“面上”协同转变。",1,王宏业,010-55579069,why@sfj.beijing.gov.cn,2026-06-05 18:31:06,2026-06-05 18:31:06,2025-11-24 00:00:00,0,2,false,https://dibj.cn/portal/api/common/calling/page?tableCode=SCENE_DEMAND
58,SCENE_DEMAND,创新服务-场景需求,53,1488,直播电商监测本地大模型应用场景,北京市市场监督管理局,2025北京市智慧城市场景创新需求批次,围绕直播电商高效监测需求，运用大数据、人工智能等技术，打造AI全流程监测系统，对直播电商进行高频次抽查、自动识别，实现100路本地监测能力并发监测，深入践行监管为民，不断提高人民群众网络消费满意度。,"一、背景情况：
直播电商现已成为网络消费的重要途径之一，但由于交易主体类型多元、法律关系复杂，虚假宣传、假冒伪劣屡禁不止，“内卷式”竞争行为反映强烈，亟需通过数智化手段，提升并发监测、智能监测能力，实现高效、安全、可靠的违法行为监管，遏制行业乱象蔓延。
二、拟解决的问题：
1.传统SaaS数据服务模式响应速度受限、系统自主可控性不足，通过本地化部署与数据采集，采取实时采集分析研判取证的模式，提升可控性及响应时效性。
2.人工监测投入大、效率低，模型识别准确率低、更新滞后，通过大模型提升识别精度，并持续优化适应新型违法场景。
3.缺少针对大数据杀熟、流量算法操纵等复杂隐蔽问题的监测识别机制，构建针对深层违规行为的监测识别算法。","1.研发直播电商监测垂直大模型。构建直播电商信息库、涉嫌违法行为特征库等，利用大模型的多模态识别、深度理解、逻辑推理能力，智能拆分解析各类任务内容，实时采集分析研判，以大模型自我学习能力赋能模型持续优化。
2.实现轻量化、易扩展、可升级的验证系统。通过大模型模块化平滑部署，针对性进行数据高保真压缩存储，对非事件相关视频进行高压缩比压缩，减少存储及后续检索的算力资源开销，达到轻资产、高效率的运营指标。
3.创新“AI全流程监测”模式。打破传统“人工主导、采识分开”的监测模式，实现自动解析监测要点、智能分配监测资源、采集识别一体，实现分钟级的实时监测比对输出。",1,祖刚,010-55526278,zugang@scjgj.beijing.gov.cn,2026-06-05 18:31:06,2026-06-05 18:31:06,2025-11-24 00:00:00,0,2,false,https://dibj.cn/portal/api/common/calling/page?tableCode=SCENE_DEMAND
59,SCENE_DEMAND,创新服务-场景需求,52,1490,公安领域AI智能体协同办公场景,西城区公安分局,2025北京市智慧城市场景创新需求批次,围绕公安领域数字化、智能化协同办公需求，紧密结合公安业务实际，打造具备自主感知、智能调度与协同处置能力的专有智能体系统，实现对多源事务的统一接入和智能分配，提升政务办公效率与知识管理能力，打造智能、规范、安全的一体化协同办公新范式。,"一、背景情况：
立足数智化协作的深度需求，解决多跨系统业务操作，统筹业务事项、业务应用，满足等保、信创、护网、安全法规等数据合规要求，引入专业大模型技术，全面整合工作流、知识流与消息流，切实提升政务协同与知识管理效能。
二、拟解决的问题：
聚焦西城区公安办公系统间协同不足的问题，需以自驱业务为牵引，打造分局专属智能体，缓解事务处理来源分散、应用管理复杂、办事需多跨系统等日常办公和知识管理压力，推动办公模式向智能化、集约化转型。","1.构建具备自主感知与智能调度能力的专有智能体系统。采用自然语言处理技术，支持门户中各类新闻、规范、应用及统计数据的智能检索、智能填表与流程自动发起，提升跨系统业务操作的流畅度与响应效率。
2.打造任务全生命周期智能管理闭环。引入智能分类与优先级排序机制，实现任务自动提醒、进度跟踪与智能催办；通过单业务规则和逻辑关系智能校验，智能识别数据合理性与一致性，提供审批辅助建议，推动事务处置从“人找事”到“事找人”的转变。",2,任超杰,18515557329,18515557329@163.com,2026-06-05 18:31:06,2026-06-05 18:31:06,2025-11-24 00:00:00,0,2,false,https://dibj.cn/portal/api/common/calling/page?tableCode=SCENE_DEMAND
60,SCENE_DEMAND,创新服务-场景需求,51,1491,无人车-机器狗协同式智慧执法监管场景,北京市经济技术开发区综合执法局,2025北京市智慧城市场景创新需求批次,围绕施工工地、工业园区、城市管理等多类高频执法场景的资源调配、多维感知与智能判定需求，打造“无人车搭载机器狗”的城市级非现场智慧监管系统，综合利用无人车自动驾驶技术、机器狗自主路径规划、AI视觉识别和大数据智能分析能力，有效扩大执法监测覆盖范围、消除监测空白，提升巡查处置效率，实现跨领域执法统筹与资源共享，打造高效、精准、非接触式的现代监管体系。,"一、背景情况：
北京市全面推行非现场监管模式，积极依托数字化、智能化技术手段，实现对各类风险隐患的精准识别与提前预警，以科技创新驱动监管效能提升。在此背景下，依托自动驾驶无人车与机器狗协同作业，可进一步拓展非现场执法应用的深度与广度，实现多平台、多视角、全过程智能监管。
二、拟解决的问题：
聚焦传统实地检查模式向智能化非现场监管转变要求，突破当前重点点位与地块内视频信息无法兼容共享的问题，通过构建“无人车+机器狗”协同的多平台感知体系，弥补人力巡查与固定摄像头存在的盲区，实现对复杂场景、隐蔽区域的全覆盖智能监测，提升监管连续性和数据融合性，同时，有效减少对企业正常生产经营活动的干扰，实现“不扰企、精准管”的现代化监管目标。","1.实现AI自动驾驶技术、机器狗联控技术以及AI视觉技术在非现场执法领域的创新应用。以具备社会道路合法行驶与自主导航能力的无人车作为机器狗的移动充电基站和调度中心，依托机器狗强机动性与动态环境适应能力，扩展执法覆盖维度；AI视觉系统支持多模态违规行为识别，支持实时分析、语音预警与证据固定，三者联动真正构建“移动感知-智能研判-主动干预”一体的闭环执法技术体系。
2.打造机器狗与无人车的协同联动与数据融合，依托统一平台对多设备采集的视频、图像、地理位置及行为标签等信息进行集成处理；引入智慧城市数据大模型，对多源异构监管数据进行整合分析与自主学习，实现对违规行为模式、风险热点区域、企业合规态势等的智能挖掘与预测，推动城市治理从“响应式巡查”向“预测性监管”转型。",1,张磊,13716527400,849794049@qq.com,2026-06-05 18:31:06,2026-06-05 18:31:06,2025-11-24 00:00:00,0,2,false,https://dibj.cn/portal/api/common/calling/page?tableCode=SCENE_DEMAND
61,SCENE_DEMAND,创新服务-场景需求,50,1492,门户网站AI综合信息服务大模型应用场景,首都之窗运行管理中心,2025北京市智慧城市场景创新需求批次,围绕门户网站用户高效获取政务资讯、快速理解应用政策需求，通过大模型、自然语言处理、知识图谱等技术，融合全市政府网站及政务新媒体的资讯数据，以“通用推荐+个性推荐+智能对话框”为核心形态，提供资讯速递/速览/速读，以及政策速读/脑图/图谱/可视化解读一体化服务，提升用户获取政务信息的便捷性，树立政务数字服务智能化标杆。,"一、背景情况：
传统模式下网民获取政务信息需依照栏目层级“逐个检索”，无法跨平台聚合信息；传统搜索面对海量结果，手动筛选操作步骤多、耗时长，信息获取成本高。用户面临政策阅读效率低、理解门槛高、信息整合难、落地应用难等问题，政策可及性、易懂性、实用性不足。
二、拟解决的问题：
深化政府门户数据治理应用，解决跨平台资讯聚合难、搜索筛选低效，以及政策理解与应用障碍两大核心问题，通过AI技术辅助门户资讯智能交互，探索内容运维新模式，并实现政策结构化拆解与可视化解读。","1.融合NLP、可视化技术与知识图谱技术，构建政务信息服务智能中枢。实现资讯速递（最新资讯汇聚推送）、速览（可视化要点卡片）、速读（智能摘要生成）三功能，支持任意周期资讯综述查询与智能对话交互；实现政策脑图、可视化阅读、溯源比对等功能，降低用户信息获取与政策理解耗时。
2.推动跨平台资讯数据与跨部门政策数据的双向聚合，实现数据驱动的政策-需求匹配。结合用户行为数据动态优化个性推荐策略，并利用算法平衡自主选择与全局推荐；建立“政策-服务-案例-人群”关联图谱，提升匹配精准度。
创新主动响应的嵌入式政务综合信息服务新模式。打破传统栏目层级浏览与政策文本孤立解读模式，打造资讯“伴随式”服务与打造政策“导读+导服”一体化服务，以AI服务全流程陪伴助力政务信息的易用化转型。",1,余勇妮,010-55529620,yuyongni@jxj.beijing.gov.cn,2026-06-05 18:31:06,2026-06-05 18:31:06,2025-11-24 00:00:00,0,2,false,https://dibj.cn/portal/api/common/calling/page?tableCode=SCENE_DEMAND
62,SCENE_DEMAND,创新服务-场景需求,49,1493,120急救智能呼叫场景,北京市卫生健康委员会,2025北京市智慧城市场景创新需求批次,围绕北京市120急救热线话务压力大、资源紧张等痛点，融合大模型、NLP、ASR、TTS、语音情绪识别等AI技术，构建智能化、高效率、高可靠性的120急救热线服务体系，实现智能话务分流、全量病例质检、座席实时辅助与多源知识管理，提升急救响应效率、服务质量和资源利用率，保障危急重症患者“生命通道”畅通。,"一、背景情况：
北京市120急救热线日均接听超6000次，高峰期进线量激增，导致生命通道拥堵，大量来电属非紧急需求，挤占有限资源，需任务单记录效率低、准确性待提升。
二、拟解决的问题：
1、高峰期（如极端天气、突发公共事件）进线量激增，导致关键生命通道拥堵，部分紧急求救电话可能因占线延误救治。
2、120电话受理质控抽检覆盖率不足，部分问题通话不能及时发现。
3、120任务单人工记录速度慢、完整性、准确性有待提高。
4、即时知识支持支撑能力不足。传统知识更新与抽取效率低，难以提供即时知识支持。","1.利用AI语音识别与NLP实现自动分类，提升热线处理能力。结合大数据优化车辆调度；实现AI质检与高风险通话实时标记；提高任务单记录的准确性、速度和完整性；为新手调度员提供全流程辅助；提升多源异构知识抽取与更新的效率，实现业务咨询自动应答。
2.深度挖掘北京市120急救热线海量数据价值。通过AI智能分级与实时分流、医学知识驱动的智能引擎、生成式任务摘要与流程引导、全量AI质检与知识管理等创新举措，实现来电分级精准化、病例质检合规化、调度流程智能化、知识支持实时化。",3,张进军,010-66098031,zhang92560@163.com,2026-06-05 18:31:06,2026-06-05 18:31:06,2025-11-24 00:00:00,0,2,false,https://dibj.cn/portal/api/common/calling/page?tableCode=SCENE_DEMAND
63,SCENE_DEMAND,创新服务-场景需求,48,1495,政务服务宣传讲解AI数字人应用场景,东城区政务服务和数据管理局,2025北京市智慧城市场景创新需求批次,围绕展厅讲解、招商引资楼盘讲解、政务服务咨询、政务直播、政务短视频等场景，通过数字人技术，结合人工智能和大模型，融合相关政策数据，实现数字人自主讲解和智能问答，达到“展厅讲解-移动问答-宣传直播-政策短视频”的政务数字人全场景应用效果。,"一、背景情况：
随着数字政府建设的深入推进，政务服务场景对智能化、高效化、便捷化的需求日益迫切。通过数字人融合政务数据与大模型是提升服务质效的关键。
二、拟解决的问题：
1.展厅讲解自动化程度低，讲解服务受时间和人员限制，互动性不足，无法充分体现展馆科技感；
2.商圈情况讲解、街道问题咨询、政策咨询等依赖前端工作人员，对工作人员政策掌握程度要求高；
3.政策讲解及招聘直播成本高、覆盖面不足；人工讲解短视频制作费时费力。","1.采用大模型+数字人技术，实现多场景自适应数字人对话。突破固定脚本限制，实现自主应答与多轮对话，可灵活适配展厅、移动端、直播、短视频等不同场景，实现实时数据联动，政务数据更新时数字人内容自动同步更新。
2.构建驱动数字人的“智能知识引擎”。文本数据转化为数字人可理解的“讲解脚本库”和“问答知识库”，实现政务数据从“静态存储”到“活化应用”的价值跃升，大幅提升数据利用率。
3.打造覆盖“展厅讲解-移动问答-宣传直播-政策短视频”的政务数字人全场景应用模式。突破数字人技术单点应用局限，形成从“线下展示”到“线上服务”、从“信息传递”到“互动办事”的完整闭环。",3,张卓,010-51271245,dczwfwbxxhk@bjdch.gov.cn,2026-06-05 18:31:06,2026-06-05 18:31:06,2025-11-24 00:00:00,0,2,false,https://dibj.cn/portal/api/common/calling/page?tableCode=SCENE_DEMAND
64,SCENE_DEMAND,创新服务-场景需求,47,1496,城市行道树倒伏智能监护场景,北京市园林绿化局,2025北京市智慧城市场景创新需求批次,围绕首都公共安全和园林设施保护需求，利用物联网感知和多模态AI模型等技术，整合行道树健康状况、实时气象等多维数据，构建城市行道树实时监测与风险预警模型，提升行道树倒伏识别率，减少预警响应时间，降低市政应急成本，实现精准防护，保障市民生命财产安全及交通畅通，提升市政应急管理能力。,"一、背景情况：
北京行道树数量庞大且树龄普遍较高，近年来，受极端天气和树木自然老化影响，行道树倒伏事件频发，造成交通中断、设施损毁，甚至人员伤亡。为提升行道树倒伏识别速度与处理效率，需加强行道树健康状况、实时气象等多维度数据驱动的倒伏风险等级量化，提升应急响应时效，满足核心区安全防护时效要求。
二、拟解决的问题：
传统人工巡检模式存在覆盖面有限、响应滞后等问题，急需通过智能化手段实现风险早发现、早预警、早处置，保障城市安全运行与市民生命财产安全。","1.融合物联网感知和多模态AI模型技术，构建行道树倒伏风险的主动预警模型。开展视频图像、行道树监控状况、实时气象等多源数据的联动分析，精准识别行道树的潜在风险，如倾斜、倒伏、断枝等隐患，提高异常事件响应效率，防范次生灾害的发生与不良影响。
2.整合实时气象、道路监控和行道树养护数据，优化行道树倒伏风险预测算法。促进行道树监护数据融合应用，为园林绿化、应急抢险等部门提供服务，助力城市生态安全决策。
3.基于“监测-预警-处置”闭环设计，构建“传感终端+AI分析+云平台”三层架构体系。形成覆盖监测、分析、处置全流程的标准化城市行道树智能监护解决方案，实现从被动告警到风险预测的升级，为智慧城市安全领域提供技术支撑。",2,胡远宁,010-55535430,hyn@yllhj.beijing.gov.cn,2026-06-05 18:31:06,2026-06-05 18:31:06,2025-11-24 00:00:00,0,2,false,https://dibj.cn/portal/api/common/calling/page?tableCode=SCENE_DEMAND
65,SCENE_DEMAND,创新服务-场景需求,46,1497,“物联网+AI”地下空间人防工程智慧监测场景,北京市国防动员办公室,2025北京市智慧城市场景创新需求批次,围绕城市地下空间安全及环境的监测需求，运用物联网实时感知、大数据、人工智能等技术，对城市地下空间安全及环境数据进行采集、加工与应用，实现对地下空间结构状态、环境参数等关键指标的实时感知与智能预警，提高城市地下空间运行的监管效能和应急响应能力。,"一、背景情况：
城市地下空间涵盖交通设施、市政公用设施、商业服务设施、物流仓储设施和包括人民防空设施在内的防灾设施等应用类型，其安全性直接关系到人民生命财产安全。
二、拟解决的问题：
当前地下空间人防工程信息监测依赖人工记录、上门采集等方式，存在响应滞后、覆盖不全等问题。","1.构建基于“物联网实时感知+AI”技术的城市地下空间智慧监测解决方案。运用物联网实时感知、大数据、人工智能等技术，实现对人防工程结构主体、设施设备、空气等环境的实时监测与智能预警，显著降低事故概率和影响。
2.融合应用多源多维监测数据。深度分析应用地下空间结构状态、环境参数等数据资源，构建智能预警模型，提前发现风险隐患，提升地下空间安全性、管理智能化水平。",2,刘凯,010-83116145,liuk@gdb.beijing.gov.cn,2026-06-05 18:31:06,2026-06-05 18:31:06,2025-11-24 00:00:00,0,2,false,https://dibj.cn/portal/api/common/calling/page?tableCode=SCENE_DEMAND
66,SCENE_DEMAND,创新服务-场景需求,45,1498,数字防空警报应用场景,北京市国防动员办公室,2025北京市智慧城市场景创新需求批次,围绕人民防空警报体系智能化水平提升需求，运用物联网、人工智能等新技术，融合警报设备配置、部署位置、覆盖范围、运行态势、通信链路、维护管理、实时状态等数据，构建地上地下于一体、平时战时相结合、应战应急相衔接的新一代数字防空警报体系，实现防空警报的精准高效管理，提升战时人员防护与平时应急预警报知的双重效能。,"一、背景情况：
人民防空警报系统需实现多源全域覆盖、应战应急一体化、多手段发放，亟需提升城市区域、复杂环境和关键节点的预警报知全域覆盖能力。
二、拟解决的问题：
1.多种通信手段发放警报，实现地上、地下全域覆盖。
2.将传统警报音响手段与新媒体发放手段相结合，实现基于警报器、新媒体、网络、广播电视的声音、文字、视频融合发放。
3.将防空警报融入城市预警信息发布系统，提高防空警报信息多源多域联动报知能力。","1.构建地上地下于一体、平时战时相结合、应战应急相衔接的新一代数字防空警报体系，突破传统警报系统的空间限制、报知手段限制；打造平急两用场景，将战时防空警报与平时防灾、社区宣传等功能融合，实现“一体多能”。
2.融合多种通信技术，打造智能化运维模式。构建多手段融合、安全互备的警报发放通信网络；开发地上、地下和防灾预警等不同场景的通信网关与警报设备，集成物联传感技术，满足不同场景部署需求。
3.利用大数据技术分析警报设备运维状态数据，生成智能化更新计划与维护方案，提升数字化管理能力；形成警报系统与应急广播、融媒体、社区终端的数据交互机制，实现警报音响信号多平台联动同步发放。",2,李进国,010-83116079,lijg@gdb.beijing.gov.cn,2026-06-05 18:31:06,2026-06-05 18:31:06,2025-11-24 00:00:00,0,2,false,https://dibj.cn/portal/api/common/calling/page?tableCode=SCENE_DEMAND
67,SCENE_DEMAND,创新服务-场景需求,44,1499,基于感知体系的森林防火报警精准定位场景,顺义区经济和信息化局,2025北京市智慧城市场景创新需求批次,基于顺义区现有视频图像感知体系，聚焦山区与城区精准定位火情位置、指导消防救援人员快速出警需求，建设森林防火报警精准定位场景，提升森林防火智能化水平，增强城市安全韧性，为区域应急管理提供可复制经验。,"一、背景情况：
顺义区视频图像感知体系已接入2万余前端监控设备，其中高点监控超过200个，基于视频图像感知体系建设森林防火预警平台，已支持通过高点监控对火情的识别和告警，具备火情识别的相关算法，已实现在感知火情后第一时间报警至消防救援局等相关单位。
二、拟解决的问题：
目前平台无法在地图上精确定位火情位置，导致消防救援人员需要在高点监控范围内花费大量时间寻找起火点，影响救援效率。","1.通过火情识别算法，实现对森林火情的态势感知和主动上报。结合地理信息地图数据和视频监控数据综合分析，实现监控预警到地图点位的精确映射。
2.通过多源数据融合计算，实现起火点精准定位导航。整合多种定位数据源，提升定位精度与可靠性，支持在感知平台发现火情后，精确计算起火点位置并在地理信息地图上明确，在报警同时将地图点位和导航发给消防救援局，辅助消防人员快速抵达起火点，实现在感知火情后第一时间扑灭处置。",2,杨牧洲,010-69421090,xinxzx2010@163.com,2026-06-05 18:31:06,2026-06-05 18:31:06,2025-11-24 00:00:00,0,2,false,https://dibj.cn/portal/api/common/calling/page?tableCode=SCENE_DEMAND
68,SCENE_DEMAND,创新服务-场景需求,43,1500,基于感知体系的重点企业安全生产监测报警场景,顺义区经济和信息化局,2025北京市智慧城市场景创新需求批次,聚焦区域重点企业安全生产即时预警需求，依托区级感知平台，构建面向重点企业车间的智能安全监管算法模型，打造“感知+算法+生产安全”融合新模式，实现风险识别、即时预警，赋能重点企业安全生产管理，降低人工值守成本，提升区域安全生产治理智能化水平。,"一、背景情况：
顺义区已经建立感知平台，拟构建基于视频图像分析的标注算法，对越界、不戴安全帽等行为分析和告警，赋能车间安全生产监控应用，对重点企业生产车间内监控数据的分析，及时发现人员违规离岗、违规操作、不戴安全帽等行为，及时告警，从源头上杜绝事故发生。
二、拟解决的问题：
目前顺义区重点企业对车间生产安全的监控主要以人工值守发现问题为主，管理效率有待提升。","1.智能分析车间生产数据，提升安全预警能力。创新传统人工监管模式，依托区级感知平台，对车间生产数据（人员轨迹、操作行为等）进行智能分析，精准识别越界、违规操作、未戴安全帽等不安全行为，实现从“人工被动发现”到“算法主动预警”的转变。
2.探索智能算法深度应用，构建专属安全生产监管模型。聚焦重点企业生产安全场景，构建专属安全生产监管模型，精准匹配车间安全管理需求，提升风险识别管理效率。",2,杨牧洲,010-69421090,xinxzx2010@163.com,2026-06-05 18:31:06,2026-06-05 18:31:06,2025-11-24 00:00:00,0,2,false,https://dibj.cn/portal/api/common/calling/page?tableCode=SCENE_DEMAND
69,SCENE_DEMAND,创新服务-场景需求,42,1504,基于5G-A无源物联网的智能物流全程溯源追踪场景,北京市教育委员会,2025北京市智慧城市场景创新需求批次,围绕物资监控溯源效率提升需求，融合应用5G-A无源物联网技术与数字孪生、区块链等技术，构建基于5G-A无源物联网的智慧物流验证平台，实现物流运输全流程实时可视化监控，场景成果将直接服务于城市平急结合的物流体系建设，为物流行业数字化转型提供技术验证。,"一、背景情况：
蜂窝无源物联网具有广覆盖、低功耗、大连接等优势，可有效解决物流行业在货物追踪、仓储管理及供应链协同中的痛点。我国物流业正加速向数字化、智能化转型，亟需依托5G-A技术构建高效、低成本的物联网基础设施，支撑无人仓储、智能分拣、全程可视化等创新应用。
二、拟解决的问题：
1.解决溯源信息断层问题，实现物资实时定位，提升应急状态下物资调度响应。
2.解决传统有源监测设备能耗过高、成本高和部署难等问题。","1.融合基于5G-A的蜂窝无源物联网与区块链、数字孪生和大数据技术。应用于物流行业，实现物资全生命周期数据免供电、低功耗采集与可信存证。
2.突破物流、交通、环境数据的格式壁垒。通过5G+TSN网络实现多源异构数据实时融合，构建跨域数据平台。
3.构建“5G-A无源物联+区块链”物流可信溯源体系、实现端到端物流运输和物资分布实时可视化，支持城市与校园场景快速复制，推动行业标准制定。",1,李民,17801158166,limin@bwu.edu.cn,2026-06-05 18:31:06,2026-06-05 18:31:06,2025-11-24 00:00:00,0,2,false,https://dibj.cn/portal/api/common/calling/page?tableCode=SCENE_DEMAND
70,SCENE_DEMAND,创新服务-场景需求,41,1507,智慧校园数字孪生管理场景,北京市教育委员会,2025北京市智慧城市场景创新需求批次,围绕校园精细化管理能力提升需求，运用BIM、数字孪生与物联网等技术，打造实景三维校园，构建“智慧校园一张图”，实现校园全要素信息空间化、可视化呈现，推动校园管理智能化、精细化升级。,"一、背景情况：
当前我校安防、消防、能耗、楼宇自控等系统协同不足，应急响应与指挥调度效率较低，随着学校校区规模的持续扩大，亟需运用新技术创新校园管理模式。
二、拟解决的问题：
1.校园终端设备数据分散，难以实现集中、直观的校园整体状态展示与管理。
2.各系统间联动性差，安防、监控、楼控等场景未能基于统一平台实现有效联动与管控操作，影响校园管理效率。","1.构建校园数字孪生空间。深度融合BIM、三维GIS、物联网等技术，将来自不同摄像头和其他数据源的视频流无缝地集成到“一张图”中，直观展示校园整体状态，基于物联网中台，实现监控、楼控等场景的智能管理。
2.探索“一图统管”校园治理新模式。提升校园基础空间信息服务统筹能力，通过三维地图服务、地址编码服务和空间分析等空间信息服务，实现校园数据整合、全天候空间模拟、交通监控、应急管理，实现全局化、协同化校园治理。",2,黄彦飞,13651021520,hyf@bistu.edu.cn,2026-06-05 18:31:06,2026-06-05 18:31:06,2025-11-24 00:00:00,0,2,false,https://dibj.cn/portal/api/common/calling/page?tableCode=SCENE_DEMAND
71,SCENE_DEMAND,创新服务-场景需求,40,1508,平谷区“人工智能+教育”应用平台场景,平谷区教育工作委员会,2025北京市智慧城市场景创新需求批次,围绕人工智能技术与教育教学深度融合需求，构建基于大模型、大数据技术的“平谷区数字教育平台”，深化人工智能技术在课堂、练习、复习、备考等教学场景的融合应用，推动区域教育教学质量提升。,"一、背景情况：
深入落实国家“人工智能+”战略行动、北京市关于首都教育数字化转型工作要求，围绕推动区域教育特色发展的战略需求，深入探索人工智能技术与教育教学深度融合场景，促进区域教育高质量发展。
二、拟解决的问题：
1.区域教育资源分布不均。不同地区、不同学校的教育资源分配不均衡，例如家庭教育不足、教辅供给问题，教学质量存在差距。
2.教师日常工作低效重复。当前教师在备课、批改、数据分析等环节需耗费大量精力。","1.推动基于大数据的循证教研实践，实现教学全链条智能化改进。帮助教师从“经验教学”到“精准教学”，为学情诊断、个性化教学辅导等提供支撑。
2.构建大模型、知识图谱赋能的智适应学习体系。利用AI技术重点突破学生个性化学习关键环节，满足学生个性化发展需求。
3.打造人工智能赋能区域教育改革新范式。运用智能化技术，探索更具实用性的高质量AI教育解决方案，助力区域教育数字化转型。",1,周林状,010-69961158,jwxxhk@bjpg.gov.cn,2026-06-05 18:31:06,2026-06-05 18:31:06,2025-11-24 00:00:00,0,2,false,https://dibj.cn/portal/api/common/calling/page?tableCode=SCENE_DEMAND
72,SCENE_DEMAND,创新服务-场景需求,39,1509,基于微尺度预报技术的重大活动保障场景,石景山区气象局,2025北京市智慧城市场景创新需求批次,围绕重大活动智慧调度的业务需求，通过多模态大模型、知识图谱、模拟仿真等技术，融合安保、消防、医疗、交通等数据，构建应急演练大模型，实现数字孪生驱动的虚实融合指挥，形成重大活动全周期智慧化保障闭环。,"一、背景情况：
随着首钢园的快速发展，每年各类大型赛事活动日益增多，包括服贸会等不同规模、不同场地需求的数十次活动。在每次活动保障中，石景山区相关部门均需要提供不同程度的保障力量和保障资源。
二、拟解决的问题：
目前的重大活动保障机制未能同时适应多种类活动的保障需要，难以保障活动指挥中心对各级保障人员和资源的及时调度、对风险的及时预警、对突发事件的及时高效处置、对现有资源的高效利用。","1.引入微尺度预报技术，实现首钢园10米级分辨率精准预报。为重大活动提供强大的气象服务保障能力，并对园区内的灾害高风险区域、突发事件发生区域提供更加精准的预报，为防灾减灾、应急救援提供支撑。
2.通过“多模态大模型+仿真模拟”技术融合，为应对真实突发事件提供决策支持。将文生视频、文生图与图生文等多模态大模型能力与真实地图空间、实景视频画面结合，构建适用于重大活动保障的仿真模拟演练场景，实现数字孪生驱动的虚实融合指挥。
3.实现时空数据融合实景视频数据在重大活动筹备与现场监测中的应用。将活动任务相关人员、车辆、物资等信息与空间数据、视频数据关联，实现对活动筹备任务的实时监控和重点目标的实景跟踪。",1,"邢万里（古城街道办事处）；
果欣欣（区气象局）",18610652145；010-68887008,sgyzb@bjsjs.gov.cn,2026-06-05 18:31:06,2026-06-05 18:31:06,2025-11-24 00:00:00,0,2,false,https://dibj.cn/portal/api/common/calling/page?tableCode=SCENE_DEMAND
73,SCENE_DEMAND,创新服务-场景需求,38,1510,大模型赋能石景山区新闻宣传场景,石景山区政务服务和数据管理局,2025北京市智慧城市场景创新需求批次,构建深度赋能石景山新闻宣传场景的大模型能力体系，打造“三级模型协同”能力基座（国产大模型认知基座+多模态感知中枢+垂直业务场景触手），实现新闻宣传“策划－生产－审校－传播－服务”全链路智能跃升。,"一、背景情况：
依托石景山算力中心和石景山政务云平台，围绕“北京石景山”新闻客户端、微信、微博、短视频平台等宣传矩阵，构建多模态新闻宣传综合体。
二、拟解决的问题：
1.行业专属模型缺位。通用大模型缺乏对新闻宣传场景的专业适配能力，在政策表述规范性、地域特色表达、宣传导向把控等维度存在显著偏差，导致生成内容与业务需求脱节。
2.内容合规成本逐渐提高。传统人工审核响应速度慢，面对海量多模态内容时漏检率波动，内容合规成本持续攀升。
3.媒资价值深度沉没。历史新闻素材分散于孤岛系统，元数据标注粗糙导致检索效率不高；珍贵影像、文献无法关联业务场景复用，媒体资产利用率不足，历史资源价值挖掘与再创造机制缺失。","1.打造新闻领域大模型能力体系。采用“三级模型协同模式”，以国产化大语言模型为认知基座、多模态大模型为感知中枢、垂直业务小模型为场景触手，结合领域自适应训练，构建深度赋能石景山新闻宣传场景的大模型能力体系。
2.基于大数据和大模型能力构建智能选题。通过整合国内外主流信源与智能分析流程，调用大模型的事件关联图谱引擎与传播影响力预测能力，提升选题效率。包含信息整合与热点捕捉、涉石景山话题监测等能力。
3.依托大模型深度理解和分析能力，构建私域知识库。通过大模型对多模态素材媒资的深度理解，实现素材知识化，构建私域知识库。",1,张金勇,13611300471,srmzbs@bjsjs.gov.cn,2026-06-05 18:31:06,2026-06-05 18:31:06,2025-11-24 00:00:00,0,2,false,https://dibj.cn/portal/api/common/calling/page?tableCode=SCENE_DEMAND
74,SCENE_DEMAND,创新服务-场景需求,37,1511,“城市管家”人形机器人巡查与服务场景,石景山区城市管理委员会,2025北京市智慧城市场景创新需求批次,针对石景山区人工巡查覆盖不足、动态问题处置效率低、公共服务响应延迟等城市管理痛点，构建集服务、巡查、问题处置于一体的通用服务机器人场景，建立覆盖重点区域的机器人智能巡查网络，实现全域全时服务覆盖。,"一、背景情况：
石景山区城市管理委统筹全区市容环境、市政设施、城市秩序等综合治理工作，承担城市精细化管理的规划与实施。
二、拟解决的问题：
1.人工巡查覆盖不足。重点区域夜间时段存在巡查盲区，占道经营、设施破损等问题发现滞后。
2.动态问题处置效率低。流动摊贩、突发堆物等需多轮劝阻，处理效率低。
3.公共服务响应延迟。市民咨询引导、简易问题处置依赖人力，高峰时段服务能力不足。","1.探索人机协同治理新模式。联动城市管理业务系统，实现机器人采集事件与人工处置力量的高效联动，在重点区域形成“机器人日常巡、人员重点管”的协同格局，在夜间及极端天气下，通过机器人为城市管理查漏补缺。
2.实现数据赋能微观空间治理。集成多语种语音交互能力，提供市民咨询应答、政策宣传等轻量化服务。采集传统手段难以获取的、精细的城市微观数据，为城市管理的动态资源调度提供可靠数据支持。
3.建设城市智能巡逻体系。部署具备环境感知能力的机器人集群，实现占道经营、垃圾暴露等违规行为智能识别；通过机器人7×24小时巡查补足管理盲区，降低人工负荷。",3,杨硕,010-68867579,sjscgwbgs@bjsjs.gov.cn,2026-06-05 18:31:06,2026-06-05 18:31:06,2025-11-24 00:00:00,0,2,false,https://dibj.cn/portal/api/common/calling/page?tableCode=SCENE_DEMAND
75,SCENE_DEMAND,创新服务-场景需求,36,1512,石景山区数据要素综合服务枢纽场景,石景山区政务服务和数据管理局,2025北京市智慧城市场景创新需求批次,针对数据要素创新发展生态建设需求，打造线上线下相结合的数据要素综合服务枢纽，应用AI、大数据等技术，整合数据交易所、数商、金融机构等主体资源，构建企业数据资源服务平台，为企业提供“一件事”式数据服务，形成数据供给方、需求方、服务方融合发展的生态体系。,"一、背景情况：
为建立健全数据要素服务体系，提供数据要素综合性服务，加快推动《石景山区数据要素赋能高质量发展三年行动计划（2025—2027年）》落地见效。
二、场景解决的问题
目前，石景山区数据资源较为丰富，企业数据交易流通需求日趋增加，亟需健全数据要素服务体系，解决企业数据供需对接不匹配问题，解决企业数据合规登记、数据资产评估、数据资产融资不畅等难点，为推动数据要素市场化配置改革打下坚实基础。","1.构建基于AI的数据供需精准对接服务体系。依托人工智能、大数据等技术，开展企业数据资源调查分析，搭建企业数据服务一体化平台，实现数据供需高效匹配，提升数据流通交易效能，推动数据从无形资源向可量化、可交易、可核算的关键生产要素转化。
2.创新构建企业数据服务“一件事”服务模式。整合数据交易所、数商机构、金融机构等上下游资源，通过以线上平台与线下窗口相结合的服务模式，为企业提供涵盖数据资产确权、登记、融资等环节的一站式服务，实现“一窗受理、资源共享、多方协同”的服务成效。",3,孙笑杰,010-81928826,zsjsjglk@bjsjs.gov.cn,2026-06-05 18:31:06,2026-06-05 18:31:06,2025-11-24 00:00:00,0,2,false,https://dibj.cn/portal/api/common/calling/page?tableCode=SCENE_DEMAND
76,SCENE_DEMAND,创新服务-场景需求,35,1513,视频智能筛选大模型场景,石景山区政务服务和数据管理局,2025北京市智慧城市场景创新需求批次,围绕视频监控资源高效管理与精准调用业务需求，通过自然语言处理、大模型、多屏联动控制等技术，实现对海量实时视频流的快速处理，对历史视频数据与实时数据的综合分析，为资源调度、公共管理提供决策依据。,"一、背景情况：
传统的视频监控系统依赖人工手动切换、筛选摄像头画面，效率低下且难以快速定位关键信息，亟需智能化、自动化的视频筛选与展示方案，以满足高效监控与精准决策的需求，提升公共安全管理和资源调度的能力。
二、拟解决的问题：
1.人工筛选效率低，难以在紧急情况下快速响应。
2.信息检索不精准，难以精准定位所需的视频监控资源。​","1.探索实时视频智能分析技术。运用计算机视觉算法与大模型的图像识别能力，对海量实时视频进行快速处理，不仅能识别常规物体与场景，还可分析行为模式、环境变化等复杂信息。​
2.深度挖掘城市运行数据价值。通过大模型对历史视频数据与实时数据的综合分析，挖掘数据潜在价值。不仅用于即时筛选展示，还可进行趋势预测，如预测垃圾桶满载时间、人流聚集时段等，为资源调度、公共管理提供前瞻性决策依据，打破传统监控数据仅用于事后追溯的局限。​
3.形成动态语义驱动的视频资源管理方案，填补相关领域技术空白。基于大模型的动态语义理解能力，构建可灵活适配各类复杂需求的视频资源管理体系，形成一套标准化、可复用的视频资源智能化管理解决方案。",2,金明东,010-81925752,zsjsjglzx@bjsjs.gov.cn,2026-06-05 18:31:06,2026-06-05 18:31:06,2025-11-24 00:00:00,0,2,false,https://dibj.cn/portal/api/common/calling/page?tableCode=SCENE_DEMAND
77,SCENE_DEMAND,创新服务-场景需求,34,1515,区域慢病管理场景,大兴区卫生健康委员会,2025北京市智慧城市场景创新需求批次,聚焦慢性病患者全程服务需求，构建覆盖“防、筛、诊、治、管”全流程的慢病协同管理体系，引入AI技术辅助医生开展业务，对重点慢性病人群的筛查与健康管理，综合控制生活方式和行为危险因素，提高慢性病危险因素控制率，通过个性化精细管理，降低医生管理工作负担，提高工作效率与质量。,"一、背景情况：
慢性病发病率持续提升，基层医疗资源分散、管理效率低，传统模式难以满足患者连续性健康管理需求。需优化服务流程，推动医联体内资源协同，提升基层医疗服务能力
二、拟解决的问题：
1.管理效率低，人工健康监测与随访耗时耗力，预警滞后。
2.慢性病管理工作中各项服务内容之间整合度不够紧密，在整个慢病患者健康医疗服务链中，医疗卫生机构难以有效深入参与。","1.构建基于深度学习的疾病风险预测模型。对慢性病患者多维度筛查和健康档案数据融合分析，及时发现异常情况并进行预警，实现疾病发展趋势动态预测。
2.构建患者健康画像，提供个性化干预方案。为患者提供合适的饮食、运动、用药等建议，帮助患者更好地控制病情、改善健康状况。
3.构建面向医生和患者的AI全流程服务。为医生提供慢病AI助理，辅助开展大部分简单重复的日常工作，专注于重点慢病患者的管理；为患者提供慢病AI智能助手，随时随地享受到个性化、精细化的慢病管理服务，持续提升患者满意度与依从性。",3,李桐,010-60283502,wjw_xxzx@bjdx.gov.cn,2026-06-05 18:31:06,2026-06-05 18:31:06,2025-11-24 00:00:00,0,2,false,https://dibj.cn/portal/api/common/calling/page?tableCode=SCENE_DEMAND
78,SCENE_DEMAND,创新服务-场景需求,33,1517,基层医生临床辅助场景,大兴区卫生健康委员会,2025北京市智慧城市场景创新需求批次,围绕基层诊疗能力提升需求，探索临床智能辅助技术，通过AI、大模型及知识关联技术，融合患者的临床表现及相关诊疗数据，辅助诊疗分析，生成临床诊断与治疗推荐建议，为医生提供智能化全流程的临床辅助决策，全面提升基层医疗服务的效率、质量与可及性，推进分级诊疗加速落地。,"一、背景情况：
传统基层医疗诊断方式依赖人工经验判断，难以满足规范化诊疗需求，需要通过AI等技术实现临床诊疗辅助，提升基层诊疗水平。
二、拟解决的问题：
1.基层诊疗能力不足：基层医生诊疗经验不足、专业知识有限。
2.工作效率低下：人工数据处理耗时，患者教育覆盖不足。","1.发挥基层医疗数据价值，打造基层个性化诊疗解决方案。利用人工智能技术进行病情分析与诊疗建议，根据患者的历史就诊、检验检验情况提供个性化的诊疗方案，实现智能化决策支持。
2.打造基层临床“问诊-诊断-处方-知识学习”闭环管理解决方案。通过大模型技术，推动基层医务人员电子病历规范化，提升基层医生诊疗水平和工作效率。",3,李桐,010-60283502,wjw_xxzx@bjdx.gov.cn,2026-06-05 18:31:06,2026-06-05 18:31:06,2025-11-24 00:00:00,0,2,false,https://dibj.cn/portal/api/common/calling/page?tableCode=SCENE_DEMAND
79,SCENE_DEMAND,创新服务-场景需求,23,1501,基于实景三维的水库、水网公共安全防控场景,密云区政务服务和数据管理局,2025北京市智慧城市场景创新需求批次,围绕密云水库及周边的区级自然资源治理、公共安全治理需求，依托“数智密云”数字化平台，应用数字孪生引擎、实景三维底座、数据仓等技术，构建数字孪生应用体系，形成可复用的水库周边实景三维数据对接、可视化展示技术规范，提升基层社会治理的响应效率，为密云水库生态安全守护、周边公共安全保障及区域高质量发展提供坚实保障。,"一、背景情况：
《数字中国建设整体布局规划》指出，实景数字孪生已成为国家数字化建设的基本需求。密云区推进数字孪生落地不仅响应国家战略，更能有效解决自然资源监测、生态保护等业务痛点，通过承接市级平台信息降低建设成本，实现与“数智密云”平台深度融合，助力区域治理能力提升。
二、拟解决的问题：
当前自然资源数据整合不足、业务协同效率低，需通过对土地利用、地形地貌的深度分析，结合人口、交通等多源信息，突破水库传统治理在数据呈现、趋势预判上的技术限制，提升资源配置效率。","1.构建基于数字孪生技术的自然资源治理全业务场景应用体系。通过三维数据采集准确计算矿山面积、体积等关键参数，科学评估地貌特征与生态状况，依托数字孪生引擎，对密云水库及周边真实场景进行模拟预测与可视化呈现，构建覆盖水库上下游土地利用、生态保护、公共安全等全业务链的数字孪生应用体系。
2.实现实景三维与公共安全数据的深度联动，构建实景化公共安全防控方案。结合密云水库及周边的公共安全需求，模拟洪水、人员违规进入等突发情况，形成标准化数据对接与可视化技术规范，全方位助力水库及周边区域数字化治理升级。",2,陈君,010-69087120,cj@bjmy.gov.cn,2026-06-05 18:31:06,2026-06-05 18:31:06,2025-11-24 00:00:00,0,1,false,https://dibj.cn/portal/api/common/calling/page?tableCode=SCENE_DEMAND
80,SCENE_DEMAND,创新服务-场景需求,22,1502,“通武廊”一体化伴随式无感气象服务场景,通州区气象局,2025北京市智慧城市场景创新需求批次,围绕“通武廊”精细化气象服务需求，通过云计算、物联网、大数据等技术，融合气象观测数据、睿图数值预报模式、景区运营数据，构建“百米级、分钟级”的精细化气象预报预警体系，实现高影响天气预警、景区运营气象指标等场景化服务，支撑“通武廊”一体化气象业务协同，提升文旅行业气象风险应对能力，优化游客体验，助力区域文旅产业高质量发展。,"一、背景情况：
北京市通州区正全力建设北京城市副中心，文旅产业（以通州文旅区和大运河文化旅游区为核心）规模巨大，客流量密集，对气象服务的敏感性极高，需通过新技术提升服务能力。
二、拟解决的问题：
1.现有天气预报在文旅核心区域空间分辨率不够、时间更新频率不高。
2.现有 气象服务产品与景区运营、游客体验等具体场景关联不紧密，不能直接支撑业务决策。
3.现有预警和服务产品主要依赖人工制作，效率较低。","1.探索将区域级“睿图”数值预报模式、降尺度技术与AI、专家订正融合，应用于文旅小尺度场景。构建“伴随式无感气象服务”模式，实现与武清、廊坊气象数据的实时共享，支撑“通武廊”一体化气象业务协同。
2.深度关联气象数据与行业场景数据深度，实现特定区域“百米级、分钟级”数据服务。依托事件或时间自动触发机制，向不同用户定向推送定制化决策建议与预警信息。
3.探索首个“景区专属气象台”解决方案。生成仅针对该区域的高影响天气预警，为管理者提供基于气象条件的、客观的设施关停或活动调整的量化依据，位游客提供动态更新的最优游玩时段和区域的综合指数预报。",3,赵志泉,13717507122,zzq75@139.com,2026-06-05 18:31:06,2026-06-05 18:31:06,2025-11-24 00:00:00,0,1,false,https://dibj.cn/portal/api/common/calling/page?tableCode=SCENE_DEMAND
81,SCENE_DEMAND,创新服务-场景需求,21,1503,“高点+AI”跨界河流智能巡检场景,通州区政务服务和数据管理局,2025北京市智慧城市场景创新需求批次,聚焦河流监测多维数据融合应用，围绕跨界河流综合治理需求，整合京津冀三地高点监控、水文水尺等多元物联数据，构建数据共享的“高点监控+AI算法”全域感知网，赋能国土、交通、园林、农业、市政、应急、环保、文旅等多行业领域，助力京津冀一体化城市治理综合能力提升。,"一、背景情况：
随着城市化快速推进，洪水、暴雨、狂风等极端天气事件较历史发生频率大幅增加，自然灾害、突发事故造成的后果也更为严重，亟需构建常态防控、精准保障、平战结合的全域综合感知体系。
二、拟解决的问题：
跨界河流流域监管常受限于林区、河道等地形复杂、范围广阔、天气多变等因素，存在人工巡检效率低、成本高、覆盖不全、预警不及时等问题，潮白河流域贯穿北京市、河北省、天津市三个省市，拟通过数据融通、算法创新，强化协同治理效能。","1、构建基于海量京津冀高点监控数据的AI算法应用。融合应用视频监控、传感器等多源数据，研发深度适配行业的防火、防洪、城市治理、环保监测等场景算法应用，实现潮白河流域全方位、多角度实时监测，助力火情、非法入侵、河湖“四乱”等风险隐患的快速识别。
2、构建跨行业、跨场景、全流程的综合立体化治理体系。打造平台开放、数据与算法解耦、场景开放、全流程闭环监管的铁塔视联综合管理平台，接入摄像机、雷达、云广播、无人机等多样化前端感知设备，辅助基层管理人员进行跨行业、跨场景的监测预警、决策研判、指挥调度、核实处置全流程监管。",2,张文育,18610619587,zhangwy5@chinatowercom.cn,2026-06-05 18:31:06,2026-06-05 18:31:06,2025-11-24 00:00:00,0,1,false,https://dibj.cn/portal/api/common/calling/page?tableCode=SCENE_DEMAND
82,SCENE_DEMAND,创新服务-场景需求,20,1505,AI智慧学伴场景,北京市教育委员会,2025北京市智慧城市场景创新需求批次,围绕教师教学能力创新、学生个性化学习需求，通过大模型技术、虚拟现实技术和AI实验模拟引擎，融合课堂教学数据、学生作业数据及行为数据，构建AI驱动的“教-学-评”业务闭环，打造虚实结合的实验教学与自主学习模式，响应教育部“教育数字化战略行动”，助力科学教育提质增效。,"一、背景情况：
落实《北京市教育领域人工智能应用工作方案》（京教信〔2024〕14号）文件要求，在新课标改革背景下，运用AI、VR等新技术，全面提升教师的教学设计和资源整合能力。
二、拟解决的问题：
1.教师难以针对学生个体差异设计教学方案，无法及时准确评估素质发展动态。
2.难以针对学业疑问和辅导需求随时随地进行答疑和响应支持，自主探究能力弱。","1.运用多模态虚拟实验引擎，实现“现象-原理-数据”全链条仿真。结合VR手套手势交互、语音指令以及AI实验助手协同操作技术，构建学生专注度与心理状态模型，实现对学生状态的精准感知。
2.打通“作业数据、课堂表现、考试结果”全链条数据。融合课堂表情、语音语调、作业完成速度等多维度数据，构建学生科学素养评价模型，实现学情预测准确率提升。
3.构建AI驱动的“教-学-评”业务闭环，打造虚实结合的学习模式。改变传统教学方式，利用AI替代重复劳动，释放教师创新教学能力，降低实验耗材成本，形成高效、经济的教育教学新模式。",3,佟华,13521392618,tonghualx@163.com,2026-06-05 18:31:06,2026-06-05 18:31:06,2025-11-24 00:00:00,0,1,false,https://dibj.cn/portal/api/common/calling/page?tableCode=SCENE_DEMAND
83,SCENE_DEMAND,创新服务-场景需求,19,1506,青少年素质发展数字孪生评估场景,北京市教育委员会,2025北京市智慧城市场景创新需求批次,围绕青少年综合素养评估能力提升需求，运用人工智能、数字孪生等技术，构建全周期数据画像、智能评估引擎和科学评价体系，实现对青少年素质发展的动态评估与个性化建议，推动青少年素养教育质效提升。,"一、背景情况：
当前素质教育评估依赖主观评价，近年来家长满意度调研显示，大部分受访者认为缺乏科学评估体系。
二、拟解决的问题：
1.青少年成长数据碎片化。青少年学业、实践、健康等数据存在孤岛现象，难以支撑综合性评价。
2.青少年评估标准不统一。当前评估依靠主观判断，缺少科学依据。
3.青少年发展建议缺乏针对性。发展建议不能与学生的个性化特质与真实需求精准匹配。","1.运用教育数字孪生体构建技术，实现对学生发展的精准度量。基于时间序列分析构建个体成长轨迹，将数字孪生技术应用于素质教育评估，实现“虚实双向映射”。
2.打通全周期数据链条，构建一体化学生成长画像。整合学业、身心、实践等15大类核心数据，融合行业内先进的教育评价模型，实现动态评估和能力发展预测。
3.打造青少年素质发展指数评价体系。为青少年素养教育提供评价依据，提升评估效率。",3,于大双,15810022372,hdsngxxh@126.com,2026-06-05 18:31:06,2026-06-05 18:31:06,2025-11-24 00:00:00,0,1,false,https://dibj.cn/portal/api/common/calling/page?tableCode=SCENE_DEMAND
84,SCENE_DEMAND,创新服务-场景需求,18,1514,基于医疗大模型的老年人健康体检报告智能解析场景,大兴区卫生健康委员会,2025北京市智慧城市场景创新需求批次,针对基层老年人体检健康管理滞后等问题，通过本地化医疗大模型、AI对话、知识解析等技术，融合老年人健康体检报告与健康档案数据，构建智能体检报告解读与健康管理系统，实现对老年人健康状况的精准评估与高效服务响应。,"一、背景情况：
老龄化社会加速背景下，65岁以上老年群体健康管理需求激增，传统基层医疗依赖人工报告解读，存在效率低、数据利用不充分等问题。
二、拟解决的问题：
1.基层医疗人工体检报告解读效率低、漏诊误诊率高。
2.居民无法清晰知晓体检问题优先级，盲目就医或从网上获取不准确的健康建议。","1.探索基于医疗大模型的非结构化报告自动化解析技术.深入解析PDF报告中的各项体检数据，实现从单一指标检测到多维度健康风险评估，实现从繁杂 PDF 文件到有序文本数据的转变，帮助用户高效获取体检报告关键信息，提升健康管理效率。
2.打造基于大模型的精准健康管理新模式。结合患者情况，提供饮食健康个性化的健康管理建议，有效助力居民更好地管理自身健康，针对患者问题，通过大模型技术，结合报告与权威指南进行解答。",3,李桐,010-60283502,wjw_xxzx@bjdx.gov.cn,2026-06-05 18:31:06,2026-06-05 18:31:06,2025-11-24 00:00:00,0,1,false,https://dibj.cn/portal/api/common/calling/page?tableCode=SCENE_DEMAND
85,SCENE_DEMAND,创新服务-场景需求,17,1516,AI医疗影像实时质控场景,大兴区卫生健康委员会,2025北京市智慧城市场景创新需求批次,围绕区域医疗资源优化与协同诊疗需求，以“分布式检查+集中式诊断”为核心架构，深度融合5G传输、云计算与人工智能技术，构建统一、安全、高效的区域医学影像数据资源池，实现影像采集、存储、诊断与质控的全流程数字化与智能化管理，提升诊断效率与准确性，降低医疗成本，助力优质医疗资源下沉，为居民提供更便捷、高质量的医学影像服务。,"一、背景情况：
基层医疗机构影像设备及技师水平差异大，导致废片率高、诊断准确率低。
二、拟解决的问题：
1.影像质量参差不齐：基层废片率高，实时质控缺失。
2.诊断资源分布不均：基层首诊准确率低，专家资源难覆盖。
3.数据孤岛与监管滞后：异构系统数据互通困难，质控反馈时效差。","1.打造“分布式检查-集中诊断-云端质控”三位一体医疗资源协同模式。优化资源配置与质量管控双路径，依托医疗信息集成引擎实现异构系统数据互通，形成覆盖百万人群的统一影像数据库。
2.形成面向基层医疗体系的AI质控新模式。构建云端影像智能质控系统，在医生诊断时，对诊断报告进行智能评估，并对不符合质控标准的报告进行预警提示，降低误诊和漏诊的情况出现。",3,李桐,010-60283502,wjw_xxzx@bjdx.gov.cn,2026-06-05 18:31:06,2026-06-05 18:31:06,2025-11-24 00:00:00,0,1,false,https://dibj.cn/portal/api/common/calling/page?tableCode=SCENE_DEMAND
86,SCENE_DEMAND,创新服务-场景需求,16,1518,医疗数据安全主动防护场景,大兴区卫生健康委员会,2025北京市智慧城市场景创新需求批次,围绕医疗数据安全管理需求，构建集实时监测、预警分析、应急响应于一体的综合性网络安全管理系统，对区域内医疗机构网络流量、系统日志、安全事件等进行智能化监测与分析，及时主动发现并处置各类网络安全威胁，保障区域医疗系统安全稳定运行。,"一、背景情况：
医疗系统承载大量敏感健康数据，传统安全防护手段依赖静态规则与人工响应，面临威胁感知滞后、响应效率低、安全管理水平参差不齐等痛点，需构建一体化安全防护体系，保障区域医疗系统的高可用性与数据安全。
二、拟解决的问题：
1.传统网络安全防护手段侧重于事后响应，对安全威胁的感知能力不足。
2.区域医疗系统涉及大量敏感数据，一旦泄露将造成严重后果。
3.传统应急响应机制响应速度慢、处置效率低。
4.不同医疗机构的安全管理水平存在差异，尚未形成统一的安全防护体系。","1.构建基于人工智能、大数据分析等技术的医疗数据主动防护能力。实现对网络流量的智能分析与威胁感知，能够自动识别并预警各类安全威胁，提高安全防护的精准度与效率。
2.实现医疗数据“监测-分析-响应-优化”全流程闭环管理。动态生成自适应防护策略（如高危时段自动提升访问控制等级）。",3,李桐,010-60283502,wjw_xxzx@bjdx.gov.cn,2026-06-05 18:31:06,2026-06-05 18:31:06,2025-11-24 00:00:00,0,1,false,https://dibj.cn/portal/api/common/calling/page?tableCode=SCENE_DEMAND
87,SCENE_DEMAND,创新服务-场景需求,15,1519,区域居家健康管理服务场景,大兴区卫生健康委员会,2025北京市智慧城市场景创新需求批次,围绕高龄、失能老人、失独老人等特殊人群上门健康管理服务需求。整合云计算、5G、大数据等技术，构建一体化和智能化的居家医疗服务平台，对接医保系统、公共卫生系统、医院HIS系统、银行保险系统，实现上门服务全流程数字化管理，确保上门服务政策合规、服务可控、医患安全、监管有力，打造可复制的区域居家医疗服务管理综合解决方案。,"一、背景情况：
现阶段特殊人群上门服务仍使用传统模式，在服务预约、过程监管、费用结算及多系统协同等方面存在效率瓶颈与安全盲区，制约了服务质量的提升与政策红利的精准落地，需通过大数据、物联网等技术，规范居家医疗服务水平。
二、拟解决的问题：
1.服务流程碎片化问题。传统上门服务依赖人工沟通、纸质记录导致的预约难、排程乱、效率低下、过程不透明等问题。
2.传统模式下决服务过程难以追溯、质量无法量化评估、医患双方安全保障问题，解决服务监管问题。","1.打造基于5G、物联网、大数据等技术的“全程数字化”的上门医养服务新场景。打破传统上门服务的松散模式，构建从预约到评价的端到端数字化闭环，构建“滴滴打车”式的标准化、可追踪医疗服务新体验。
2.形成“可追溯、可量化、可审计”的医疗服务监管新范式。通过全流程数据留痕，确保服务可追溯、不可篡改，实现从“结果监管”到“过程与结果并重”的精准监管，确保了政策补贴发放的合规性与透明度。",3,李桐,010-60283502,wjw_xxzx@bjdx.gov.cn,2026-06-05 18:31:06,2026-06-05 18:31:06,2025-11-24 00:00:00,0,1,false,https://dibj.cn/portal/api/common/calling/page?tableCode=SCENE_DEMAND
88,SCENE_DEMAND,创新服务-场景需求,165,583,行政执法调查询问垂直大模型场景,北京市司法局,2024智慧城市场景创新批次（第二批）,建设行政执法调查询问垂直大模型场景，基于行政执法办案数据、权力清单、标准规范，应用自然语言大模型技术，打造行政执法调查询问智能化系统，实现信息自动分析提取、法律法规和标准规范要素自动关联融合、询问提纲智能生成等能力，提高执法效率，提升执法质量，降低执法成本，助力优化营商环境和非现场执法检查。,"一、背景情况
市司法局承担综合协调全市行政执法，推进行政执法体制改革，推进严格规范公正文明执法的职责。全市年均行政处罚量50余万件，均需开展调查询问，存在一线执法人员执法能力、执法标准、执法质量差异化情况，亟需通过新技术加以改善。
二、拟解决的问题
1.行政执法事项多、询问场景多样，不同场景对应的法律依据和询问要点差异大，询问质量和办案效率高度依赖于执法人员经验知识水平，亟需将已积累的数据和业务专家经验向全市执法人员普及推广，提升执法队伍整体的工作水平。
2.行政执法所涉执法依据多，不同部门移交的案件和相关证据信息复杂，信息提取、分析、归纳、提炼的难度较高，亟需通过技术手段提供辅助支撑。
3.行政执法案件数量多、处理流程长、标准难统一，亟需提升办案效率、压缩办案时间、提高办案质量。
三、可提供资源
1.数据资源：已积累行政处罚案件信息近500余万件。
2.技术环境资源：可提供大模型部署应用所需算力。
3.其他资源：可提供行政执法业务专家智力经验支持。","首创行政执法调查询问垂直大模型。创新行政执法行业大模型实现框架，行政执法与人工智能深度结合。
1.利用大模型的学习和泛化能力，构建行政执法调查询问垂类大模型，释放海量数据价值。通过模型微调、数据训练、要素提取等方式，融合行政执法询问多年沉淀的高质量数据和专家经验，辅助执法人员灵活应对不同行政执法事项询问情景，提升行政执法询问质效。
2.创新行政执法行业大模型实现框架。根据不同执法场景的特点和基础，以建设多个行政执法垂直模型为依托，以具体执法事项现状为基础，逐步形成各类执法场景的共性业务框架和技术框架，构建形成行政执法行业大模型，提升非现场执法和监督工作水平，助力我市营商环境优化。",1,李洋,010-55579239,liyang_bjsf@163.com,2026-06-22 18:21:57,2026-06-22 18:21:57,2024-12-06 23:59:59,0,3,false,https://dibj.cn/portal/api/common/calling/page?tableCode=SCENE_DEMAND
89,SCENE_DEMAND,创新服务-场景需求,164,584,融合多源异构时空大数据的文物建筑地震灾害风险监测场景,北京市地震局,2024智慧城市场景创新批次（第二批）,建设融合多源异构时空大数据的文物建筑地震灾害风险监测场景，围绕北京市文物建筑震灾防御需求，运用云计算和流式处理等技术，融合地震、文物建筑、规自、统计、人口等多源异构时空大数据，构建文物建筑地震灾害风险评估与监测保护系统，实现文物建筑健康监测、抗震防护强化等功能，提升文物建筑震害预防与安全保护效能，服务国家智慧“文化中心”建设。,"一、背景情况
北京作为国家文物中心，拥有众多珍贵的文物建筑，文物建筑的安全保护需求强烈，尤其是在数字化和韧性安全保护方面，需要加强系统化管理与保护。
二、拟解决的问题
为避免或降低文物震害损失，需要通过技术创新实现对文物建筑的实时监控、智能调度、信息共享、数据分析与决策支持，解决文物建筑地震灾害风险识别效率低、风险评估维度不全面、震前防御指挥控制反应速度慢等问题。
三、可提供资源
1.数据资源：融合地震、文物、规自、统计、人口等的多源异构时空大数据集。
2.技术环境资源：文物建筑地震灾害风险评估与监测保护系统智能处理模型。","首创融合多源异构时空大数据的文物建筑地震灾害智能风险评估与监测保护系统。提升文物建筑多源信息获取、地震受灾程度、实时监测展示、智能安全保护等系统能力。
1.融合多源灾情计算数据，构建文物建筑震防时空数据大模型。提升文物建筑地震灾害风险识别效率，丰富风险评估体系。
2.运用云计算和流式处理等技术，实现文物建筑震害高精度数字孪生与仿真模拟。对重点区域典型文物建筑开展震害风险评估，形成试点文物建筑震灾防御与保护加固的监测保护的对策建议。",1,马飞,010-83012130,mafei@bjseis.gov.cn,2026-06-22 18:21:57,2026-06-22 18:21:57,2024-12-06 23:59:59,0,3,false,https://dibj.cn/portal/api/common/calling/page?tableCode=SCENE_DEMAND
90,SCENE_DEMAND,创新服务-场景需求,163,585,公共数据可信数据空间场景,北京市大数据中心,2024智慧城市场景创新批次（第二批）,建设一个安全可信的可执行环境，实现公共数据和社会数据融合，确保公共数据和社会数据在特定物理空间内进行受控的数据开发利用。,"一、背景情况
目前公共数据资源开发利用受到高度重视，基于“原始数据不出域、数据可用不可见”的要求，建立原始数据资源的专业化加工处理和与社会数据融合开发的环境，是公共数据利用的基础保障。
二、拟解决的问题
随着数据要素发展，公共数据和社会数据的融合开发利用已成为核心需要。为保证公共数据安全，实现“原始数据不出域、数据可用不可见”，需要建设一个安全可信的可执行环境，形成数据融合共享开发利用模式。同时，需要为数据产品提供安全流通渠道。
三、可提供资源
数据资源：相关样例公共数据","1.构建安全可信的可执行环境，实现公共数据和社会数据融合开发的新形式。通过探索搭建可执行环境，利用适合技术，通过将计算节点下沉部署至数据提供方生产环境 实现企业之间敏感数据融合开发场景以及企业数据和公共数据融合开发。
2.构建数据产品在增值协作网络上架流通的安全技术通道。通过建立安全便利渠道，实现数据产品的安全快速流通充分发挥数据价值。",1,朱蓉华,010-55529763,zhurh@jxj.beijing.gov.cn,2026-06-22 18:21:57,2026-06-22 18:21:57,2024-12-06 23:59:59,0,3,false,https://dibj.cn/portal/api/common/calling/page?tableCode=SCENE_DEMAND
91,SCENE_DEMAND,创新服务-场景需求,162,586,场景创新管理场景,北京市大数据中心,2024智慧城市场景创新批次（第二批）,建设创新全流程服务系统，提供创新主体准入、场景征集发布、揭榜对接、数字资源申请与审批、测试验证、项目管理、资源管理、绩效评价、创新成果展示推广等一站式服务,"一、背景情况
场景创新作为智慧城市发展的重要实现途径，北京发挥政府统筹引导作用，积极开展相关工作。面对参与方众多、资源调度复杂等情况，需要建立创新全流程服务系统。
二、拟解决的问题
为进一步提升创新活动组织效率，提高服务能力，需通过技术手段支撑创新活动的关键环节，便于各类主体参与创新，促进智慧城市创新。
三、可提供资源
数据资源：相关事项的业务流程、文件等。","1.建设创新全流程服务系统，实现创新活动组织的新形式。通过建设统一入口、工作空间、全流程管理系统等，为创新主体提供从入驻到创新成果展示的一站式服务，实现供需对接精准、创新过程便捷、创新成果展示清晰直观和推广复用高效，指引支撑各区各部门、创新主体依流程、依要求、便利地开展创新工作。
2.形成创新成果评价模型。基于多维度的评价指标，构建总体评价模型，为各区各部门提供更准确的创新成果推荐。",1,杜婧敏,010-55529793,dujingmin@jxj.beijing.gov.cn,2026-06-22 18:21:57,2026-06-22 18:21:57,2024-12-06 23:59:59,0,3,false,https://dibj.cn/portal/api/common/calling/page?tableCode=SCENE_DEMAND
92,SCENE_DEMAND,创新服务-场景需求,161,587,数字资源管理场景,北京市大数据中心,2024智慧城市场景创新批次（第二批）,建设数字资源调度管理场景，应对各类数字资源一体化管理调度需求，建设数字资源一体化管理平台，实现云、网、算、数和应用组件等各类数字资源的统一调度与动态管理。,"一、背景情况
为进一步加强数字资源调度管理，实现数字资源的统一管理、加强数字资源统筹力度，通过建设数字资源一体化管理平台，形成数字资源“总账本”，完成各类数字资源的调度管理与统筹使用。
二、拟解决的问题
构建数字资源“总账本”，实现通用算力、智能算力、应用组件、数据资源等数字资源统一编目、统一登记、统一检索、统一申请、统一审批、统一调度、统一监管、统筹利用。
三、可提供资源
共性技术工具材料","1.实现数字资源统一编目管理。实现对通用算力、智能算力、应用组件、数据资源等数字资源统一编目管理，实现数字资源登记、检索，构建数字资源入库管理制度；
2.打造数字资源分配调度模式。通过数字资源目录，实现数字资源需求方进行数字资源的申请、资源管理方实现审批调度，形成数字资源分配调度模式；
3.形成数字资源统一调度和动态管理平台。打造数字资源全流程管理平台，实现实现通用算力、智能算力、应用组件、数据资源等数字资源统一编目、统一登记、统一检索、统一申请、统一审批、统一调度、统一监管、统筹利用。",1,王雯雯,010-55529797,wangwenwen@jxj.beijing.gov.cn,2026-06-22 18:21:57,2026-06-22 18:21:57,2024-12-06 23:59:59,0,3,false,https://dibj.cn/portal/api/common/calling/page?tableCode=SCENE_DEMAND
93,SCENE_DEMAND,创新服务-场景需求,160,588,组件工具调度场景,北京市大数据中心,2024智慧城市场景创新批次（第二批）,建设组件工具调度系统，应对各类社会侧工具的统一管理需求，实现组件工具的标准化、规范化和统筹化管理。,"一、背景情况
为统一社会侧组件工具的标准规范，促进社会侧组件工具应用，亟须通过建设组件工具集约化管理平台，形成统一的工具平台，完成各类社会侧工具的标准化、规范化工作，实现工具层统筹管理。
二、拟解决的问题
解决组件工具散点化碎片化的问题，提供各类工具的维护和检索，实现工具接口发布，标准规范的内置，平台内工具信息的统计查询和行为分析。支持使用过程的监控、计量计价。支持共性技术工具弹性扩展，迭代完善，以更好地支撑应用开发过程。
三、可提供资源
共性技术工具材料","1.实现组件工具的统筹管理。实现对组件工具的统一汇聚，开展组件工具统筹管理，构建工具统一的发布检索平台。
2.打造组件工具的标准规范。实现工具接口发布，标准规范的内置，平台内工具信息的统计查询和行为分析。支持使用过程的监控、计量计价。支持组件工具弹性扩展，实现工具版本迭代和升级完善。
3.打造组件工具调度系统。服务开发人员，实现工具检索使用，打造工具应用的技术环境，支持应用开发过程。",1,杜婧敏,010-55529793,dujingmin@jxj.beijing.gov.cn,2026-06-22 18:21:57,2026-06-22 18:21:57,2024-12-06 23:59:59,0,3,false,https://dibj.cn/portal/api/common/calling/page?tableCode=SCENE_DEMAND
94,SCENE_DEMAND,创新服务-场景需求,159,589,数字底座创新赋能场景,北京市大数据中心,2024智慧城市场景创新批次（第二批）,建设数字底座创新赋能平台，按智慧城市建设控制性规划要求，对外提供服务能力集中化、试用部署，支持各区各部门了解、试用数据底座能力，支撑整体信息化规划。,"一、背景情况
按照智慧城市规划要求，全市智慧城市信息化建设应依托共性基础平台。各区各部门开展信息化规划和建设时，需要充分利用现有建设成果，完成现有共性服务能力支撑创新。
二、拟解决的问题
解决智慧城市数字底座统一支撑创新应用的问题，提供智慧城市共性服务创新能力供给、支持创新活动和技术迭代验证等工作。
三、可提供资源
各平台共性服务能力清单。","1.实现数字底座试用能力的统筹管理。基于规划要求的数字底座能力，开展统筹管理，统一对外支撑服务，方便各区各部门一站式获取；
2.打造统一标准规范。根据智慧城市规划要求，结合智慧城市信息化建设需求，设计一套科学的、系统的试用标准，引导各区各部门开展相应规划和建设前试用。",1,王雯雯,010-55529797,wangwenwen@jxj.beijing.gov.cn,2026-06-22 18:21:57,2026-06-22 18:21:57,2024-12-06 23:59:59,0,3,false,https://dibj.cn/portal/api/common/calling/page?tableCode=SCENE_DEMAND
95,SCENE_DEMAND,创新服务-场景需求,158,590,政府信息化项目成果测试验证场景,北京市大数据中心,2024智慧城市场景创新批次（第二批）,按照北京智慧城市建设控制性规划要求及信息化项目评审管理有关要求，聚焦政府投资信息化项目实施过程和投入使用备案管理环节，通过统一集成“三京、七通一平”等智慧城市数字底座测试对接环境，建设政府信息化项目建设成果对接测试验证和验收备案管理能力，为政府信息化项目投入使用备案审核相关工作提供技术支撑和保障。,"一、背景情况
目前政府信息化项目投入使用备案评审工作主要采用提交材料和人工审核方式，需要通过技术手段实现关键过程和环节的评测验证。
二、场景解决的问题
通过统一建设集成智慧城市数字底座测试对接和流程管理环境，对项目建设成果与智慧城市控制性规划要求和项目评审管理办法相关要求的符合性进行评测验证，确保项目建设成果与全市智慧城市数字底座的连通性和匹配度，提升投入使用备案评审效率和技术水平，确保全市信息化项目建设成果规范统一、集约高效。
三、可提供资源
数字底座相关环境对接支持。","1.利用技术手段打通项目评审全流程管控的“最后一公里”。基于智慧城市建设控制性规划要求和数字底座共性能力清单，梳理明确各项测试验证关键环节和技术点，通过搭建统一的技术验证环境和管理流程，实现项目成果投入使用备案“最后一公里”的技术管控。
2.促进项目规划、建设、验收的闭环管理。通过项目建设成果的实测验证，规范项目建设内容及与规划的一致性，促进智慧城市整体协同发展。",1,王雯雯,010-55529797,wangwenwen@jxj.beijing.gov.cn,2026-06-22 18:21:57,2026-06-22 18:21:57,2024-12-06 23:59:59,0,3,false,https://dibj.cn/portal/api/common/calling/page?tableCode=SCENE_DEMAND
96,SCENE_DEMAND,创新服务-场景需求,157,591,大模型+“多中心合一”智慧应急综合指挥管理场景,东城区,2024智慧城市场景创新批次（第二批）,建设大模型+“多中心合一”智慧应急综合指挥管理场景，围绕智慧化、信息化应急管理需求，利用大数据、人工智能等技术，构建智慧应急大模型，实现政法综治、接诉即办、网信安全、应急指挥等多个应急管理中心的数据汇聚、统筹调度，提高应急响应的精准性和高效性，推动应急资源的精准配置和动态管理，打造北京市应急指挥调度工作的“备用指挥部”。,"一、背景情况
东城区是党和国家重大庆典和纪念活动主要承载地，肩负着平安中国“促一方发展、保一方平安”的政治责任，对应急指挥调度能力有较高要求。该场景通过高度集成全区所有涉及安全管理的系统和数据，可提升安全保障工作能力，实现对全区城市运行的管理调度。
二、拟解决的问题
针对全区应急管理工作前端信息感知与防控的需求，加强应急队伍和装备物资储备管理、突发事件应急指挥调度能力，需构建智慧应急垂类大模型，打造一体化指挥调度平台，提升灾害救援信息化程度、调度决策智慧化水平。
三、可提供资源
数据资源：区、基层属地应急管理相关的台账及动态监测数据和市应急系统回流东城区相关数据。","首创“多中心合一”智慧应急综合指挥管理模式。全方位满足多方应急指挥业务需求，增强城市安全韧性，提升城市治理现代化和智慧化水平。
1.推动多源数据互通互联，构建应急时空大数据底座。整合各类安全管理信息资源，实现预警信息一键式靶向发布，为应急管理和防灾减灾救灾提供信息化管理和决策分析支撑。
2.运用多灾种模拟推演技术，开展实时场景分析与风险评估。打造应急数据典型场景应用，提高对人流量、人群聚集异常、城市火灾识别及内涝预测等问题的预警响应精度与时效。
3.运用大模型技术、NLP技术与模糊语音匹配技术，构建智慧应急大模型，建设领导智能问数服务。联动应急业务知识、政策依据知识库，通过自然的语音联动，获取应急数据，进行可视化呈现，实现指挥调度的即时响应，提升决策效率与直观性。",1,闫珊珊,64031118-7207,dcyjjyjzhk@bjdch.gov.cn,2026-06-22 18:21:57,2026-06-22 18:21:57,2024-12-06 23:59:59,0,3,false,https://dibj.cn/portal/api/common/calling/page?tableCode=SCENE_DEMAND
97,SCENE_DEMAND,创新服务-场景需求,156,592,多元异构数据训练集智能构建场景,北京经开区,2024智慧城市场景创新批次（第二批）,建设多元异构数据训练集智能构建场景，围绕高效处理海量异构数据的需求，运用人工智能大模型技术，研发多元异构政务高质量数据集智能构建技术，推动更多异构数据信息关联形成具有语义相关性的数据资产，激发更多的技术创新，实现数据驱动的公共服务创新，为构建智能化、高效化的政务环境奠定了坚实的基础。,"一、背景情况
当前人工智能大模型技术在政务领域走深向实，政务大模型应用效果的提升离不开高质量数据集的构建。但政务数据具有结构多元、形态多样且涉及政务敏感信息的特点，亟需创制标准化数据集构建规范，释放数据价值，提升政务服务大模型能力。
二、拟解决的问题
针对政务领域海量异构数据的高效处理需求，开发智能构建技术，实现数据资产的语义关联，促进技术创新，提升政务数据处理效率和安全性。
三、可提供资源
1、提供经开区前期已沉淀相关数据作为技术验证。
2、支持揭榜单位所需的软硬件资源。","首创多元异构政务高质量数据集智能构建技术方案。带动数据分析、数据挖掘、信息安全等产业发展。
1.创新多种政务非结构化数据处理技术，支撑数据集构建。支持至少5种（PDF、Word、图片等）政务非结构化数据处理。
2.打造多种形态的政务高质量数据集的标准规范，构建多元异构政务高质量数据集。沉淀至少3种形态（问答对、知识图谱、知识库、文件夹等）政务高质量数据集的标准规范，推动政府数据标准化和规范化处理，为其他地区和部门提供可借鉴的数据管理模式，形成数据治理的标杆。",1,于丹,010-67882495,yudan1@bda.gov.cn,2026-06-22 18:21:57,2026-06-22 18:21:57,2024-12-06 23:59:59,0,3,false,https://dibj.cn/portal/api/common/calling/page?tableCode=SCENE_DEMAND
98,SCENE_DEMAND,创新服务-场景需求,155,593,自适应四足机器人森林防灭火场景,北京市应急局,2024智慧城市场景创新批次（第二批）,建设自适应四足机器人森林防灭火场景，围绕森林火场环境复杂、救援难度大、危险系数高等问题，集成多元传感器、3D激光雷达、热成像双光谱云台等探测设备，研发自主导航、地形适应、危险识别等算法，打造自适应四足机器人，替代救援人员进入高危环境，参与森林火场侦察、人员搜救、自动灭火、蹲守看护等任务，提高救援处置效率，降低消防人员受伤风险，构筑救援人员生命安全防线。,"一、背景情况
在全球气候暖干化趋势下，森林火灾频发，火场温度高、火势蔓延速度快，给消防人员扑救工作带来了极大困难，需要应用新一代信息技术，保证消防人员安全，提高扑救效率。
二、拟解决的问题
为降低救援人员森林火场侦查勘探的安全风险，解决火场搜救困难、灭火装备负重压力、复燃等问题，需引入四足机器人，第一时间进入火场侦查，提供实时火场内部信息，协助搜救工作，运输装备和物资，执行蹲守监控任务，保障火灾扑灭工作安全高效进行。
三、可提供的资源
提供实地测试环境和相关负载。","首创面向森林防灭火的自适应四足机器人。应用于森林火灾事前预防、事中勘探救援、事后蹲守监控等环节，提升高危场景作业安全性，增强森林火灾事故中智能化抢险救援能力。
1.集成红外、气体、激光等多种传感器，实现森林火场多维数据感知与复杂目标侦查。强化四足机器人耐高温、强攀爬和超长续航能力，进行火情无人侦察、评估与环境勘验，智能传输现场图像及数据，实时构建三维勘探地图，为风险识别、自主避障提供环境数据支持。
2.运用AI识别、大数据分析、数字孪生等技术，研发潜在危险识别、地形适应等算法。对多维现场数据进行智能分析，自动规划救援路径、自动灭火、自动避险，提升四足机器人自主作业能力，实现灾情快速感知与快速部署。",2,刘凯,010-55573954,liukai@yjglj.beijing.gov.cn,2026-06-22 18:21:57,2026-06-22 18:21:57,2024-12-06 23:59:59,0,3,false,https://dibj.cn/portal/api/common/calling/page?tableCode=SCENE_DEMAND
99,SCENE_DEMAND,创新服务-场景需求,154,594,基于鹰眼瞭望技术的环境噪声污染监管场景,丰台区,2024智慧城市场景创新批次（第二批）,建设基于鹰眼瞭望技术的环境噪声污染监管场景，围绕加强丰台区噪声污染全面监控监管的需求，融合环境噪声、地理信息、鹰眼瞭望监控等数据，抓取、分析全区重点区域及领域的噪声声源类型及其占比，发现问题事件并及时派发至责任部门、跟踪改善情况，提升丰台区噪声污染监测与治理能力，还“静”于民。,"一、背景情况
为落实丰台区“十四五”时期噪声控制指标要求，推进美丽丰台、美丽北京、美丽中国噪声污染防治体系建设，现需健全区域噪声污染数据获取与分析体系，支撑相关管理决策，实现噪声污染数据的创新应用，提高噪声监管防治效率与准确率。
二、拟解决的问题
改善主要依赖群众信访投诉或人力手工的现有监测方式，采用AI、大数据分析、鹰眼瞭望监控等技术，增强丰台环保部门环境污染主动防治的业务能力。
三、可提供资源
数据资源：丰台区重点区域环境噪声全天候实时自动在线监测数据资源，丰台区噪声分布地图、丰台噪声声源解析报告等资源。","首创基于鹰眼瞭望监控数据的噪声AI识别与分析技术。建设标准化统一监测与精细化重点监测相结合的环境噪声自动监测数据获取体系，加强生态环境部门区域噪声监管工作精细化水平，提高政府未诉先办工作效率。
1.融合网格化基站监测数据、重点点位鹰眼瞭望监控数据，构建区域城市噪声数据库。实现问题即时发现、任务及时派发，并通过实时数据变化追踪管控任务落实进度和改善情况。
2.运用AI、大数据等技术对超标声源进行智能识别分析。精准分析噪声声源类型，按照片区类型或重点投诉点位分析各类型噪声声源占比，为噪声污染监测与治理提供数据分析支持。",2,王子薇,010-83368569,fthbkjxx@mail.bjft.gov.cn,2026-06-22 18:21:57,2026-06-22 18:21:57,2024-12-06 23:59:59,0,3,false,https://dibj.cn/portal/api/common/calling/page?tableCode=SCENE_DEMAND
100,SCENE_DEMAND,创新服务-场景需求,153,595,极端降水淹没推演场景,大兴区,2024智慧城市场景创新批次（第二批）,建设极端降水淹没推演场景，围绕大兴区洪涝灾害风险评估与预警需求，通过水文水动力模型和机器学习等技术，融合气象、高程、积水点、灾情等多源异构数据，进行极端降水淹没可视化展示和预警，支撑防汛、农业农村、城市规划、应急管理等多部门科学决策，提升城市防灾减灾和应急管理水平，保障人民生命财产安全，助力北京市“韧性城市”建设。,"一、背景情况
大兴区气候特征明显，汛期降雨集中，河网密集，易形成外洪内涝。近年来，极端强降水事件频发，强度增强，给大兴区带来严重内涝灾害，亟需建立极端降水淹没情景推演系统，定量评估淹没风险，提供预警服务。
二、拟解决的问题
提升极端降水淹没风险评估能力、加强内涝灾害预警水平，更好应对极端强降水事件和由此带来的严重内涝灾害，为相关部门和行业用户提供预警信息，赢得防范时间。
三、可提供资源
数据资源：全区气象站点实况观测降水量、极端降水分析、历史及未来降水淹没深度和范围、极端降水淹没风险预警等数据。","首创极端降水空间动态模拟与风险预警综合解决方案。形成一套集监测、模拟、评估、预警、决策支持于一体的综合解决方案，通过定量评估极端降水的淹没风险并提供预警服务，填补北京传统防汛抗旱领域的技术空白。
1.运用水文水动力模型和机器学习等技术，打造多模态极端降水淹没模拟系统。模拟“降雨-径流-管网-淹没”全过程，实现极端降水条件下的淹没范围、水深、流量等空间动态模拟和风险评估，借由WebGIS平台进行可视化展示与交互分析，提升模拟精度与信息传递效率。
2.融合气象、高程、积水点、灾情等多源异构数据，实现动态预警。接入实时气象监测数据、临近预报数据、城镇地表雨洪和周边河网监测数据等，突破单一因素分析局限，提高模拟真实性与预警准确性。",2,薛禄宇,010-61241548,qxjqxt@bjdx.gov.cn,2026-06-22 18:21:57,2026-06-22 18:21:57,2024-12-06 23:59:59,0,3,false,https://dibj.cn/portal/api/common/calling/page?tableCode=SCENE_DEMAND
101,SCENE_DEMAND,创新服务-场景需求,152,596,市场监管全流程智能执法场景,北京经开区,2024智慧城市场景创新批次（第二批）,建设市场监管执法办案助手应用场景，围绕市场监管综合执法效能提升、廉政风险防控等需求，运用人工智能技术处理海量执法数据，建立市场监管领域裁量标准库等，为办案人员提供裁量决策辅助、制式文档生成等功能，强化办案标准化流程，加强大数据监督，提升办案人员执法效能和规范化水平，坚持“首善标准”，实现“监管为民”。,"一、背景情况
响应北京市市场监管局关于“以标准化服务高质量发展”的要求，推进“标准化+”行动，加强基层市场监管能力建设、标准制定，快速识别市场监管投诉中的违法行为和风险点，为监管决策提供数据支持和建议，确保同案同罚，裁量一致。
二、拟解决的问题
围绕科技赋能解决执法人员编制不足，以及强化廉政风险防控，加强执法人员裁量权智能监督等方向，构建各类资源库与AI算法模型，对市场行为进行深入分析，提高办案效率，加快积案处理，以标准化服务高质量发展。
三、可提供资源
数据资源：相关法律知识、历史案例、文书样例、案件信证据等数据。","首创市场监管全流程智能执法辅助系统。为执法人员提供一套标准统一、高效精准、严谨公正的市场监管执法新型生产力工具。
1.AI技术赋能裁量决策辅助功能。构建立案审查、简案快办、证据审核、类案同罚等功能模块，从立案、容错、证据、处罚4个维度为执法人员提供有推理的过程的裁量辅助建议。
2.海量数据赋能法律知识库、案例库、裁量标准库、文书库构建。为执法人员提供查询检索、类案推送、知识问答流程提醒等即时服务，利用制式文档引擎实现自动随卷生成，增强执法人员的办案能力，缩短案件办理周期。",2,丁江涛,010-67881852,dingjiangtao@bda.gov.cn,2026-06-22 18:21:57,2026-06-22 18:21:57,2024-12-06 23:59:59,0,3,false,https://dibj.cn/portal/api/common/calling/page?tableCode=SCENE_DEMAND
102,SCENE_DEMAND,创新服务-场景需求,151,597,城市公园机器人全业务应用场景,北京市园林绿化大数据中心,2024智慧城市场景创新批次（第二批）,建设城市公园机器人全业务应用场景，围绕公园日常管理业务中的客流控制、文明游园、设备巡查、虫害监测等核心需求，运用NLP、AI图像识别等技术，升级城市公园机器人，构建智慧化综合管理平台，对园区内人、事、物进行及时巡护、监督、劝导，全面提升公园精细化管理水平，为市民提供安全、舒适的游园环境，推动首都花园城市建设。,"一、背景情况 
随着城市化进程的加速，人们对城市公园的建设和服务功能提出了更高的要求。传统的客流控制、文明游园监督、设施设备维护和花木养护等业务仍旧以人力管理为主，引入智能机器人感知与大数据分析技术，提升公园的感知能力和管理水平，成为城市公园管理创新的必然选择。
二、拟解决的问题
为解决节假日或高峰时段游客数量有效控制等问题，提高文明游园监管力度、提高公园设施设备巡检效率、提升花木病虫害发现和防治速度，亟需建设全业务应用的城市公园智能机器人，提高公园内人、事、物的监督管理效率。
三、可提供资源
1.数据资源：公园环境数据、视频影像数据、游客手机信令数据、空间地理数据以及气象数据等。
2.技术环境资源：边缘计算设备和机器人载体，端、边、云结合网络资源等。","首创城市公园机器人全业务场景应用解决方案。实现业务体系驱动的城市公园机器人升级，进一步提升公园管理的标准化、自动化、智能化水平。
1.采用NLP、AI图像识别等技术，创新研发公园场景应用识别模型和业务分析模型。提升机器人自主避障、文明游园监管、设施设备检查、花木病虫害监测等能力。
2.整合多维数据，实现城市公园全感知，加强数据决策支撑能力。利用现有环境、影像、信令和气象等数据，通过机器人感知数据开放共享，形成全业务场景的数据支持。",3,胡远宁,010-55535430,hyn@yllhj.beijing.gov.cn,2026-06-22 18:21:57,2026-06-22 18:21:57,2024-12-06 23:59:59,0,3,false,https://dibj.cn/portal/api/common/calling/page?tableCode=SCENE_DEMAND
103,SCENE_DEMAND,创新服务-场景需求,150,598,首都生物多样性智能监测保护场景,北京市园林绿化大数据中心,2024智慧城市场景创新批次（第二批）,建设首都生物多样性智能监测保护场景，围绕监测工作效率提升、市民参与生态保护的需求，运用人工智能、长时间序列数据预测等技术，对感知网络数据开展识别、分析，打造“万象”生态综合感知模型库，构建生物多样性感知一张图，为首都生物多样性保护决策提供数据支撑，拓展市民参与生态保护的渠道，助力首都生态文明保护和花园城市建设。,"一、背景情况 
生物多样性对维持首都的生态平衡、保护水源和气候调节起着关键作用，但是快速城市化压缩了野生动植物栖息地空间，生物多样性保护和发展变得尤为迫切。通过建立生物多样性数据库，并集成了多种感知终端，为监测保护工作提供基础数据支撑。
二、拟解决的问题
为应对生物多样性实时观测难、数据处理和统计不及时、市民生态保护意识和参与度不足、生物多样性保护政策制定和执行过程中数据缺乏等问题，需要通过加强感知网络和“万象”生态综合感知模型库建设，实现生物多样性的智能监测和保护。
三、可提供资源
1.数据资源：首都常见野生动植物等生物多样性数据库，现有视频监控、红外相机、虫情信息传感器、植物物候监测仪等感知终端的初步集成数据，相关环境气候数据。
2.技术环境资源：政务云可提供算力、存储和网络资源。","首创“万象”生物多样性综合感知体系。打造公众积极参与、多方协作、智能化的生物多样性监测保护方案，促进首都生态系统的可持续发展和人与自然的和谐共生。
1.运用人工智能生物对象检测、识别和语义分割技术，融合长时间序列数据预测技术，完善“万象”生态综合感知模型库能力。构建全面的首都生物多样性监测保护数据网络。
2.融合社会化观测数据，构建首都生物多样性感知一张图。运用“万象”生态综合感知模型库与园林绿化感知设备，实现生物多样性数据综合感知，为生态保护决策提供数据支撑。
3.打造基于“万象”的动植物识别与观赏等互动应用，鼓励公众参与生态保护。面向市民开放动植物识别与观赏等互动应用，支持市民成为生态数据的采集者和报告者。",2,胡远宁,010-55535430,hyn@yllhj.beijing.gov.cn,2026-06-22 18:21:57,2026-06-22 18:21:57,2024-12-06 23:59:59,0,3,false,https://dibj.cn/portal/api/common/calling/page?tableCode=SCENE_DEMAND
104,SCENE_DEMAND,创新服务-场景需求,149,599,交通枢纽AI大数据车辆调度场景,重点站区管委会,2024智慧城市场景创新批次（第二批）,建设交通枢纽AI大数据车辆调度场景，围绕客流高峰期站区内车辆调度等需求，运用人工智能技术、高分可视化显控系统，构建枢纽立体化车辆监控数字孪生体，抓取、分析枢纽站重点区域的车辆实时信息，提升枢纽客流及车流的数字运营及协同管理能力，为市民打造更加便捷、安全、绿色的出行环境。,"一、背景情况
北京朝阳站交通枢纽总建筑面积约13.3万平方米，集铁路、公交、地铁、出租车、网约车、自行车等多种交通换乘方式于一体，现需实现交通枢纽智慧化管理，提高健全交通枢纽的管理模式。
二、拟解决的问题
当前，北京朝阳站综合交通枢纽的接驳效率有待提升，为实现车辆高效运行，拟建立交通枢纽内的车辆及客流数据获取与分析体系，增强枢纽综合指挥中心的调度协调管理能力。
三、可提供资源
数据资源：本枢纽进出车辆实时自动在线监测数据，车辆数据库、本枢纽的数字立体分布地图、本枢纽热力地图等资源。","首创枢纽站区立体化车辆监控数字孪生体。实时抓取、分析枢纽站重点区域的车辆实时信息，提升站区的车辆监控调度水平，提高调度中心管理工作效率。
1.构建基于大数据、数字孪生的站区数据库，实现问题即时发现、调度及时传达、场景实时跟踪。接入公交、轨道交通、出租车、网约车平台、铁路等外部系统数据，融合数字孪生、数字立体地图数据，实时准确获取、立体化监测本站各层车辆运行情况。
2.运用人工智能技术、交通仿真技术、高分可视化显控系统等，精准分析车辆拥堵情形。按站区立体地图或重点区域点位等分类分析各类车辆的分布信息，为指挥中心提供数据分析支持，优化运力及停车资源调配。",3,韩跃,17600629116,,2026-06-22 18:21:57,2026-06-22 18:21:57,2024-12-06 23:59:59,0,3,false,https://dibj.cn/portal/api/common/calling/page?tableCode=SCENE_DEMAND
105,SCENE_DEMAND,创新服务-场景需求,148,600,超大型综合交通枢纽室内外一体化导航场景,重点站区管委会,2024智慧城市场景创新批次（第二批）,建设超大型综合交通枢纽室内外一体化导航场景，运用自动驾驶、视觉识别等技术，实时收集车辆流量、车辆类型等数据，形成不同颗粒度、不同维度的停车应用数据集，发挥城市交通数据价值，形成超大型综合交通枢纽地区智慧化停车服务管理解决方案，实现高德、百度、腾讯三大图商和打车应用软件如滴滴等实现室内外一体化导航，打造地上地下导航无感切换新体验，打造最美“进京第一印象”。,"一、背景情况
北京西站是超大型综合交通枢纽，铁路高峰时期日客流量超过40万人，停车场面积大、位置分散、分层多、车位多、流量大、周转率高。停车场面临较强的社会车辆停车需求及出租车调度需求，车辆排队时有发生。伴随着北京市汽车保有量的增加，汽车和停车位之间的供需矛盾日益突出。
二、拟解决的问题
1.需解决各车场车流量不均，场内和出入口排队时间长，极易造成路面拥堵，且无法从远端告知司机余位情况。
2.场内缺乏高效的车位引导系统及场内不同区域led余位显示屏，车辆在场内寻找车位的时间长、效率低。
3.停车场同时作为网约车上车区，因缺乏地上地下一体化导航，经常出现司机找不到乘客，乘客找不到车的情况。
4.缺乏车辆自动驾驶、市民旅客预约车位等技术支持，影响停车效率和体验。
三、可提供资源
数据资源：停车场现有计时收费系统、场内车道视频监控摄像系统等的数据。","首创超大型综合交通枢纽室内外一体化导航技术。整合分析多维度数据，为市民旅客提供停车接驳服务，优化服务体验。
1.整合海量车流、客流数据，实现停车精细化管理。运用车位摄像头、出入口车牌识别摄像机、传感器、智慧地锁、车载设备等，通过数据中台对收集的车流量、泊位使用情况、视频数据进行清洗与分析，形成不同粒度、不同维度的应用数据集，通过LED和三大图商导航软件，实现场外远端查看各停车场余位情况，实现远端分流、实现地上地下一体化实景车位级导航、场内车位引导、车位预约、网约车顺畅接驳等功能，为停车场运营单位提供专项数据支持，支持停车场精细化管理服务。
2.探索自动驾驶、物联传感等技术在超大型综合交通枢纽的应用。针对自驾车和网约车接送站等服务场景，实现远端分流引导、场内车位引导、私家车和网约车旅客接续引导、车位预约和自动驾驶辅助、停车场运营管理支撑等目标。",3,李梦楠,15811301859,limengnan@zdzqgw.beijing.gov.cn,2026-06-22 18:21:57,2026-06-22 18:21:57,2024-12-06 23:59:59,0,3,false,https://dibj.cn/portal/api/common/calling/page?tableCode=SCENE_DEMAND
106,SCENE_DEMAND,创新服务-场景需求,147,601,AI赋能教育管理效能提升场景,北京经开区,2024智慧城市场景创新批次（第二批）,建设人工智能提升教育管理效能场景，围绕教育行政部门业务处理效率提升需求，运用大模型、云计算等技术，融合教育管理领域政务大数据，构建AI教育管理助手，实现项目全周期管理、技术评审辅助等功能，优化资源配置，提升预算执行率，提高教育精细化治理水平。,"一、背景情况
为响应市教委《北京市教育领域人工智能应用指南》的指示，加强以“智”助管，现需要通过新一代信息技术，提升教育管理工作效率，在项目规划、资源协调、项目进度监督、结果评估等方面实现智能化升级。
二、拟解决的问题
围绕教育管理工作效率提升需求，提升项目进度自动管理能力，解决日常工作中人员不足难题，亟需通过数据集成交互、智能分析决策，提高项目资源测算效率，提升技术评审智能化水平。","1.运用大模型、云计算等技术，构建基层教育项目管理平台。研发人工智能辅助教育管理技术，支持自动填报、方案生成、智能分析等事项，提高财务合同管理、项目进度管理能力。
2.融合教育管理领域专业知识、政务数据，实现基于历史数据与项目模型的风险预警。运用数据集成交互技术、预测算法，整合业务系统数据，识别潜在风险和问题，提升管理精度。",3,臧鹏,010-67857957,zangpeng@bad.gov.cn,2026-06-22 18:21:57,2026-06-22 18:21:57,2024-12-06 23:59:59,0,3,false,https://dibj.cn/portal/api/common/calling/page?tableCode=SCENE_DEMAND
107,SCENE_DEMAND,创新服务-场景需求,146,602,消防救援作战指挥大模型应用场景,北京市消防救援总队,2024智慧城市场景创新批次（第二批）,建立消防救援作战指挥大模型应用场景，运用人工智能、大数据和物联网技术，构建消防行业大模型，推动作战指挥从经验依赖型向数据智能型转变，提升救援作战指挥的科学性、先进性和智能性，提升消防救援的效率和智能化水平，增强消防救援实战能力，保卫人民生命财产安全。,"一、背景情况
大模型应用正在加速各行业的智能化发展，传统消防救援作战在智能化应用层面略显缺乏，制约救援作战指挥的先进性和科学性，需要通过大模型能力赋能消防救援作战指挥，提升消防救援作战的实战能力。
二、拟解决的问题
传统指挥系统不同业务间可能存在数据共享不畅、数据分析不足、无法提供全面数据分析等情况，同时，传统指挥系统多根据现场情况和已有预案生成作战策略，针对突发或不常见问题，更多依赖指挥人员的经验和判断，可能出现灵活性和准确性不足等问题。
三、可提供资源
1.接处警基础数据：包括警情分类、基础设施、119警情数据等。
2.作战物资数据：包括消防车辆及位置、装备、药剂数、参战人员等。
3.消防政策法规数据：包括专业语料、国家政策法规、行业标准文件等。
4.专家经验数据：包括案例事件、专家经验、预案、政务服务等。
5.作战相关数据：包括联勤联动单位、保障单位、企业专职队、微型站、消防站、社会消防救援力量等。","首创消防救援作战大模型。实现数据深度融合分析、快速联动响应和智能辅助决策，提升智能预测和辅助决策能力，增强消防救援实战能力。
1.构建全市首个高质量消防行业数据集。构建语料加视图数据的消防数据集，融合国家政策法规、行业标准、案例事件、专家经验、舆情民意、政务服务、视图等数据，为消防大模型训练提供数据支撑。
2.实现消防救援行业大模型从无到有的突破。基于高质量消防行业数据集生成消防行业大模型，提供通用感知能力，生成智能语音助手，代替人工实现接警和问答，改变传统作战指挥操作方式，提升处置效率。",1,王飞,010-82215085,looeywang@163.com,2026-06-22 18:21:57,2026-06-22 18:21:57,2024-12-06 23:59:59,0,3,false,https://dibj.cn/portal/api/common/calling/page?tableCode=SCENE_DEMAND
108,SCENE_DEMAND,创新服务-场景需求,145,603,基于城市感知体系的119接处警融合应用场景,北京市消防救援总队,2024智慧城市场景创新批次（第二批）,建设基于城市感知体系的立体化消防场景，围绕城市消防紧急响应的需求，运用物联网感知、大数据分析和人工智能技术，融合市感知服务平台和城市码平台的数据，建设一套119接处警与市感知体系数据融合的系统，实现对灾情地点的精准定位和灾情周边环境资源信息的掌握，达到从火灾初起到现场救援预警报警的目标，为灭火救援作战提供辅助决策支持，提升现场情况掌控能力和指挥效率，保障人民群众生命财产安全。,"一、背景情况
北京市正在推进城市感知体系和城市码建设，已形成相关的建设规范，本场景旨在进一步推进消防救援数字化进程，在已有的消防救援数字化基础上更好的整合感知体系数据和城市码数据，为119接处警提供更加及时、准确的决策信息，全面提升消防作战效率。
二、拟解决的问题
当前，119接处警系统依靠移动基站定位可以获取灾情发生位置信息，同时通过全市消防物联感知体系可以实现对传统消防设施的远程监控，但在信息获取过程中存在获取手段单一、精准度不高、感知能力弱、误差较大等问题。
三、可提供资源
数据资源：通过119指挥中心已有平台可提供消防基础设施、警情、车辆、人员、物资等基础数据；通过感知平台对接可提供城市影像数据、城市脉搏数据、城市体征数据；通过城市码平台获取城市码数据。","首创基于城市感知体系的消防精准定位技术。实现消防业务数据跨系统、跨部门流转，提高数据动态更新的及时性，提升城市安全管理和应急救援水平。
1.将城市感知体系与119接处警系统融合，实现火情的准确识别。与市感知平台联动并引入城市码，收集周边建筑、设施信息，及时获取灾情数据，制定准确救援方案，提升救援效率，建立一套多数据融合的消防专题数据集，实现火情的准确识别。
2.构建云边端协同的AI+消防场景，实现云边端、软硬件智能感知技术融合。通过算法定义硬件，实现对火情的快速精准定位，提升火灾火情全方位感知防控能力。",1,王飞,010-82215085,looeywang@163.com,2026-06-22 18:21:57,2026-06-22 18:21:57,2024-12-06 23:59:59,0,3,false,https://dibj.cn/portal/api/common/calling/page?tableCode=SCENE_DEMAND
109,SCENE_DEMAND,创新服务-场景需求,144,604,智联消防全息管理场景,北京市消防救援总队,2024智慧城市场景创新批次（第二批）,建设智联消防全息管理场景，围绕消防队站信息整合与管理需求，运用物联网、云计算和大数据技术，实现对消防队站各类信息的实时采集与智能处理，达到底层物联、中层数联、顶层智联的数字化队站目标，确保数据实时更新与共享，提升管理的透明度和效率，支持科学决策与精准管理，减少基层工作量，提高整体运营效率和应急响应能力。,"一、背景情况
北京市共有187个‌执勤消防救援站和143个‌小型消防站，指挥人员难以快速了解队站的全面情况，需构建一套一套智联消防全息管理系统，为智能化管理提供支撑。
二、拟解决的问题
针对消防队站日常管理中存在的信息整合需求，以事件为链条，完成消防队站各类信息的实时采集与智能处理、立体展示，完成队站三维建模，创新队站智慧管理终端，实现总队各业务条线全流程管理在基层队站的落实应用。
三、可提供资源
数据资源：消防救援业务日常管理内容、人员档案信息、训练标准、现有信息化系统内部分数据、营区监控图像等。","首创超前感知的消防站智能管理系统。实现对消防队站各类信息的实时采集与智能处理，确保数据实时更新与共享，提升管理的透明度和效率。
1.建立全面互联的消防队站数字生态，实现消防队站各类信息的实时采集与智能处理。创新融合消防队站现有系统及装备数据，连接现有装备和系统，实现数据的实时流动与智能共享。
2.推动多源数据的高效集成与智能分析，确保训练、计划和作战的科学性与有效性。在队站三维模型基础上，整合网络、图像、广播扩音等技术系统以及业务管理数据，构建人、地、物、事四要素画像，使信息流动更加及时，决策支持更为精准，实现底层物联、中层数联、顶层智联。",1,王飞,010-82215085,looeywang@163.com,2026-06-22 18:21:57,2026-06-22 18:21:57,2024-12-06 23:59:59,0,3,false,https://dibj.cn/portal/api/common/calling/page?tableCode=SCENE_DEMAND
110,SCENE_DEMAND,创新服务-场景需求,143,605,消防救援侦查建模机器人场景,北京市消防救援总队,2024智慧城市场景创新批次（第二批）,构建消防救援侦查建模机器人场景，围绕消防救援现场侦查需求，运用移动机器人平台超感知、智能伴随、超强AI算力等AI技术，结合红外扫描、视频分析、运动轨迹导航、三维建模及物联网等技术，创新研发消防救援建模侦查机器人，实现日常监管检查与灭火救援现场侦察的目标，为消防决策提供更加全面、准确的数据支撑，提高救援效率和安全性。,"一、背景情况
随着社会经济快速发展，人工智能、物联感知、仿真机器人、大模型等技术迅速普及，针对城市火灾风险、载荷日趋加大的情况，需引入更多的新技术、新理念，为消防救援防灭两条业务主线智能化提供数据支撑和技术支持。
二、拟解决的问题
针对消防部门日常管理工作量大、现场救援危险性高等情况，运用新技术快速采集建筑内部数据，创建实景模型，并用图像视频识别技术检测违规行为，支持非现场执法和灭火救援。在救援现场自动侦察、预警并传输信息，为救援决策提供依据。
三、可提供资源
1.验证试点单位基础数据：包括CAD图纸等。
2.接处警基础数据：包括警情分类、基础设施、119警情数据等；作战物资数据：包括消防车辆及位置、装备、药剂数、参战人员等。
3.作战相关数据：包括联勤联动单位、保障单位、企业专职队、微型站、消防站、社会消防救援力量等。","首创消防救援专用的平战结合机器人。实现对火灾现场复杂对象、坍塌建筑和救援障碍物的精准识别，为救援决策提供科学依据，提升救援行动的效率和安全性。
1.构建消防数字孪生建模系统，为消防部门日常管理提供数据支撑。结合红外扫描、视频分析、三维建模等技术，创新融合多源数据，实现日常监管伴随采集建模，提升日常监管效率。
2.打造适用于消防救援快速侦察机器人，满足灭火救援实战需求。运用移动机器人平台超感知、智能伴随等技术基础，为救援决策提供实时精准信息，实现复杂环境下的自动侦察、高温与危险预警、图像视频传输采集与综合建模，降低人员风险，提高救援精准度。",2,王飞,010-82215085,looeywang@163.com,2026-06-22 18:21:57,2026-06-22 18:21:57,2024-12-06 23:59:59,0,3,false,https://dibj.cn/portal/api/common/calling/page?tableCode=SCENE_DEMAND
111,SCENE_DEMAND,创新服务-场景需求,142,606,消防救援全景指挥场景,北京市消防救援总队,2024智慧城市场景创新批次（第二批）,构建消防救援全景指挥场景，围绕消防救援全流程数字化指挥需求，运用大数据、三维建模、人工智能等技术，对灾害现场进行全景孪生重构，打造多维度数据模型，实现救援现场多源异构数据融合与多级指挥数据分级管理，提升救援现场调度指挥、过程回溯、案情分析及安全保障能力，提升消防救援决策能力和指挥准确性。,"一、背景情况
随着科技的快速进步，对消防救援工作提出了更高要求，为提升消防救援工作的智能化水平，需引入人工智能、物联感知等新技术，通过提供精准的数据支撑和强大的技术支持，实现各级指挥员对灭火救援现场的单向透明化掌握，有效提升决策指挥的信息化水平。
二、拟解决的问题
消防救援面临数据种类繁多、数字化指挥基础薄弱及多级指挥系统分散等挑战，为提升救援效率与准确性，需构建全景智慧场景，运用大数据、三维建模、人工智能等技术，实现灾害现场全景孪生重构与多级指挥数据分级管理，为救援指挥提供全面数字化支撑。
三、可提供资源
1.数据资源：119智能接处警系统、试点单位消防救援车辆、人员等相关数据。","首创消防救援多级指挥系统。实现各级指挥员对灭火救援现场的单向透明化掌握以及对随车装备的实时数据掌控，提升决策指挥信息化水平。
1.构建消防救援全景指挥场景，提升消防救援决策能力和指挥准确性。基于现场多维感知数据，实现对多源异构数据的融合汇聚，建立多级数字化指挥平台，实现数据分级管理，提升救援现场调度指挥、过程回溯、案情分析及安全保障能力。
2.首次研发消防车辆专用在位监测硬件系统，提升救援资源的调配效率和安全性。采用无线化、无感化采集技术，创新实现对随车装备的实时数据掌控，解决救援车辆种类型号众多、结构复杂多样导致的现场救援资源难以实时动态掌握的问题。",2,王飞,010-82215085,looeywang@163.com,2026-06-22 18:21:57,2026-06-22 18:21:57,2024-12-06 23:59:59,0,3,false,https://dibj.cn/portal/api/common/calling/page?tableCode=SCENE_DEMAND
112,SCENE_DEMAND,创新服务-场景需求,141,607,城市路口数字孪生综合治理场景,通州区交通委,2024智慧城市场景创新批次（第二批）,构建城市路口数字孪生综合治理场景，围绕重点路口交通压力大等现状，运用数字孪生、交通模拟仿真与预测等技术，整合实时OD数据、渠化方案、信控数据、标志标线等信息，打造重点路口智慧化组件调配综合治理系统，通过路口交通设施组件的线上调配与通行仿真模拟，形成最优调配方案，提升重点路口交通治理能力，提高通行效率，降低出行风险，提升市民出行体验。,"一、背景情况
副中心范围400多个重点路口是连接道路通行的重要节点，也是人流、车流的聚合通行点，路口的交通情况复杂，路口通行效率、秩序亟需提升改善，需搭建路口治理组件调配与仿真推演平台，提升重点路口交通治理水平。
二、拟解决的问题
优化交通管理流程，为交通管理决策提供数据和技术支撑，提升重点路口的通行能力，提高路口通行效率，改善通州区核心路口的交通状况。
三、可提供资源
1.数据资源：市区两级基础数据、感知数据、空间数据、业务数据、运营商DPI数据等。
2.技术环境资源：开发及保证项目正常运行的政务外网云资源。
3.其他资源：交通领域相关指标体系解读指导、事件预案等相关指导资源。","首创基于平台组件调配的城市路口交通仿真推演解决方案。实现重点路口交通组织的线上调配及调配方案的仿真推演，提升交通治理能力。
1.运用数字孪生与交通模拟仿真技术，为交通运行调控提供精准的模型基础。创新融合实时OD数据、渠化方案、信控数据、标志标线等多源数据，实现对重点路口交通的深入分析与预测。
2.运用模块化设计理念，实现对重点路口交通组织对象的快速调整。通过交通大模型技术、一体化平台调配工具，融合路口交通体系数据，进行路口交通设施组件的线上调配与通行仿真模拟，实现场景与仿真模型的数据联动。",2,贾斐,010-81562992,jtzhswzx@bjtzh.gov.cn,2026-06-22 18:21:57,2026-06-22 18:21:57,2024-12-06 23:59:59,0,3,false,https://dibj.cn/portal/api/common/calling/page?tableCode=SCENE_DEMAND
113,SCENE_DEMAND,创新服务-场景需求,140,608,一站式AI餐饮监管场景,通州区市场监管局,2024智慧城市场景创新批次（第二批）,构建一站式AI餐饮监管场景，围绕食品安全监管需求，应用物联网、云计算、远程监控、AI监管执法技术，建设政府统一监管的AI智慧阳光餐饮平台，实现对餐饮后厨操作的透明化、可视化远程监管和执法，提升监管效能，提高食品安全管理水平，推动餐饮业高质量发展。,"一、背景情况
随着人们对食品安全问题日益关注，提升食品安全监管水平已成必然趋势，需要运用新技术实现对监管对象的远程监管和执法。
二、拟解决的问题
传统的食品安全监管效率低下且难以全面覆盖等问题，通过高清摄像头、传感器等设备，对学校食堂、中央厨房等重点场所的食品生产、加工的全流程监控和智能识别，实时查看食品的制作过程，提高食品安全的透明度。
三、可提供资源
数据资源：学校食堂、中央厨房、交易市场中的食品加工、生产等数据。","首创一站式AI餐饮监管解决方案。运用物联网、AI技术，提升非现场执法能力。
1.运用远程监控技术和AI监管执法技术，实现对餐饮后厨操作的透明化、可视化远程监管和执法。通过智能识别系统，创新融合高清摄像头、传感器等设备数据，实时监测后厨人员规范穿戴、鼠患、违规清洗消毒等异常活动，自动上报预警信息，形成闭环管理，提升监管效能。
2.通过AI智能抓取违法违规线索，实现监管靶向定位与预警提示。创新升级明厨亮灶的实时监控，构建电子化可追溯场景应用，提升食品安全监管水平，减少现场检查频次，降低对市场主体的扰动。",2,王伟,010-69542545,bjtzcyjg@126.com,2026-06-22 18:21:57,2026-06-22 18:21:57,2024-12-06 23:59:59,0,3,false,https://dibj.cn/portal/api/common/calling/page?tableCode=SCENE_DEMAND
114,SCENE_DEMAND,创新服务-场景需求,139,609,AI大气污染精准溯源与快速处理场景,通州区生态环境局,2024智慧城市场景创新批次（第二批）,构建AI大气污染精准溯源与快速处理场景，围绕大气污染管控需求，运用视频AI技术，以现有环境空气质量监测站为基础，挖掘和配置周边高点视频监控资源，搭建“污染因子监控+关联污染源分析+视频AI识别+网格员处理”的大气污染精细化管控平台，实现对大气污染行为的快速发现、识别和管控，提升环境监管能效，减少治理成本，改善环境空气质量。,"一、背景情况
2013年以来，通过大气污染防治攻坚，通州区环境空气质量改善明显。但“十四五”期间，空气质量改善进入瓶颈期，主要是精细化管控手段不足。该场景通过周边视频AI快速识别污染源，有效降低污染行为产生的影响。
二、拟解决的问题
通州区环境空气质量监测网络较为完善，能有效监测大气污染的发生，但由于污染行为的分散性、偶发性和复杂性，现有的人力和监测手段无法支撑污染行为发生后快速识别污染源并处理。
三、可提供资源
数据资源：监测站大气污染历史数据等。","首创大气污染精准溯源视频AI应用。实现大气污染行为快速发现、识别和管控，减少环境治理成本。
1.运用视频AI技术，实现对大气污染行为的快速发现与精准溯源。创新融合环境空气质量监测站数据与高点视频监控资源，提升污染源识别的时效性、精确度和分辨率。
2.创建大气污染快速处理协同机制，实现污染事件的快速处置。依托污染因子与污染源关联画像，建立高效协同的视频AI识别与网格员处理流程，提升环境监管能效，减少治理成本。",2,刘熠秋,010-60552403,sthjjxxzx@bjtzh.gov.cn,2026-06-22 18:21:57,2026-06-22 18:21:57,2024-12-06 23:59:59,0,3,false,https://dibj.cn/portal/api/common/calling/page?tableCode=SCENE_DEMAND
115,SCENE_DEMAND,创新服务-场景需求,138,610,再生水泵房智慧监管场景,通州区水务局,2024智慧城市场景创新批次（第二批）,建设再生水泵房智慧监管场景，针对现有泵房存在的监测手段落后、安全隐患发现不及时等问题，运用图像识别、AI视频分析及大数据技术，建设基于人工智能再生水泵房安全管理系统，实现实时监测与预警效果，并针对不同的问题进行预警、提供应急预案，减少事故发生频率，降低财产和经济损失。,"一、背景情况
再生水泵房作为再生水系统的水源，是再生水系统的重要组成部分。拟依托已有的视频监控系统，结合新一代互联网技术，建设再生水泵房安全管理系统，通过系统检测人员是否非法入侵、是否佩戴安全帽、是否违规操作等，通过系统判断泵房内是否存在跑冒滴漏等现象。
二、拟解决的问题
于家务再生水泵站，位于通州副中心偏远地带，其配套的视频监控系统仅实现了画面的实时监控，在运维过程中由于缺少预警报警机制，存在遇到突发事件无法快速发现、快速响应等问题。
三、可提供资源
数据资源：再生水泵房运维数据等。","首创基于AI视觉识别技术的再生水泵房全景监管应用。提高再生水泵房的安全水平。
1.运用图像识别、AI视频分析及大数据技术，提升水泵房运维过程中人员与设备安全指数。创新融合水泵房运维监控数据，实现实时监测与预警效果，降低事故频率及经济损失。
2.基于人工智能的再生水泵房安全管理系统，整合多源数据，形成预警体系。实现快速响应，提供应急预案，提升安全问题预警时效性与准确性，减少人员成本，提高安全保障水平。",2,王彩霞,010-61521162,zhongxin000@126.com,2026-06-22 18:21:57,2026-06-22 18:21:57,2024-12-06 23:59:59,0,3,false,https://dibj.cn/portal/api/common/calling/page?tableCode=SCENE_DEMAND
116,SCENE_DEMAND,创新服务-场景需求,137,611,文旅数据可信流通场景,通州区经济和信息化局、通州区文化和旅游局,2024智慧城市场景创新批次（第二批）,建设文旅数据可信流通场景，针对文旅行业数据获取难、流通不畅、应用范围窄等现状，运用大数据、人工智能、区块链等技术，搭建文旅数据专区平台，为文旅数据产品及数据服务的发布和交易提供能力保障和技术支撑，推动文旅数据高效流通，提升服务响应速度及用户体验，加速文旅产业的数字化转型发展。,"一、背景情况
随着文旅数据专区建设的稳步推进，文旅数据、场景、服务等需要统一的平台来承载和汇聚，形成应用场景、数据产品等有效组合，面向政府机构、企事业单位、个人用户等主体“对外赋能”，提供优质的文旅服务。
二、拟解决的问题
构建文旅数据专区平台为文旅数据产品及数据服务的发布和交易提供能力保障和技术支撑，推动文旅数据产品，助力文旅行业数字化转型。
三、可提供资源
数据资源：公共文旅数据资源；
企业掌握的文旅数据资源，包括结构化数据、文本数据、图片数据、视频数据等。","首创文旅数据可信流通交易平台。运用大数据、区块链等技术，实现文旅数据高效流通，加速文旅产业数字化转型。
1.运用大数据技术，实现文旅数据高效流通。创新融合文旅行业多源数据，提升文旅产业数字化转型速度，实现文旅服务快速响应及用户体验创新，降低数据获取难度与时间成本。
2.运用区块链技术，保障数据交易和流通的安全性。构建文旅数据专区平台，为文旅数据产品及数据服务的发布和交易提供能力保障和技术支撑。",3,崔祥慧,18600646337,,2026-06-22 18:21:57,2026-06-22 18:21:57,2024-12-06 23:59:59,0,3,false,https://dibj.cn/portal/api/common/calling/page?tableCode=SCENE_DEMAND
117,SCENE_DEMAND,创新服务-场景需求,136,612,AI文旅动态监测场景,通州区文景街道,2024智慧城市场景创新批次（第二批）,建设AI文旅动态监测场景，围绕文旅产业集聚区的数字化转型需求，融合大模型、AI视频分析、前端感知设备等，集成分析交通部门、城管执法、接诉即办、民生保障等跨部门多源数据，构建高效智能的文旅区综合指挥平台，实现文旅信息动态可视化数字表达，对辖区动态进行监测预警，减少人力成本投入，缩短应急响应时间，提高园区管理效率，推动文旅产业高质量发展。,"一、背景情况
聚焦文旅产业集聚区在大人流、大车流环境下的公共安全需求，依托文旅区管廊监控中心，通过前端感知设备进行数据汇聚、智能分析，搭建文旅区综合指挥平台，为文旅产业发展提供数据支撑。
二、拟解决的问题
运用大模型、AI技术，解决文景街道辖区内环球影城、湾里、顶点公园、海昌海洋公园等多个商业体可能带来的交通拥堵、公共安全等问题。
三、可提供资源
数据资源：辖区重点人员、车辆轨迹及突发情况等相关数据。","首创大客流景区AI文旅动态监测解决方案。实现对辖区文旅动态的可视化数字表达，提升文旅产业智能化发展水平。
1.将大模型与AI视频智能分析技术结合，实现文旅精细化管理。收集分析多维度数据，生成可视化数据表达和分析文档、评价报告，为文旅产业发展提供智能决策支持，提升管理效率。
2.整合文旅产业集聚区人流量、环境质量等多元数据，提升景区应急响应速度和游客体验。通过对数据进行采集、汇聚、分析、回传，实时监测辖区重点人员、车辆轨迹及影响辖区安全的突发情况，及时警报，快速处置，优化业务处理流程，降低人力成本支出，提高辖区治理效能。",3,杨威,010-80579230,wenjingcsgl@126.com,2026-06-22 18:21:57,2026-06-22 18:21:57,2024-12-06 23:59:59,0,3,false,https://dibj.cn/portal/api/common/calling/page?tableCode=SCENE_DEMAND
118,SCENE_DEMAND,创新服务-场景需求,96,544,大模型赋能接诉即办数智化提升场景,北京市政务服务和数据管理局,智慧城市场景创新批次2024第一批,建立大模型赋能接诉即办数智化提升场景，围绕群众对于12345热线准确识别问题、及时提供服务的需求，通过大模型对政务领域的数据进行专项训练，构建接诉即办大模型，发挥12345热线海量数据价值，实现基于历史工单的智能分析，为市民提供更加智能、高效的诉求解决途径，支撑12345市民服务热线高质量发展。,"一、背景情况
北京市市民热线服务中心于2019年建设北京市12345市民热线服务平台，积累市民反映事件约1.4亿件，支撑热线业务一号受理、分级响应、快速直派、协同办理、逐一回访、提级督办、统一考评、科学分析，形成群众诉求“全周期管理”。数字化转型既是12345市民服务热线高质量发展的内在需求，也为接诉即办提供强大的技术支撑。
二、场景解决的问题
大模型技术不断发展，为12345热线工单派发提供了新的解决方案，可准确地识别、分类和处理各种诉求，有效提升工单派发精准度，优化服务资源分配。
三、可提供资源
数据资源：北京市累积的12345市民反映数据及工单处理记录。","1.发挥12345热线海量数据价值，实现基于历史工单的智能分析。构建接诉即办智能服务，优化处理流程，为市民提供更加智能、高效的诉求解决途径；
2.形成一套接诉即办大模型解决方案。集成信息提取、信息融合和智能分析等功能，显著提升12345市民服务热线的处理能力和市民体验，具备在全市、全国推广的价值。",1,张起闻,010-65272376,zhangqiwen@zwfwj.beijing.gov.cn,2026-06-05 18:31:06,2026-06-05 18:31:06,2024-08-09 23:59:59,0,3,false,https://dibj.cn/portal/api/common/calling/page?tableCode=SCENE_DEMAND
119,SCENE_DEMAND,创新服务-场景需求,95,545,大模型一站式调度场景,北京市政务服务和数据管理局,智慧城市场景创新批次2024第一批,建设大模型一站式调度场景，针对跨业务咨询中大模型间协作与调用的需求，利用大模型Agent的智能调度能力，构建业务系统API统一纳管平台，精准调配不同部门的知识库、业务系统API，统一提供对外服务，实现单一入口对接多个业务领域的咨询服务，为用户提供精准和个性化的咨询服务，提高政务服务满意度。,"一、背景情况
构建基于大模型Agent的智能调度平台，整合各部门业务系统API，实现一站式响应复杂业务需求，提升政务处理的连贯性、便捷性和个性化服务水平，推动政务智能化升级。
二、场景解决的问题
随着大模型场景增加，不同业务间的关联关系未能建立，跨业务咨询及业务系统的按需调用尚未实现，无法满足用户对于复杂业务需求的一站式响应，需通过大模型技术将各类业务一站式调度，提升服务体验。
三、可提供资源
经过与各大模型厂商的多次调研，咨询类场景结合厂商自有的“AI工具”均已实现按需调用，在政务咨询场景及按需调用第三方工具尚未实践。","1.构建统一API统管平台，实现大模型技术在政务领域的创新应用。利用大模型Agent的智能调度能力，构建业务系统API统一纳管平台，不仅限于信息检索或基础问答，而是深入到业务流程和服务调度中，为政务智能化升级提供新思路；
2.首次在政务领域引入了基于业务属性驱动的智能调度模型。实现从用户咨询到业务系统调用的全链条自动化处理，提高服务响应速度和准确性。",1,赵珣阳,019-55529611,zhaoxunyang@jxj.beijing.gov.cn,2026-06-05 18:31:06,2026-06-05 18:31:06,2024-08-09 23:59:59,0,3,false,https://dibj.cn/portal/api/common/calling/page?tableCode=SCENE_DEMAND
120,SCENE_DEMAND,创新服务-场景需求,94,546,人工智能大模型监管沙盒在数据合规训练下的应用场景,北京市大数据中心,智慧城市场景创新批次2024第一批,建设人工智能大模型监管沙盒在数据合规训练下的应用场景，针对公共数据、政务数据大模型训练全生命周期中产生的安全性、合规性问题，以及大模型训成后模型的安全性问题，通过构建综合监管沙盒技术支撑体系，实现数据分级分类、敏感数据筛查管理、模型训练安全合规、训练过程透明等功能，确保数据的安全保管和合规利用。,"一、背景情况
公共数据、政务数据权属复杂、类型不同、要求各异，人工进行分析与处理存在耗时长且易出错等弊端，人工智能监管沙盒合规创新机制将赋能公共数据、政务数据等大模型企业相关业务场景，通过设立限制性条件和制定风险管控措施，将公共数据、政务数据在监管沙盒可信空间进行深度测试，充分模拟各种真实公共数据、政务数据使用场景，降低风险外溢。
二、场景解决的问题
在大模型训练过程中将使用大量真实的公共数据、政务数据作为语料，需要运用人工智能大模型监管沙盒机制通过各种技术手段，解决公共数据、政务数据中的敏感信息、隐私数据等各类数据的安全保护及合规使用，并预防大模型生成的内容造成原有数据泄露、侵犯他人知识产权等问题的产生。
三、可提供资源
1.数据资源：市属各政府机构在办公中所产生的公共数据、政务数据，及数据合法性来源证明、数据目录等信息；
2. 技术环境资源：依托北京人工智能数据训练基地提供的监管沙盒软硬件环境及监管沙盒运营管理机制，监督数据提供方与模型训练方在合规安全的环境下进行公共数据、政务数据大模型训练。","1.沙盒环境创新。通过设立限制性条件和制定风险管控措施，允许创新产品、技术、服务或商业模式在监管沙盒可信空间进行深度测试，减少创新理念进入市场的时间与潜在成本。对数据加工、模型训练和优化等全流程构建多层级监控体系，充分模拟各种真实公共数据、政务数据使用场景、数据分级分类加工、训练及验证场景等，降低风险外溢。
2.知识产权保护创新。通过公共数据，政务数据相关大模型企业与沙盒安全环境的结合应用，保障大模型的数据来源及模型生成的内容不存在侵犯知识产权及数据泄露的风险。",1,吴学军,010-55529790,wuxj@jxj.beijing.gov.cn,2026-06-05 18:31:06,2026-06-05 18:31:06,2024-08-09 23:59:59,0,3,false,https://dibj.cn/portal/api/common/calling/page?tableCode=SCENE_DEMAND
121,SCENE_DEMAND,创新服务-场景需求,93,547,基于多信源大模型基座的智慧政务办公场景,东城区,智慧城市场景创新批次2024第一批,建立智慧政务办公场景，运用多信源大模型基座、知识图谱、RPA及元宇宙数字人等技术，构建智慧政务服务与办公一体化平台，支持服务事项远程办理，打通从公众办事到政府服务的直连通道，快速完成各类政务事项的推进和办理。,"一、背景情况
传统的政务服务及办公模式已经无法满足高效、便捷、智能的服务要求。为提升政务服务质量，提高办公效率，降低行政成本，实现政府治理能力的现代化，建设更加智慧、更加协同的政务服务与办公一体化平台的需求应运而生。
二、场景解决的问题
为进一步提升政务服务质量，提高办公效率，降低行政成本，需通过技术手段优化政务办理流程、公文处理效率，提升整体服务效能。
三、可提供资源
数据资源：相关政务事项的业务流程、文件等数据资源。","1.应用多信源大模型基座及元宇宙数字人等技术，实现政务服务的无人值守和智能交互。构建智慧政务服务与办公一体化平台，显著提升政务服务的智能化水平；
2.采用大模型基座和知识图谱技术，整合多源政务数据。构建政务服务知识库，实现信息的快速检索与智能生成，为公众提供精准、高效的政务服务，优化政府内部办公流程；
3.形成一套可复制、可推广的智慧政务办公解决方案。运用大模型、RPA机器人流程自动化技术，实现政务服务事项的远程办理，减少群众跑腿次数，政务服务事项办理时间平均降低30%，提升公众满意度，有效推动政府治理能力的现代化。",1,张洁,010-51271173,zhangjie@bjdch.gov.cn,2026-06-05 18:31:06,2026-06-05 18:31:06,2024-08-09 23:59:59,0,3,false,https://dibj.cn/portal/api/common/calling/page?tableCode=SCENE_DEMAND
122,SCENE_DEMAND,创新服务-场景需求,92,548,街道业务大模型应用场景,石景山区,智慧城市场景创新批次2024第一批,建立街道业务大模型应用场景，将大模型应用于街道辖区管理领域，融合城管执法、社区综合治理等多维度数据，通过学习街道综治业务流程，构建业务处理引擎，实现业务自动化、智能预警和预测，手动处理数据时间减少95%，提升社区街道综合治理能力，提高城市精细化治理水平。,"一、场景基本情况
通过运用大模型技术，优化辖区综治管理流程，提升工作效率，实现精准治理，挖掘基层数据价值，为科学决策提供依据。
二、场景解决的问题
为进一步提升街道业务处理效率，强化街道数据应用，需通过构建街道业务大模型，实现街道业务自动化，减少街道人工重复工作，提升社区治理水平。
三、可提供资源
1.数据资源：业务流程、辖区居民意见等街道综治相关数据；
2.技术验证资源：已搭建综治信息化系统，已实现辖区内的摄像头视频监控、违法案件算法识别和数据统计等功能；
3.其他资源：已完成综治业务核心流程梳理、需求调研和预期效果设计。","1.整合城管执法、社区综合治理等多维度数据，支撑科学决策。利用大模型技术进行深度挖掘，发现潜在的规律、模式和关联性，生成分析文档、评价报告等，实现可视化数据表达，并根据各业务开展情况提供可行性建议及预期实现效果，提供智能决策支持；
2.优化综治业务处理流程。通过应用综治大模型平台，减少街道工作人员手动处理数据的工作量，降低人力成本支出，节约行政资源；
3.形成一套街道综治大模型解决方案。可以为其他城市社区施政治理提供借鉴和参考，推动城市社区治理水平的整体提升。",1,景新超,010-68630558,bbsjd12345@163.com,2026-06-05 18:31:06,2026-06-05 18:31:06,2024-08-09 23:59:59,0,3,false,https://dibj.cn/portal/api/common/calling/page?tableCode=SCENE_DEMAND
123,SCENE_DEMAND,创新服务-场景需求,91,549,交通路况数据大模型应用场景,顺义区,智慧城市场景创新批次2024第一批,建设交通路况数据大模型应用场景，运用卫星地图、交通摄像头、传感器、车辆GPS等技术和设备，实时收集交通流量、车速、车辆类型等关键数据，形成不同粒度、不同维度的交通应用数据集，形成区域智慧化通行解决方案，为居民提供靶向型出行服务，服务区域交通数据需求企业，发挥城市交通数据价值。,"一、背景情况
随着自动驾驶3.0和智能交通的建设，在区内各主干路、关键路口布置车流量监控和雷视一体监控设备，提高道路通行效率，减少交通拥堵带来的负面影响。
二、场景解决的问题
随着智慧交通建设的不断推进，交通数据利用和非现场执法效能需求日益突出，需要构建交通路况数据大模型，强化对交通数据价值的应用，激活数据价值。
三、可提供资源
数据资源：车流量、出行的波峰与波谷等相关的数据，车辆数据包括车辆类型统计分析、型号统计分析等，道路路况数据包括道路拥堵情况，车道情况，道路拥堵预测等辅助自动驾驶的数据。","1.整合分析多维度数据，为居民和企业服务提供支持。通过数据中台对收集的交通、路况、视频数据进行清洗与分析，形成不同粒度、不同维度的应用数据集，不仅支持政府交通管理和非现场执法，还为企业提供专项数据服务，如车企所需的自动驾驶数据和区域经济数据；
2.构建智慧交通体系，优化资源配置，提升交通管理效率。利用车辆GPS和传感器信息实现实时数据收集，深入研究堵车点形成和原因，为交通疏导和道路改造提供科学依据；利用交通数据大模型预测路口过车情况，优化信号灯配置，提前预判并疏导交通，减少警力投入，提升非现场执法效能；
3.形成区域智慧化通行解决方案。不仅为居民提供靶向型出行服务，还为企业提供专项数据服务，具备复制推广价值。",1,杨牧洲,010-69421090,xinxzx2010@163.com,2026-06-05 18:31:06,2026-06-05 18:31:06,2024-08-09 23:59:59,0,3,false,https://dibj.cn/portal/api/common/calling/page?tableCode=SCENE_DEMAND
124,SCENE_DEMAND,创新服务-场景需求,90,550,政务服务大模型应用场景,平谷区,智慧城市场景创新批次2024第一批,建设区级政务服务大模型应用场景，旨在加速政务服务热线的智能化进程和实现一站式问题解决，通过大模型语音理解和通用对话能力、大数据分析技术，打造完全拟真的热线咨询机器人客服，提供高效、便捷的审批服务，实现政务服务领域的“0诉求”，优化群众办事体验。,"一、背景情况
区政务服务中心集中进驻部门49个，政务服务人员197余人，日均人流量预计1000-2000人次，安排83个综合窗口提供1867余项审批和利企便民相关公共服务，设置金融服务、外国人服务、政策兑现、跨省通办等多类办事专区。作为“只进一门”的便民服务枢纽，需要提高咨询接待服务的智能化程度，提升服务质量、降低投诉率，提供一站式、综合性政务服务的功能。
二、场景解决的问题
为进一步提升区域政务服务响应能力，优化呼叫中心响应机制，简化政务服务流程，需应用大模型技术，实现跨部门、跨层级的数据资源共享、分析和应用，增强用户体验与办事便捷性，全面提升政务服务质量。
三、可提供资源
1.数据资源：政务服务数据库，包含大量办事数据和用户反馈；
2.其他资源：综合窗口、专区设置、线上线下服务渠道。","1.通过大模型智能语音理解和通用对话能力，实现政务服务领域“0诉求”。解决市场局、医保局、人力社保局等领域咨询电话打不通等问题，减少我区12345投诉率；
2.通过大模型优化政务服务数据库，强化政务服务数据应用。建立数据展示平台增强政务服务数据的应用，为全区跨部门、跨层级数据资源共享，为政府治理可视化、运行状态监测和分析预警多源感知数据基础，支撑政务决策；
3.打造完全拟真的语言交流和办事指导沟通场景，提升群众满意度。优化群众服务畅通度、便利度、精准度。",1,李站站,010-89999570,pgzwglb@bjpg.gov.cn,2026-06-05 18:31:06,2026-06-05 18:31:06,2024-08-09 23:59:59,0,3,false,https://dibj.cn/portal/api/common/calling/page?tableCode=SCENE_DEMAND
125,SCENE_DEMAND,创新服务-场景需求,89,551,博物馆大数据应用场景,北京市文物局,智慧城市场景创新批次2024第一批,建设博物馆大数据应用场景，运用馆藏品识别、数据特征提取、多维度用户画像分析等技术，整合博物馆实时数据，打造统一的博物馆大数据平台，为游客提供地理信息查询、参观导览等个性化定制服务，为行业管理部门提供全面的数据分析能力支撑，推进文博行业数字化转型。,"一、背景情况
北京博物馆资源丰富，公众在选择和参观时却常迷茫和无从下手，这主要是由于信息的不对称和服务的分散性所导致的，需建立具有统一信息展示、便捷服务接入、数据整合与共享功能的平台。
二、场景解决的问题
当前文化旅游行业蓬勃发展，为进一步激活数据价值，优化博物馆服务，需要通过大数据平台整合博物馆资源，实现数据共享、个性化服务和行业监管，推进文博行业数字化转型。","1.运用AI识别技术实现对博物馆地理信息、文物、藏品、人流量等多种数据的整合运用。运用馆藏品识别、数据特征提取等先进技术，通过构建统一的博物馆大数据平台，全面整合博物馆实时数据，实现对博物馆资源的精准识别与数据提取，达到精准的展品管理与个性化服务推送。
2.为游客提供一站式服务，提升公众服务体验。提供从信息查询到票务、导览的全程无缝服务，为游客和行业管理部门提供一站式服务，极大提升公众参观效率与体验。
3.形成一套文博行业数字化转型解决方案。建立统一信息展示、数据整合共享平台及数字化智能监管体系，为全国文博行业提供了可复制的数字化转型范例，助力文化产业的战略布局与发展。",3,王静,010-55532990,bwgc@wwj.beijing.gov.cn,2026-06-05 18:31:06,2026-06-05 18:31:06,2024-08-09 23:59:59,0,3,false,https://dibj.cn/portal/api/common/calling/page?tableCode=SCENE_DEMAND
126,SCENE_DEMAND,创新服务-场景需求,88,552,中网智能网球数据分析应用场景,北京市体育局,2024智慧城市场景创新批次（第一批）,建设中网智能网球数据分析应用场景，运用全球首创的“中国鹰眼”技术，完成对场地、网球和运动员的全面数字化数据采集，实现比赛细节的全面记录与分析，助力运动员和教练精准复盘，优化训练计划，提升运动员表现，推动“中国鹰眼”技术攻关，实现中国网球公开赛在全球范围内的创新引领和观赏性飞跃。,"一、背景情况
在全球范围内，""网球鹰眼""技术得到了广泛应用，成为现代网球赛事中不可或缺的一部分。该技术的运用不仅提升了赛事的公正性与观赏性，还促进了新兴技术在监测、分析与裁判辅助等方面的创新发展。
二、难点问题
随着数字化技术的发展，运动数据全面数字化采集成为新趋势，需通过“中国鹰眼”技术建设智能网球数据分析系统，解决球员数据采集与分析难题，提升训练与比赛水平。
三、可提供资源
1.数据资源：北京市体育局的组织下，在国家网球中心训练场部署前端采集设备，现场采集数据；
2.技术环境资源：北京市体育局的组织下，北京中国网球公开赛体育推广有限公司协调测试环境，在国家网球训练中心训练场搭建测试系统。","1.推进“中国鹰眼”技术攻关。形成“场、球、人”全口径数据采集和智能分析系统，帮助教练和运动员更好地理解比赛情况，提高训练效果和比赛表现；
2.提供更全面的数据分析。增加运动员跑动跟踪数据采集，分析运动员的跑动距离、跑动速度、热区，并计算得出运动员的卡路里消耗等体能数据；增加运动员姿态数据分析：包括肩关节、肘关节、膝关节等关节点的运动夹角分析等，为运动员、教练带来更为详细的数据，对运动水平提高做出贡献；
3.实现智能网球数据分析系统国产替代。在国际市场上增加中国鹰眼的核心竞争力，从“引进来”转变成“走出去”，提升网球运动的科学训练和比赛分析水平，为其他体育项目提供参考和借鉴。",3,苏志军,010-55533320,kejiaochu123@126.com,2026-06-05 18:31:06,2026-06-05 18:31:06,2024-08-09 23:59:59,0,3,false,https://dibj.cn/portal/api/common/calling/page?tableCode=SCENE_DEMAND
127,SCENE_DEMAND,创新服务-场景需求,87,553,多源涉农数据融合构建农户信用评价模型和授信增级应用场景,北京市农业农村局,2024智慧城市场景创新批次（第一批）,建设农户信用评价模型和授信增级应用场景，为进一步完善农户信用体系、增加普惠金融受益群体，运用大数据、深度学习等技术，融合多源涉农数据，构建农户信用评价模型，实现对农户资信情况的分级分类，提升普惠金融服务效率和公平性，推动农村公共服务体系建设。,"一、背景情况
为进一步完善农户信用体系建设，扩大普惠金融受益群体范围，基于多源涉农数据，采用知识图谱、大数据、深度学习等分析技术，构建我市农户信用评价模型，分级分类、客观动态反映农户资信情况。
二、场景解决的问题
为进一步完善农户信用体系，提升普惠金融服务效率，需采用大数据、深度学习技术，构建农户信用评价模型，实现农户资信的分级分类，提升服务效率和公平性。
三、可提供资源
数据资源：提供农户生产经营、家庭种植、违规处罚、农业保险、所在村集体荣誉资质等多项数据资源。","1.运用大数据技术构建农户信用评价模型。融合大数据、数据挖掘等技术，构建基于多源涉农数据的农户信用评价模型，实现对农户信用状况的精准评价，降低信贷成本，提高信贷审批效率，为金融机构提供智能化信贷决策支持，助力普惠金融广泛实施；
2.融合应用农户、种植、保险等涉农数据，支撑普惠金融实施。通过集成多源涉农数据，利用知识图谱技术和隐私保护技术进行高效整合共享，构建农户信用评价体系和授信增级模式，解决农户与银行之间信息不对称问题，为普惠金融的广泛实施提供有力支撑；
3.形成有推广价值的信用评价模型解决方案。基于多源涉农数据融合的农户信用评价模型和授信增级应用，为当地农户提供更精准的信用评估服务，为其他地区农户信用体系建设和普惠金融发展提供可复制、可推广的成功经验。",3,胡雁翔,010-51503734,hyxiang_2006@126.com,2026-06-05 18:31:06,2026-06-05 18:31:06,2024-08-09 23:59:59,0,3,false,https://dibj.cn/portal/api/common/calling/page?tableCode=SCENE_DEMAND
128,SCENE_DEMAND,创新服务-场景需求,86,554,京郊玉米全程无人化高效生产场景,北京市农业农村局,2024智慧城市场景创新批次（第一批）,建设京郊玉米全程无人化高效生产场景，运用农田环境感知、自主路径规划、精准作业控制等技术，融合农田环境、农机作业、玉米产量、生产设备、化肥投入等多种数据，开发无人耕整、播种、施肥、喷药、收获等全套智能作业装备，减少农业生产能耗和人工成本投入，提高玉米种植效率，助力首都农业高质量发展。,"一、背景情况
围绕京郊玉米高效生产全程无人化作业需求，突破农田环境感知、自主路径规划、自主避障、种肥精准投入、动态测产、高效低损智能收获、机群协同等关键技术，建设玉米无人化生产全程智能作业装备，开发玉米无人化生产智慧云管控平台，并在北京开展应用示范，实现玉米高质、高效、低成本生产。
二、场景解决的问题
随着数字农业的发展，玉米生产无人化技术的重要性进一步凸显，需通过集成农田感知、智能控制等技术，建设无人化作业装备与智慧管控平台，解决种植成本高、玉米亩产量低等问题，提升生产效率与经济效益。
三、可提供资源
数据资源：京郊玉米农田环境、农机作业、玉米产量等相关的数据。","1.运用农田环境感知、自主路径规划等先进技术，实现玉米生产全程无人化作业。提出复杂非结构环境下农机转移、作业路径规划方法，建立不同环境、不同农机转向控制参数自适应优化匹配策略，实现农机全程自主巡线行走、转弯掉头、避障等自动驾驶；
2.融合农田环境、农机作业、玉米产量、生产设备、化肥投入等多源数据，优化生产决策。融合多源数据与时空信息，创建精准作业决策模型，实现施肥、喷药的智能化精准施用，提升资源利用效率，依托深度神经网络优化机群调度，增强生产决策的智能化和协同作业效率；
3.开发玉米生产全套智能作业装备和管控云平台，减少人力投入和能源消耗。研发无人化智能作业装备，通过精准作业控制技术节省人力成本，提升资源利用率，提高生产效率；
4.形成玉米无人化生产解决方案，未来可在全国推广。构建的玉米无人化生产智慧云平台与全程智能作业装备体系，在北京地区实现高效生产示范后，可形成一套可复制、面向全国的玉米无人化生产集成方案。",3,芦天罡,010-55525440,lutg@nyncj.beijing.gov.cn,2026-06-05 18:31:06,2026-06-05 18:31:06,2024-08-09 23:59:59,0,3,false,https://dibj.cn/portal/api/common/calling/page?tableCode=SCENE_DEMAND
129,SCENE_DEMAND,创新服务-场景需求,85,555,AI蔬菜产销精准对接服务场景,北京市农业农村局,2024智慧城市场景创新批次（第一批）,建设AI蔬菜产销精准对接服务场景，运用物联网、人工智能等技术，基于京津冀蔬菜产销信息库的海量数据，研发蔬菜生产指数模型、市场价格预测模型，实现对市场变化的精准把控，帮助菜农开展按需种植，提升京郊蔬菜生产的智慧化管理水平。,"一、背景情况
目前，国内外的市场信息监测和服务对地域性很强的蔬菜产品涉及较少，缺少相关的模型对蔬菜产销情况进行预测分析。围绕菜农“种什么、怎么种”的核心问题，利用大数据和人工智能等前沿技术，深度挖掘京津冀蔬菜产销信息管理系统积累的数据，为京郊蔬菜生产者提供高精度、多模态的蔬菜生产知识和市场行情智能语音问答服务。
二、场景解决的问题
针对菜农对蔬菜产销精准对接的迫切需求，通过AI、大数据等技术构建蔬菜生产指数和市场价格预测模型，解决菜农种植与市场需求不匹配问题，提升蔬菜生产智慧化管理水平。
三、可提供资源
数据资源：蔬菜生产技术、市场行情、行业统计数据等数据资源。","1.运用物联网、人工智能等技术，提升蔬菜产销信息透明度。整合蔬菜市场行情和行业统计数据等资源，构建实时、全面、多维度的数据仓库，实现蔬菜产销数据库查询汇总、数理统计的服务，为蔬菜生产者提供高精度、多模态的蔬菜生产知识和市场行情服务；
2.研发蔬菜生产指数模型和市场价格预测模型，降低菜农种植风险。通过智能预测模型精准预测蔬菜种植情况和市场价格，帮助菜农科学安排种植，降低产能过剩风险，实现经济效益与管理效能双提升；
3.形成一套区域蔬菜产销精准对接解决方案。在京津冀等地完成试点后，可为更多地区的蔬菜产业提供智能化、精准化的服务支持，推动农业现代化进程。",3,王晓东,010-55525450,630696858@qq.com,2026-06-05 18:31:06,2026-06-05 18:31:06,2024-08-09 23:59:59,0,3,false,https://dibj.cn/portal/api/common/calling/page?tableCode=SCENE_DEMAND
130,SCENE_DEMAND,创新服务-场景需求,84,556,河湖水环境非现场监管场景,北京市水务局,2024智慧城市场景创新批次（第一批）,构建河湖水环境非现场监管场景，运用大数据、GIS等技术，融合市场监督管理局、水务局等相关单位多源数据，建设河湖水环境非现场监管平台，实现河湖水环境监管可视化，提升非现场监管效能，降低人工监管工作量，减少违法违规行为，助力河湖生态环境保护。,"一、背景情况
为进一步提升工程质量管理、安全管理、扬尘监管效率及监管能力，为监管工作提供数据支撑和决策依据，以北京市智慧水务1.0总体设计方案为依据，引入大数据、GIS等技术，在已搭建“水务工程安全质量生态一巡三查管理系统”平台的基础上，打造河湖水环境非现场监管可视化平台。
二、场景解决的问题
在河湖违规监管和数据共享需求日益提升的背景下，需通过大数据、GIS等技术构建非现场监管平台，解决监控难、成本高、数据孤立等问题，实现监管可视化，减少人工工作量，提升监管效能。","1.引入大数据、GIS等技术，实现河湖水环境现场监管可视化。依托“水务工程安全质量生态一巡三查管理系统”平台，与各委办局、市场监督管理局、公安部门等已有系统或平台数据进行多源融合，打破数据孤岛，打造河湖水环境非现场监管可视化平台，实现水环境智能化、精准化管理。
2.通过非现场监管方式，优化行政检查频次，降低人工监管工作量。打造可视化监管平台，显著降低人工巡查成本，增强非现场监管效能，即时响应河湖环境问题，保障生态同时便利企业和民众。
3.打造可推广的河湖监管新模式。河湖水环境非现场监管平台的建设和运行，不仅可以解决北京市重点水域的违规问题，还可形成一套可复制、可推广的解决方案，为其他地区水环境管理提供借鉴和参考。",2,冀璐,010-55523673,289186051@qq.com,2026-06-05 18:31:06,2026-06-05 18:31:06,2024-08-09 23:59:59,0,3,false,https://dibj.cn/portal/api/common/calling/page?tableCode=SCENE_DEMAND
131,SCENE_DEMAND,创新服务-场景需求,83,557,基于实时民生数据分析的城市运行态势感知与智能预测场景,东城区,2024智慧城市场景创新批次（第一批）,建设城市运行态势感知与智能预测场景，运用大数据分析、大模型、RPA等技术，对区域监管范围内的视频、图像、语音等多源异构数据进行实时动态分析，形成社会治理数智化感知体系，赋能接诉即办、城市管理、市域治理、物业服务等业务，满足城市精细化治理需求，全面提升政府服务水平和效率。,"一、背景情况
以我区接诉即办和各渠道主动发现主流业务实时汇聚融合的案件和基层采集的信息为民生大数据基础，结合案件来源、业务内容、处置流程、办理难度、关联关系等方面，对东城区监管范围内的视频、图像、语音等多源异构数据进行实时动态分析，在典型高发问题、环境治理趋势、城市运行保障、防汛供暖、重大活动环境监管、物业管理、社区服务保障等方面“全建模”强化量化比较和分析预警功能，提高各类预警处置效率。
二、场景解决的问题
城市运行数据冗杂、数据孤岛问题日益突出，需要通过构建城市运行态势感知与智能预测场景解决实时动态分析和数据整合问题。
三、可提供资源
数据资源：我区接诉即办和各渠道汇聚融合的基层信息数据。","1.采用大模型基座、知识图谱、RPA机器人流程自动化等技术，实现无人值守政务服务。构建智慧政务服务知识库，支持多轮对话的智能FAQ，提供7*24小时的政务服务，显著提升服务的智能化水平和公众满意度；
2.搭建即插即用式系统底座，汇聚融合多源异构数据。融合民生大数据、行业监管数据等多类数据，形成民生大数据多维画像，打破了数据孤岛，实现了数据的有效整合和共享，服务于社会治理数智化感知体系；
3.形成一套可复制推广的基层治理数智化解决方案。提升基层治理能力，实现数据全覆盖、渠道全贯通、部门全联动、问题全落地，未来可在其他城市或地区复制推广。",2,王谦,010-67073210,dcwgzxkjxxk@bjdch.gov.cn,2026-06-05 18:31:06,2026-06-05 18:31:06,2024-08-09 23:59:59,0,3,false,https://dibj.cn/portal/api/common/calling/page?tableCode=SCENE_DEMAND
132,SCENE_DEMAND,创新服务-场景需求,82,558,智慧视觉AI分析场景,西城区,2024智慧城市场景创新批次（第一批）,建设智慧视觉AI分析场景，围绕景区人流高峰安全管理的需求，将三维可视化与AI视频智能分析技术结合，构建景区立体分析模型，整合景区人流量、环境质量等多元数据，实现景区精细化、智能化监管，有效应对人流高峰期安全隐患，优化资源配置，提升景区应急响应速度，强化景区游客及周边居民安全保障。,"一、背景情况
针对景区游客多、街面窄，环境较别的地区更复杂，管理难度更大，通过智慧城管技术解决方案协助维持街面秩序及提升管理。
二、场景解决的问题
随着文化旅游产业的蓬勃发展，旅游景点、大型活动及城市公共场所的人流量日益增加，对人流高峰期的安全监测与应急响应提出了更高要求，拟通过三维可视化与AI视频智能分析技术，解决安全隐患和提升响应速度问题。
三、可提供资源
数据资源：景区人流量、环境质量等相关数据。","1.将三维可视化与AI视频智能分析技术结合，实现景区精细化管理。通过三维可视化技术构建景区立体模型，优化资源调配，快速定位问题区域，预测游客流量变化，提升管理效率；
2.整合景区人流量、环境质量等多元数据，提升景区应急响应速度和游客体验。运用AI视频智能分析技术，实时监控街面动态，智能识别违规行为与安全隐患，有效应对人流高峰期安全隐患，优化资源配置，使管理队伍效率提升2倍，异常状况处理速度提升3倍，降低人力成本；
3.形成可复制的景区快速响应解决方案。包括客流统计、店外经营、垃圾检测等多项功能，具有广泛的推广价值，未来可在其他景区或人流密集区域进行推广应用。",2,闫洁,010-83976424,yanjie@bjxch.gov.cn,2026-06-05 18:31:06,2026-06-05 18:31:06,2024-08-09 23:59:59,0,3,false,https://dibj.cn/portal/api/common/calling/page?tableCode=SCENE_DEMAND
133,SCENE_DEMAND,创新服务-场景需求,81,559,重点车辆综合治理场景,海淀区,2024智慧城市场景创新批次（第一批）,建设重点车辆综合治理场景，以城市大脑为基础，运用大数据分析、人工智能算法、5G、云计算等技术，整合政务数据、视频图像数据、物联网数据以及社会数据，开发重点车辆违规行为识别算法，实现重点车辆全方位发现、研判、预警、防控、处置等闭环管理，提升道路运输安全监督管理水平，形成城市车辆智慧化治理解决方案。,"一、背景情况
以城市大脑为基础，运用大数据、人工智能、5G、云计算等技术，实现海淀区重点车辆智能监管，整合政务数据、视频图像数据、物联网数据以及社会数据，提升道路运输安全监督管理水平，对违规行驶重点车辆实现全方位的发现、研判、预警、防控、处置等闭环管理，解决重点车辆治理难题，保障人民生命财产安全；解决环境污染问题，提升空气质量，从整体上提升城市精细化管理水平。
二、场景解决的问题
当前重点车辆在行驶过程中，存在道路遗撒、污损套牌、闯红灯、限行逆行、违规上下客等违规违法行为，传统监管方式对车辆的违法违规行为识别能力有限，监控难度大。
三、可提供资源
数据资源：相关政务数据、视频图像数据、物联网数据以及社会数据。","1.运用大数据、AI与5G技术，构建智能化车辆监管系统。开发交通违法识别、驾驶员特征分析研判和车牌识别等算法，大幅提升对重点车辆违规行为的识别与监控能力；
2.有效整合政务数据、视频图像数据、物联网数据及社会数据。构建全方位、多层次的数据融合体系，支持对重点车辆的智能监管，实现从发现到处置的闭环管理；
3.通过智能化监管，显著提升交通安全管理效率。通过对重点车辆违规行为的智能识别与预警，有效提升道路运输安全监督效率，降低交通违法行为发生率，保障人民生命财产安全，同时减少环境污染；
4.形成一套重点车辆综合治理解决方案。涵盖数据融合、智能分析研判、事件预警等多项功能，提升城市重点车辆治理水平，具有广泛推广价值。",2,宋成栋,13466466765,songcd@mail.bjhd.gov.cn,2026-06-05 18:31:06,2026-06-05 18:31:06,2024-08-09 23:59:59,0,3,false,https://dibj.cn/portal/api/common/calling/page?tableCode=SCENE_DEMAND
134,SCENE_DEMAND,创新服务-场景需求,80,560,区域教育大数据集成调度场景,丰台区,2024智慧城市场景创新批次（第一批）,建设区域教育大数据集成调度场景，针对建立统一调用的教育数据体系的需求，通过API技术、深度学习与数据分析技术，整合市、区两级教育数据，打造政府、学校、社会三方应用的数据访问门户，实现全区教育大数据的集成访问、按需使用与安全共享，强化数据的决策支持效果，实现教育管理智能化、服务便捷化。,"一、场景基本情况
北京市教育大数据平台数据采用数据库直接推送的方式，数据储量丰富，但数据调用复杂、低效。需要对北京市教育大数据平台与我区建设运行多年的云平台的数据进行清洗、梳理、整合，打造区域教育大数据API体系，并建立集成门户，提升数据服务能力，营造区级教育数据利用生态。
二、场景解决问题
为进一步优化全区教育数据协同共享能力，需建立统一访问与调度的教育数据体系，搭建统一数据访问接口，标准化信息调用流程，增强数据利用效能，驱动教育管理决策现代化。
三、可提供资源
1.数据资源：已有大量数据库直连数据，已基于数据的基本存储规则，对部分数据进行整理梳理；
2.技术环境资源：丰台区教育云平台建设运行多年，已有充分的信息建设、运维经验与技术积累。","1.打造区域教育大数据API体系。实现全区教育数据的安全共享与高效利用，突破了传统数据库直接推送模式的局限；
2.对海量教育数据进行智能清洗、筛选、深度整合。确保数据质量，使之更贴合区域教育数据应用需求，提升了数据的实用性和价值；
3.构建统一的API封装平台，强化数据的决策支撑能力。提升数据调用效率，降低维护成本，为教育决策提供了快速响应的数据支撑，推进教育高质量发展。",2,邹宇松,010-63803949,zouyusong@ftedu.cn,2026-06-05 18:31:06,2026-06-05 18:31:06,2024-08-09 23:59:59,0,3,false,https://dibj.cn/portal/api/common/calling/page?tableCode=SCENE_DEMAND
135,SCENE_DEMAND,创新服务-场景需求,79,561,智慧交通全景监测分析与仿真推演场景,通州区,2024智慧城市场景创新批次（第一批）,建设智慧交通全景监测分析与仿真推演场景，应对北京城市副中心交通数据融合及智慧化治理的需求，搭建数字底座与多种智能分析引擎，通过多源数据融合分析、仿真推演、大模型等前沿技术，对重点场景开展全景监测、诊断推演，提高交通运行态势分析研判能力，降低决策风险，推进城市交通战略决策研究、规划设计科学化发展。,"一、背景情况
随着市级机关迁入和副中心建设整体吸引力的带动，通州区内外交通出行总量急剧攀升，局部路段的交通拥堵苗头显现，传统的交通管理方式已经难以满足现代城市交通管理需求。亟须通过建设智慧交通平台对交通领域数据资源进行融合，形成全区统一的交通数据底座，利用大数据、人工智能、交通仿真等技术提升交通运行整体掌控力度及决策能力。
二、场景解决的问题
北京城市副中心推进智慧交通管理，整合数据资源与增强决策验证的需求凸显，需要打破信息孤岛，实现资源集中管理与共享；同时，拓展决策模拟与评估功能，提升决策验证与方案调整能力，加强交通管理决策的科学性和前瞻性，优化市民出行体验。
三、可提供资源
数据资源：市区两级基础数据、感知数据、空间数据、业务数据等；运营商DPI数据。","1.加强数据融合与信息化系统打通。整合市、区两级交通数据，通过专业数据清洗和治理，开展深入数据分析，完善副中心交通“一张图”，促进数据共享，为建设智慧交通提供必要的数据支持；
2.应用模拟仿真技术，降低交通方案实施风险。采用数字建模，模拟重点路段拥堵治理方案、重点区域综合治理方案、公交线网优化方案、信号灯配时方案等，通过滚动式试错、调优，验证方案可行性，辅助管理决策；
3.打造交通大模型，为智慧交通提供引擎支撑。应用大模型技术，对城市交通行业知识进行持续训练和自学习，建设多源数据融合引擎、交通特征挖掘引擎、交通预测推演引擎。",2,贾斐,010-81568496,jtjzhbgs@bjtzh.gov.cn,2026-06-05 18:31:06,2026-06-05 18:31:06,2024-08-09 23:59:59,0,3,false,https://dibj.cn/portal/api/common/calling/page?tableCode=SCENE_DEMAND
136,SCENE_DEMAND,创新服务-场景需求,78,562,物联网+城市安全风险监测预警场景,延庆区,2024智慧城市场景创新批次（第一批）,建设物联网+城市安全风险监测预警场景，综合运用数字孪生、灾害链耦合分析等技术，汇聚整合森林防火、地质灾害、防汛等安全风险监测数据，打造全方位、多层级、立体化的全区安全风险智能防控体系，实现全区安全治理事前监测预警、综合防灾减灾，提升城市安全风险管理能力。,"一、背景情况
对城市生命线、公共安全、生产安全和自然灾害等风险感知数据进行汇聚分析，依托住建、城管、交通等行业主管部门以及燃气、供水公司等社会企业建设的城市安全感知网，以“点、线、面”相结合的方式，分析评估城市复杂耦合风险，基于风险评估结果对现有城市安全运行监测感知网进行补充和完善。构建从气象、地质、环境到地下、地上基础设施等物联感知为一体的立体化监测网，形成一张人防、技防、物防有机融合的城市安全风险监测网。
二、场景解决的问题
为提升城市安全风险管控能力，拟应用物联网技术融合多源数据，构建智能预警与快速处置体系，解决跨行业风险数据孤岛问题，实现安全风险的自动化预警与快速处置，提升城市安全治理能力。
三、可提供资源
数据资源：住建、城管、交通、公安、水务等行业主管部门以及燃气、供水公司等社会企业涉及的相关数据。","1.运用数字孪生、灾害链耦合分析等技术，创建城市安全风险监测预警新模式。集成物联网、数字孪生和灾害链耦合分析等先进技术，实现城市安全风险的实时、精准监测预警，开创城市安全管理的新模式；
2.汇聚整合多源安全风险监测数据，构建统一的风险监测预警平台。整合森林防火、地质灾害、防汛等多领域的安全风险数据，建立统一的数据分析平台，打破数据孤岛，实现数据的高效利用和风险的全面分析；
3.实现安全风险自动化预警和快速处置，提升城市安全治理效率。通过自动化预警和快速处置机制，降低人力成本，提高安全治理效率，为市民和企业创造更安全、更便捷的生活环境；
4.打造全方位、多层级、立体化的安全风险智能防控体系，提供可复制、可推广的城市安全风险管理解决方案。实现从单一灾种应对向综合防灾减灾的转变，为城市安全风险管理提供高效、可复制的管理模式。",2,王娜,010-69109761,69380700@qq.com,2026-06-05 18:31:06,2026-06-05 18:31:06,2024-08-09 23:59:59,0,3,false,https://dibj.cn/portal/api/common/calling/page?tableCode=SCENE_DEMAND
137,SCENE_DEMAND,创新服务-场景需求,77,563,基于北斗定位的城市安全风险监测场景,北京控股集团有限公司,2024智慧城市场景创新批次（第一批）,建设基于北斗的城市安全风险监测应用场景，围绕极端气候条件下城市基础设施安全监测需求，运用北斗定位、自动化周期性感知等技术，整合多源多维数据，研发城市安全源数据服务平台，对城市安全源数据进行采集、加工并构建服务能力，为城市安全管理各行业提供数据决策支撑，加强城市应对灾害风险的韧性，促进城市管理领域数据要素流通，实现城市安全与精细化治理。,"一、背景情况
建设韧性安全城市，是提高城市治理现代化的重要环节。城市安全监测预警，作为从“事后”转向“事前”的关键，其重要性日益增加。针对极端天气，场景聚焦管网系统等城市基础设施的变形监测需求，利用高密度北斗地基星链站网，构建城市安全源数据服务平台，推动数据融通利用，强化城市安全与天气监测预警能力，助力城市管理数据要素的交流模式创新。
二、场景解决的问题
为应对极端天气下城市基础设施安全事故，需提升城市地表历史位移监测、自动化周期性感知、水汽反演等能力，整合天气、建筑、通信等不同维度数据，实现时效性天气预警、普适性与即用性建筑形变监测，提高城市韧性，保障居民生产生活安全。
三、可提供资源
1.数据资源：以月为周期的多期连续卫星雷达遥感影像数据；
2.技术环境资源：源数据站组网，作为准确、及时的数据来源。","1.创新基于高密度北斗地基星链站网的自动化周期性感知技术，实现城市级即用毫米级监测。对大范围高空间分辨率的建筑物形变、城市整体位移态势数据，进行动态连续监测，提高监测效率与精度，降低监测成本，提高信息更新频率；
2.整合多源多维数据，提升数据质量及模型分析能力，实现对城市安全风险的高效监测和精准预警；
3.打造城市级短临降水监测预报体系，保护市民安全。提高水汽反演手段精度和时空分辨率，提升对强对流极端天气监测预警；
4.在城市管理领域形成数据要素流通交易北京模式、典型示范。",3,王嘉,010-51230808,wangj@bescity.com,2026-06-05 18:31:06,2026-06-05 18:31:06,2024-08-09 23:59:59,0,3,false,https://dibj.cn/portal/api/common/calling/page?tableCode=SCENE_DEMAND
138,SCENE_DEMAND,创新服务-场景需求,76,564,全市统一金融公共数据底座应用场景,北京金融控股集团有限公司,2024智慧城市场景创新批次（第一批）,建设全市统一金融公共数据底座应用场景，升级金融公共数据专区，丰富涉企数据维度，通过汇聚整合公共数据、金融业务数据、社会数据等海量多维数据，升级打造精准刻画首都企业经营行为的数字画像引擎、政策计算器引擎，吸引外部数商共创数据应用新产品、新场景，打造金融公共数据开发利用生态，促进区域营商环境优化，助力首都经济社会高质量发展。,"一、背景情况
拓展公共数据在社会领域创新应用，围绕目前金融公共数据专区涉企数据不足、无法更精准服务企业经营服务等问题，升级建设全市通用的数字金融基础设施，打造金融公共数据汇聚核心载体、运营管理平台及社会应用统一接口。
二、场景解决的问题
当前政府、企业对业务数据、经营数据等多维度涉企金融数据的需求日益增加，需要进一步丰富数据维度，营造数据开发利用生态，拓展更多数据应用新产品、新场景。
三、可提供的资源
1.数据资源：汇聚委办局和国家共享的2500余个多维高价值数据项，覆盖全市300余万市场主体，数据总量超52亿条，月度更新超亿条；
2.技术环境资源：建成“政务云+专有云+专线连接”系统架构、“应用端+专区端”并行数据授权管理机制，研发拥有自主知识产权的数据中台。","1.创新丰富金融公共数据维度，升级精准刻画首都企业经营行为的数字画像引擎。融合金融业务、企业票据、投融资等数据，形成更精准的企业经营行为刻画细分模型，助力打造全流程信贷解决方案；
2.健全数据开发利用管理体系，引入外部数商伙伴共同拓展数据应用场景。探索政企数据融合应用、多主体及多场景复用，打造金融公共数据开发利用生态；
3.研发政策计算器引擎，促进政策与企业间需求匹配。通过更精准的政策找人、政策免申即享等服务支持企业享用政策，也为北京市各级政府进行产业政策制定、招商引资、产业监测提供数字化能力支撑。",3,杨梽永,010-62254502,yangzhiyong@bfhg.com.cn,2026-06-05 18:31:06,2026-06-05 18:31:06,2024-08-09 23:59:59,0,3,false,https://dibj.cn/portal/api/common/calling/page?tableCode=SCENE_DEMAND
139,SCENE_DEMAND,创新服务-场景需求,75,565,高度复杂环境下的城市轨道交通定位场景,北京城建集团有限责任公司,2024智慧城市场景创新批次（第一批）,建设高度复杂环境下的城市轨道交通定位场景，围绕新制式轨道交通高精度、智能化的定位需求，创新融合北斗系统、惯导系统、雷达等多种定位技术，打造多传感器融合的列车定位控制系统，针对复杂环境及系统故障情况，提升市域轨道交通控制能力，强化运营安全管理，保障人民群众出行安全。,"一、背景情况
传统的定位技术存在建设方案复杂、建设成本高、维护成本高等问题，已逐渐无法满足全自动运行、车车通信等新制式系统对定位管理的要求。新的定位技术融合北斗定位、惯导传感器、速度传感器等多传感器，为市域轨道交通新型控制系统提供高精度、高可靠的定位，提升了系统故障下的定位管理能力。
二、场景解决的问题
新制式轨道交通快速发展，对高精度和智能化列车定位的需求愈发明显，需要融合创新现有定位技术，升级定位管理系统，提升列车应对隧道、高架、山区、恶劣天气等复杂环境的能力。
三、可提供资源
相关资源均可协调提供。","1.创新融合北斗系统、惯性导航系统（INS）、雷达等多种定位技术。结合INS的动态信息运算、北斗卫星定位系统的静态误差，减少环境对定位精度的影响；
2.整合多源传感器数据。实现列车的多目标、高精度、连续定位，能够快速响应内外部条件变化，确保系统导向安全侧；
3.降低轨旁设备运维成本。有效降低对地面应答器系统的依赖，提升系统的维护效率和运营经济性。",3,王晓东,010-63335990,wangxiaodong@bjuci.com.cn,2026-06-05 18:31:06,2026-06-05 18:31:06,2024-08-09 23:59:59,0,3,false,https://dibj.cn/portal/api/common/calling/page?tableCode=SCENE_DEMAND
140,SCENE_DEMAND,创新服务-场景需求,74,566,AI智慧供热调度场景,北京首都开发控股（集团）有限公司,2024智慧城市场景创新批次（第一批）,建设AI智慧供热调度场景，聚焦提升城市供热能源效率与精细化管理能力的需求，构建可拓展的智慧供热云平台与边缘侧系统，通过人工智能、全量物联感知监测、AIoT深度分析等技术，对用户用热情况进行全量采集与分析预测，实现按需供能、智能运维，促进供热行业低碳发展，全面提升首都供热运行保障水平。,"一、背景情况
在北京积极响应智慧城市建设的背景下，为应对“碳中和”的城市发展目标，供热系统逐步推进“智慧建设+智慧运营”改造工作，推动按需供热、精准供热的同时，尝试区域集中值守、站点无人值守、区域联动协同等新型运维模式，达到节能减排、降本增效目的。
二、场景解决的问题
伴随人工智能技术的演进，城市供热管理的精细化与智能化需求提升，需要采用智能调控取代人工操作，实现按需供热的高频次细分调度，降低碳排放与能源损耗；同时，通过全量信息采集与分析，形成供能反馈调节模型，提升系统运维效率。
三、可提供资源
技术环境资源：供热服务面积约2600万平方米，锅炉房及热力站约400余处，可供技术研发测试。","1.通过人工智能技术协调不同业态供热需求。对公建、居民混合这两种业态较大差异的供热需求与历史用热数据进行分析，预测用户用热模式，制定供热策略，实行“按需分配”；
2.通过全量物联感知实现热网数据实时采集。通过数据积累及修订，构建供热调节模型，能够对实时数据作出反馈，实现供热碳排放实时线上化、数字化和智能化管理；
3.通过AIoT“云边端”技术架构实现业务协同。对边缘端上报数据进行能耗监控、故障排查，通过云端互联机制，推动区域集中值守、站点无人值守、区域协同管理，提升系统的智能化水平。",3,郝伟,13701350975,13701350975@126.com,2026-06-05 18:31:06,2026-06-05 18:31:06,2024-08-09 23:59:59,0,3,false,https://dibj.cn/portal/api/common/calling/page?tableCode=SCENE_DEMAND
141,SCENE_DEMAND,创新服务-场景需求,73,567,基于物联网数字底座的公共建筑碳控场景,北京首都开发控股（集团）有限公司,2024智慧城市场景创新批次（第一批）,建设面向公共建筑的物联网数字底座碳控场景，采用以“数据+算法”为核心驱动的AIoT技术，建立物联网数据中台，对公共建筑碳排数据进行多维度实时在线核算、异常识别，并引入AI技术实现基于算法策略的智能联动控制，提高建筑行业的碳排管理智能化水平，促进城市建筑群节能减排，推动环境保护与可持续发展。,"一、背景情况
国家双碳战略目标要求建筑作为碳排放大户控制碳排，基于物联网构建的建筑智能系统以建筑能源数据实时监测及低碳运行为切入点，通过数字化手段进行建筑碳排放实时监测，利用人工智能辅助碳排放定额管理，满足公共建筑群运营增效、节能降碳的诉求。
二、场景解决的问题
当前城市公共建筑群对智能化碳排控制的需求日益明显，需要打通现有设备、通信协议、信息化系统之间的壁垒，通过智控算法实现数据实时反馈、异常自动识别、系统协同管理，节能减排，提高城市管理的智能化水平。
三、可提供资源
数据资源：可提供存量公共建筑能耗数据。","1.通过AI技术建立智能控制系统对实时运行数据的反馈模型。实时分析反馈数据，迭代、调整模型参数，打造可反映实时变化特征的动态修正模型，并预测碳排定额；
2.通过物联网数据中台进行碳排多维度实时在线核算，打通系统壁垒。监测并核算建筑使用不同能源类型对应的碳排放量，并多维度分别展示碳排放量核算量；
3.利用机器学习+大数据+专家的算法，建立用能特征自动识别与异常诊断模型。自动识别能耗异常并实时报警以提醒排查修复漏洞，诊断设备低效问题来指导优化其运行及改造。",3,李京标,010-52063570,631534841@qq.com,2026-06-05 18:31:06,2026-06-05 18:31:06,2024-08-09 23:59:59,0,3,false,https://dibj.cn/portal/api/common/calling/page?tableCode=SCENE_DEMAND
142,SCENE_DEMAND,创新服务-场景需求,72,568,城市综合交通数据分析应用场景,北京控股集团有限公司,2024智慧城市场景创新批次（第一批）,建设城市综合交通数据分析应用场景，针对城市交通管理领域对数据融合及智能分析的增长需求，整合、规范多源交通数据，形成综合交通数据分析平台，运用时空大数据、算法模型等相关技术，为城市交通规划、设计与运维提供科学规范的数据支撑，提升城市综合交通数据应用价值，保障公共交通服务质量和效率。,"一、背景情况
我国传统交通基础设施的建设由大规模向高质量方向转变，国家对城市建设管理出台新要求，使用大数据、人工智能等新兴技术赋能城市交通科学规划成为城市建设前期的核心关键。
二、场景解决的问题
伴随交通模式多元化与城市规划理念革新，城市交通管理对数据融合及智能分析的需求显著攀升，需构建统一数据标准，强化跨领域信息共享，通过数据汇聚与精细化治理，挖掘交通大数据价值，提升城市交通管理效能。
三、可提供的资源
技术环境资源：已初步搭建了一套城市道路网络模型。","1.创新融合多源交通数据，实现规范形式与统一入库。整合并规范互联网企业、手机信令数据、地理信息系统、视频监控等多种数据源数据，以及来自多种交通方式的数据；
2.实现基于时空大数据技术的多源数据分析。融合分析多源数据，获取区域交通流量、用户出行特征等多种交通运行状态；
3.使用智能算法工具提升交管工作效率。通过机器学习和人工智能技术辅助交通分析业务，为城市交通规划、交通治理、应急管制等内容提供数据依据与决策支撑。",3,魏乐霞,15201037054,weilexia@aliyun.com,2026-06-05 18:31:06,2026-06-05 18:31:06,2024-08-09 23:59:59,0,3,false,https://dibj.cn/portal/api/common/calling/page?tableCode=SCENE_DEMAND
143,SCENE_DEMAND,创新服务-场景需求,71,569,住宅工程质量分户验收机器人应用场景,北京城建集团有限责任公司,2024智慧城市场景创新批次（第一批）,建设住宅工程质量分户验收机器人应用场景，围绕建筑业对自动化测量与数据管理的需求，在机器人系统中升级搭载PS三维扫描架构、室内自适应稀疏感知等技术，实现住宅工程全流程自动化测量，确保数据安全上云，提升验收指标精确性，降低人工成本，推动建筑行业技术进步和产业升级。,"一、背景情况
住宅工程质量分户验收测量系统要求精确测量建筑房间内部尺寸、自动记录相关数据。传统的建筑住宅分户验收主要以人工测量为主，测距仪和尺子配合为辅，逐渐难以满足工作效率、测量成本和数据准确性的要求。
二、场景解决的问题
随着我国建筑业数字化转型加速，分户验收自动化测量与数据管理的需求凸显，需要引入智能测量设备降低人力成本，优化协作流程，减少人为误差，实现信息实时共享与深度分析，进一步提升项目质量和管理效率。
三、可提供的资源
数据资源：提供大量住宅工程质量分户验收测量数据，以及建筑标准和行业规范，协助形成可供有效分析的数据库。","1.创新技术架构，实现全屋多尺度自动测量。
（1）采用PS三维扫描架构，无扫描死区，实现全域快速扫描；
（2）研发室内自适应稀疏感知技术，取代现有三维稠密感知、三维重建技术，提升整体测量速度；
2.测量数据云端整合，建立远程共享和安全储存机制。数据即时显示，实时云上传，提升数据分析空间，增强数据安全性和可追溯性；
3.拓展测量现场无线通信技术应用，优化作业流程。实现测量设备的远程控制和数据传输，减少现场布线工作，提高系统的灵活性和便捷性。",1,马百存,010-82022885,1394371265@qq.com,2026-06-05 18:31:06,2026-06-05 18:31:06,2024-08-09 23:59:59,0,3,false,https://dibj.cn/portal/api/common/calling/page?tableCode=SCENE_DEMAND
144,SCENE_DEMAND,创新服务-场景需求,70,570,全光网络数智园区应用场景,中关村发展集团股份有限公司,2024智慧城市场景创新批次（第一批）,打造全光网络数智园区应用场景，依托中关村（京西）人工智能科技园，建设全光网络为基础的数智园区管理系统，聚焦新型园区智能化业务对节能、高效网络环境的迫切需求，构建园区弹性网络，实现多维度数据感知和全场景网络接入，运用BIM、CIM和多维度感知技术进行空间可视化数据支撑，促进产业园区全数据融合、共享协同，赋能园区业务创新经营。,"一、背景情况
传统建网模式的信息传输效率较低，无法适应当前园区多业务和大带宽发展的需要，而全光纤网络能够为园区信息化新平台提供网络架构支持，有效支撑数据驱动的业务，提升园区能耗监控能力，实现园区精细化管理。
二、场景解决的问题
新型产业园区对网络的运维效率、能耗碳排提出了更高的要求，优化网络架构与推进绿色节能成为当务之急，需要升级网络设备，精简网络布局，加强数智化运维，提升设备管理与园区运营效率，旨在达成园区高效运作与环境友好型运营的双重目标。
三、可提供资源
1.技术环境资源：数字孪生技术平台等；
2.其他资源：全光网络硬件基础建设资源。","1.通过建设全光网络的园区网络架构，满足网络弹性需求。通过光纤下沉、OLT及网管系统集中配置等方法简化网络部署，易于网络升级和扩展，能够满足企业不断增长的网络需求；
2.运用BIM、CIM和多维度感知技术集成园区数据，为园区投建管提供空间可视化数据支撑。集成园区数据，打造数字孪生平台，打造全域、全空间、多时态的空间数据底版，推动园区数智化运维管理；
3.融合现实和虚拟世界能源管理系统，助力低碳发展。构建园区能源感知网络和治理平台，优化用能结构，提高资源循环利用率，实时监控园区能耗，实现碳排放与碳吸收平衡，构建生态共生体。",1,郝鹏,010-83453673,haopeng@zgcgroup.com.cn,2026-06-05 18:31:06,2026-06-05 18:31:06,2024-08-09 23:59:59,0,3,false,https://dibj.cn/portal/api/common/calling/page?tableCode=SCENE_DEMAND
145,SCENE_DEMAND,创新服务-场景需求,69,571,超大型综合交通枢纽智慧建造管理场景,北京市基础设施投资有限公司,2024智慧城市场景创新批次（第一批）,建设超大型综合交通枢纽智慧建造管理场景，升级北京城市副中心站综合交通枢纽工程的智慧建造平台，围绕工程参建方在设计及建设过程中的管理需求，融合工程进度、安全、质量、投资等数据，融合MR技术与BIM、GIS、PM和IoT技术，构建工程三维数字孪生，实现全过程、精细化、可视化建造工程管控，提升建设效率与质量，推动建筑工程行业数字化转型。,"一、背景情况
北京城市副中心站综合交通枢纽对于提升北京市副中心的交通能力具有重要意义。该建设规模宏大，工程复杂，涉及与接驳场站、市政配套设施、城际铁路联络线等多个方面的对接互通，需要建立智慧管理平台支撑建造工程的统筹协调。
二、场景解决的问题
当前大型建设工程对信息处理与决策管理的需求不断提升，需通过智能化信息采集，提升数据分析效能，支持运维决策，建立实时安全评估体系，确保全周期安全管理。
三、可提供资源
1.数据资源：提供建造管理需求分析数据；
2.技术环境资源：已完成云服务器和基础平台搭建。","1.融合MR技术与BIM、GIS、PM和IoT技术，构建工程三维数字孪生。开展全过程、精细化、可视化建造工程管控，提升工程设计及工程建设的宏观统筹协调能力；
2.构建数字知识体系，将工程数据结构化汇总至BIM构件。实现工程建造从“经验驱动”向“数据驱动”转变，提升数据的资产价值和业务价值；
3.通过实时监控和智慧终端监测，提高全流程安全监管力度。依托工程风险实时监控数据，及时发现危险，远程保障作业安全。",1,姜越,13811333134,165654918@qq.com,2026-06-05 18:31:06,2026-06-05 18:31:06,2024-08-09 23:59:59,0,3,false,https://dibj.cn/portal/api/common/calling/page?tableCode=SCENE_DEMAND
146,SCENE_DEMAND,创新服务-场景需求,68,572,“电力数据+经济监测分析”场景,朝阳区数据局,2024智慧城市场景创新批次（第一批）,建设“电力数据+经济监测分析”场景，运用人工智能、自然语言处理等技术，融合电力数据与经济、气象、社会活动、地理信息等多源数据，构建监测分析指标模型，实现对宏观经济发展态势、中观消费空间布局及微观主体经营特征的精准监测，提升经济管理数智化水平，支撑朝阳区全球数字经济标杆城市和智慧城市建设。,"一、背景情况
聚焦城市经济运行高频实时监测预测难等问题，发挥电力数据经济运行“晴雨表”“风向标”作用和实时性、客观性、准确性、可靠性等独特优势，结合朝阳区区情，汇聚相关多源数据，综合运用人工智能、自然语言处理等技术，实现基于电力数据要素的多层级、高频度经济运行监测，提升经济运行监测和研判辅助决策的实时性、准确性。
二、场景解决的问题
随着数字经济的发展，对城市经济运行进行精准监测分析需求迫切，电力数据与经济发展、城市运行等相关外部数据的联动分析还不够充分，与政府管理需求的匹配还不够深入，需通过融合电力数据与多源信息，畅通数据服务渠道、完善数据分析模型、打造可视化场景，充分释放电力数据要素在城市经济运行监测分析等方面的价值。
三、可提供资源
数据资源：场景建设所需相关数据均可协调提供。","1.依托“贴源层-共享层-分析层”标准化数据架构和人工智能、自然语言处理、关联分析、状态识别等技术，构建监测分析指标模型。打造实时态城市经济运行监测分析可视化场景，实现以电力数据为核心的多源数据汇聚和典型场景数据映射，开展城市经济运行监测相关数据汇聚及综合治理，完成相关资源数据与经济发展演变、消费空间布局等重点关注问题和监测区域的映射；
2.畅通数据安全可信传输渠道，实现监测服务场景在应用端部署。打通电力数据中台对外输送数据分析结果、部署应用场景的安全传输通道，在政府侧、客户端实现相关场景的部署应用。",3,曾向昀,010-64713385,zengxiangyun@bjchy.gov.cn,2026-06-05 18:31:06,2026-06-05 18:31:06,2024-08-09 23:59:59,0,3,false,https://dibj.cn/portal/api/common/calling/page?tableCode=SCENE_DEMAND
147,SCENE_DEMAND,创新服务-场景需求,67,573,AI赋能个性化教育场景,朝阳区教育委员会,2024智慧城市场景创新批次（第一批）,建设基于AI技术的个性化教育场景，面对社会不断增加的个性化教育需求，运用语义分析、数据建模和AI技术，融合课堂教与学行为过程数据，打造数据驱动的智慧课堂，实现智能备课、智慧教学、个性化作业布置，提升教学效率，助力教师高效教学和精准教研，推动教育教学高质量发展。,"一、背景情况
应用语义分析技术、数据模型建构技术、人工智能技术，搭建AI赋能个性化教学应用场景，在个性化作业、智慧课堂教学、智能备课领域进行实践探索，助力解决教学中教师、学生的难点痛点问题，满足学生个性化学习和多样化学习资源需求，助力教师高效教学和精准教研，打造数据引领的高效治理校园。
二、场景解决的问题
随着社会对个性化教育的需求增加，需通过AI技术融合教学数据，助力实现个性化教育场景，解决备课难、作业单一、教师成长慢等问题，推动教育高质量发展。
三、可提供资源
数据资源：场景建设所需相关数据均可协调提供。","1.整合课堂教与学行为过程数据，优化教学生态，提供精准教学策略。深度分析教学过程数据，形成个性化学习画像，生成课堂分析报告，帮助教师了解学生学情发展态势，及时调整教学策略和内容；
2.通过AI技术优化教学流程，提高教学效率。通过AI辅助备课和智能作业批改，提高教师备课效率，降低教学成本，为学生提供更个性化的学习体验；
3.形成个性化教育解决方案。构建数据驱动教育治理新模式，满足学生个性化学习需求，助力教师专业成长，为其他地区和学校提供借鉴。",3,朝鲁,010-85851042,cyjwxxk@bjchyedu.cn,2026-06-05 18:31:06,2026-06-05 18:31:06,2024-08-09 23:59:59,0,3,false,https://dibj.cn/portal/api/common/calling/page?tableCode=SCENE_DEMAND
148,SCENE_DEMAND,创新服务-场景需求,66,574,基于医疗机构间诊疗数据的居民健康档案查询场景,朝阳区卫生健康委员会,2024智慧城市场景创新批次（第一批）,建设居民健康档案查询场景，针对医疗数据共享需求的不断增加，运用NLP语义理解、知识增强、深度学习技术，整合医疗机构间诊疗数据，形成一个居民健康档案查询系统，实现系统间互联互通、数据共享共用，降低居民就医等待时间，实现医疗资源的合理配置和高效利用，推动医疗服务数字化、智能化和标准化转型。,"一、背景情况
围绕朝阳区医疗资源分配与服务覆盖不均、信息化与智能化程度不足、业务协同与流程优化不足、政策执行与信息化支持不足、数据共享与利用效果不佳等问题，通过开展健康医疗智慧应用建设、系统间互联互通、数据共享共用，实现医疗服务的数字化、智能化和标准化。
二、场景解决的问题
随着医疗机构间数据共享需求的不断增强，需要通过NLP、深度学习等技术整合诊疗数据，建立居民健康档案，实现跨机构数据共享，解决数据孤岛问题，推动医疗资源高效利用和医疗服务智能化。
三、可提供资源
1.数据开放服务能力。前期已集成区属医疗机构和基层卫生机构的诊疗和公共卫生服务数据，可支持面向居民的健康画像、疾病趋势评估分析；通过建设医疗健康大数据平台，汇聚了全区6家区属医院及200多家社区卫生服务机构的全量诊疗数据，涉及医疗信息系统52个、36.2亿数据量；
2.家庭医生签约服务网络。前期已通过基层卫生机构每年完成数十万居民的家医签约工作，建立了签约人群和家庭医生之间的服务联系。","1.整合全区多家医院和社区卫生服务机构的诊疗数据，构建医疗健康大数据平台。实现医疗数据的统一存储、管理和共享，打破信息孤岛，促进医疗机构之间的数据互通和业务协同；
2.通过导入疾病风险研判模型，优化医疗服务流程。为家庭医生和签约居民提供健康服务提示和风险评估，减少患者等待时间，提高医疗服务的响应速度和效率，降低医疗资源的浪费，实现医疗资源的合理配置和高效利用；
3.形成有推广价值的居民医疗数据共享解决方案。预期形成一套智慧医疗解决方案，包含居民个人健康档案家医服务助手和疾病风险评估模型，在朝阳区试点成功后，未来可在其他地区推广，提升基层医疗服务的质量和效率。",3,袁逸铭,010-65861125,cyqwjwxtk@bjchy.gov.cn,2026-06-05 18:31:06,2026-06-05 18:31:06,2024-08-09 23:59:59,0,3,false,https://dibj.cn/portal/api/common/calling/page?tableCode=SCENE_DEMAND
149,SCENE_DEMAND,创新服务-场景需求,65,575,基于健康医疗体系的疾病早期筛查诊断场景,朝阳区卫生健康委员会,2024智慧城市场景创新批次（第一批）,建设基于健康医疗体系的疾病早期筛查诊断场景，运用大数据分析、图像识别、机器学习等技术，融合病患基本信息、治疗方法、临床检验等数据，针对癌症、白血病、心脏病等早期检出率低、预后评估复杂的病症，构建医生专属的智能辅助诊断模型，实现病灶精准分析，辅助诊断与治疗规划，增加临床诊断的精准度、提高诊断效率，提高医疗效率、降低医疗成本，提高患者的生存率和生活质量。,"一、背景情况
为提升医院诊疗水平，综合应用机器学习、自然语言处理等信息技术，建立精细化的诊断模型和医疗机制，通过标准化、流程化的影像标注、特征提取、特征筛选和人工智能分类等步骤，构建医生专属的智能辅助诊断模型，实现病灶精准分析，辅助诊断与治疗规划，增加临床诊断的精准度、提高诊断效率。
二、场景解决的问题
早发现和早诊断对于提升患者的生存率至关重要，通过大数据、AI技术构建智能辅助诊断模型，精准分析病灶，提高诊断效率与准确性，降低医疗成本，提升患者生存率与生活质量。
三、可提供资源
数据资源：患者影像资料、病史档案、医生诊疗经验等相关数据。","1.通过引入大数据分析、机器学习和自然语言处理技术，融合患者病史、影像资料及检验结果等数据，构建智能化诊断模型。实现数据驱动的精细化医疗决策支持，显著提升诊疗效率与准确性；
2.智慧诊疗服务提升诊疗效率。通过智慧诊疗系统的应用，实现医疗流程的优化，提高诊断效率，降低医疗成本，为患者提供更加便捷和高效的医疗服务；
3.构建健康医疗应用场景，形成可复制、可推广的智慧医疗解决方案。打造健康医疗疾病早期筛查诊断场景，提高早期检出率和预后评估的准确性，具备广泛的推广价值。",3,袁逸铭,010-65861125,cyqwjwxtk@bjchy.gov.cn,2026-06-05 18:31:06,2026-06-05 18:31:06,2024-08-09 23:59:59,0,3,false,https://dibj.cn/portal/api/common/calling/page?tableCode=SCENE_DEMAND
150,SCENE_DEMAND,创新服务-场景需求,64,576,基于AI生物识别的智慧生态体验场景,朝阳区水务局,2024智慧城市场景创新批次（第一批）,建设基于AI生物识别的智慧生态体验场景，为突破水下视频监测设备“卡脖子”等技术难题，利用水下可视化技术，实现水生物种类识别与计数、水生物行为观察，满足公众水生物、河湖水鸟观察需求，打造水生态直播的文旅新模式，为生态监测提供数据支撑，为河湖日常管理提供导向和抓手。,"一、背景情况
利用水下可视化技术实现水生物种类识别与计数，水生物行为观察等内容的监测，满足公众水生物、水鸟观察需求为生态监测提供数据支撑，为水生态日常管理提供导向和抓手。
二、场景解决的问题
随着公众生态环境保护和科学普及意识的增强，需通过AI生物识别和水下可视化技术，实现水生物精准识别与监测，打造水生态直播文旅模式，为生态监测与管理提供创新解决方案。
三、可提供资源
1.数据资源：有一定数量的水生态监测数据，包括鸟类、鱼类、大型水生植物等，可为参与项目的单位提供水生态专业技术支持；
2.技术环境资源：具备围绕观测点位高清摄像头，智慧水务数据底座，系统有PC端和小程序端，可应用现有视频流进行鸟类识别AI算法测试，也可进行生态体验公众端小程序场景测试。","1.融合AI生物识别和水下可视化技术，实现水生物种类的高精度识别与计数。引入AI算法自动识别水生物，开发低扰动抗附着的水下观测硬件设备，实现水生物种类识别与计数，减少人工监测成本，提高监测效率；
2.通过多协议视频对接汇聚技术，实现多源水生态数据的整合。构建多协议兼容的视频数据整合平台，统一管理异构摄像头数据，整合多源水生态监测数据，为生态监测提供全面、准确的数据支撑，优化水生态监测体系；
3.打造水生态直播的文旅新模式。水下视频监测硬件和智能AI生态识别算法在朝阳区验证成功后，可产品化推广至全国各级水务、生态部门，助力智慧水务和生态文明建设。",2,王昕然,010-85971172,swjshuiwenzhan@bjchy.gov.cn,2026-06-05 18:31:06,2026-06-05 18:31:06,2024-08-09 23:59:59,0,3,false,https://dibj.cn/portal/api/common/calling/page?tableCode=SCENE_DEMAND
151,SCENE_DEMAND,创新服务-场景需求,63,577,全要素高仿真消防预警模型应用场景,朝阳区望京街道办事处,2024智慧城市场景创新批次（第一批）,建设全要素高仿真消防预警模型应用场景，为提高消防系统监测预警的及时性，应用物联网感知、计算机视觉、人工智能等技术，整合消防力量、高层公建、重点单位等多维度消防资源数据，形成全要素高仿真模型消防预警平台，实现火灾隐患智能感知、实时监测、自动预警、群防群治，缩短警情下发时间，保护人民群众生命财产安全。,"一、背景情况
构建和深度运用消防安全大数据系统，加强火灾风险分析研判、早期识别和监测预警，将消防工作融入网格管理、联防联控等机制，充分发挥基层网格员、志愿者、保安等群防群治力量作用，实现基层消防管理全覆盖，筑牢社会火灾防控人民防线。
二、场景解决的问题
随着居民消防安全意识的增强，需要通过物联网感知、计算机视觉、人工智能等技术整合消防资源数据，解决火灾隐患智能感知和实时预警问题，以保护人民生命财产安全。
三、可提供资源
数据资源：今年出警次数、出警态势分析、出警历史记录、警情概况、消防力量分布、隐患概览等；区域内消防救援站、微型消防站、重点单位、社区监控点、网格力量、街道、物业、社区等基本数据。","1.利用计算机视觉、物联网感知等技术，构建全要素高仿真模型，实现对火灾隐患的智能感知和实时监控。实时发现消防通道占用、堆物堆料等火灾隐患，实现火灾隐患的智能监测与实时预警，大幅提升火灾防控的智能化水平；
2.整合消防力量、高层公建、重点单位等多维度消防资源数据，构建消防安全大数据系统。整合多元消防资源数据，通过深度分析与智能研判，实现数据的有效汇聚与智能分析，为防火监督管理和灭火救援提供精准信息支撑；
3.构建全要素消防预警模型。该模型能够提前发现火灾隐患、在线监控消防设施状态、实时推送火情信息、智能火灾风险分析研判，具有较强推广应用潜力。",2,孙贤婷,010-84778818,wjjdxzb@bjchy.gov.cn,2026-06-05 18:31:06,2026-06-05 18:31:06,2024-08-09 23:59:59,0,3,false,https://dibj.cn/portal/api/common/calling/page?tableCode=SCENE_DEMAND
152,SCENE_DEMAND,创新服务-场景需求,62,578,物业运营感知与智能服务场景,朝阳区房屋管理局,2024智慧城市场景创新批次（第一批）,建设物业运营感知与智能服务场景，为整合物业数据、提升服务效能，应用大数据、自然语言处理、机器学习等技术，融合区域基础信息、业委会、市民热线等多源数据，构建智慧物业管理系统，实现物业管理数据实时更新、投诉智能分派、精准决策支撑，提高城市整体物业管理水平，优化居民生活体验。,"一、背景情况
当前区域性物业管理和服务保障系统的建设已初步完成，但随着业务的深入开展，现有功能难以满足精细化管理的需求。为了提高管理效率和服务质量，系统需要进一步升级和完善，以实现更高效的资源整合与数据共享。
二、场景解决的问题
针对城市物业数据分散、管理沟通不畅、服务效率低等现象，需通过大数据、NLP、机器学习等技术，融合多源数据，实现物业运营感知与智能服务，提升管理效率与居民体验。
三、可提供资源
数据资源：相关数据资源均可提供。","1.运用自然语言处理和机器学习技术，实现物业管理信息的动态更新和智能处理。通过融合应用大数据、智能化管理技术，结合自然语言处理和机器学习，实现物业管理信息的动态更新、实时同步和智能投诉处理，提高物业管理的智能化水平；
2.整合市民热线、项目备案、居民自治组织信息等区域物业管理数据，实现数据高效共享。通过集成多源数据融合技术，解决物业管理数据共享难题，促进物业管理工作的精准化和高效化。",2,张亦飞,010-64186061,fgjwyk@bjchy.gov.cn,2026-06-05 18:31:06,2026-06-05 18:31:06,2024-08-09 23:59:59,0,3,false,https://dibj.cn/portal/api/common/calling/page?tableCode=SCENE_DEMAND
153,SCENE_DEMAND,创新服务-场景需求,61,579,多维度数据融合的群租房治理场景,朝阳区建外街道办事处,2024智慧城市场景创新批次（第一批）,建设多维度数据融合的群租房治理场景，运用云计算、大数据、人工智能等技术，建立开放共享的网格化信息管理平台，实现对居民信息的实时更新、群租房的智能识别，支撑跨部门联合检查整改，实现高效、智能的群租房管理，提高社区管理的透明度。,"一、背景情况
围绕建外街道社区人口结构复杂、信息不对称、安全隐患及群租房管理等问题，通过集成云计算、大数据、人工智能、物联网等前沿技术，实现社区信息的实时共享与动态更新，提升社区工作人员对群租房等关键问题的识别与响应速度，增强居民参与社区管理的积极性，并通过智能化分析提高决策支持的准确性。
二、场景解决的问题
群租房管理存在人口结构复杂、管理难度大等现象，需通过云计算、大数据、AI等技术，建立网格化信息管理平台，实现居民信息实时更新、群租房智能识别、跨部门联合管理，提升社区管理效率与透明度。
三、可提供资源
数据资源：场景建设所需相关数据均可协调提供。","1.通过云计算、大数据等多技术融合，实现群租房治理的智能化升级。构建智能化群租房治理的场景，实现群租房治理场景的多维度数据融合，通过智能识别和快速响应机制提升问题解决率，实现社区治理高效化、智能化；
2.实现社区信息实时共享与动态更新，提升群租房管理效率。构建社区信息实时共享平台，确保数据时效性，为群租房治理提供数据支撑和决策依据；强化用户权限管理，利用智能分析优化管理流程，减少人力成本，提升治理效率；
3.形成智慧化社区治理新模式。包含数据实时更新、智能识别和快速响应等功能，可为其他社区或城市提供可借鉴的治理经验和解决方案。",2,雷振新,010-58789619,jwleizhenxin@bjchy.gov.cn,2026-06-05 18:31:06,2026-06-05 18:31:06,2024-08-09 23:59:59,0,3,false,https://dibj.cn/portal/api/common/calling/page?tableCode=SCENE_DEMAND
154,SCENE_DEMAND,创新服务-场景需求,60,580,行政复议垂直大模型场景,北京市司法局,2024智慧城市场景创新批次（第一批）,建设行政复议垂直大模型场景，围绕行政复议工作“案多人少”的难题，应用自然语言大模型技术，利用我市多年积累的行政复议办案数据，打造行政复议智能化平台，实现复议案件要素自动抽取、办案思路自动生成、类案和法条自动推荐、复议决定书辅助生成等能力，提升全市行政复议工作智能化水平，提高案件处理效率，减少人工成本压力，进一步发挥出行政复议化解行政争议主渠道的作用，提升我市法治政府建设质效。,"一、背景情况
市司法局承担指导、监督全市行政复议和行政应诉工作职责，负责市政府和本机关行政复议、行政应诉、行政赔偿等案件办理工作。北京市具有行政复议职责的是市司法局及16家区司法局，作为被申请人的为市、区、街镇三级行政机关，每年产生约4万余件行政复议案件。市司法局行政复议、应诉队伍仅40余人，面临“案多人少”、行政复议办理周期长等挑战，亟需通过新技术优化流程，提升效率。
二、难点问题
当前,人民群众的法律意识逐渐增强,本市面临着行政复议案件数量激增、办案资源紧张等迫切问题。2024年上半年，全市各级行政复议机关共收到行政复议申请近3万件，是去年同期案件数的3.5倍。
三、可提供资源
1.数据资源：已有5万余件高质量的行政复议全流程案件数据。
2.技术环境资源：可提供大模型部署应用所需算力。
3.其他资源：可提供智力支持，包括行政复议专家团队和行政复议业务人员队伍。","1.首创行政复议场景垂直大模型，实现行政复议全场景辅助提效。利用大模型的学习和泛化能力，融合行政复议领域多年沉淀的高质量数据和专业业务办理标准，通过模型微调和数据训练方式，实现行政复议领域垂直大模型。实现用一个模型完整覆盖行政复议全链路的智能化任务。
2.实现案例-类案-法条数据“三项联动”，高效精准盘活历史数据。基于申请书和答复书中的事实、理由、证据素材，通过向量化检索方式，实现在当前案件的审理过程中实时推荐高精准度的历史类案、相关法律法条，辅助办案人员决策，结合本案提供案情分析、办案思路、法律依据。
3.建立可捕获学习和反馈改进的循环机制，形成可成长的智能化系统平台。通过自动记录业务人员在系统使用中的修改、确认、重新实现等正负向反馈记录，反哺大模型作为成长学习数据，通过人工轻度参与的有监督微调，使其循环改进，成为表现更出色的辅助工具。",1,李洋,010-55579239,liyang_bjsf@163.com,2026-06-05 18:31:06,2026-06-05 18:31:06,2024-08-09 23:59:59,0,3,false,https://dibj.cn/portal/api/common/calling/page?tableCode=SCENE_DEMAND
155,SCENE_DEMAND,创新服务-场景需求,133,464,大模型+“京办”政务办公智能化场景,北京市经济和信息化局,2023年智慧城市场景批次,应用大模型技术建立“智慧办公助手”，以“京办”为服务入口，基于指令识别+指令编排，为“京办”平台提供先进的AI技术支持，提供政务办公场景所需的辅助决策、智能问答、消息摘要、知识推荐和检索、文件辅助处理等知识辅助特色服务，提升办公人员知识获取效率，实现主动获取+智能推荐一体，满足全知、全能、全面的政务办公知识需求。,"一、场景建设核心任务目标
应用大模型技术，基于“京办”智慧办公助手，为“京办”平台提供先进的AI技术支持，提升平台服务水平，实现对历史公文等相关物料的快速学习，提供政务办公场景所需的智能助手、公文辅助处理、辅助决策、智能问答、消息摘要、公文推荐、公文检索等能力。作为知识助手提升公务人员知识获取效率，主动获取+智能推荐一体，全知、全能、全面的政务办公知识需求。作为任务助手，基于指令识别+指令编排，提升任务执行的效率，完成流式引擎共创共建。以“京办”作为服务入口，建设公文辅助处理等特色服务。
二、拟解决的主要问题
1.知识获取成本高：政务办公缺乏简便并且准确的搜索手段。
2.应用查找不便：传统办公模式，查找应用不方便，不智能，导致某些应用功能长期无人问津。
3.知识提取费时：政务协同办公过程中，遇到海量的消息数据，出现知识即时过载的现象。
4.信息收集整理难：传统办文需要大量人工来对海量政策文件进行收集、阅读、理解和提炼。
5.公文写作难：公文写作需要搜集查阅大量素材，公文结构和格式的规范要求相对繁琐，对写作人员要求较高。
6.会议信息管理难：政务办公过程中会产生大量的会议信息，会后生成会议纪要耗时耗力，会中关键信息缺乏总结和提炼。","一、对底层关键核心技术产品应用需求及指标要求
1.知识增强技术：包括知识内化和知识外用两种方式。知识内化是从大规模知识和无标注数据中，将知识学习到模型参数中，提升大模型的公文领域泛化能力；知识外用是引入外部多源异构知识，强化了大模型在公文领域的推理生成能力。
2.检索增强技术：基于以语义理解与语义匹配为核心技术的新一代搜索架构，通过引入政策等数据的训练，积累公文相关领域的知识图谱，为大模型提供时效性强、准确率高的参考信息。
3.对话增强技术：基于对话技术和应用积累，强化模型的记忆机制、上下文理解和对话规划能力，实现更好的对话连贯性、合理性和逻辑性。通过持续的公文学习，使其掌握的知识更精准、精细、更懂中文和应用场景，并建立起人类反馈、奖励模型和策略优化之间的飞轮机制。提高写作生成质量。
核心技术指标：
超级助理主要通过意图理解、参数提取、任务执行成功率三个指标进行衡量，目前完全准确率达到82%，意图准确率达到93%，参数准确率达到95%，执行成功率达到92%。",1,赵婉,13671158610,zhaowan@jxj.beijing.gov.cn,2026-06-05 18:31:06,2026-06-05 18:31:06,2023-10-30 23:59:59,0,3,false,https://dibj.cn/portal/api/common/calling/page?tableCode=SCENE_DEMAND
156,SCENE_DEMAND,创新服务-场景需求,132,465,大模型+产业知识图谱构建及智能化分析场景,北京市产业经济研究中心,2023年智慧城市场景批次,依托大模型知识管理能力，整合多源数据，实现智能分析、分类、匹配、检索，简化知识提炼流程，降低人工进行知识加工的成本，并以最适合有效的方式存储知识，包括但不限于关系型数据库（二维表知识）、图数据库（知识图谱）、向量数据库（非结构化文档或问答库）等多种形式；跟踪国内外产业经济发展动态，聚焦热点问题，形成连续、多维度、可自洽的研究资源池，支持利用多源数据对大模型进行微调训练，得到效果更优的产业知识相关领域大模型；利用大模型结合多种类型知识库进行知识问答和研报生成，提升效率；支持信创环境、国产化数据库，可使用国产化GPU进行大模型推理。,"一、场景建设核心任务目标
依托大模型知识管理能力，整合多源数据，实现智能分析、分类、匹配、检索，简化知识提炼流程，降低人工进行知识加工的成本，并以最适合有效的方式存储知识，包括但不限于关系型数据库（二维表知识）、图数据库（知识图谱）、向量数据库（非结构化文档或问答库）等多种形式；跟踪国内外产业经济发展动态，聚焦热点问题，形成连续、多维度、可自洽的研究资源池，支持利用多源数据对大模型进行微调训练，得到效果更优的产业知识相关领域大模型；利用大模型结合多种类型知识库进行知识问答和研报生成，提升效率；支持信创环境、国产化数据库，可使用国产化GPU进行大模型推理。
二、拟解决的主要问题
将多源知识和异构数据通过人工整理为产业知识图谱极为繁琐和耗时，也缺乏统一范式；仅能通过人工搜索方式获取有效信息用于知识获取或搜集研报素材，工作低效且不方便。","一、拟应用的底层关键核心技术产品及技术指标要求
大模型关键核心技术，包括大模型微调训练、 大模型推理性能优化、大模型辅助构建知识库、大模型结合数据库进行知识增强问答、大模型风格化文本生成等。
1.大模型训练优化时间：50万条文本数据，全参微调 < 16小时 （8*A100卡），训练后领域大模型效果相对提升30%以上。
2.大模型推理时间：200tokens/s, 首字符返回时间<2s, 单卡并发 4线(1*V100卡)。
3.国产算力大模型推理时间：80tokens/s，首字符返回时间<3s，单卡并发2线(1*DCU Z100L卡)。
二、应用场景创新点
利用大模型技术切实解决产业知识图谱构建和应用方面的难点问题并形成解决方案，推进大模型在若干特定场景的真正落地。",1,薛健,64028913,xuejian@jxj.beijing.gov.cn,2026-06-05 18:31:06,2026-06-05 18:31:06,2023-10-30 23:59:59,0,3,false,https://dibj.cn/portal/api/common/calling/page?tableCode=SCENE_DEMAND
157,SCENE_DEMAND,创新服务-场景需求,131,466,工业经济运行态势感知与智能预测场景,北京市经济和信息化局,2023年智慧城市场景批次,建设基于大模型技术的工业和信息软件业经济运行态势感知与智能预测分析场景，围绕经济运行态势研判准确性低，对调度决策支撑度低、个性化分析能力支撑不足等问题，融合应用大数据、大模型等相关技术，面向经济运行感知、实时预测及风险预警场景，研发形成符合工业和信息软件业经济运行预测场景需要的多源异构混频大数据预测预警模型集，落地一套通用的工业和信息软件业经济运行预测场景解决方案。,"一、场景建设核心任务目标
建设基于大模型技术的工业和信息软件业经济运行态势感知与智能预测分析场景，围绕经济运行态势研判准确性低，对调度决策支撑度低、个性化分析能力支撑不足等问题，融合应用大数据、大模型等相关技术，面向经信运行感知、实时预测及风险预警场景，研发形成符合工业和信息软件业经济运行预测场景需要的多源异构混频大数据预测预警模型集，落地一套通用的工业和信息软件业经济运行预测场景解决方案。
二、拟解决的主要问题
监测方面，数据获取难、获取慢，有效数据少。主要受制于统计数据，量大面广高及时、高价值的大数据远未挖掘。
预测预警方面，手段单一、频率偏低、精确度不高。当前经济监测预测技术多停留在季度和月度预测，且多为条件单一的结果预测，预警工作则依赖于人工调研、调度，信息滞后。无法满足当期经济监测预测的及时性、准确性需求，亟需向高频化、过程化和泛关联化转变。","一、拟应用的底层关键核心技术产品及技术指标要求
主要包括大规模并行数据采集技术、基于遥感影像的高精度工厂位置标注技术、基于时空融合数据的周工作人口及生产设备判别技术等态势感知技术以及基于多源异构数据和大模型技术的工业和软件业预测预警模型。
二、技术指标要求
模型算法≥3个，数据存储量（企业舆情、异常经营等大数据）≥1个PB，更新频率周度。周度数据处理量≥50GB，数据处理准确率≥99.9%。参与构建模型指标≥10个，纳入工业经济运行影响因子≥5个。
三、应用场景创新点
主要包括多源异构数据汇聚及加工方法创新、实时感知与智能预测技术创新和工业经济运行分析领域应用创新，以上技术均具有前沿性，应用具有首创性，该技术和应用自核在工业和信息软件业首次以完整解决方案形式出现并场景化应用；同时，通过该场景验证也可推进以上创新技术突破、迭代。",1,伊喆,55578158,yizhe@jxj.beijing.gov.cn,2026-06-05 18:31:06,2026-06-05 18:31:06,2023-10-30 23:59:59,0,3,false,https://dibj.cn/portal/api/common/calling/page?tableCode=SCENE_DEMAND
158,SCENE_DEMAND,创新服务-场景需求,130,467,基于国产可信算力的城市治理视频大模型全域智能训练场景,北京市城市管理委员会,2023年智慧城市场景批次,围绕视频分析高度依赖人工鉴别、算法开发成本高、效率低、场景单一、视频资源利用水平不高等问题，建设基于大模型技术的城市影像视频智能分析场景，重点攻关大体量视频综合分析技术突破及工程化应用，探索融合国产可信算力+自主大模型+高质政务数据的首都超大城市治理视频大模型组件，实现基于视频流的审批、监管等跨部门协同联动，率先在城市治理事件领域，开展技术应用试点验证，实现对全域接入摄像头的全场景算法分析，突破一头多用，基于场景落地形成一套国产化视频大模型城市治理事件综合自动巡检产品。,"一、场景建设核心任务目标
建设基于大模型技术的城市影像视频智能分析场景，围绕视频分析高度依赖人工鉴别、算法开发成本高、效率低、场景单一，视频资源利用水平不高等问题，重点攻关大体量视频综合分析技术突破及工程化应用。率先在只城市治理事件领域开展技术应用试点验证，实现对全域接入摄像头的全场景算法分析，突破一头多用，基于场景落地形成一套国产化视频大模型城市治理事件综合自动巡检产品。
二、拟解决的主要问题
1.海量视频搜索难度大。城市AI算法长尾化、一事一模型，长尾场景算法样本获取难、新算法开发周期长成本高。
解决方案：边聊边搜、自动标准分类。
2.新算法训练样本多、周期长、成本高。
3.发现事件无法自动派发。
4.单路摄像头无法识别全场景管理要素和事件。
5. 政务大模型应用缺乏全栈国产化方案，目前为国外底座，可信算力根技术支持。","一、拟应用的底层关键核心技术产品及技术指标要求
1.全栈国产化的CV+多模态基础大模型。
2.视频大模型的泛化能力实现一头多用，解决模型碎片化问题，实现小样本训练、降低样本数量，降低开发成本，缩短应用场景化AI算法的开发周期，单张图片识别时间<4 ms。
3.海量无标注样本筛选，节省人力标注，较传统方法发现率提升2倍。
二、应用场景创新点
审管联动自动匹配，智能增效能。利用大模型长尾场景快速训练的能力，对城市治理的重点长尾场景进行算法的快速训练，围绕城市治理审管联动业务流，形成基于基于全栈国产化视频大模型的城市治理事件综合自动巡检、智能发现，实现关键环节智能升级，突破关键技术研发、试点应用场景建设，提升治理效能，形成自动发现+智能监管+审管联动“首方案”。",1,罗珺,67880397,luojun@bda.gov.cn,2026-06-05 18:31:06,2026-06-05 18:31:06,2023-10-30 23:59:59,0,3,false,https://dibj.cn/portal/api/common/calling/page?tableCode=SCENE_DEMAND
159,SCENE_DEMAND,创新服务-场景需求,129,468,渣土车跨区域协同治理场景,北京市城市管理委员会,2023年智慧城市场景批次,建设基于智慧城市视频感知体系的渣土车跨区域协同治理场景，围绕当前渣土车跨区域、跨部门联动治理中面临的“黑车”、遗撒、虚假运单、非法倾倒等问题，开展渣土车相关视频感知算法标准化适配、算力统筹，实现市、区视觉感知算法和数据联动；建设全市级别的渣土车治理感知专题库，实现市区数据共享，并率先在2个区开展跨区域协同治理试点，实现全市域级别的渣土车违法、违规行为智能识别、综合研判。,"一、场景建设核心任务目标
建设基于智慧城市视频感知体系的渣土车协同治理场景，围绕当前渣土车跨区域、跨部门联动治理中面临的“黑车”、遗撒、虚假运单、非法倾倒等为题，开展渣土车相关视频感知算法标准化适配、算力统筹，实现市、区视觉感知算法和数据联动，建设全市级别的渣土车治理感知专题库，实现市区数据共享，并率先在2个区开展跨区域协同治理试点，实现全市域级别的渣土车违法、违规行为智能识别、综合研判。
二、拟解决的主要问题
1.行业管理涉及的跨部门、层级的问题移交处置手续繁杂，在联勤联动、协同治理等方面仍有提升空间。
2.各环节物联感知设备覆盖面不足，感知数据未充分整合，存在感知盲区。“黑车”治理缺乏监管手段。","一、拟应用的底层关键核心技术产品及技术指标要求
在场景上构建北京市渣土车治理全局统筹的“源头管控”、“车路联动”、“集约消纳”的全链条治理创新场景，形成全市大协同、大统筹的治理局面，首批试点完成2个区的联动。
二、应用场景创新点
1、视图数据跨网、跨平台安全共享方案
针对公安雪亮视频直接共享存在的安全性问题，通过创新的视图专题库共享机制，将视频数据在视频专网内解析为所需的视图专题数据，跨网共享给渣土车业务场景使用。
2、形成覆盖北京全市的渣土车全域智能治理解决方案
形成算法和数据的双汇聚共享机制，解决各区在算法和数据在对接共享过程中的兼容性问题，同时根据实际管理需求定制开发诸如洗轮机监测等智能化算法，发现更多违规行为事件，形成覆盖全市的车辆检索、研判、轨迹分析等应用方案。
3、形成基于多维数据分析的创新应用
通过结合车辆轨迹、备案数据、GPS数据等多种数据源，建立渣土车专题模型库，发现潜在的黑车、黑工地、黑消纳场，提升城管委渣土车综合执法效率。
4、形成云边协同的多级调度体系
通过边缘计算的算力前置设计节省网络带宽和平台转发资源，在现有条件下最大限度扩大场景覆盖范围。",2,梁玉晨,13146052522,liangyuchen@jxj.beijing.gov.cn,2026-06-05 18:31:06,2026-06-05 18:31:06,2023-10-30 23:59:59,0,3,false,https://dibj.cn/portal/api/common/calling/page?tableCode=SCENE_DEMAND
160,SCENE_DEMAND,创新服务-场景需求,128,469,大流量客流智能监测场景,北京市重点站区管理委员会,2023年智慧城市场景批次,建设基于视频图像分析的重点站区大流量客流智能监测场景，围绕北京重点站区、轨道交通等重点场站客流监测视频数据人工查阅难度大、智能分析处理能力不足、重点人群和事件自动预警能力不足等问题，应用机器视觉、智能分析、检索对比等技术建立重点站区客流智能监测解决方案，形成多维度融合的大流量客流监测分析模型。实现重点站区大客流精准预警、快速响应、高效调度，提升客流疏导反应速度和处置效率。,"一、场景建设核心任务目标
建设基于视频图像分析的重点站区大流量客流智能监测场景，围绕北京重点站区、轨道交通等重点场站客流监测视频数据人工查阅难度大、智能分析处理能力不足、重点人群和事件自动预警能力不足等问题，应用机器视觉、智能分析、检索对比等技术建立重点站区客流智能监测解决方案，形成多维度融合的大流量客流监测分析模型。实现重点站区大客流精准预警、快速响应、高效调度，提升客流疏导反应速度和处置效率。
二、拟解决的主要问题
1.目前视频监控系统主要依靠人工查阅海量视频，以观察客流、车流态势，洞察异常事件，成本高效率低，精准度不高。
2.各站区客流预测、客流识别自动预警能力不足，缺少对视频数据的自动识别、智能化分析、以及自动处理的技术手段，缺少主动感知能力，尚未实现对客流数量的自动预警。
3.2023年以来重点站区七站铁路到发旅客日均80万人以上，端午、五一等节假日日均120万人以上，站区客流量较大，需要及时掌握客流情况，采取疏导措施，保证旅客出行安全。","一、拟应用的底层关键核心技术产品及技术指标要求
  基于大数据、边缘计算、人工智能等视觉智能分析技术，建立客流监测模型，监测准确率不低于95%，提升重点站区客流预警效率，为客流疏散、应急处置和指挥决策提供技术支撑。
二、应用场景创新点
基于视觉智能分析技术，对于站区重点区域进行实时视频流解析，智能分析，对范围内人员位置进行空间映射，实现视频画面和真实位置的实时关联，实现区域人数实时监测，降低旅客滞留风险。",1,刘香萍,63457292,liuxiangping@zdzqgw.beijing.gov.cn,2026-06-05 18:31:06,2026-06-05 18:31:06,2023-10-30 23:59:59,0,3,false,https://dibj.cn/portal/api/common/calling/page?tableCode=SCENE_DEMAND
161,SCENE_DEMAND,创新服务-场景需求,127,470,天空地一体化动植物栖息地智慧保护应用场景,北京市园林绿化局,2023年智慧城市场景批次,建设天空地一体化动植物栖息地智慧保护场景，围绕湿地公园、园林生态体系动植物监测中动植物巡护救助不及时、栖息地生态状况分析缺失等问题，以北京市翠湖国家湿地公园为试点，应用卫星遥感、物联网、人工智能、大模型等技术，搭建野生动植物及栖息地立体监测与智能分析平台，建立鸟类迁徙、候鸟识别、生境变化预测、病虫害防治、生物多样性识别等算法模型，实现保护区生态现状智能分析及可视化展示，提升保护区动植物巡护、救助信息上报等野生动植物保护工作效率，提升野生动植物栖息地生态环境精准保护能力。,"一、场景建设核心任务目标
建设天空地一体化动植物栖息地智慧保护场景，将围绕湿地公园、园林生态体系动植物监测中动植物巡护救助不及时、栖息地生态状况分析缺失等问题，以北京市翠湖国家湿地公园为试点，应用卫星遥感、物联网、人工智能、大模型等技术,搭建野生动植物及栖息地立体监测与智能分析平台，建立鸟类迁徙、候鸟识别、生境变化预测、病虫害防治、生物多样性识别等算法模型，实现保护区生态现状智能分析及可视化展示，提升保护区动植物巡护、救助信息上报等野生动植物保护工作效率，提升野生动植物栖息地生态环境精准保护能力。
二、拟解决的主要问题
    1.基础数据分散、数据标准不统一，数据孤岛现象严重。急需数据治理，湿地公园生态状况仍“家底不清”。
    2.缺乏AI动植物自动识别模型，无法通过数字化手段赋能栖息地生物多样性监测，如：野生动植物识别、病虫害发生发展趋势分析、鸟类迁徙监测，人为破坏行为识别；无法精准掌握野生动植物数量、分布、变化趋势、迁徙情况；
    3.缺乏高效的栖息地野生动植物巡护、救助信息上报等数字化管理手段，急需提升栖息地野生动植物精准保护能力。
    4.缺乏栖息地生态环境变化趋势分析算法，无法对栖息地生态环境变化进行预测、预警，并实施有效的保护措施。
    基于以上痛点和问题，目前无法对栖息地的生态环境及生物多样性进行有效的监测和保护，亟待建设面向动植物栖息地的智慧保护应用场景。","一、拟应用的底层关键核心技术产品及技术指标要求
    1.应用卫星互联网技术建立翠湖湿地公园遥感监测体系及变化分析体系。汇聚现有物联监测数据，实施数据治理，摸清数据本底，实现翠湖城市湿地公园数据立体监测、统一汇集、统一管理。
    2.构建AI动物自动识别大模型，建立国内首个栖息地野生动物图像识别样本库，对野生动植物、鸟类进行AI识别，实现白鹇和黑鹳至少两种鸟类图像识别，实现栖息地水域候鸟数量AI计数，准确率达75%以上。
    3.构建视频图像识别大模型，自动识别虫情测报灯中有害生物的种类、数量；通过卡口视屏对人为破坏行为等事件AI识别，识别准确率达75%以上。建立蛾蝶类、金龟甲虫类、松毛虫、松褐天牛虫害的发生发展模型，模型决定系数达到0.6以上，填补湿地公园病虫害数智化监测预警的空白，赋能栖息地生态环境保护。
    4.构建野生动植物栖息地生态环境趋势分析模型，实现翠湖城市湿地公园野生动植物及栖息地生态环境状态、气候长期监测及趋势分析，对栖息地环境向好实施适应性评价，对生境恶化进行预测预警。
    5.构建野生动植物及栖息地立体监测及智能分析平台，建立翠湖公园智慧化管理体系，辅助保护区巡护保护、动物救护、信息上报、候鸟迁徙监测等管理工作数智化转型，对保护区出入人员进行数字监管；构建数字孪生公园，对栖息地生境进行动态分析及虚拟防真展示，提升翠湖公园数智化监管效率及效果，赋能全市野生动植物及栖息地高质量管理。
二、应用场景创新点
    1.利用卫星互联网、人工智能、物联感知、大数据等现行高新技术构建栖息地立体监测及智能分析平台，整体技术国内领先。
    2.项目汇聚各类空天地野生动植物栖息地监测数据、统计数据、分析数据，实现野生动植物栖息地场景的多源异构数据融合。
    3.项目建立了国内首个栖息地野生动物图像识别样本库。构建了野生动物识别大模型、病虫害发生发展预测大模型，实现野生动植物栖息地监测管理从IT时代到DT时代转变。
    4.项目研发了栖息地生境趋势分析算法，评估野生动植物及栖息地生态环境适应性，赋能野生动植物栖息地数智化管理。",1,闻淼,84236290,bjlinbaozhanfzk@yllhj.beijing.gov.cn,2026-06-05 18:31:06,2026-06-05 18:31:06,2023-10-30 23:59:59,0,3,false,https://dibj.cn/portal/api/common/calling/page?tableCode=SCENE_DEMAND
162,SCENE_DEMAND,创新服务-场景需求,126,471,基于“6+4”的实验室综合监管场景建设,北京经济技术开发区,2023年智慧城市场景批次,为支撑“6+4”一体化综合监管改革任务，针对监管对象多、任务压力大、主体扰动多等问题，围绕“实验室监管”这一场景，探索开展“风险+信用”分级分类监管、触发式监管、远程监管等新型监管模式，实现监管资源数字化、监管过程全记录、监管数据可共享，打造“综合监管”新模式，减少监管部门检查工作量和对市场主体的扰动次数，进一步提高政府监管手段，营造公平有序的发展环境。,"一、场景建设核心任务目标
充分运用互联网、大数据、物联网先进技术手段建设综合监管平台，汇聚本地区有关监管数据，横向与各部门监管业务系统互联互通，纵向打通与市级、街道相关基础能力平台，为各部门开展监管提供支撑，实现监管资源数字化、监管过程全记录、监管数据可共享，从而打造“综合监管”新模式。通过信息化系统建设进一步提高政府监管手段，营造公平有序的发展环境。
二、拟解决的主要问题
部门任务压力大
监管对象涉及业务领域、分类众多，按照现有监管力量配备，监管部门任务压力大。
监管手段单一
现有监管手段主要以现场检查为主，缺少视频取证、自助上报、数据比对等非现场检查手段。
市场主体扰动多
同一个市场主体会面临消防、市监等不同部门检查，检查频率高，对市场主体扰动多。","1.依托“6+4”综合监管平台的“三引擎，八组件”，通过平台集约配置化能力，构建实验室综合监管场景应用；
2.汇聚全区335家以“实验室”为主要生产经营主体载体的市场主体监管数据，围绕“人、机、料、法、环”五个纬度,依托“风险+信用”模型能力，开展分级分类评价，强化风险预警，实现触发式监管；
3.推进线上监管，依托“网络云”政企交互平台，通过网上查验实现非现场检查，能够覆盖30%以上检查事项，节约行政检查人力；
4.创新共治监管模式，鼓励行业协会参与，推动企业自查，强化实验室风险管控能力，减少30%以上部门检查工作量。",1,罗珺,67880397,luojun@bda.gov.cn,2026-06-05 18:31:06,2026-06-05 18:31:06,2023-10-30 23:59:59,0,3,false,https://dibj.cn/portal/api/common/calling/page?tableCode=SCENE_DEMAND
163,SCENE_DEMAND,创新服务-场景需求,125,472,基于治理链的城市无界公园智能监管场景建设,北京经济技术开发区,2023年智慧城市场景批次,重塑无界公园“新边界”应用场景，需选取一个公园为试点，基于治理链的治理要素中心感知接入、事件管理中心任务协同、算法管理中心视频算法仓能力，同时利用市区两级算法协同，加强无界公园场景中的感知、事件、资源协同管理效能。通过视频感知、边缘计算、视频算法调度，以公园景点协同场景为基础，形成城市运行管理面向特定专项场景的事件协同处置架构。通过技术攻关算法调度、云边算力协同，提升城市管理场景灵活性，减少20%成本，提升30%的场景上线周期。,"一、场景建设核心任务目标
重塑无界公园“新边界”应用场景，需选取一个公园为试点，基于治理链的治理要素中心感知接入、事件管理中心任务协同、算法管理中心视频算法仓能力，同时利用市区两级算法协同，加强无界公园场景中的感知、事件、资源协同管理效能。通过视频感知、边缘计算、视频算法调度，以公园景点协同场景为基础，形成城市运行管理面向特定专项场景的事件协同处置架构。通过技术公关算法调度、云边算力协同，提升城市管理场景灵活性，减少20%减少成本，提升30%的场景上线周期。
二、拟解决的主要问题
1.公园外部管理难度大，对外部车辆乱停、游街商贩占到经营、随意进入，导致公园周边环境、交通等问题，进入管理难度高。
2.公园内部秩序混乱，对于市民的乱采乱踏、露营、烧烤、违规遛狗、非机动车违规穿越等治理事件会层出不穷。
3.公园面临执法难度增加，事件发现难度高， 商贩打游击，无证经营严重影响公园环境。","一、拟应用的底层关键核心技术产品及技术指标要求
1.采用最新的“软硬解耦、动态加载”的算法标准，实现算力共用，提升算力利用率20%。
2.利用智能算法仓实现大规模多场景的智能发现，涵盖机动车、非机动车、自行车乱停乱放、违规穿越、露营、烧烤、遛狗、游街商贩、占道经营、暴露垃圾、客流统计、水域秩序等14类算法。初始精度在85%以上，可持续迭代优化，最终达到90%以上。
二、应用场景创新点
1、无界公园智能化管理的首场景应用，提升了公园领域内智能化管理水平。
2、首次通过市区联动、实现感知算法共用、数据共享，完成大规模区域的感知应用。
3、依托治理链平台，结合一张图，将经开区公园景点纳入共治模式，实现共享信息，决策支持，态势显示。",1,罗珺,67880397,luojun@bda.gov.cn,2026-06-05 18:31:06,2026-06-05 18:31:06,2023-10-30 23:59:59,0,3,false,https://dibj.cn/portal/api/common/calling/page?tableCode=SCENE_DEMAND
164,SCENE_DEMAND,创新服务-场景需求,124,473,道路交通安全风险评估场景,北京市公安局公安交通管理局,2023年智慧城市场景批次,以评估道路安全风险、开展交通事故预防为导向，结合业务理论、行业标准、算法模型，开展道路数据要素的基础治理，形成道路信息采集、维护、核对的规范流程和编码工具，提高道路信息与交管业务信息的匹配度和可用性，为挖掘数据价值奠定基础；重点围绕道路信息和交通事故数据，研究道路要素与事故风险的关系指标、规律特点，构建道路交通安全风险评估算法模型，提高隐患道路排查的精准度和工作效率，助力提升道路交通安全治理水平。,"一、场景建设核心任务目标
以评估道路安全风险、开展交通事故预防为导向，结合业务理论、行业标准、算法模型，开展道路数据要素的基础治理，形成道路信息采集、维护、核对的规范流程和编码工具，提高道路信息与交管业务信息的匹配度和可用性，为挖掘数据价值奠定基础；重点围绕道路信息和交通事故数据，研究道路要素与事故风险的关系指标、规律特点，构建道路交通安全风险评估算法模型，提高隐患道路排查的精准度和工作效率，助力提升道路交通安全治理水平。
二、拟解决的主要问题
1、道路基础信息对路网的覆盖度不够，对道路切分的精细化不足，标准化程度不高，直接影响了业务信息的数据质量；
2、随数据要素增加、数据量级积累，加之道路数据难以适应公安交通管理特点的问题愈加凸显，造成对隐患道路的排查费时费力，影响了安全治理精准性、及时性。","一、拟应用的底层关键核心技术产品及技术指标要求
本场景应用空间化建模、规范地点与经纬度互转、事故致因分析、安全风险等级划分、大数据分析等关键技术。关键技术要求具备准确、高效、安全的特征。
二、应用场景创新点
1.完善交通安全管理道路基础数据，为交通事故与违法地点准确记录、交通事故数据时空建模奠定了基础。 
2.解决交通事故地点表述不规范、定位准确率低的问题，破解了复杂路网交通事故地点规范化表述和高效化录入的难题。
3.建立道路交通安全风险评估模型，研判高风险道路，改变以往分析排查不精准、不科学的问题，探索指导道路安全治理的新路径。",2,李祥河,19810229970,lixianghe@jtgl.beijing.gov.cn,2026-06-05 18:31:06,2026-06-05 18:31:06,2023-10-30 23:59:59,0,3,false,https://dibj.cn/portal/api/common/calling/page?tableCode=SCENE_DEMAND
165,SCENE_DEMAND,创新服务-场景需求,123,474,现场数据多维感知场景（消防救援现场透明化一期）,北京市消防救援总队,2023年智慧城市场景批次,建设消防救援现场透明化场景，围绕消防现场消防员生命体征监测、消防员室内高精度定位以及单兵、消防车辆配备的多种感知采集设备的集成整合等问题，应用物联感知、大数据、人工智能技术，形成消防救援保障人员安全、现场高效决策的解决方案，对消防救援现场开展智能监测。实现灾害现场从单一图像感知到图像、数据、音频感知的全面提升，灾害现场情报收集能力提升30%，缩短现场作战处置时间10%以上。,"一、场景建设核心任务目标
建设消防救援现场透明化场景，围绕消防现场消防员生命体征监测、消防员室内高精度定位以及单兵、消防车辆配备的多种感知采集设备的集成整合等问题，应用物联感知技术、大数据、人工智能技术，形成消防救援保障人员安全、现场高效决策的解决方案，对消防救援现场开展智能监测。实现灾害现场从单一图像感知到图像、数据、音频感知的全面提升，灾害现场情报收集能力提升30%；缩短现场作战处置时间10%以上。
二、拟解决的主要问题
1.缺乏对消防员个人生命体征的有效监测手段，无法第一时间发现人员生理安全隐患；
2.在灾害现场内部，无法对消防员进行高精度定位，一旦发生突发情况，无法有效开展兵力的精准部署、轮换、救治，第一时间定位、搜寻、撤离，消防员自身生命安全存在隐患；
3.单兵配备的4G图传、智能空呼监测等采集设备自成体系、严重依赖公网通信，缺乏整合，无法适应断水、断电、断网等“三断”情况下的复杂灾害环境；
4.消防救援工作以消防车为作战单元，人员、装备、灭火药剂围绕车辆展开，各级指挥机构和人员需要准确掌握消防车辆自身监测数据以及上装的人员、车载设备、装备、药剂的实时状态、数量等数据，并以车辆为指挥节点，开展层级指挥。","一、拟应用的底层关键核心技术产品及技术指标要求
1.物联网技术。在末梢单兵端，实时采集单兵自身位置、状态及生命体征以及随身携带的空气呼吸器压力、余量，掌握其随身图像采集设备画面；
2.物联网、大数据、边缘计算技术。在车辆端，作为作战核心，实时采集其位置、温度、水量、泡沫量、油量、装备等信息以及车辆上装感知设备的感知数据，同时汇聚本车单兵数据；
3.智能算法技术。在软件上，研发基于个人状态、装备药剂持续供给能力、作战环境发生危险等突发情况的预警功能；
4.数据采集、多网融合技术。研制单兵、车载两型多网融合指挥设备，采用软硬件一体化设计，集数据汇聚、存储、转发、指挥计算、多网融合、预警告警、显示等七大主要功能，支持对消防救援队伍主流单兵、车载感知设备的接入能力，支持公网、微波、WIFI、蓝牙、Mesh自组网多网融合接入。
二、应用场景创新点
创新研制具备多种异构网络接入能力，具备能够作为消防员个人行动“黑匣子”和车载班组指挥平台的终端设备，在全国率先实现对单兵和车载感知设备的集成和统一传输管理，在消防救援领域第一次构建可复制、数字化的消防救援透明化现场感知体系。",1,王飞,82215085,txc@bj.119.gov.cn,2026-06-05 18:31:06,2026-06-05 18:31:06,2023-10-30 23:59:59,0,3,false,https://dibj.cn/portal/api/common/calling/page?tableCode=SCENE_DEMAND
166,SCENE_DEMAND,创新服务-场景需求,122,475,城市内涝积水监测场景,丰台区水务局,2023年智慧城市场景批次,建设城市内涝积水监测场景，围绕当前北京汛期部分区域积水内涝严重、风险地图辅助预警研判和指挥调度信息化欠缺、城市物联网防汛预警未形成合力等问题，应用水利专业模型、AI、物联网技术，形成城市内涝积水监测预警解决方案，对北京市内涝积水开展全面的智能监测。实现区域内涝预警风险达到一定数值时，提前发出预警信息；推动北京城市积水内涝风险地图更新和完善，标注实时雨量、水位、积水风险等信息；指导城市排水管网、泵站、渗水砖、下沉式绿地等设施的建设，助力建设海绵城市。,"一、场景建设核心任务目标
建设城市内涝积水监测场景，围绕当前北京汛期部分区域积水内涝严重、风险地图辅助预警研判和指挥调度信息化欠缺、城市物联网防汛预警未形成合力等问题，应用水利专业模型、AI、物联网技术，形成城市内涝积水监测预警解决方案，对北京市内涝积水开展全面的智能监测。实现区域内涝预警风险达到一定数值时，提前发出预警信息；推动北京城市积水内涝风险地图更新和完善，标注实时雨量、水位、积水风险等信息；指导城市排水管网、泵站、渗水砖、下沉式绿地等设施的建设，助力建设海绵城市。
二、拟解决的主要问题
1、北京汛期降雨突发性强、局地性明显、短时雨强大等特点突出，由降雨引发的积水内涝逐渐成为“常态化”风险，不能仅用应急思维应对。
2、风险地图未结合信息化手段辅助预警研判和指挥调度工作，未体现对群众生产生活影响程度。
3、未充分利用水利专业模型、城市物联网部件进行防汛预报预警工作。
4、各有关部门、委办局未充分形成联动机制。","一、拟应用的底层关键核心技术产品及技术指标要求
1、建立城市内涝积水监测和预警系统，形成内涝预警模型，当某个区域内涝预警风险达到一定数值时，提前给出预警信息，联动各部门进行相应处置。
2、面向公众形成电子风险地图，标注实时雨量、水位、积水风险等信息，现有风险地图的实用性得到显著提升，推动北京城市积水内涝风险地图的持续更新和完善。
3、基于内涝预警模型和历史数据，能够对城市排水管网、泵站、植草沟、渗水砖、雨水花园、下沉式绿地等一系列设施的建设提供指导性意见，助力海绵城市的建设。
3.构建水利专业模型，实现城市内涝未来积水风险预报预警预演预案全业务闭环管理，助力灾害防御应急体系建设。
二、应用场景创新点
1、首次采用国产自主水文-水动力耦合模型在超大规模城市的应用，实现内涝风险预报预警预演预案全业务闭环管理。突破传统监测只能感知已知点位已发生风险，实现由点及面、由局部到全局、由已知到预测的突破。
2、通过优化算法，基于并行计算及国产GPU加速等手段，实现高性能计算，延长预见期，实现城市内涝全要素和管理全过程的前瞻预演，确保风险提前发现，预警提前公布，方案提前制定，措施提前实施，确保安全度汛。
3、探索数值仿真与AI技术的融合与应用，采用AI算法辅助对模型参数进行率定和校验，保证模型准确度。
4、形成符合信创要求的国产化解决方案。实现从CPU到操作系统到应用软件的全链条国产化，做到自主可控，安全可信。",1,刘建,63812136,ftshuiwuju05@mail.bjft.gov.cn,2026-06-05 18:31:06,2026-06-05 18:31:06,2023-10-30 23:59:59,0,3,false,https://dibj.cn/portal/api/common/calling/page?tableCode=SCENE_DEMAND
167,SCENE_DEMAND,创新服务-场景需求,121,476,露地蔬菜（甘蓝）智能化自主移栽应用场景,北京市农业农村局,2023年智慧城市场景批次,露地蔬菜（甘蓝）移栽人力投入成本高、移栽环节存在重耕漏耕、标准不统一、质量不可控、直线度参差不齐等问题，应用北斗定位导航、精准轨迹拼接、机具自动控制等关键技术，研发甘蓝智能化自主移栽作业技术装备，实现自动取苗、分苗、投苗。,"1.场景建设核心任务目标
露地蔬菜（甘蓝）移栽人力投入成本高、移栽环节存在重耕漏耕、标准不统一、质量不可控、直线度参差不齐等问题，应用北斗定位导航、精准轨迹拼接、机具自动控制等关键技术，研发甘蓝智能化自主移栽作业技术装备，实现自动取苗、分苗、投苗。
2.拟解决的主要问题
传统甘蓝移栽机需要人工投苗，对投苗手的熟练度和体力要求较高，同时存在重耕漏耕、标准不统一，质量不可控，直线度参差不齐等问题，且目前我国结球甘蓝每年种植面积在1400万亩以上，是我国重要的露地蔬菜品种之一，为提升作业效率和作业质量，急需研制一套甘蓝智能化自主移栽技术。","1.拟应用的底层关键核心技术产品：拟应用甘蓝智能化自主移栽技术。
2.应用场景创新点：创新农田环境下的北斗定位导航、自主路径规划、车辆轨迹跟踪控制等关键技术，重点突破惯性导航与视觉苗垄识别位置校正、地块边界与作业机具自适应规划控制算法等功能，通过灵活作业路径规划与机具调控，解决起垄移栽机具偏移量不一致、对行误差大等问题。",1,余礼根,18610715026,360088609@qq.com,2026-06-05 18:31:06,2026-06-05 18:31:06,2023-10-30 23:59:59,0,3,false,https://dibj.cn/portal/api/common/calling/page?tableCode=SCENE_DEMAND
168,SCENE_DEMAND,创新服务-场景需求,120,477,土壤元素快速检测应用场景,北京市农业农村局,2023年智慧城市场景批次,因为土壤过于复杂，目前还没有有效的全指标速测技术。针对土壤元素难以现场快速测量等难题，研制土壤硝态氮和多种元素现场快速测量方法，实现土壤元素的现场快速测量，并可对土壤中元素分布图形化显示。,"1.场景建设核心任务目标
因为土壤过于复杂，目前还没有有效的全指标速测技术。针对土壤元素难以现场快速测量等难题，研制土壤硝态氮和多种元素现场快速测量方法，实现土壤元素的现场快速测量，并可对土壤中元素分布图形化显示。
2.拟解决的主要问题
土壤元素难以现场快速测量是因为土壤类型多样，性状差异巨大，同时基体过于复杂，而元素含量极低，需要非常复杂的前处理过程后才能进行化学分析。而基于物理方法的快速测量技术因为干扰因素太多，很难达到理想的检测精度，主要的难点是检测限不足、模型迁移性不好、重复性和稳定性差等，需通过激光诱导击穿、双脉冲共振增强、元素转移增强、约束分析、机器学习等技术手段解决检测限高和复杂干扰消除等关键难点问题。","1.拟应用的底层关键核心技术产品：拟应用激光诱导击穿光谱检测技术、复杂元素谱峰解析技术、有机和无机多元素定量模型。
2.应用场景创新点：
（1）国际上首次实现土壤硝态氮的现场快速测量。
（2）采用光学检测方法，可直接对农田土壤进行检测，检测速度快，灵敏度高，不需硝化反应，没有化学试剂投入，操作方法简单，容易上手操作。
（3）可对土壤中的营养元素、重金属和微量元素进行快速检测，并可生成土壤元素分布地图，可对任一元素进行空间和时间变化情况的动态追踪。",1,余礼根,18610715026,360088609@qq.com,2026-06-05 18:31:06,2026-06-05 18:31:06,2023-10-30 23:59:59,0,3,false,https://dibj.cn/portal/api/common/calling/page?tableCode=SCENE_DEMAND
169,SCENE_DEMAND,创新服务-场景需求,119,478,基于图像技术的设施园艺动态监测应用场景,北京市农业农村局,2023年智慧城市场景批次,设施农业具有作物种类多、种植密度大、生长过程动态化等特点，生产监测存在识别难等问题，本场景意在利用人工智能技术和先进的算法模型，基于实时采集的大量设施图像数据和环境参数，研制多源数据融合的设施园艺作物品类识别、生育期识别、产量智能预测等模型，提高设施监测信息化水平。,"1.场景建设核心任务目标
设施农业具有作物种类多、种植密度大、生长过程动态化等特点，生产监测存在识别难等问题，本场景意在利用人工智能技术和先进的算法模型，基于实时采集的大量设施图像数据和环境参数，研制多源数据融合的设施园艺作物品类识别、生育期识别、产量智能预测等模型，提高设施监测信息化水平。
2.拟解决的主要问题
设施园艺种类繁多，日光温室成像空间有限且种植密度大，造成图像视野有限、器官遮挡重合严重，如何提高作物种类识别、作物生长监测精度显得尤为重要；其次，如何从海量的人工智能算法中选择最适宜的算法对于提高精度有重要作用；此外，如何充分发挥“数字菜田”项目已积累的图像、环境海量数据效能，深度挖掘设施园艺作物动态生长参数等有效信息对于产业监测与服务具有重要意义。","1.拟应用的底层关键核心技术产品：拟应用设施园艺作物种类与生长动态监测技术、设施园艺作物产量智能预测技术。
2.应用场景创新点：形成全市设施园艺产业设施（闲置、大棚房、生产、产量及上市等）在线监测首方案，通过物联网传感技术与人工智能算法融合应用解决传统产业监测人工投入大、时效性不高、覆盖面不全的问题。",3,余礼根,18610715026,360088609@qq.com,2026-06-05 18:31:06,2026-06-05 18:31:06,2023-10-30 23:59:59,0,3,false,https://dibj.cn/portal/api/common/calling/page?tableCode=SCENE_DEMAND
170,SCENE_DEMAND,创新服务-场景需求,118,479,新型装配式温室精准感知与智能环控应用场景,北京市农业农村局,2023年智慧城市场景批次,目前北京市设施农业奖补政策支持设施温室的建设与改造，急需配套成熟的温室环境智能控制技术，突破温室环境传感、温室设备集成联动控制、不同作物环境控制模型等核心技术环节，突破国产温室环境感知和环控装备存在体积大、功耗高、数据精度低、可靠性差及配套系统智能化水平低等问题，创制一体式、太阳能供电、数据无线传输、支持远景近景图像视频采集、高精度、低功耗的新一代设施温室专用传感器，实现装配式温室环境的精准感知与智能调控，有效支撑北京市设施蔬菜产业高质量发展。,"1.场景建设核心任务目标
目前北京市设施农业奖补政策支持设施温室的建设与改造，急需配套成熟的温室环境智能控制技术，突破温室环境传感、温室设备集成联动控制、不同作物环境控制模型等核心技术环节，突破国产温室环境感知和环控装备存在体积大、功耗高、数据精度低、可靠性差及配套系统智能化水平低等问题，创制一体式、太阳能供电、数据无线传输、支持远景近景图像视频采集、高精度、低功耗的新一代设施温室专用传感器，实现装配式温室环境的精准感知与智能调控，有效支撑北京市设施蔬菜产业高质量发展。
2.拟解决的主要问题
设施温室环境是设施生产的重要内容，与作物生长息息相关，智能化的精准环控不仅可以有效提高设施蔬菜产量和品质，同时可以大量减少劳动力投入和水肥药成本，国产物联网设备存在着设备体积大、功耗高、数据精度低、可靠性低等问题，阻碍了物联网设备在设施农业生产环境下的广泛应用。此外，环控模型研发不完善，控制器只能达到简单的时序控制、单一指标控制，难于实现按需控制和多指标控制，应用系统的智能化程度需要提高。","1.拟应用的底层关键核心技术产品：拟应用新一代高集成设施温室传感器、温室环境智能控制设备。
2.应用场景创新点：引入智能连栋温室环控技术理念，形成针对新型装配式温室智能环境调控首方案，解决北京市农业设施智能化水平不高的问题，推进新一代农业物联网设备创新，实现劳动生产效率和设施蔬菜产量品质的双提升。",3,余礼根,18610715026,360088609@qq.com,2026-06-05 18:31:06,2026-06-05 18:31:06,2023-10-30 23:59:59,0,3,false,https://dibj.cn/portal/api/common/calling/page?tableCode=SCENE_DEMAND
171,SCENE_DEMAND,创新服务-场景需求,117,480,设施无土栽培关键养分智能检测传感应用场景,北京市农业农村局,2023年智慧城市场景批次,大型连栋玻璃温室无土栽培营养液关键养分含量监测国产传感器缺乏稳定性和可靠性，构建多种无机离子的高特异性、高灵敏度检测传感系统，实现设施栽培无土环境中的K+、NH4+、NO3-浓度智能化精准检测。,"1.场景建设核心任务目标
大型连栋玻璃温室无土栽培营养液关键养分含量监测国产传感器缺乏稳定性和可靠性，构建多种无机离子的高特异性、高灵敏度检测传感系统，实现设施栽培无土环境中的K+、NH4+、NO3-浓度智能化精准检测。
2.拟解决的主要问题
国产传感器的精度、稳定性、特异性等有待进一步提高，缺乏多传感器融合校正的智能模型。","1.拟应用的底层关键核心技术产品：拟应用关键养分的全固态传感器、多传感器数据融合算法、营养液养分精准检测系统。
2.应用场景创新点：针对当前作物养分信息智能检测手段缺乏的问题，融合纳米技术和微电极技术，研制多种无机离子的高特异性、高灵敏度活体检测传感器及系统，实现设施栽培无土环境中的养分离子的智能检测。",3,余礼根,18610715026,360088609@qq.com,2026-06-05 18:31:06,2026-06-05 18:31:06,2023-10-30 23:59:59,0,3,false,https://dibj.cn/portal/api/common/calling/page?tableCode=SCENE_DEMAND
172,SCENE_DEMAND,创新服务-场景需求,116,481,宜机化日光温室水肥精准管理模型与变量灌溉应用场景,北京市农业农村局,2023年智慧城市场景批次,针对传统南北垄向种植模式下全棚均量灌溉方法无法适用于宜机化东西垄向种植模式的问题，建立以光辐射为驱动、田畦为单元的日光温室东西垄种植下水肥变量调控方法，构建基于边缘计算的日光温室智能灌溉控制系统，确保作物适宜生长周期，提升水肥利用效率。,"1.场景建设核心任务目标
针对传统南北垄向种植模式下全棚均量灌溉方法无法适用于宜机化东西垄向种植模式的问题，建立以光辐射为驱动、田畦为单元的日光温室东西垄种植下水肥变量调控方法，构建基于边缘计算的日光温室智能灌溉控制系统，确保作物适宜生长周期，提升水肥利用效率。
2.拟解决的主要问题
东西垄向的种植模式可以大幅度提高机械化作业水平，但随着垄向的改变，不同垄间作物水肥利用特征差异凸显，传统南北垄向下的全棚均量灌溉方法难以满足要求，然而针对东西垄种植下的水肥精准管理研究尚处于空白。","1.拟应用的底层关键核心技术产品：拟应用宜机化日光温室智能水肥管控技术。
2.应用场景创新点：形成东西垄栽培下宜机化日光温室的水肥变量管控技术的首方案。",1,余礼根,18610715026,360088609@qq.com,2026-06-05 18:31:06,2026-06-05 18:31:06,2023-10-30 23:59:59,0,3,false,https://dibj.cn/portal/api/common/calling/page?tableCode=SCENE_DEMAND
173,SCENE_DEMAND,创新服务-场景需求,115,482,设施环境植物高通量表型检测应用场景,北京市农业农村局,2023年智慧城市场景批次,针对作物表型高通量获取技术受国外垄断，难以构建我国自主知识产权的设施植物表型大数据高通量、自动化系统平台导致设施植物育种技术研究受到制约等问题，创制设施环境下流水线成像室表型平台、轨道表型平台、无人车表型平台以及机器人表型平台系统，实现植物形态结构、颜色纹理以及光谱生理等多模态表型指标自动化解析，解决我国农林植物表型软硬件系统装备“卡脖子”问题。,"1.场景建设核心任务目标
针对作物表型高通量获取技术受国外垄断，难以构建我国自主知识产权的设施植物表型大数据高通量、自动化系统平台导致设施植物育种技术研究受到制约等问题，创制设施环境下流水线成像室表型平台、轨道表型平台、无人车表型平台以及机器人表型平台系统，实现植物形态结构、颜色纹理以及光谱生理等多模态表型指标自动化解析，解决我国农林植物表型软硬件系统装备“卡脖子”问题。
2.拟解决的主要问题
当前，国产的农林植物表型技术设备存在数据获取通量低、维度少、解析时效性差、缺乏配套的软件系统等问题，不能满足数字育种、智慧栽培和多组学研究需要；而高端、先进的表型平台技术装备依赖进口，存在价格昂贵、技术“黑盒子”、服务不到位，数据安全隐患等问题。主要表现为：（1）多模态表型大数据获取的传感器阵列或成像单元依赖进口；（2）表型性状自动化解析系统国外进口软件系统接口不开放、数据规范标准黑盒，无法满足特定农林植物以及特定尺度的表型性状分析需求。
以上痛点难点问题已经成为制约北京市乃至我国数字化育种和智慧栽培研究的瓶颈因素，难以构建具有自主知识产权的国产设施环境农林植物表型大数据高通量、自动化获取解析平台系统。亟需通过关键技术攻关和设备研发，弥补我国在表型组大数据技术与国外的差距，实现自主研发取代进口。","1.拟应用的底层关键核心技术产品：拟应用多模态表型传感器成像单元技术、植物单株及器官三维表型自动化解析系统、设施环境植物高通量表型平台。
2.应用场景创新点：
（1）多模态传感器同步获取及三维图谱融合技术研发。使用时空同步及像元融合配准技术，实现RGB图像传感器、光谱图像传感器和激光雷达传感器三维像元点云级别融合，实现植物三维光谱点云高精度重建。
（2）多尺度表型数据高精度自动化解析管道系统研发。使用预训练大模型、强化学习等深度学习技术，实现植株器官、单株、群体多尺度自动化分割与识别，构建植物株型形态和生理生化预测模型，实现植物形态结构、颜色纹理以及光谱生理等多模态表型指标自动化解析。
（3）设施环境植物高通量表型平台创制。采用“云-边-端”自主控制、协同计算、5G网络通信技术，创制设施环境下流水线表型平台、轨道表型平台、无人车表型平台以及机器人表型平台系统，打造工厂化设施环境农林植物表型精准鉴定和育种加速器服务模式。",3,余礼根,18610715026,360088609@qq.com,2026-06-05 18:31:06,2026-06-05 18:31:06,2023-10-30 23:59:59,0,3,false,https://dibj.cn/portal/api/common/calling/page?tableCode=SCENE_DEMAND
174,SCENE_DEMAND,创新服务-场景需求,114,483,奶牛体型外貌智能鉴定应用场景,北京市农业农村局,2023年智慧城市场景批次,非接触式体型外貌自动鉴定无须人工干预，能够实现对奶牛体型外貌自动鉴定，但鉴定模型受不均匀环境光照、牛只运动等影响，造成鉴定分值受主观影响较大。利用人工智能技术结合多角度体型外貌视觉特征，创制奶牛体型外貌智能鉴定装置，提升复杂环境下体型外貌鉴定模型的普适性，提高鉴定速度与精度。,"1.场景建设核心任务目标
非接触式体型外貌自动鉴定无须人工干预，能够实现对奶牛体型外貌自动鉴定，但鉴定模型受不均匀环境光照、牛只运动等影响，造成鉴定分值受主观影响较大。利用人工智能技术结合多角度体型外貌视觉特征，创制奶牛体型外貌智能鉴定装置，提升复杂环境下体型外貌鉴定模型的普适性，提高鉴定速度与精度。
2.拟解决的主要问题
奶牛体型外貌鉴定一般由专业鉴定员通过视觉和触觉完成，人工投入高、效率低、追溯困难、质量监管难度大，且人与牛只的近距离接触会造成牛群应激与工作人员的防疫风险；尤其一些性状参数缺少量化的度量值，造成人工鉴定体型外貌存在主观性。","1.拟应用的底层关键核心技术产品：拟应用奶牛体型外貌智能鉴定装置。
2.应用场景创新点：
（1）突破背景遮挡、细节缺失下的关键点检测难点，研究牛只个体标准姿态与不同尺度感兴趣区域识别技术，准确捕捉体型外貌关键点坐标；
（2）突破非矢量度量下体型外貌鉴定主观性影响，构建多参数体型外貌智能鉴定模型，提升育种表型数据采集自动化、智能化。
（3）形成奶牛育种表型数据数字化采集模式，结合AI算法与个体识别技术，降低育种数据采集错误率。",3,余礼根,18610715026,360088609@qq.com,2026-06-05 18:31:06,2026-06-05 18:31:06,2023-10-30 23:59:59,0,3,false,https://dibj.cn/portal/api/common/calling/page?tableCode=SCENE_DEMAND
175,SCENE_DEMAND,创新服务-场景需求,113,484,蛋鸡育种选育智能应用场景,北京市农业农村局,2023年智慧城市场景批次,面对传统育种方法的局限性和大数据处理的挑战，通过建立人工智能模型，深度分析各选育点中选育目标与选择性状、选择条件之间的联系，实现人工智能驱动的育种决策，确保选育过程始终符合预定目标，提高育种效率与精确性。,"1.场景建设核心任务目标
面对传统育种方法的局限性和大数据处理的挑战，通过建立人工智能模型，深度分析各选育点中选育目标与选择性状、选择条件之间的联系，实现人工智能驱动的育种决策。将有助于确保选育过程始终符合预定目标，提高育种效率与精确性。
2.拟解决的主要问题
（1）数据价值未被充分挖掘：当前峪口禽业已经积累了PB级的蛋鸡育种数据，但这些数据尚未得到深入的分析和利用。即大量潜在的知识和价值未被发掘，其分析结果可能对育种效率和优质蛋鸡品种培育产生巨大的促进作用。
（2）传统技术局限性：依赖于经验的人工选育方法有其固有的局限性，如选择偏见、经验叠加效应等。此外，传统的信息技术在处理大数据时面临效率和精确性的挑战，不能满足育种数据日益增长和复杂化的处理需求。
（3）人工智能技术引入需求：为应对上述问题，迫切需要引入人工智能技术。但如何有效地结合人工智能技术与现有育种数据，以及如何确保人工智能的决策与实际育种场景相符，是目前亟待解决的问题。","1.拟应用的底层关键核心技术产品：拟应用智能选育的人工智能模型与算法。
2.应用场景创新点：
（1）首次打通纯系、父母代和商品代之间的育种大数据流，建立从纯系到商品代各代次的数据的高效采集平台，以及数据质控预警模型。
（2）首次引入人工智能算法到蛋鸡育种领域，实现选育目标、选择性状和选择条件之间的深度联系研究。
（3）构建的人工智能决策支持系统不仅能为专家提供数据驱动的建议，还能自动优化和修正，确保蛋鸡的选育始终处于最优状态。",3,余礼根,18610715026,360088609@qq.com,2026-06-05 18:31:06,2026-06-05 18:31:06,2023-10-30 23:59:59,0,3,false,https://dibj.cn/portal/api/common/calling/page?tableCode=SCENE_DEMAND
176,SCENE_DEMAND,创新服务-场景需求,112,485,果园宜机化智能迷雾药液喷洒应用场景,北京市农业农村局,2023年智慧城市场景批次,果园生产面临农事作业强度大、肥药喷洒不精细等问题，应用自主导航、路径自主规划与自动寻优等技术方法，创制果园宜机化自动巡检与智能迷雾喷洒装备，实现无人驾驶果园视频图像和火情监测识别、肥药自动喷洒。,"1.场景建设核心任务目标
果园生产面临农事作业强度大、肥药喷洒不精细等问题，应用自主导航、路径自主规划与自动寻优等技术方法，创制果园宜机化自动巡检与智能迷雾喷洒装备，实现无人驾驶果园视频图像和火情监测识别、肥药自动喷洒。
2.拟解决的主要问题
目前，果园种植环境复杂、农事作业强度大、肥药投入粗放，开展果园宜机化的自动驾驶喷洒技术要求高，缺乏可实际应用的果园智能迷雾喷洒装备。","1.拟应用的底层关键核心技术产品：拟应用自主导航行驶技术和深度学习技术。
2.应用场景创新点：
（1）通过北斗卫星提供全天候、高精度和实时的位置、速度和时间信息，经过差分提高定位精度，并利用软件平台自定义运行轨迹，在果园不同区域设定相应速度，根据边界和障碍物分布，规划作业的最优路径，让农机装备“按图索骥”作业。
（2）突破基于AI深度学习的目标检测与图像识别算法，对果树喷药靶标、果树生长状态等图像样本进行数据预处理与模型训练，实现果园精准喷洒与长势分析。",3,余礼根,18610715026,360088609@qq.com,2026-06-05 18:31:06,2026-06-05 18:31:06,2023-10-30 23:59:59,0,3,false,https://dibj.cn/portal/api/common/calling/page?tableCode=SCENE_DEMAND
177,SCENE_DEMAND,创新服务-场景需求,111,486,经开区亦智政务大模型服务平台技术验证,北京经济技术开发区行政审批局,2023年智慧城市场景批次,基于通用预训练大模型，使用本地大数据训练，建设具有经开区认知能力的“亦智”政务大模型平台，采用国产化自主可控框架，建设有效易用的大模型微调训练工具链，实现任务微调训练的自闭环，提供数据管理、模型训练、模型管理、模型压缩、模型发布等能力，支撑多元大模型优化训练的全流程，为政务咨询、智能检索、交互式智能政务办事、城市精准治理等场景建设，提供大模型能力支撑，助力政务服务提质增效。,"1.场景建设核心任务目标
利用本地特殊数据和大模型开发平台，开发经开区特色大模型。服务于领导驾驶舱、政务服务、城市治理、政策问答等场景，利用大模型开发平台进行数据管理、模型训练、模型管理、模型压缩、模型应用等开发工作，输出优化后的特色大模型。为政务服务、城市治理、产业发展等方向训练专业模型，提升政务服务、城市治理等办事效率及智能化水平。
2.拟解决的主要问题
经开区当前在大模型方面的应用主要使用的行业开源或企业提供的通用大模型产品，未针对经开区相关数据进行全参微调，不具备以经开区角度来汇聚知识、输出内容。
（1）缺乏有经开区特点的全参微调基座大模型；
（2）未统一治理各场景数据，形成大模型微调训练数据集。数据管理和数据标注难。
（3）大模型训练和优化缺少系统化体系化支持；","1.拟应用的底层关键核心技术产品及技术指标要求：
一站式大模型开发及服务运行平台，采用国内领先的深度学习框架作为底层支撑，并内置大模型技术。涵盖数据集管理、模型训练、服务发布与监管。通过可视化界面实现模型全生命周期管理，简化从数据到服务的大模型实施过程，易于上手与理解。
2.应用场景创新点：
开发本地特色大模型，基于本地数据和通用大模型进行模型优化，开发适用于本地场景的特色大模型",1,罗珺,67880397,luojun@bda.gov.cn,2026-06-05 18:31:06,2026-06-05 18:31:06,2023-10-30 23:59:59,0,3,false,https://dibj.cn/portal/api/common/calling/page?tableCode=SCENE_DEMAND
178,SCENE_DEMAND,创新服务-场景需求,110,487,基于大模型的驾驶舱“边问边查”场景应用,北京经济技术开发区行政审批局,2023年智慧城市场景批次,针对领导驾驶舱应用中存在的需求变化多、分析要求高、响应速度快等问题，通过与数字人对话式的互动体验模式，借助大模型语义理解、自主学习和智能推理等能力，实现对IOC主题大屏各类指标数据进行对话式问答查询，并生成总结摘要、精准数据以及可视化动态图表，探索开展领导指挥决策场景下“动态问数”的需求，提升辅助决策支持效率，助力政府数字化转型。,"1.场景建设核心任务目标
随着AI大模型的不断发展与成熟，已经在多个政务场景得到落地应用，各委办局积极加入到政务大模型应用战略布局当中。
基于基座大模型，通过对话式互动体验模式，实现对IOC主题大屏各类指标数据进行对话式问答查询，并生成总结摘要、精准数据，以及可视化动态图表。满足政府日常灵活问数统计与分析。
2.拟解决的主要问题
•现场回答细问题，咬不准
•收集归纳再提取，周期长
•统计口径不一致，对不齐
•多种数据做分析，理不顺
1）实现对政府数据的灵活问询和多维下钻分析，操作成本低，分析能力强
2） 解决领导在月度/季度会议现场问询业务统计数据、分析总结 数据准确，提取重点信息总结概括
3）对上级或其他角色提出的计划外问题 给出快速回复，立即响应，准确性高","1.拟应用的底层关键核心技术产品及技术指标要求：
* 应用领先的大模型技术，为所负责业务的数字化转型提供先机，在政务工作的智能化方面保持领先
* 帮助客户实现对政府数据的灵活问询和多维下钻分析，操作成本低，分析能力强
* 解决领导在月度/季度会议现场问询业务统计数据、分析总结 数据准确，提取重点信息总结概括
* 对上级或其他角色提出的计划外问题 给出快速回复，立即响应，准确性高
2.场景创新点：
颠覆式的语音问数交互体验，解决领导指挥决策场景的动态问数需求，快速灵活的生成精准回答以及动态分析图表。解决人工计算时间较长、数据不精准的问题，准确性远高于人工统计，极大提升效率。",3,罗珺,67880397,luojun@bda.gov.cn,2026-06-05 18:31:06,2026-06-05 18:31:06,2023-10-30 23:59:59,0,3,false,https://dibj.cn/portal/api/common/calling/page?tableCode=SCENE_DEMAND
179,SCENE_DEMAND,创新服务-场景需求,109,488,基于大模型的政务“边聊边办”场景应用,北京经济技术开发区行政审批局,2023年智慧城市场景批次,针对窗口咨询量大、传统客服回答单一、线上一次办成率不高等问题，借助大模型语义理解、自主学习和智能推理等能力，开展基于大模型的“边聊边办”场景建设，探索在食品经营许可证、公共场所卫生许可证等2个服务事项办事过程中，引导申请人以聊天的方式完成事项的自动申报，创新线上办理服务新模式，提高政务咨询、智能检索、交互式智能政务办事以及智能问答水平，助力政务服务提质增效，形成基于大模型的政务服务办事应用首方案。,"1.场景建设核心任务目标
现阶段政务服务信息化建设快速发展，政务服务线上办理早已成政府部门服务群众的一个重要方式，“网上办”、“掌上办”已经成为不少办事群众的重要选项。围绕政务服务领域实际需求，借助大模型语义理解、自主学习和智能推理等能力，提高政务咨询、智能检索、交互式智能政务办事以及智能问答水平，助力政务服务提质增效。
2.拟解决的主要问题
（1）线上办事难度较大、体验较差
（2）线上办事一次办成率不高
（3）线下服务大厅办事成本较高
（4）窗口超负荷
（5）地区政务服务考评难提升","1.拟应用的底层关键核心技术产品及技术指标要求：
结合事项库、政策法规等现有系统，借助区级基座大模型智能取数、知识问答、智能语音交互等能力。提高自助办理事项准确率，提升智能化交互水平。
2.应用场景创新点：
（1）首次基于大语言模型，提供解决企业群众网上申报难的需求并可实际落地的解决方案；
（2）创新线上办理服务新模式：聊聊天把事办。
（3）打造经开区专属虚拟数字人形象，提升品牌影响力",3,罗珺,67880397,luojun@bda.gov.cn,2026-06-05 18:31:06,2026-06-05 18:31:06,2023-10-30 23:59:59,0,3,false,https://dibj.cn/portal/api/common/calling/page?tableCode=SCENE_DEMAND
180,SCENE_DEMAND,创新服务-场景需求,108,489,基于大模型的智慧城市应用场景低代码自动构建技术验证,北京经济技术开发区行政审批局,2023年智慧城市场景批次,针对业务需求频繁变化、任务快速响应、应用重复建设、技术难以迭代更新等政务系统软件开发痛点问题，利用大模型语义理解、代码自动生成等能力，充分复用经开区现有大数据平台共性组件，走通政务智能低代码开发平台建设技术路线，采用“托、拉、拽”的形式进行应用场景的构建与服务发布，搭建及时响应，灵活变更、业数一体的各类业务应用系统，探索通过自然语言交互方式搭建开发应用，降低应用开发门槛，调动业务人员数字化转型应用的积极性，有效提升系统搭建开发速度和业务变化的响应速度。,"1.场景建设核心任务目标
为了提升政府在信息化系统建设领域的资金预算使用效能，采用智能化的低代码平台有效提升系统搭建开发速度和业务变化的响应速度，满足WEB端、H5端、移动端、小程序端的应用可视化开发，覆盖各类政务服务交互场景。另外，低代码平台除常规的可视化页面设计器、模型管理、服务编排、多环境发布等常规功能，还可与各类大模型对接提供智能开发助手，通过自然语言自动生成应用，结合AIGC能力自动生成业务表单、自动配置应用主题，以此降低应用开发难度，调动业务人员的应用开发积极性，同时智能助手还为开发人员提供了自动生成SQL语句、自动编写代码、生成各类校验正则表达式等，以往开发一个应用的时间在使用智能低代码平台后可以开发多个应用，可极大提高应用开发团队的效率。
2.拟解决的主要问题
1)多样定制:需求多定制，交付成本高；
2)时效紧迫：时间紧、任务重
3)需求变更：内外部需求频繁变化
4)重复建设：上下级单位缺乏沟通，应用重复建设
5)数据孤岛：项目多样化缺少统一建设标准
6)难以迭代：技术栈不统一，难以统一维护迭代","1.拟应用的底层关键核心技术产品及技术指标要求：
结合低代码平台的各种可视化能力与大模型构建智能低代码平台，提供智能生成应用、推荐主题
、生成页面、修改页面/组件、生成实体、生成图片/图标、sketch转页面
、生成React自定义组件、生成JS代码、生成SQL、生成正则、操作问答等。
2.应用场景创新点：
1）低代码+大模型+业务数据，打造政务智能低代码开发平台；
2）应用开发在拖拉拽基础上增加自然语言交互方式搭建应用，提升应用开发效率。
3）应用运行过程中结合大模型提供各类智能功能。",1,罗珺,67880397,luojun@bda.gov.cn,2026-06-05 18:31:06,2026-06-05 18:31:06,2023-10-30 23:59:59,0,3,false,https://dibj.cn/portal/api/common/calling/page?tableCode=SCENE_DEMAND
181,SCENE_DEMAND,创新服务-场景需求,107,490,多源异构算力资源柔性调度服务应用场景,北京经济技术开发区行政审批局,2023年智慧城市场景批次,经开区作为数据基础制度先行区，拟开展算力服务中心建设。针对算力资源短缺、空间分布不均衡、多源算力调度难度大、利用效率低、缺乏精准计量手段等问题，围绕多源异构算力柔性调度这一场景，探索开展多源异构算力组网、可配置算力调度引擎（原子调度、故障调度、亲和性调度、就近调度、负载调度等）、信创资源调度（验证国产CPU、GPU、NPU、DCU等芯片的混合纳管和调度），实现通用算力、超算、智算等异构算力的统一纳管和智能编排，打造多云跨域算力资源、国产CPU/GUP统一资源纳管和智能编排，基于算力调度引擎满足多云厂商的算力资源要素、跨区域的资源编排下发，弹性资源调度，降低AI训练模型与高性价比的算力资源匹配，降低企业使用算力的成本，实现区域算力资源的统筹规划和优化配置。,"1.场景建设核心任务目标
建设面向大模型规模化应用的算力资源柔性调度管理场景，围绕大模型发展面临的算力资源需求量大、利用率低、缺乏精准计量手段等问题，通过多云规格管理等技术，打通多源算力组网难度大、算力网络感知难度大、算力网络编排难度大等技术堵点问题，实现多源异构算力组网、算力原子级调度及信创资源调度能力，完成多源异构算力组网验证、调度单策略验证，更好满足算力多样性需求，降低算力使用成本，实现算力资源效能提升30%、算力资源匹配度提升50%等目标。
2.拟解决的主要问题
（1）多源算力组网难度大。芯片厂商、服务器厂商和云计算等厂商之间的技术架构、管理等存在较大差异，很难形成统一纳管和调度，资源利用和管理存在较大问题。
（2）算力网络感知难度大。算力资源状态捕捉已初步实现，但对资源的理解和预测具有较大的不确定性，对算力资源的高效调度和使用带来较大影响。
（3）算力网络编排难度大。目前对算力网络多种原子能力的抽象、封装技术尚不成熟，缺乏成熟的技术解决方案。","1.拟应用的底层关键核心技术产品及技术指标要求
（1）多源异构算力组网
通过多云规格管理(Cloud Spec Manager)技术，将算力进抽象建模，实现算力资源的统一管理。
通过多云资源编排器(Cloud Resource Orchestrator)，实现跨云的算力资源的生命周期管理。
（2）算力的业务调度
可配置算力调度引擎。提供原子调度能力：1)固定调度。2)故障调度:。3)节点亲和性调度。4)就近调度。5)算力资源负载调度。
（3）信创资源调度
验证对国产通用CPU算力调度，国产GPU、NPU、DCU等加速卡的混合纳管和调度。
2.应用场景创新点
（1）算网多云纳管能力：实现多云跨域算力资源统一管理和智能编排。异构算力调度能力：实现国产CPU、GPU资源纳管和调度、实现多厂商算力资源平台的对接纳管。
（2）多维度的算力调度技术，基于自主研发的算力注册、算力度量、算力解构等基础算法软件，实现根据算力需求和算力调度规则，智能匹配最佳算力资源池。
（3）基于自主研发的业务调度、编排调度、作业调度规则引擎实现应用跨域编排部署和业务调度，满足客户一键开通多云厂商的算力资源要素、跨区域的资源编排下发，弹性资源调度。",1,罗珺,67880397,luojun@bda.gov.cn,2026-06-05 18:31:06,2026-06-05 18:31:06,2023-10-30 23:59:59,0,3,false,https://dibj.cn/portal/api/common/calling/page?tableCode=SCENE_DEMAND
182,SCENE_DEMAND,创新服务-场景需求,106,491,数据基础制度先行区感知数据专区建设运营场景,北京经济技术开发区城市运行局,2023年智慧城市场景批次,经开区前期统筹建设有大量视频及感知设备，实现了“多杆合一、多感合一、多箱合一”，针对感知数据流通融合难、开发利用效率低等问题，借助经开区数据基础制度先行区优势，以城市感知数据为突破口，探索感知数据专区建设和服务新模式，按照“原始数据不出域、数据可用不可见”的数据安全要求，开展“集约建设、融合汇聚、开放共享、服务高效”的一体化感知数据运营，释放数据潜力，盘活数据资产，研究感知数据产品和服务交易盈利模式，开展数据基础制度应用创新试点。,"1.场景建设核心任务目标
目前数据融合和开放共享已成为激发智慧城市建设不断纵深发展的必经之路，以城市感知数据为突破口，探索“政府统筹规划、企业统一服务”的感知数据专区建设和服务新模式。按照“原始数据不出域、数据可用不可见”的数据安全要求，建设感知数据监测中心，打造“集约建设、融合汇聚、开放共享、服务高效”的一体化数据运营服务体系，打造经开区感知数据专区。
2.拟解决的主要问题
设备种类多，数据整合难
由于前端设备建设需求分散，建设时间不一，多个建设系统的数据接口、通信协议、文件格式均不一致，数据治理难度大，政府各部门之间感知数据越来越难以整合，难以实现数据资源整合共用。
数据不流通、融合应用难
各个系统和平台之间共享对接流程慢，政府和企业感知数据整合难，造成资源浪费和重复建设，成为感知数据的创新应用的掣肘。","1.拟应用的底层关键核心技术产品及技术指标要求：
物联网IOT对接技术。整合各种传感器设备，汇聚各类智能前端子系统，为算法超市提供数据基础，需支持百万级设备接入，支持多种接入协议，支持国产化服务器部署。
算法纳管和训练技术。进行不同场景下算法的训练与结果产出，并对第三方厂家算法进行“托管”或“纳管”，对算法进行调度，统一提供算法服务。
2.应用场景创新点：
模式创新。按需给政府和社会提供数据服务和算法服务，为城市治理各业务领域提供服务，实现感知数据有序流通和共享应用。
场景创新。以感知数据中心为基础建设“新基建创新实验室”，“感知设备国产化验证实验室”、“EUHT创新应用实验室”等，为智慧城市感知体系国产化新产品和新技术提供验证测试场景，加速产品和技术变现，带动经开区产业升级与发展。",3,冯丽颖,67887513,fengliying@bda.gov.cn,2026-06-05 18:31:06,2026-06-05 18:31:06,2023-10-30 23:59:59,0,3,false,https://dibj.cn/portal/api/common/calling/page?tableCode=SCENE_DEMAND
183,SCENE_DEMAND,创新服务-场景需求,105,492,基于EUHT专网的餐饮油烟监测专项治理场景,北京经济技术开发区城市运行局,2023年智慧城市场景批次,针对餐饮油烟检查领域监管效能低、监管人员投入大等痛点问题，以油烟监测物联设备和摄像头，实现对餐饮油烟净化器运行情况的远程监控，并利用经开区特有的EUHT（无线宽带数据专网），选择覆盖范围内的试点餐饮企业进行数据传输，走通技术路线进行实时监测预警，实现餐饮油烟企业专项监管的目标，降低人员现场检查频次，有效提升监管效能。,"1.场景建设核心任务目标
通过EUHT网络接入餐饮油烟在线监控设备感知数据，如采集净化器和风机等受控设备的运行状态、烟道风机和油烟净化器等受控设备的工作状态，实现对餐饮油烟企业的油烟净化器的开启状态进行监测，通过油烟在线监测设备监测到油烟净化设备未正开启，系统就会进行异常报警，结合前端的摄像头能对现场情况进行查看，支撑行业管理部门实时掌握餐饮企业的设备运行状况，通过数据分析提供治理方向。
2.拟解决的主要问题
前端硬件设备建设确实，餐饮油烟企业的油烟净化情况无法实时掌握。","1.拟应用的底层关键核心技术产品及技术指标要求：
以油烟监测物联设备和摄像头实现对餐饮油烟净化器运行情况的远程监控，建设利用EUHT网络技术解决了原有物联网卡网络信号弱、流量不足等问题，保证了数据传输的稳定性。
2.应用场景创新点：
该场景应用方案具有也可以在其他城市和地区规模化应用，具有城市治理现代化建设示范意义和极强的推广价值。",2,冯丽颖,67887513,fengliying@bda.gov.cn,2026-06-05 18:31:06,2026-06-05 18:31:06,2023-10-30 23:59:59,0,3,false,https://dibj.cn/portal/api/common/calling/page?tableCode=SCENE_DEMAND
184,SCENE_DEMAND,创新服务-场景需求,104,493,园区重大危险源风险预警监测场景,北京经济技术开发区城市运行局,2023年智慧城市场景批次,面向经开区在园区重大危险源风险预警领域精细化、数字化和预防性监测手段不足的痛点，选取经开区1个危险源企业为试点，归集危险源数据，以“点、线、面”相结合的方式，统筹分析评估城市复杂耦合风险，建设重大危险源安全生产风险评估分析模型以及政企互动联动指挥体系，构建立体化监测网，形成一张人防、技防、物防有机融合的城市安全风险监测网，以模型监测识别代替人工现场检查，提高重大危险源的智能化、高效化管理，在经开区形成园区重大危险源风险预警模型首方案。,"1.场景建设核心任务目标
结合经开区城市高质量运行发展的对城市安全的保障要求，城市各领域重大危险源的有效识别、预警监测、风险评估和管理控制，以“点、线、面”相结合的方式，统筹分析评估城市复杂耦合风险，建设重大危险源安全生产风险评估分析模型以及政企互动联动指挥体系，构建立体化监测网，形成一张人防、技防、物防有机融合的城市安全风险监测网。
2.拟解决的主要问题
现有设备都是对人员违章、物料泄露的事后管理，政府侧精细化、数字化和预防性的监测手段不足，对灾害事故后果无法进行准确预测，没有具体模型可以支撑影响分析、人员疏散建议、周边设施建设规划建议。","1.拟应用的底层关键核心技术产品及技术指标要求：
充分利用城市运行大脑信息化基础，强化在危险化学品重大危险源治理和管理信息化应用建设，推进形成经开区全方位、多层级、立体化的城市重大危险源风险监测预警以及多主体、大联动应急管理协同处置体系，整体提升经开区安全综合风险管控能力，为城市规划提供应用支撑。
2.应用场景创新点：
基于危险源风险监测模型，联动指挥、政企互动，在经开区形成重大危险源风险预警模型首方案",1,冯丽颖,67887513,fengliying@bda.gov.cn,2026-06-05 18:31:06,2026-06-05 18:31:06,2023-10-30 23:59:59,0,3,false,https://dibj.cn/portal/api/common/calling/page?tableCode=SCENE_DEMAND
185,SCENE_DEMAND,创新服务-场景需求,103,494,AI+无人驾驶技术在市政设施巡检中的应用场景,北京经济技术开发区行政审批局,2023年智慧城市场景批次,结合经开区城市运行大脑实际管理情况，针对道路及市政设施监测不够及时等问题，充分挖掘经开区无人驾驶、无人配送等车辆运行场景应用效率，在无人车运行过程同步采集道路市政设施情况，自动识别市政设施破损、遮挡等违法情况并推送到城市大脑，实现指挥调度自动化、智能化，以无人车代替人工巡查，释放紧张的人力资源，提高城市治理的智能化水平和效率。,"1.场景建设核心任务目标
结合北京市经开区城市运行大脑实际管理情况，充分挖掘经开区无人驾驶技术优势，结合大数据平台等技术，创新性打造城市运行监测、数据共享和分析、城市管理指挥调度等重点领域的创新解决方案。以道路市政设施识别场景，建设注重深度学习、机器学习等AI技术和算法在城市治理场景中的应用，可以提高城市治理的智能化水平和效率。
2.拟解决的主要问题
针对道路及道路周边相关市政设施精细化管理还存在差距，城市运行监测不够全面和及时，没有做到全面、实时掌握和管理城市的运行情况。","1.拟应用的底层关键核心技术产品及技术指标要求：
将经开区无人驾驶技术优势与城市治理场景融合，利用AI智能识别等手段，建设更智能化、更精细的城市管理创新应用，实现指挥调度的智能化和自动化，减少人工干预，降费提质。实现城市治理的全面智能化和数字化，提高城市治理的综合竞争力。
2.应用场景创新点：
形成基于自动驾驶的城市治理首方案，充分挖掘经开区无人驾驶技术优势，创新性打城市运行监测、数据共享和分析、城市管理指挥调度等重点领域的创新解决方案。场景建设注重深度学习、机器学习等AI技术和算法在城市治理场景中的应用，可以提高城市治理的智能化水平和效率。",3,冯丽颖,67887513,fengliying@bda.gov.cn,2026-06-05 18:31:06,2026-06-05 18:31:06,2023-10-30 23:59:59,0,3,false,https://dibj.cn/portal/api/common/calling/page?tableCode=SCENE_DEMAND
186,SCENE_DEMAND,创新服务-场景需求,102,495,城市内涝综合分析模型场景建设,北京经济技术开发区综合执法局,2023年智慧城市场景批次,针对城市局部区域内涝预测模型缺乏、河湖淹没模型应用效果差等问题，基于经开区城市运行大脑的水务历史数据、积水监测、水量监测等数据，立足内涝模型监管和态势预测发展，设计基于区域实际的城市内涝预测模型，确定内涝风险区域，预测淹没趋势，评估内涝风险程度、提供基础设施更新补充建议，并关联应急预案进行业务协同处置，准确引导和把握内涝监管领域的发展方向，提升防汛排水业务智慧化管理水平。,,,1,冯丽颖,67887513,fengliying@bda.gov.cn,2026-06-05 18:31:06,2026-06-05 18:31:06,2023-10-30 23:59:59,0,3,false,https://dibj.cn/portal/api/common/calling/page?tableCode=SCENE_DEMAND
187,SCENE_DEMAND,创新服务-场景需求,101,496,非现场综合执法智能监管场景,北京经济技术开发区城市运行局,2023年智慧城市场景批次,在当前施工工地扬尘治理、地下管线上方破路行为检查中，对工地土方未苫盖、工地出口处未设置洗轮机、道路破损等违规行为处置过程中，执法人员主要通过人力巡查的方式才能覆盖施工工地以及地下管线，需要大量的人力及时间成本，导致问题发现不够及时，违法处理相对滞后。为此，需要基于施工工地的视频图像信息，开展工地洗轮机启用识别、工地土方苫盖识别、地下管线上方破路等算法研发，将土方未苫盖、带泥上路、地下管线破路等疑似违法现象及时推送至执法人员，提高执法检查效率，减少人员成本，强化对施工工地的管理，减少对现场的打扰。,,,2,王兰兰,67892062,Kfqzhzf1d@163.com,2026-06-05 18:31:06,2026-06-05 18:31:06,2023-10-30 23:59:59,0,3,false,https://dibj.cn/portal/api/common/calling/page?tableCode=SCENE_DEMAND
188,SCENE_DEMAND,创新服务-场景需求,100,497,基于“三京”的多网融合贯通示范应用场景建设,北京经济技术开发区荣华街道,2023年智慧城市场景批次,经开区围绕“三京（京办、京通、京智）”超级智慧终端应用，针对内部平台数据不互通，应用入口未整合、业务联动不协同等问题，以应急决策指挥场景为切入点，开展技术路线设计和应用预案推演，进行企业准入准营、综合监管、政策兑现、应急处置等业务联动，打通独立业务之间数据和流程，探索基于区大数据平台的多网数据互通及业务接口联通，实现“政务办事+城市治理+领导调度”等多网融合（一网通办、一网统管、一网慧治）和协同联动机制，实现基于“三京”的多端融合应用。,"1.场景建设核心任务目标
建设基于“三京（京办、京通、京智）”的多网（一网通办、一网统管、一网统揽等）融合贯通创新应用场景，当前随着智慧城市深化建设，形成了以一网通办、一网统管、一网统揽为代表的覆盖政务办事、城市管理、指挥调度等多条相互独立的业务网络，由于各业务网络的建设部门之间职责目标不同导致各业务网络之间数据流、业务流互相隔离，不能有效互联互通，各业务网络不能做到面向整体智慧城市建设的协同共治。现基于“三京”面向政府端、企业及居民端、领导端数据汇聚能力，打通各业务网络之间的数据。
2.拟解决的主要问题
1.各业务网数据缺乏互通：当前各业务网中数据自成一套闭环体系，不具备多网数据互通能力，政务办理数据与城市治理数据缺乏关联及协同能力；
2.三京承载业务缺乏协同：京办承载政府端业务、京通承载企业及居民业务、京智承载领导指挥调度，在智慧城市业务场景中缺乏三端业务协同。","一、拟应用的底层关键核心技术产品及技术指标要求
1.基于区大数据平台的数据共享交换能力，实现多网之间的数据互通及业务接口联通。
2.使用治理链所提供的“任务协同中心”能力，实现城市治理事件与政务办事流程之间的协同。

二、应用场景创新点
1、打通各独立业务网系统之间的数据、业务流程等相关内容，真正实现智慧城市业务场景下的多源融合。
2、基于“三京”完成对各业务网数据流程的协同互通，实现政府侧、企业及居民侧、领导侧在智慧城市场景事项下的联合。",1,罗珺,67880397,luojun@bda.gov.cn,2026-06-05 18:31:06,2026-06-05 18:31:06,2023-10-30 23:59:59,0,3,false,https://dibj.cn/portal/api/common/calling/page?tableCode=SCENE_DEMAND
189,SCENE_DEMAND,创新服务-场景需求,99,498,智慧养老健康监测场景,北京经济技术开发区荣华街道,2023年智慧城市场景批次,以街道养老驿站为试点，构建智慧养老健康监测场景，通过整合水电气热数据、视频、穿戴物联设备，开展健康小屋监测、卧床失能老人可穿戴设备监测、老人防跌倒视频自动监测、独居老人的水电气热监测等场景建设，实时监测了解老人情况，通过算法发现老年人异常行为，实现自动报警，上报给社区及帮扶人员，快速应答老年人需求，紧急处理突发事件，实现多方需求闭环响应，赋能居家养老、社区养老、机构养老等多种养老模式，有效提升对老人、养老服务机构、服务人员等的支撑能力，促进具有经开区特色的为老服务体系建立健全，提升辖区老年人幸福感安全感获得感。,"1.场景建设核心任务目标
搭建养老驿站的健康检测平台，以智慧化手段整合数据、视屏、物联设备，全方位提升对政府、老人、养老机构、服务机构、服务人员等对象的服务支撑能力，赋能居家养老、社区养老、机构养老等多种养老模式，归集街道养老数据，形成养老数据分析，为政府单位宏观政策调控和养老主管单提供支撑，推进养老服务事业向前深入发展，促进具有经开区特色的为老服务体系建立健全，提升辖区老年人幸福感安全感获得感。
2.拟解决的主要问题
1）现街道养老数据分散没有归集，无法精准调控，合理分配养老资源
2）社区养老服务不全面，无法满足老年人日常需求
3）老年人重点关注及紧急事件发现不及时，完全保障措施不完善","1.拟应用的底层关键核心技术产品及技术指标要求：
以大数据、物联网、视频识别等技术，赋能居家养老、社区养老、机构养老等，实时检测了解老人情况，通过养老驿站视频算法发现老年人异常行为、通过水电气热使用情况数据比对、卧床失能老人穿戴智能设备实时检测老年人健康状况，实现自动报警，上报给社区及帮扶人员，最快应答老年人需求，紧急处理突发事件，闭环需求响应。
2.应用场景创新点：
在经开区实现智慧养老健康检测场景首方案，推进养老服务事业向前深入发展，促进具有经开区特色的为老服务体系建立健全，通过智能感知发现精准快速响应老年人需求，处置紧急突发事件，提升辖区老年人幸福感安全感获得感。",3,张莉,67837709,rhjdjmswk@bjdx.gov.cn,2026-06-05 18:31:06,2026-06-05 18:31:06,2023-10-30 23:59:59,0,3,false,https://dibj.cn/portal/api/common/calling/page?tableCode=SCENE_DEMAND
190,SCENE_DEMAND,创新服务-场景需求,98,499,“门前三包”一码通用场景,北京经济技术开发区行政审批局,2023年智慧城市场景批次,利用二维码、物联感知、感知等多种技术，开展荣华街道辖区内商户“门前三包”一码通用场景建设，建立辖区商户“一户一码”，打破传统纸质监管方式，实现信息查看、业务办理、咨询投诉等多场景扫码应用：一是方便商户录入个人信息、营业执照、责任书等；二是落实门前三包责任制，拓宽群众举报、投诉建议的途径，密切群众与街道联系；三是检查人员扫码发现问题，并进行上报，同时通知相关商户进行整改。通过以技术手段代替传统的纸质手段，打造门前三包特色示范区域，形成荣华街道独特的门前三包环境治理体系。,"1.场景建设核心任务目标
形成荣华街道辖区内商户“门前三包”云端二维码技术，打破传统纸质监管方式，方便商户录入个人信息、营业执照、责任书等。落实门前三包责任制，市民通过扫码上报问题率比重上升，拓宽群众举报、提出建议的途径，密切群众与街道联系。检查人员扫码发现问题，并进行上报，同时通知相关商户进行整改，打造门前三包特色示范区域，形成荣华街道独特的门前三包环境治理体系。
2.拟解决的主要问题
1）现有“门前三包”责任书为纸质版，长时间存放可能存在破损、丢失等问题。
2）以书面方式进行登记，当商户更换时，容易出现责任人与商户信息不对等情况。
3）上级领导检查中，提出存在的问题和下一步做法没有记录信息，
4）群众提供建议，建言献策，投诉等缺乏途径，只能以口头的方式进行。","1.拟应用的底层关键核心技术产品及技术指标要求：
以城市码为基础，以“门前三包”为试点场景，开发基于二维码的应用方案，实现信息查看、业务办理、咨询投诉等多场景应用，优化资源配置，提升工作效率。
2.应用场景创新点：
形成北京市首个“门前三包”云端二维码方案，打破在环境治理中，门前三包管控方面管控不及时、落实责任不到位艰难困境，改善以书面纸质方式记录门前三包落实情况的滞后情况，拓宽群众建言献策和举报投诉途径，通过扫码方式方便进行检查、督促整改等工作，倒逼商户主动落实门前三包责任制。",3,刘响,13701160031,1358945525@qq.com,2026-06-05 18:31:06,2026-06-05 18:31:06,2023-10-30 23:59:59,0,3,false,https://dibj.cn/portal/api/common/calling/page?tableCode=SCENE_DEMAND
191,SCENE_DEMAND,创新服务-场景需求,97,500,基于身份链平台的民生服务应用场景建设,北京经济技术开发区行政审批局,2023年智慧城市场景批次,"面向应用系统中自然人身份管理体系不统一，自然人隐私数据安全体系不健全，自然人全生命周期管理和服务体系未形成，身份核验机制缺乏统筹等痛点问题，利用区块链、隐私计算等技术，汇聚自然人全生命周期过程中产生的数据，探索建立经开区统一自然人数字身份体系，在经开区范围内开展机关人员一网通行、个人服务“无证办”等示范应用场景建设及验证，改变原先在各类应用系统中分散式的身份认证和授权管理，实现""一次登录，精准识别、全区通行""的便民服务场景建设，形成无证办事的长效机制，增强社会群众在一系列“无证明”办事过程中的体验感。","1.场景建设核心任务目标
当前，经开区各类信息化应用为公民提供了精准化、便利化服务，但是各类信息系统所面临的用户群体、权限体系和技术架构各不相同，形成了数据孤岛，难以实现公民个人身份信息以及权限集中化管控。
为了实现海量数字身份的全生命周期管理，需要统一的数字身份认证管理体系，将分散的用户和权限资源进行统一管理，并在保护隐私安全的前提下为用户建立可信的新型数据账户，形成一方注册多方应用的认证模式，改变原先在各类应用系统中分散式的身份认证和授权管理，实现""一次登录，精准识别、全区通行""的便民服务。
2.拟解决的主要问题
一是各个业务系统账号不互通，身份管理体系存在“多重散乱”现象；二是自然人隐私数据安全管理体系有待进一步健全；三是自然人数据缺乏全量汇集及治理，未能形成基于自然人全生命周期的数据管理和服务体系；四是个人身份核验机制缺乏统筹；五是自然人数据赋能有待提升。","1.拟应用的底层关键核心技术产品及技术指标要求：
利用区块链、隐私计算等技术，汇聚自然人全生命周期过程中产生的数据，构建基于知识图谱的自然人生命周期全息画像。
2.应用场景创新点：
初步建成统一自然人数字身份体系，形成1套身份链工作模式。",1,罗珺,67880397,luojun@bda.gov.cn,2026-06-05 18:31:06,2026-06-05 18:31:06,2023-10-30 23:59:59,0,3,false,https://dibj.cn/portal/api/common/calling/page?tableCode=SCENE_DEMAND
